
                                IC Compiler (TM)
                              IC Compiler-PC (TM)
                              IC Compiler-XP (TM)
                              IC Compiler-DP (TM)
                              IC Compiler-AG (TM)

                 Version T-2022.03 for linux64 - Feb 22, 2022 

                    Copyright (c) 1988 - 2022 Synopsys, Inc.
   This software and the associated documentation are proprietary to Synopsys,
 Inc. This software may only be used in accordance with the terms and conditions
 of a written license agreement with Synopsys, Inc. All other use, reproduction,
   or distribution of this software is strictly prohibited.  Licensed Products
     communicate with Synopsys servers for the purpose of providing software
    updates, detecting software piracy and verifying that customers are using
    Licensed Products in conformity with the applicable License Key for such
  Licensed Products. Synopsys will use information gathered in connection with
    this process to deliver software updates and pursue software pirates and
                                   infringers.

 Inclusivity & Diversity - Visit SolvNetPlus to read the "Synopsys Statement on
            Inclusivity and Diversity" (Refer to article 000036315 at
                        https://solvnetplus.synopsys.com)
Initializing...
#cts.tcl 
source ../rm_setup/icrm_setup.tcl 
RM-Info: Setting default SEV variables for running outside of Lynx.
source ../rm_setup/icc_setup.tcl 
RM-Info: Running script /home/user123/Desktop/ASIC/icc/rm_setup/icc_setup.tcl

RM-Info: Running script /home/user123/Desktop/ASIC/icc/rm_setup/common_setup.tcl

RM-Info: Completed script /home/user123/Desktop/ASIC/icc/rm_setup/common_setup.tcl

### Processing procs.tcl...
CES_procs: 
 aa                   # always ask - Searches Synopsys help for both commands and variables
 gui                  # Start or stop the GUI
 host_stats           # Display statistics of the current host (server)
 view                 # Display output of any command in a separate Tk window.

RM-Info: Completed script /home/user123/Desktop/ASIC/icc/rm_setup/icc_setup.tcl

open_mw_lib control_pad.mw 
Warning: Reference Library Inconsistent With Main Library
Reference Library: /home/eda/lib/smic/SP013D3_V1p4/apollo/SP013D3_V1p2_8MT (MWLIBP-300)
Warning: Inconsistent Data for Contact Code 9
	Main Library (control_pad.mw)     |	Reference Library (SP013D3_V1p2_8MT)
 (MWLIBP-324)
Warning: Inconsistent Data for Contact Code 10
	Main Library (control_pad.mw)     |	Reference Library (SP013D3_V1p2_8MT)
 (MWLIBP-324)
Warning: Inconsistent Data for Contact Code 11
	Main Library (control_pad.mw)     |	Reference Library (SP013D3_V1p2_8MT)
 (MWLIBP-324)
Warning: Inconsistent Data for Contact Code 12
	Main Library (control_pad.mw)     |	Reference Library (SP013D3_V1p2_8MT)
 (MWLIBP-324)
Warning: Inconsistent Data for Contact Code 13
	Main Library (control_pad.mw)     |	Reference Library (SP013D3_V1p2_8MT)
 (MWLIBP-324)
Warning: Inconsistent Data for Contact Code 14
	Main Library (control_pad.mw)     |	Reference Library (SP013D3_V1p2_8MT)
 (MWLIBP-324)
Warning: Inconsistent Data for Contact Code 15
	Main Library (control_pad.mw)     |	Reference Library (SP013D3_V1p2_8MT)
 (MWLIBP-324)
{control_pad.mw}
copy_mw_cel -from placed -to cts 
1
open_mw_cel cts
Information: Opened "cts.CEL;1" from "/home/user123/Desktop/ASIC/icc/run/control_pad.mw" library. (MWUI-068)
{cts}
################################################## 
source ../scripts/common_optimization_settings_icc.tcl 
RM-Info: Running script /home/user123/Desktop/ASIC/icc/scripts/common_optimization_settings_icc.tcl

Loading db file '/home/eda/lib/smic/aci/sc-x/synopsys/typical_1v2c25.db'
Loading db file '/home/eda/lib/smic/SP013D3_V1p4/syn/SP013D3_V1p2_typ.db'
Loading db file '/home/eda/synopsys/icc/T-2022.03/libraries/syn/gtech.db'
Information: linking reference library : /home/eda/lib/smic/aci/sc-x/apollo/smic13g. (PSYN-878)
Information: linking reference library : /home/eda/lib/smic/SP013D3_V1p4/apollo/SP013D3_V1p2_8MT. (PSYN-878)
Warning: The pin direction of 'PAD' pin on 'PANA4AP' cell in the 'SP013D3_V1p2_typ' technology library is inconsistent with the same-name pin in the '/home/eda/lib/smic/SP013D3_V1p4/apollo/SP013D3_V1p2_8MT' physical library. No physical link for the logical lib cell. (PSYN-058)
Warning: The pin direction of 'PAD' pin on 'PANA3AP' cell in the 'SP013D3_V1p2_typ' technology library is inconsistent with the same-name pin in the '/home/eda/lib/smic/SP013D3_V1p4/apollo/SP013D3_V1p2_8MT' physical library. No physical link for the logical lib cell. (PSYN-058)
Warning: The pin direction of 'SVDD1AP' pin on 'PVDD1AP' cell in the 'SP013D3_V1p2_typ' technology library is inconsistent with the same-name pin in the '/home/eda/lib/smic/SP013D3_V1p4/apollo/SP013D3_V1p2_8MT' physical library. No physical link for the logical lib cell. (PSYN-058)
Warning: The pin direction of 'SAVDD' pin on 'PVDD3AP' cell in the 'SP013D3_V1p2_typ' technology library is inconsistent with the same-name pin in the '/home/eda/lib/smic/SP013D3_V1p4/apollo/SP013D3_V1p2_8MT' physical library. No physical link for the logical lib cell. (PSYN-058)
Warning: The pin direction of 'SAVSS' pin on 'PVSS3AP' cell in the 'SP013D3_V1p2_typ' technology library is inconsistent with the same-name pin in the '/home/eda/lib/smic/SP013D3_V1p4/apollo/SP013D3_V1p2_8MT' physical library. No physical link for the logical lib cell. (PSYN-058)
Warning: The pin direction of 'SVSS1AP' pin on 'PVSS1AP' cell in the 'SP013D3_V1p2_typ' technology library is inconsistent with the same-name pin in the '/home/eda/lib/smic/SP013D3_V1p4/apollo/SP013D3_V1p2_8MT' physical library. No physical link for the logical lib cell. (PSYN-058)
Warning: The pin direction of 'PAD' pin on 'PANA1AP' cell in the 'SP013D3_V1p2_typ' technology library is inconsistent with the same-name pin in the '/home/eda/lib/smic/SP013D3_V1p4/apollo/SP013D3_V1p2_8MT' physical library. No physical link for the logical lib cell. (PSYN-058)
Warning: The pin direction of 'PAD' pin on 'PANA2AP' cell in the 'SP013D3_V1p2_typ' technology library is inconsistent with the same-name pin in the '/home/eda/lib/smic/SP013D3_V1p4/apollo/SP013D3_V1p2_8MT' physical library. No physical link for the logical lib cell. (PSYN-058)
Warning: The pin direction of 'SVDD1CAP' pin on 'PVDD1CAP' cell in the 'SP013D3_V1p2_typ' technology library is inconsistent with the same-name pin in the '/home/eda/lib/smic/SP013D3_V1p4/apollo/SP013D3_V1p2_8MT' physical library. No physical link for the logical lib cell. (PSYN-058)
Warning: The pin direction of 'SAVDD' pin on 'PVDD3CAP' cell in the 'SP013D3_V1p2_typ' technology library is inconsistent with the same-name pin in the '/home/eda/lib/smic/SP013D3_V1p4/apollo/SP013D3_V1p2_8MT' physical library. No physical link for the logical lib cell. (PSYN-058)
Warning: The pin direction of 'SVSS1CAP' pin on 'PVSS1CAP' cell in the 'SP013D3_V1p2_typ' technology library is inconsistent with the same-name pin in the '/home/eda/lib/smic/SP013D3_V1p4/apollo/SP013D3_V1p2_8MT' physical library. No physical link for the logical lib cell. (PSYN-058)
Warning: The pin direction of 'SAVSS' pin on 'PVSS3CAP' cell in the 'SP013D3_V1p2_typ' technology library is inconsistent with the same-name pin in the '/home/eda/lib/smic/SP013D3_V1p4/apollo/SP013D3_V1p2_8MT' physical library. No physical link for the logical lib cell. (PSYN-058)
Warning: The pin direction of 'SVDD1AP1' pin on 'PVDD1AP1' cell in the 'SP013D3_V1p2_typ' technology library is inconsistent with the same-name pin in the '/home/eda/lib/smic/SP013D3_V1p4/apollo/SP013D3_V1p2_8MT' physical library. No physical link for the logical lib cell. (PSYN-058)
Warning: The pin direction of 'SVSS1AP1' pin on 'PVSS1AP1' cell in the 'SP013D3_V1p2_typ' technology library is inconsistent with the same-name pin in the '/home/eda/lib/smic/SP013D3_V1p4/apollo/SP013D3_V1p2_8MT' physical library. No physical link for the logical lib cell. (PSYN-058)
Warning: The pin direction of 'PAD' pin on 'PANA1AP1' cell in the 'SP013D3_V1p2_typ' technology library is inconsistent with the same-name pin in the '/home/eda/lib/smic/SP013D3_V1p4/apollo/SP013D3_V1p2_8MT' physical library. No physical link for the logical lib cell. (PSYN-058)
Warning: The pin direction of 'PAD' pin on 'PANA2AP1' cell in the 'SP013D3_V1p2_typ' technology library is inconsistent with the same-name pin in the '/home/eda/lib/smic/SP013D3_V1p4/apollo/SP013D3_V1p2_8MT' physical library. No physical link for the logical lib cell. (PSYN-058)
Warning: The pin direction of 'SVDD1CAP1' pin on 'PVDD1CAP1' cell in the 'SP013D3_V1p2_typ' technology library is inconsistent with the same-name pin in the '/home/eda/lib/smic/SP013D3_V1p4/apollo/SP013D3_V1p2_8MT' physical library. No physical link for the logical lib cell. (PSYN-058)
Warning: The pin direction of 'SVSS1CAP1' pin on 'PVSS1CAP1' cell in the 'SP013D3_V1p2_typ' technology library is inconsistent with the same-name pin in the '/home/eda/lib/smic/SP013D3_V1p4/apollo/SP013D3_V1p2_8MT' physical library. No physical link for the logical lib cell. (PSYN-058)
Warning: The pin direction of 'PAD' pin on 'PI' cell in the 'SP013D3_V1p2_typ' technology library is inconsistent with the same-name pin in the '/home/eda/lib/smic/SP013D3_V1p4/apollo/SP013D3_V1p2_8MT' physical library. No physical link for the logical lib cell. (PSYN-058)
Warning: The pin direction of 'C' pin on 'PI' cell in the 'SP013D3_V1p2_typ' technology library is inconsistent with the same-name pin in the '/home/eda/lib/smic/SP013D3_V1p4/apollo/SP013D3_V1p2_8MT' physical library. No physical link for the logical lib cell. (PSYN-058)
Warning: The pin direction of 'PAD' pin on 'PIS' cell in the 'SP013D3_V1p2_typ' technology library is inconsistent with the same-name pin in the '/home/eda/lib/smic/SP013D3_V1p4/apollo/SP013D3_V1p2_8MT' physical library. No physical link for the logical lib cell. (PSYN-058)
Warning: The pin direction of 'C' pin on 'PIS' cell in the 'SP013D3_V1p2_typ' technology library is inconsistent with the same-name pin in the '/home/eda/lib/smic/SP013D3_V1p4/apollo/SP013D3_V1p2_8MT' physical library. No physical link for the logical lib cell. (PSYN-058)
Warning: The pin direction of 'OEN' pin on 'PB4' cell in the 'SP013D3_V1p2_typ' technology library is inconsistent with the same-name pin in the '/home/eda/lib/smic/SP013D3_V1p4/apollo/SP013D3_V1p2_8MT' physical library. No physical link for the logical lib cell. (PSYN-058)
Warning: The pin direction of 'I' pin on 'PB4' cell in the 'SP013D3_V1p2_typ' technology library is inconsistent with the same-name pin in the '/home/eda/lib/smic/SP013D3_V1p4/apollo/SP013D3_V1p2_8MT' physical library. No physical link for the logical lib cell. (PSYN-058)
Warning: The pin direction of 'C' pin on 'PB4' cell in the 'SP013D3_V1p2_typ' technology library is inconsistent with the same-name pin in the '/home/eda/lib/smic/SP013D3_V1p4/apollo/SP013D3_V1p2_8MT' physical library. No physical link for the logical lib cell. (PSYN-058)
Warning: The pin direction of 'PAD' pin on 'PB4' cell in the 'SP013D3_V1p2_typ' technology library is inconsistent with the same-name pin in the '/home/eda/lib/smic/SP013D3_V1p4/apollo/SP013D3_V1p2_8MT' physical library. No physical link for the logical lib cell. (PSYN-058)
Warning: The pin direction of 'I' pin on 'PO4' cell in the 'SP013D3_V1p2_typ' technology library is inconsistent with the same-name pin in the '/home/eda/lib/smic/SP013D3_V1p4/apollo/SP013D3_V1p2_8MT' physical library. No physical link for the logical lib cell. (PSYN-058)
Warning: The pin direction of 'PAD' pin on 'PO4' cell in the 'SP013D3_V1p2_typ' technology library is inconsistent with the same-name pin in the '/home/eda/lib/smic/SP013D3_V1p4/apollo/SP013D3_V1p2_8MT' physical library. No physical link for the logical lib cell. (PSYN-058)
Warning: The pin direction of 'XIN' pin on 'PX3' cell in the 'SP013D3_V1p2_typ' technology library is inconsistent with the same-name pin in the '/home/eda/lib/smic/SP013D3_V1p4/apollo/SP013D3_V1p2_8MT' physical library. No physical link for the logical lib cell. (PSYN-058)
Warning: The pin direction of 'XOUT' pin on 'PX3' cell in the 'SP013D3_V1p2_typ' technology library is inconsistent with the same-name pin in the '/home/eda/lib/smic/SP013D3_V1p4/apollo/SP013D3_V1p2_8MT' physical library. No physical link for the logical lib cell. (PSYN-058)
Warning: The pin direction of 'XC' pin on 'PX3' cell in the 'SP013D3_V1p2_typ' technology library is inconsistent with the same-name pin in the '/home/eda/lib/smic/SP013D3_V1p4/apollo/SP013D3_V1p2_8MT' physical library. No physical link for the logical lib cell. (PSYN-058)
Warning: The pin direction of 'OEN' pin on 'PB2' cell in the 'SP013D3_V1p2_typ' technology library is inconsistent with the same-name pin in the '/home/eda/lib/smic/SP013D3_V1p4/apollo/SP013D3_V1p2_8MT' physical library. No physical link for the logical lib cell. (PSYN-058)
Warning: The pin direction of 'I' pin on 'PB2' cell in the 'SP013D3_V1p2_typ' technology library is inconsistent with the same-name pin in the '/home/eda/lib/smic/SP013D3_V1p4/apollo/SP013D3_V1p2_8MT' physical library. No physical link for the logical lib cell. (PSYN-058)
Warning: The pin direction of 'C' pin on 'PB2' cell in the 'SP013D3_V1p2_typ' technology library is inconsistent with the same-name pin in the '/home/eda/lib/smic/SP013D3_V1p4/apollo/SP013D3_V1p2_8MT' physical library. No physical link for the logical lib cell. (PSYN-058)
Warning: The pin direction of 'PAD' pin on 'PB2' cell in the 'SP013D3_V1p2_typ' technology library is inconsistent with the same-name pin in the '/home/eda/lib/smic/SP013D3_V1p4/apollo/SP013D3_V1p2_8MT' physical library. No physical link for the logical lib cell. (PSYN-058)
Warning: The pin direction of 'OEN' pin on 'PB8' cell in the 'SP013D3_V1p2_typ' technology library is inconsistent with the same-name pin in the '/home/eda/lib/smic/SP013D3_V1p4/apollo/SP013D3_V1p2_8MT' physical library. No physical link for the logical lib cell. (PSYN-058)
Warning: The pin direction of 'I' pin on 'PB8' cell in the 'SP013D3_V1p2_typ' technology library is inconsistent with the same-name pin in the '/home/eda/lib/smic/SP013D3_V1p4/apollo/SP013D3_V1p2_8MT' physical library. No physical link for the logical lib cell. (PSYN-058)
Warning: The pin direction of 'C' pin on 'PB8' cell in the 'SP013D3_V1p2_typ' technology library is inconsistent with the same-name pin in the '/home/eda/lib/smic/SP013D3_V1p4/apollo/SP013D3_V1p2_8MT' physical library. No physical link for the logical lib cell. (PSYN-058)
Warning: The pin direction of 'PAD' pin on 'PB8' cell in the 'SP013D3_V1p2_typ' technology library is inconsistent with the same-name pin in the '/home/eda/lib/smic/SP013D3_V1p4/apollo/SP013D3_V1p2_8MT' physical library. No physical link for the logical lib cell. (PSYN-058)
Warning: The pin direction of 'I' pin on 'PO8' cell in the 'SP013D3_V1p2_typ' technology library is inconsistent with the same-name pin in the '/home/eda/lib/smic/SP013D3_V1p4/apollo/SP013D3_V1p2_8MT' physical library. No physical link for the logical lib cell. (PSYN-058)
Warning: The pin direction of 'PAD' pin on 'PO8' cell in the 'SP013D3_V1p2_typ' technology library is inconsistent with the same-name pin in the '/home/eda/lib/smic/SP013D3_V1p4/apollo/SP013D3_V1p2_8MT' physical library. No physical link for the logical lib cell. (PSYN-058)
Warning: The pin direction of 'I' pin on 'PO2' cell in the 'SP013D3_V1p2_typ' technology library is inconsistent with the same-name pin in the '/home/eda/lib/smic/SP013D3_V1p4/apollo/SP013D3_V1p2_8MT' physical library. No physical link for the logical lib cell. (PSYN-058)
Warning: The pin direction of 'PAD' pin on 'PO2' cell in the 'SP013D3_V1p2_typ' technology library is inconsistent with the same-name pin in the '/home/eda/lib/smic/SP013D3_V1p4/apollo/SP013D3_V1p2_8MT' physical library. No physical link for the logical lib cell. (PSYN-058)
Warning: The pin direction of 'PAD' pin on 'PID' cell in the 'SP013D3_V1p2_typ' technology library is inconsistent with the same-name pin in the '/home/eda/lib/smic/SP013D3_V1p4/apollo/SP013D3_V1p2_8MT' physical library. No physical link for the logical lib cell. (PSYN-058)
Warning: The pin direction of 'C' pin on 'PID' cell in the 'SP013D3_V1p2_typ' technology library is inconsistent with the same-name pin in the '/home/eda/lib/smic/SP013D3_V1p4/apollo/SP013D3_V1p2_8MT' physical library. No physical link for the logical lib cell. (PSYN-058)
Warning: The pin direction of 'XIN' pin on 'PX2' cell in the 'SP013D3_V1p2_typ' technology library is inconsistent with the same-name pin in the '/home/eda/lib/smic/SP013D3_V1p4/apollo/SP013D3_V1p2_8MT' physical library. No physical link for the logical lib cell. (PSYN-058)
Warning: The pin direction of 'XOUT' pin on 'PX2' cell in the 'SP013D3_V1p2_typ' technology library is inconsistent with the same-name pin in the '/home/eda/lib/smic/SP013D3_V1p4/apollo/SP013D3_V1p2_8MT' physical library. No physical link for the logical lib cell. (PSYN-058)
Warning: The pin direction of 'XC' pin on 'PX2' cell in the 'SP013D3_V1p2_typ' technology library is inconsistent with the same-name pin in the '/home/eda/lib/smic/SP013D3_V1p4/apollo/SP013D3_V1p2_8MT' physical library. No physical link for the logical lib cell. (PSYN-058)
Warning: The pin direction of 'PAD' pin on 'PIU' cell in the 'SP013D3_V1p2_typ' technology library is inconsistent with the same-name pin in the '/home/eda/lib/smic/SP013D3_V1p4/apollo/SP013D3_V1p2_8MT' physical library. No physical link for the logical lib cell. (PSYN-058)
Warning: The pin direction of 'C' pin on 'PIU' cell in the 'SP013D3_V1p2_typ' technology library is inconsistent with the same-name pin in the '/home/eda/lib/smic/SP013D3_V1p4/apollo/SP013D3_V1p2_8MT' physical library. No physical link for the logical lib cell. (PSYN-058)
Warning: The pin direction of 'XIN' pin on 'PX1' cell in the 'SP013D3_V1p2_typ' technology library is inconsistent with the same-name pin in the '/home/eda/lib/smic/SP013D3_V1p4/apollo/SP013D3_V1p2_8MT' physical library. No physical link for the logical lib cell. (PSYN-058)
Warning: The pin direction of 'XOUT' pin on 'PX1' cell in the 'SP013D3_V1p2_typ' technology library is inconsistent with the same-name pin in the '/home/eda/lib/smic/SP013D3_V1p4/apollo/SP013D3_V1p2_8MT' physical library. No physical link for the logical lib cell. (PSYN-058)
Warning: The pin direction of 'XC' pin on 'PX1' cell in the 'SP013D3_V1p2_typ' technology library is inconsistent with the same-name pin in the '/home/eda/lib/smic/SP013D3_V1p4/apollo/SP013D3_V1p2_8MT' physical library. No physical link for the logical lib cell. (PSYN-058)
Warning: The pin direction of 'OEN' pin on 'PB16' cell in the 'SP013D3_V1p2_typ' technology library is inconsistent with the same-name pin in the '/home/eda/lib/smic/SP013D3_V1p4/apollo/SP013D3_V1p2_8MT' physical library. No physical link for the logical lib cell. (PSYN-058)
Warning: The pin direction of 'I' pin on 'PB16' cell in the 'SP013D3_V1p2_typ' technology library is inconsistent with the same-name pin in the '/home/eda/lib/smic/SP013D3_V1p4/apollo/SP013D3_V1p2_8MT' physical library. No physical link for the logical lib cell. (PSYN-058)
Warning: The pin direction of 'C' pin on 'PB16' cell in the 'SP013D3_V1p2_typ' technology library is inconsistent with the same-name pin in the '/home/eda/lib/smic/SP013D3_V1p4/apollo/SP013D3_V1p2_8MT' physical library. No physical link for the logical lib cell. (PSYN-058)
Warning: The pin direction of 'PAD' pin on 'PB16' cell in the 'SP013D3_V1p2_typ' technology library is inconsistent with the same-name pin in the '/home/eda/lib/smic/SP013D3_V1p4/apollo/SP013D3_V1p2_8MT' physical library. No physical link for the logical lib cell. (PSYN-058)
Warning: The pin direction of 'I' pin on 'PO16' cell in the 'SP013D3_V1p2_typ' technology library is inconsistent with the same-name pin in the '/home/eda/lib/smic/SP013D3_V1p4/apollo/SP013D3_V1p2_8MT' physical library. No physical link for the logical lib cell. (PSYN-058)
Warning: The pin direction of 'PAD' pin on 'PO16' cell in the 'SP013D3_V1p2_typ' technology library is inconsistent with the same-name pin in the '/home/eda/lib/smic/SP013D3_V1p4/apollo/SP013D3_V1p2_8MT' physical library. No physical link for the logical lib cell. (PSYN-058)
Warning: The pin direction of 'OEN' pin on 'PB24' cell in the 'SP013D3_V1p2_typ' technology library is inconsistent with the same-name pin in the '/home/eda/lib/smic/SP013D3_V1p4/apollo/SP013D3_V1p2_8MT' physical library. No physical link for the logical lib cell. (PSYN-058)
Warning: The pin direction of 'I' pin on 'PB24' cell in the 'SP013D3_V1p2_typ' technology library is inconsistent with the same-name pin in the '/home/eda/lib/smic/SP013D3_V1p4/apollo/SP013D3_V1p2_8MT' physical library. No physical link for the logical lib cell. (PSYN-058)
Warning: The pin direction of 'C' pin on 'PB24' cell in the 'SP013D3_V1p2_typ' technology library is inconsistent with the same-name pin in the '/home/eda/lib/smic/SP013D3_V1p4/apollo/SP013D3_V1p2_8MT' physical library. No physical link for the logical lib cell. (PSYN-058)
Warning: The pin direction of 'PAD' pin on 'PB24' cell in the 'SP013D3_V1p2_typ' technology library is inconsistent with the same-name pin in the '/home/eda/lib/smic/SP013D3_V1p4/apollo/SP013D3_V1p2_8MT' physical library. No physical link for the logical lib cell. (PSYN-058)
Warning: The pin direction of 'OEN' pin on 'PBS4' cell in the 'SP013D3_V1p2_typ' technology library is inconsistent with the same-name pin in the '/home/eda/lib/smic/SP013D3_V1p4/apollo/SP013D3_V1p2_8MT' physical library. No physical link for the logical lib cell. (PSYN-058)
Warning: The pin direction of 'I' pin on 'PBS4' cell in the 'SP013D3_V1p2_typ' technology library is inconsistent with the same-name pin in the '/home/eda/lib/smic/SP013D3_V1p4/apollo/SP013D3_V1p2_8MT' physical library. No physical link for the logical lib cell. (PSYN-058)
Warning: The pin direction of 'C' pin on 'PBS4' cell in the 'SP013D3_V1p2_typ' technology library is inconsistent with the same-name pin in the '/home/eda/lib/smic/SP013D3_V1p4/apollo/SP013D3_V1p2_8MT' physical library. No physical link for the logical lib cell. (PSYN-058)
Warning: The pin direction of 'PAD' pin on 'PBS4' cell in the 'SP013D3_V1p2_typ' technology library is inconsistent with the same-name pin in the '/home/eda/lib/smic/SP013D3_V1p4/apollo/SP013D3_V1p2_8MT' physical library. No physical link for the logical lib cell. (PSYN-058)
Warning: The pin direction of 'OEN' pin on 'PBU4' cell in the 'SP013D3_V1p2_typ' technology library is inconsistent with the same-name pin in the '/home/eda/lib/smic/SP013D3_V1p4/apollo/SP013D3_V1p2_8MT' physical library. No physical link for the logical lib cell. (PSYN-058)
Warning: The pin direction of 'I' pin on 'PBU4' cell in the 'SP013D3_V1p2_typ' technology library is inconsistent with the same-name pin in the '/home/eda/lib/smic/SP013D3_V1p4/apollo/SP013D3_V1p2_8MT' physical library. No physical link for the logical lib cell. (PSYN-058)
Warning: The pin direction of 'C' pin on 'PBU4' cell in the 'SP013D3_V1p2_typ' technology library is inconsistent with the same-name pin in the '/home/eda/lib/smic/SP013D3_V1p4/apollo/SP013D3_V1p2_8MT' physical library. No physical link for the logical lib cell. (PSYN-058)
Warning: The pin direction of 'PAD' pin on 'PBU4' cell in the 'SP013D3_V1p2_typ' technology library is inconsistent with the same-name pin in the '/home/eda/lib/smic/SP013D3_V1p4/apollo/SP013D3_V1p2_8MT' physical library. No physical link for the logical lib cell. (PSYN-058)
Warning: The pin direction of 'OEN' pin on 'PBD4' cell in the 'SP013D3_V1p2_typ' technology library is inconsistent with the same-name pin in the '/home/eda/lib/smic/SP013D3_V1p4/apollo/SP013D3_V1p2_8MT' physical library. No physical link for the logical lib cell. (PSYN-058)
Warning: The pin direction of 'I' pin on 'PBD4' cell in the 'SP013D3_V1p2_typ' technology library is inconsistent with the same-name pin in the '/home/eda/lib/smic/SP013D3_V1p4/apollo/SP013D3_V1p2_8MT' physical library. No physical link for the logical lib cell. (PSYN-058)
Warning: The pin direction of 'C' pin on 'PBD4' cell in the 'SP013D3_V1p2_typ' technology library is inconsistent with the same-name pin in the '/home/eda/lib/smic/SP013D3_V1p4/apollo/SP013D3_V1p2_8MT' physical library. No physical link for the logical lib cell. (PSYN-058)
Warning: The pin direction of 'PAD' pin on 'PBD4' cell in the 'SP013D3_V1p2_typ' technology library is inconsistent with the same-name pin in the '/home/eda/lib/smic/SP013D3_V1p4/apollo/SP013D3_V1p2_8MT' physical library. No physical link for the logical lib cell. (PSYN-058)
Warning: The pin direction of 'I' pin on 'PO24' cell in the 'SP013D3_V1p2_typ' technology library is inconsistent with the same-name pin in the '/home/eda/lib/smic/SP013D3_V1p4/apollo/SP013D3_V1p2_8MT' physical library. No physical link for the logical lib cell. (PSYN-058)
Warning: The pin direction of 'PAD' pin on 'PO24' cell in the 'SP013D3_V1p2_typ' technology library is inconsistent with the same-name pin in the '/home/eda/lib/smic/SP013D3_V1p4/apollo/SP013D3_V1p2_8MT' physical library. No physical link for the logical lib cell. (PSYN-058)
Warning: The pin direction of 'OEN' pin on 'POT4' cell in the 'SP013D3_V1p2_typ' technology library is inconsistent with the same-name pin in the '/home/eda/lib/smic/SP013D3_V1p4/apollo/SP013D3_V1p2_8MT' physical library. No physical link for the logical lib cell. (PSYN-058)
Warning: The pin direction of 'I' pin on 'POT4' cell in the 'SP013D3_V1p2_typ' technology library is inconsistent with the same-name pin in the '/home/eda/lib/smic/SP013D3_V1p4/apollo/SP013D3_V1p2_8MT' physical library. No physical link for the logical lib cell. (PSYN-058)
Warning: The pin direction of 'PAD' pin on 'POT4' cell in the 'SP013D3_V1p2_typ' technology library is inconsistent with the same-name pin in the '/home/eda/lib/smic/SP013D3_V1p4/apollo/SP013D3_V1p2_8MT' physical library. No physical link for the logical lib cell. (PSYN-058)
Warning: The pin direction of 'OEN' pin on 'PB12' cell in the 'SP013D3_V1p2_typ' technology library is inconsistent with the same-name pin in the '/home/eda/lib/smic/SP013D3_V1p4/apollo/SP013D3_V1p2_8MT' physical library. No physical link for the logical lib cell. (PSYN-058)
Warning: The pin direction of 'I' pin on 'PB12' cell in the 'SP013D3_V1p2_typ' technology library is inconsistent with the same-name pin in the '/home/eda/lib/smic/SP013D3_V1p4/apollo/SP013D3_V1p2_8MT' physical library. No physical link for the logical lib cell. (PSYN-058)
Warning: The pin direction of 'C' pin on 'PB12' cell in the 'SP013D3_V1p2_typ' technology library is inconsistent with the same-name pin in the '/home/eda/lib/smic/SP013D3_V1p4/apollo/SP013D3_V1p2_8MT' physical library. No physical link for the logical lib cell. (PSYN-058)
Warning: The pin direction of 'PAD' pin on 'PB12' cell in the 'SP013D3_V1p2_typ' technology library is inconsistent with the same-name pin in the '/home/eda/lib/smic/SP013D3_V1p4/apollo/SP013D3_V1p2_8MT' physical library. No physical link for the logical lib cell. (PSYN-058)
Warning: The pin direction of 'OEN' pin on 'PBL8' cell in the 'SP013D3_V1p2_typ' technology library is inconsistent with the same-name pin in the '/home/eda/lib/smic/SP013D3_V1p4/apollo/SP013D3_V1p2_8MT' physical library. No physical link for the logical lib cell. (PSYN-058)
Warning: The pin direction of 'I' pin on 'PBL8' cell in the 'SP013D3_V1p2_typ' technology library is inconsistent with the same-name pin in the '/home/eda/lib/smic/SP013D3_V1p4/apollo/SP013D3_V1p2_8MT' physical library. No physical link for the logical lib cell. (PSYN-058)
Warning: The pin direction of 'C' pin on 'PBL8' cell in the 'SP013D3_V1p2_typ' technology library is inconsistent with the same-name pin in the '/home/eda/lib/smic/SP013D3_V1p4/apollo/SP013D3_V1p2_8MT' physical library. No physical link for the logical lib cell. (PSYN-058)
Warning: The pin direction of 'PAD' pin on 'PBL8' cell in the 'SP013D3_V1p2_typ' technology library is inconsistent with the same-name pin in the '/home/eda/lib/smic/SP013D3_V1p4/apollo/SP013D3_V1p2_8MT' physical library. No physical link for the logical lib cell. (PSYN-058)
Warning: The pin direction of 'OEN' pin on 'PBS8' cell in the 'SP013D3_V1p2_typ' technology library is inconsistent with the same-name pin in the '/home/eda/lib/smic/SP013D3_V1p4/apollo/SP013D3_V1p2_8MT' physical library. No physical link for the logical lib cell. (PSYN-058)
Warning: The pin direction of 'I' pin on 'PBS8' cell in the 'SP013D3_V1p2_typ' technology library is inconsistent with the same-name pin in the '/home/eda/lib/smic/SP013D3_V1p4/apollo/SP013D3_V1p2_8MT' physical library. No physical link for the logical lib cell. (PSYN-058)
Warning: The pin direction of 'C' pin on 'PBS8' cell in the 'SP013D3_V1p2_typ' technology library is inconsistent with the same-name pin in the '/home/eda/lib/smic/SP013D3_V1p4/apollo/SP013D3_V1p2_8MT' physical library. No physical link for the logical lib cell. (PSYN-058)
Warning: The pin direction of 'PAD' pin on 'PBS8' cell in the 'SP013D3_V1p2_typ' technology library is inconsistent with the same-name pin in the '/home/eda/lib/smic/SP013D3_V1p4/apollo/SP013D3_V1p2_8MT' physical library. No physical link for the logical lib cell. (PSYN-058)
Warning: The pin direction of 'OEN' pin on 'PBS2' cell in the 'SP013D3_V1p2_typ' technology library is inconsistent with the same-name pin in the '/home/eda/lib/smic/SP013D3_V1p4/apollo/SP013D3_V1p2_8MT' physical library. No physical link for the logical lib cell. (PSYN-058)
Warning: The pin direction of 'I' pin on 'PBS2' cell in the 'SP013D3_V1p2_typ' technology library is inconsistent with the same-name pin in the '/home/eda/lib/smic/SP013D3_V1p4/apollo/SP013D3_V1p2_8MT' physical library. No physical link for the logical lib cell. (PSYN-058)
Warning: The pin direction of 'C' pin on 'PBS2' cell in the 'SP013D3_V1p2_typ' technology library is inconsistent with the same-name pin in the '/home/eda/lib/smic/SP013D3_V1p4/apollo/SP013D3_V1p2_8MT' physical library. No physical link for the logical lib cell. (PSYN-058)
Warning: The pin direction of 'PAD' pin on 'PBS2' cell in the 'SP013D3_V1p2_typ' technology library is inconsistent with the same-name pin in the '/home/eda/lib/smic/SP013D3_V1p4/apollo/SP013D3_V1p2_8MT' physical library. No physical link for the logical lib cell. (PSYN-058)
Warning: The pin direction of 'OEN' pin on 'PBU8' cell in the 'SP013D3_V1p2_typ' technology library is inconsistent with the same-name pin in the '/home/eda/lib/smic/SP013D3_V1p4/apollo/SP013D3_V1p2_8MT' physical library. No physical link for the logical lib cell. (PSYN-058)
Warning: The pin direction of 'I' pin on 'PBU8' cell in the 'SP013D3_V1p2_typ' technology library is inconsistent with the same-name pin in the '/home/eda/lib/smic/SP013D3_V1p4/apollo/SP013D3_V1p2_8MT' physical library. No physical link for the logical lib cell. (PSYN-058)
Warning: The pin direction of 'C' pin on 'PBU8' cell in the 'SP013D3_V1p2_typ' technology library is inconsistent with the same-name pin in the '/home/eda/lib/smic/SP013D3_V1p4/apollo/SP013D3_V1p2_8MT' physical library. No physical link for the logical lib cell. (PSYN-058)
Warning: The pin direction of 'PAD' pin on 'PBU8' cell in the 'SP013D3_V1p2_typ' technology library is inconsistent with the same-name pin in the '/home/eda/lib/smic/SP013D3_V1p4/apollo/SP013D3_V1p2_8MT' physical library. No physical link for the logical lib cell. (PSYN-058)
Warning: The pin direction of 'OEN' pin on 'PBU2' cell in the 'SP013D3_V1p2_typ' technology library is inconsistent with the same-name pin in the '/home/eda/lib/smic/SP013D3_V1p4/apollo/SP013D3_V1p2_8MT' physical library. No physical link for the logical lib cell. (PSYN-058)
Warning: The pin direction of 'I' pin on 'PBU2' cell in the 'SP013D3_V1p2_typ' technology library is inconsistent with the same-name pin in the '/home/eda/lib/smic/SP013D3_V1p4/apollo/SP013D3_V1p2_8MT' physical library. No physical link for the logical lib cell. (PSYN-058)
Warning: The pin direction of 'C' pin on 'PBU2' cell in the 'SP013D3_V1p2_typ' technology library is inconsistent with the same-name pin in the '/home/eda/lib/smic/SP013D3_V1p4/apollo/SP013D3_V1p2_8MT' physical library. No physical link for the logical lib cell. (PSYN-058)
Warning: The pin direction of 'PAD' pin on 'PBU2' cell in the 'SP013D3_V1p2_typ' technology library is inconsistent with the same-name pin in the '/home/eda/lib/smic/SP013D3_V1p4/apollo/SP013D3_V1p2_8MT' physical library. No physical link for the logical lib cell. (PSYN-058)
Warning: The pin direction of 'OEN' pin on 'PBD8' cell in the 'SP013D3_V1p2_typ' technology library is inconsistent with the same-name pin in the '/home/eda/lib/smic/SP013D3_V1p4/apollo/SP013D3_V1p2_8MT' physical library. No physical link for the logical lib cell. (PSYN-058)
Warning: The pin direction of 'I' pin on 'PBD8' cell in the 'SP013D3_V1p2_typ' technology library is inconsistent with the same-name pin in the '/home/eda/lib/smic/SP013D3_V1p4/apollo/SP013D3_V1p2_8MT' physical library. No physical link for the logical lib cell. (PSYN-058)
Warning: The pin direction of 'C' pin on 'PBD8' cell in the 'SP013D3_V1p2_typ' technology library is inconsistent with the same-name pin in the '/home/eda/lib/smic/SP013D3_V1p4/apollo/SP013D3_V1p2_8MT' physical library. No physical link for the logical lib cell. (PSYN-058)
Warning: The pin direction of 'PAD' pin on 'PBD8' cell in the 'SP013D3_V1p2_typ' technology library is inconsistent with the same-name pin in the '/home/eda/lib/smic/SP013D3_V1p4/apollo/SP013D3_V1p2_8MT' physical library. No physical link for the logical lib cell. (PSYN-058)
Warning: The pin direction of 'OEN' pin on 'PBD2' cell in the 'SP013D3_V1p2_typ' technology library is inconsistent with the same-name pin in the '/home/eda/lib/smic/SP013D3_V1p4/apollo/SP013D3_V1p2_8MT' physical library. No physical link for the logical lib cell. (PSYN-058)
Warning: The pin direction of 'I' pin on 'PBD2' cell in the 'SP013D3_V1p2_typ' technology library is inconsistent with the same-name pin in the '/home/eda/lib/smic/SP013D3_V1p4/apollo/SP013D3_V1p2_8MT' physical library. No physical link for the logical lib cell. (PSYN-058)
Warning: The pin direction of 'C' pin on 'PBD2' cell in the 'SP013D3_V1p2_typ' technology library is inconsistent with the same-name pin in the '/home/eda/lib/smic/SP013D3_V1p4/apollo/SP013D3_V1p2_8MT' physical library. No physical link for the logical lib cell. (PSYN-058)
Warning: The pin direction of 'PAD' pin on 'PBD2' cell in the 'SP013D3_V1p2_typ' technology library is inconsistent with the same-name pin in the '/home/eda/lib/smic/SP013D3_V1p4/apollo/SP013D3_V1p2_8MT' physical library. No physical link for the logical lib cell. (PSYN-058)
Warning: The pin direction of 'I' pin on 'POL8' cell in the 'SP013D3_V1p2_typ' technology library is inconsistent with the same-name pin in the '/home/eda/lib/smic/SP013D3_V1p4/apollo/SP013D3_V1p2_8MT' physical library. No physical link for the logical lib cell. (PSYN-058)
Warning: The pin direction of 'PAD' pin on 'POL8' cell in the 'SP013D3_V1p2_typ' technology library is inconsistent with the same-name pin in the '/home/eda/lib/smic/SP013D3_V1p4/apollo/SP013D3_V1p2_8MT' physical library. No physical link for the logical lib cell. (PSYN-058)
Warning: The pin direction of 'I' pin on 'PO12' cell in the 'SP013D3_V1p2_typ' technology library is inconsistent with the same-name pin in the '/home/eda/lib/smic/SP013D3_V1p4/apollo/SP013D3_V1p2_8MT' physical library. No physical link for the logical lib cell. (PSYN-058)
Warning: The pin direction of 'PAD' pin on 'PO12' cell in the 'SP013D3_V1p2_typ' technology library is inconsistent with the same-name pin in the '/home/eda/lib/smic/SP013D3_V1p4/apollo/SP013D3_V1p2_8MT' physical library. No physical link for the logical lib cell. (PSYN-058)
Warning: The pin direction of 'OEN' pin on 'POT8' cell in the 'SP013D3_V1p2_typ' technology library is inconsistent with the same-name pin in the '/home/eda/lib/smic/SP013D3_V1p4/apollo/SP013D3_V1p2_8MT' physical library. No physical link for the logical lib cell. (PSYN-058)
Warning: The pin direction of 'I' pin on 'POT8' cell in the 'SP013D3_V1p2_typ' technology library is inconsistent with the same-name pin in the '/home/eda/lib/smic/SP013D3_V1p4/apollo/SP013D3_V1p2_8MT' physical library. No physical link for the logical lib cell. (PSYN-058)
Warning: The pin direction of 'PAD' pin on 'POT8' cell in the 'SP013D3_V1p2_typ' technology library is inconsistent with the same-name pin in the '/home/eda/lib/smic/SP013D3_V1p4/apollo/SP013D3_V1p2_8MT' physical library. No physical link for the logical lib cell. (PSYN-058)
Warning: The pin direction of 'OEN' pin on 'POT2' cell in the 'SP013D3_V1p2_typ' technology library is inconsistent with the same-name pin in the '/home/eda/lib/smic/SP013D3_V1p4/apollo/SP013D3_V1p2_8MT' physical library. No physical link for the logical lib cell. (PSYN-058)
Warning: The pin direction of 'I' pin on 'POT2' cell in the 'SP013D3_V1p2_typ' technology library is inconsistent with the same-name pin in the '/home/eda/lib/smic/SP013D3_V1p4/apollo/SP013D3_V1p2_8MT' physical library. No physical link for the logical lib cell. (PSYN-058)
Warning: The pin direction of 'PAD' pin on 'POT2' cell in the 'SP013D3_V1p2_typ' technology library is inconsistent with the same-name pin in the '/home/eda/lib/smic/SP013D3_V1p4/apollo/SP013D3_V1p2_8MT' physical library. No physical link for the logical lib cell. (PSYN-058)
Warning: The pin direction of 'PAD' pin on 'PICD' cell in the 'SP013D3_V1p2_typ' technology library is inconsistent with the same-name pin in the '/home/eda/lib/smic/SP013D3_V1p4/apollo/SP013D3_V1p2_8MT' physical library. No physical link for the logical lib cell. (PSYN-058)
Warning: The pin direction of 'REN' pin on 'PICD' cell in the 'SP013D3_V1p2_typ' technology library is inconsistent with the same-name pin in the '/home/eda/lib/smic/SP013D3_V1p4/apollo/SP013D3_V1p2_8MT' physical library. No physical link for the logical lib cell. (PSYN-058)
Warning: The pin direction of 'C' pin on 'PICD' cell in the 'SP013D3_V1p2_typ' technology library is inconsistent with the same-name pin in the '/home/eda/lib/smic/SP013D3_V1p4/apollo/SP013D3_V1p2_8MT' physical library. No physical link for the logical lib cell. (PSYN-058)
Warning: The pin direction of 'PAD' pin on 'PISD' cell in the 'SP013D3_V1p2_typ' technology library is inconsistent with the same-name pin in the '/home/eda/lib/smic/SP013D3_V1p4/apollo/SP013D3_V1p2_8MT' physical library. No physical link for the logical lib cell. (PSYN-058)
Warning: The pin direction of 'C' pin on 'PISD' cell in the 'SP013D3_V1p2_typ' technology library is inconsistent with the same-name pin in the '/home/eda/lib/smic/SP013D3_V1p4/apollo/SP013D3_V1p2_8MT' physical library. No physical link for the logical lib cell. (PSYN-058)
Warning: The pin direction of 'PAD' pin on 'PICU' cell in the 'SP013D3_V1p2_typ' technology library is inconsistent with the same-name pin in the '/home/eda/lib/smic/SP013D3_V1p4/apollo/SP013D3_V1p2_8MT' physical library. No physical link for the logical lib cell. (PSYN-058)
Warning: The pin direction of 'REN' pin on 'PICU' cell in the 'SP013D3_V1p2_typ' technology library is inconsistent with the same-name pin in the '/home/eda/lib/smic/SP013D3_V1p4/apollo/SP013D3_V1p2_8MT' physical library. No physical link for the logical lib cell. (PSYN-058)
Warning: The pin direction of 'C' pin on 'PICU' cell in the 'SP013D3_V1p2_typ' technology library is inconsistent with the same-name pin in the '/home/eda/lib/smic/SP013D3_V1p4/apollo/SP013D3_V1p2_8MT' physical library. No physical link for the logical lib cell. (PSYN-058)
Warning: The pin direction of 'PAD' pin on 'PISU' cell in the 'SP013D3_V1p2_typ' technology library is inconsistent with the same-name pin in the '/home/eda/lib/smic/SP013D3_V1p4/apollo/SP013D3_V1p2_8MT' physical library. No physical link for the logical lib cell. (PSYN-058)
Warning: The pin direction of 'C' pin on 'PISU' cell in the 'SP013D3_V1p2_typ' technology library is inconsistent with the same-name pin in the '/home/eda/lib/smic/SP013D3_V1p4/apollo/SP013D3_V1p2_8MT' physical library. No physical link for the logical lib cell. (PSYN-058)
Warning: The pin direction of 'OEN' pin on 'PCI6B' cell in the 'SP013D3_V1p2_typ' technology library is inconsistent with the same-name pin in the '/home/eda/lib/smic/SP013D3_V1p4/apollo/SP013D3_V1p2_8MT' physical library. No physical link for the logical lib cell. (PSYN-058)
Warning: The pin direction of 'I' pin on 'PCI6B' cell in the 'SP013D3_V1p2_typ' technology library is inconsistent with the same-name pin in the '/home/eda/lib/smic/SP013D3_V1p4/apollo/SP013D3_V1p2_8MT' physical library. No physical link for the logical lib cell. (PSYN-058)
Warning: The pin direction of 'C' pin on 'PCI6B' cell in the 'SP013D3_V1p2_typ' technology library is inconsistent with the same-name pin in the '/home/eda/lib/smic/SP013D3_V1p4/apollo/SP013D3_V1p2_8MT' physical library. No physical link for the logical lib cell. (PSYN-058)
Warning: The pin direction of 'PAD' pin on 'PCI6B' cell in the 'SP013D3_V1p2_typ' technology library is inconsistent with the same-name pin in the '/home/eda/lib/smic/SP013D3_V1p4/apollo/SP013D3_V1p2_8MT' physical library. No physical link for the logical lib cell. (PSYN-058)
Warning: The pin direction of 'OEN' pin on 'PCI3B' cell in the 'SP013D3_V1p2_typ' technology library is inconsistent with the same-name pin in the '/home/eda/lib/smic/SP013D3_V1p4/apollo/SP013D3_V1p2_8MT' physical library. No physical link for the logical lib cell. (PSYN-058)
Warning: The pin direction of 'I' pin on 'PCI3B' cell in the 'SP013D3_V1p2_typ' technology library is inconsistent with the same-name pin in the '/home/eda/lib/smic/SP013D3_V1p4/apollo/SP013D3_V1p2_8MT' physical library. No physical link for the logical lib cell. (PSYN-058)
Warning: The pin direction of 'C' pin on 'PCI3B' cell in the 'SP013D3_V1p2_typ' technology library is inconsistent with the same-name pin in the '/home/eda/lib/smic/SP013D3_V1p4/apollo/SP013D3_V1p2_8MT' physical library. No physical link for the logical lib cell. (PSYN-058)
Warning: The pin direction of 'PAD' pin on 'PCI3B' cell in the 'SP013D3_V1p2_typ' technology library is inconsistent with the same-name pin in the '/home/eda/lib/smic/SP013D3_V1p4/apollo/SP013D3_V1p2_8MT' physical library. No physical link for the logical lib cell. (PSYN-058)
Warning: The pin direction of 'OEN' pin on 'PBL16' cell in the 'SP013D3_V1p2_typ' technology library is inconsistent with the same-name pin in the '/home/eda/lib/smic/SP013D3_V1p4/apollo/SP013D3_V1p2_8MT' physical library. No physical link for the logical lib cell. (PSYN-058)
Warning: The pin direction of 'I' pin on 'PBL16' cell in the 'SP013D3_V1p2_typ' technology library is inconsistent with the same-name pin in the '/home/eda/lib/smic/SP013D3_V1p4/apollo/SP013D3_V1p2_8MT' physical library. No physical link for the logical lib cell. (PSYN-058)
Warning: The pin direction of 'C' pin on 'PBL16' cell in the 'SP013D3_V1p2_typ' technology library is inconsistent with the same-name pin in the '/home/eda/lib/smic/SP013D3_V1p4/apollo/SP013D3_V1p2_8MT' physical library. No physical link for the logical lib cell. (PSYN-058)
Warning: The pin direction of 'PAD' pin on 'PBL16' cell in the 'SP013D3_V1p2_typ' technology library is inconsistent with the same-name pin in the '/home/eda/lib/smic/SP013D3_V1p4/apollo/SP013D3_V1p2_8MT' physical library. No physical link for the logical lib cell. (PSYN-058)
Warning: The pin direction of 'OEN' pin on 'PBS16' cell in the 'SP013D3_V1p2_typ' technology library is inconsistent with the same-name pin in the '/home/eda/lib/smic/SP013D3_V1p4/apollo/SP013D3_V1p2_8MT' physical library. No physical link for the logical lib cell. (PSYN-058)
Warning: The pin direction of 'I' pin on 'PBS16' cell in the 'SP013D3_V1p2_typ' technology library is inconsistent with the same-name pin in the '/home/eda/lib/smic/SP013D3_V1p4/apollo/SP013D3_V1p2_8MT' physical library. No physical link for the logical lib cell. (PSYN-058)
Warning: The pin direction of 'C' pin on 'PBS16' cell in the 'SP013D3_V1p2_typ' technology library is inconsistent with the same-name pin in the '/home/eda/lib/smic/SP013D3_V1p4/apollo/SP013D3_V1p2_8MT' physical library. No physical link for the logical lib cell. (PSYN-058)
Warning: The pin direction of 'PAD' pin on 'PBS16' cell in the 'SP013D3_V1p2_typ' technology library is inconsistent with the same-name pin in the '/home/eda/lib/smic/SP013D3_V1p4/apollo/SP013D3_V1p2_8MT' physical library. No physical link for the logical lib cell. (PSYN-058)
Warning: The pin direction of 'OEN' pin on 'PBU16' cell in the 'SP013D3_V1p2_typ' technology library is inconsistent with the same-name pin in the '/home/eda/lib/smic/SP013D3_V1p4/apollo/SP013D3_V1p2_8MT' physical library. No physical link for the logical lib cell. (PSYN-058)
Warning: The pin direction of 'I' pin on 'PBU16' cell in the 'SP013D3_V1p2_typ' technology library is inconsistent with the same-name pin in the '/home/eda/lib/smic/SP013D3_V1p4/apollo/SP013D3_V1p2_8MT' physical library. No physical link for the logical lib cell. (PSYN-058)
Warning: The pin direction of 'C' pin on 'PBU16' cell in the 'SP013D3_V1p2_typ' technology library is inconsistent with the same-name pin in the '/home/eda/lib/smic/SP013D3_V1p4/apollo/SP013D3_V1p2_8MT' physical library. No physical link for the logical lib cell. (PSYN-058)
Warning: The pin direction of 'PAD' pin on 'PBU16' cell in the 'SP013D3_V1p2_typ' technology library is inconsistent with the same-name pin in the '/home/eda/lib/smic/SP013D3_V1p4/apollo/SP013D3_V1p2_8MT' physical library. No physical link for the logical lib cell. (PSYN-058)
Warning: The pin direction of 'OEN' pin on 'PBD16' cell in the 'SP013D3_V1p2_typ' technology library is inconsistent with the same-name pin in the '/home/eda/lib/smic/SP013D3_V1p4/apollo/SP013D3_V1p2_8MT' physical library. No physical link for the logical lib cell. (PSYN-058)
Warning: The pin direction of 'I' pin on 'PBD16' cell in the 'SP013D3_V1p2_typ' technology library is inconsistent with the same-name pin in the '/home/eda/lib/smic/SP013D3_V1p4/apollo/SP013D3_V1p2_8MT' physical library. No physical link for the logical lib cell. (PSYN-058)
Warning: The pin direction of 'C' pin on 'PBD16' cell in the 'SP013D3_V1p2_typ' technology library is inconsistent with the same-name pin in the '/home/eda/lib/smic/SP013D3_V1p4/apollo/SP013D3_V1p2_8MT' physical library. No physical link for the logical lib cell. (PSYN-058)
Warning: The pin direction of 'PAD' pin on 'PBD16' cell in the 'SP013D3_V1p2_typ' technology library is inconsistent with the same-name pin in the '/home/eda/lib/smic/SP013D3_V1p4/apollo/SP013D3_V1p2_8MT' physical library. No physical link for the logical lib cell. (PSYN-058)
Warning: The pin direction of 'I' pin on 'POL16' cell in the 'SP013D3_V1p2_typ' technology library is inconsistent with the same-name pin in the '/home/eda/lib/smic/SP013D3_V1p4/apollo/SP013D3_V1p2_8MT' physical library. No physical link for the logical lib cell. (PSYN-058)
Warning: The pin direction of 'PAD' pin on 'POL16' cell in the 'SP013D3_V1p2_typ' technology library is inconsistent with the same-name pin in the '/home/eda/lib/smic/SP013D3_V1p4/apollo/SP013D3_V1p2_8MT' physical library. No physical link for the logical lib cell. (PSYN-058)
Warning: The pin direction of 'OEN' pin on 'POT16' cell in the 'SP013D3_V1p2_typ' technology library is inconsistent with the same-name pin in the '/home/eda/lib/smic/SP013D3_V1p4/apollo/SP013D3_V1p2_8MT' physical library. No physical link for the logical lib cell. (PSYN-058)
Warning: The pin direction of 'I' pin on 'POT16' cell in the 'SP013D3_V1p2_typ' technology library is inconsistent with the same-name pin in the '/home/eda/lib/smic/SP013D3_V1p4/apollo/SP013D3_V1p2_8MT' physical library. No physical link for the logical lib cell. (PSYN-058)
Warning: The pin direction of 'PAD' pin on 'POT16' cell in the 'SP013D3_V1p2_typ' technology library is inconsistent with the same-name pin in the '/home/eda/lib/smic/SP013D3_V1p4/apollo/SP013D3_V1p2_8MT' physical library. No physical link for the logical lib cell. (PSYN-058)
Warning: The pin direction of 'OEN' pin on 'PBL24' cell in the 'SP013D3_V1p2_typ' technology library is inconsistent with the same-name pin in the '/home/eda/lib/smic/SP013D3_V1p4/apollo/SP013D3_V1p2_8MT' physical library. No physical link for the logical lib cell. (PSYN-058)
Warning: The pin direction of 'I' pin on 'PBL24' cell in the 'SP013D3_V1p2_typ' technology library is inconsistent with the same-name pin in the '/home/eda/lib/smic/SP013D3_V1p4/apollo/SP013D3_V1p2_8MT' physical library. No physical link for the logical lib cell. (PSYN-058)
Warning: The pin direction of 'C' pin on 'PBL24' cell in the 'SP013D3_V1p2_typ' technology library is inconsistent with the same-name pin in the '/home/eda/lib/smic/SP013D3_V1p4/apollo/SP013D3_V1p2_8MT' physical library. No physical link for the logical lib cell. (PSYN-058)
Warning: The pin direction of 'PAD' pin on 'PBL24' cell in the 'SP013D3_V1p2_typ' technology library is inconsistent with the same-name pin in the '/home/eda/lib/smic/SP013D3_V1p4/apollo/SP013D3_V1p2_8MT' physical library. No physical link for the logical lib cell. (PSYN-058)
Warning: The pin direction of 'OEN' pin on 'PBCD4' cell in the 'SP013D3_V1p2_typ' technology library is inconsistent with the same-name pin in the '/home/eda/lib/smic/SP013D3_V1p4/apollo/SP013D3_V1p2_8MT' physical library. No physical link for the logical lib cell. (PSYN-058)
Warning: The pin direction of 'I' pin on 'PBCD4' cell in the 'SP013D3_V1p2_typ' technology library is inconsistent with the same-name pin in the '/home/eda/lib/smic/SP013D3_V1p4/apollo/SP013D3_V1p2_8MT' physical library. No physical link for the logical lib cell. (PSYN-058)
Warning: The pin direction of 'REN' pin on 'PBCD4' cell in the 'SP013D3_V1p2_typ' technology library is inconsistent with the same-name pin in the '/home/eda/lib/smic/SP013D3_V1p4/apollo/SP013D3_V1p2_8MT' physical library. No physical link for the logical lib cell. (PSYN-058)
Warning: The pin direction of 'C' pin on 'PBCD4' cell in the 'SP013D3_V1p2_typ' technology library is inconsistent with the same-name pin in the '/home/eda/lib/smic/SP013D3_V1p4/apollo/SP013D3_V1p2_8MT' physical library. No physical link for the logical lib cell. (PSYN-058)
Warning: The pin direction of 'PAD' pin on 'PBCD4' cell in the 'SP013D3_V1p2_typ' technology library is inconsistent with the same-name pin in the '/home/eda/lib/smic/SP013D3_V1p4/apollo/SP013D3_V1p2_8MT' physical library. No physical link for the logical lib cell. (PSYN-058)
Warning: The pin direction of 'OEN' pin on 'PBCU4' cell in the 'SP013D3_V1p2_typ' technology library is inconsistent with the same-name pin in the '/home/eda/lib/smic/SP013D3_V1p4/apollo/SP013D3_V1p2_8MT' physical library. No physical link for the logical lib cell. (PSYN-058)
Warning: The pin direction of 'I' pin on 'PBCU4' cell in the 'SP013D3_V1p2_typ' technology library is inconsistent with the same-name pin in the '/home/eda/lib/smic/SP013D3_V1p4/apollo/SP013D3_V1p2_8MT' physical library. No physical link for the logical lib cell. (PSYN-058)
Warning: The pin direction of 'REN' pin on 'PBCU4' cell in the 'SP013D3_V1p2_typ' technology library is inconsistent with the same-name pin in the '/home/eda/lib/smic/SP013D3_V1p4/apollo/SP013D3_V1p2_8MT' physical library. No physical link for the logical lib cell. (PSYN-058)
Warning: The pin direction of 'C' pin on 'PBCU4' cell in the 'SP013D3_V1p2_typ' technology library is inconsistent with the same-name pin in the '/home/eda/lib/smic/SP013D3_V1p4/apollo/SP013D3_V1p2_8MT' physical library. No physical link for the logical lib cell. (PSYN-058)
Warning: The pin direction of 'PAD' pin on 'PBCU4' cell in the 'SP013D3_V1p2_typ' technology library is inconsistent with the same-name pin in the '/home/eda/lib/smic/SP013D3_V1p4/apollo/SP013D3_V1p2_8MT' physical library. No physical link for the logical lib cell. (PSYN-058)
Warning: The pin direction of 'OEN' pin on 'PBS24' cell in the 'SP013D3_V1p2_typ' technology library is inconsistent with the same-name pin in the '/home/eda/lib/smic/SP013D3_V1p4/apollo/SP013D3_V1p2_8MT' physical library. No physical link for the logical lib cell. (PSYN-058)
Warning: The pin direction of 'I' pin on 'PBS24' cell in the 'SP013D3_V1p2_typ' technology library is inconsistent with the same-name pin in the '/home/eda/lib/smic/SP013D3_V1p4/apollo/SP013D3_V1p2_8MT' physical library. No physical link for the logical lib cell. (PSYN-058)
Warning: The pin direction of 'C' pin on 'PBS24' cell in the 'SP013D3_V1p2_typ' technology library is inconsistent with the same-name pin in the '/home/eda/lib/smic/SP013D3_V1p4/apollo/SP013D3_V1p2_8MT' physical library. No physical link for the logical lib cell. (PSYN-058)
Warning: The pin direction of 'PAD' pin on 'PBS24' cell in the 'SP013D3_V1p2_typ' technology library is inconsistent with the same-name pin in the '/home/eda/lib/smic/SP013D3_V1p4/apollo/SP013D3_V1p2_8MT' physical library. No physical link for the logical lib cell. (PSYN-058)
Warning: The pin direction of 'OEN' pin on 'PBSD4' cell in the 'SP013D3_V1p2_typ' technology library is inconsistent with the same-name pin in the '/home/eda/lib/smic/SP013D3_V1p4/apollo/SP013D3_V1p2_8MT' physical library. No physical link for the logical lib cell. (PSYN-058)
Warning: The pin direction of 'I' pin on 'PBSD4' cell in the 'SP013D3_V1p2_typ' technology library is inconsistent with the same-name pin in the '/home/eda/lib/smic/SP013D3_V1p4/apollo/SP013D3_V1p2_8MT' physical library. No physical link for the logical lib cell. (PSYN-058)
Warning: The pin direction of 'C' pin on 'PBSD4' cell in the 'SP013D3_V1p2_typ' technology library is inconsistent with the same-name pin in the '/home/eda/lib/smic/SP013D3_V1p4/apollo/SP013D3_V1p2_8MT' physical library. No physical link for the logical lib cell. (PSYN-058)
Warning: The pin direction of 'PAD' pin on 'PBSD4' cell in the 'SP013D3_V1p2_typ' technology library is inconsistent with the same-name pin in the '/home/eda/lib/smic/SP013D3_V1p4/apollo/SP013D3_V1p2_8MT' physical library. No physical link for the logical lib cell. (PSYN-058)
Warning: The pin direction of 'OEN' pin on 'PBSU4' cell in the 'SP013D3_V1p2_typ' technology library is inconsistent with the same-name pin in the '/home/eda/lib/smic/SP013D3_V1p4/apollo/SP013D3_V1p2_8MT' physical library. No physical link for the logical lib cell. (PSYN-058)
Warning: The pin direction of 'I' pin on 'PBSU4' cell in the 'SP013D3_V1p2_typ' technology library is inconsistent with the same-name pin in the '/home/eda/lib/smic/SP013D3_V1p4/apollo/SP013D3_V1p2_8MT' physical library. No physical link for the logical lib cell. (PSYN-058)
Warning: The pin direction of 'C' pin on 'PBSU4' cell in the 'SP013D3_V1p2_typ' technology library is inconsistent with the same-name pin in the '/home/eda/lib/smic/SP013D3_V1p4/apollo/SP013D3_V1p2_8MT' physical library. No physical link for the logical lib cell. (PSYN-058)
Warning: The pin direction of 'PAD' pin on 'PBSU4' cell in the 'SP013D3_V1p2_typ' technology library is inconsistent with the same-name pin in the '/home/eda/lib/smic/SP013D3_V1p4/apollo/SP013D3_V1p2_8MT' physical library. No physical link for the logical lib cell. (PSYN-058)
Warning: The pin direction of 'OEN' pin on 'PBU24' cell in the 'SP013D3_V1p2_typ' technology library is inconsistent with the same-name pin in the '/home/eda/lib/smic/SP013D3_V1p4/apollo/SP013D3_V1p2_8MT' physical library. No physical link for the logical lib cell. (PSYN-058)
Warning: The pin direction of 'I' pin on 'PBU24' cell in the 'SP013D3_V1p2_typ' technology library is inconsistent with the same-name pin in the '/home/eda/lib/smic/SP013D3_V1p4/apollo/SP013D3_V1p2_8MT' physical library. No physical link for the logical lib cell. (PSYN-058)
Warning: The pin direction of 'C' pin on 'PBU24' cell in the 'SP013D3_V1p2_typ' technology library is inconsistent with the same-name pin in the '/home/eda/lib/smic/SP013D3_V1p4/apollo/SP013D3_V1p2_8MT' physical library. No physical link for the logical lib cell. (PSYN-058)
Warning: The pin direction of 'PAD' pin on 'PBU24' cell in the 'SP013D3_V1p2_typ' technology library is inconsistent with the same-name pin in the '/home/eda/lib/smic/SP013D3_V1p4/apollo/SP013D3_V1p2_8MT' physical library. No physical link for the logical lib cell. (PSYN-058)
Warning: The pin direction of 'OEN' pin on 'PBD24' cell in the 'SP013D3_V1p2_typ' technology library is inconsistent with the same-name pin in the '/home/eda/lib/smic/SP013D3_V1p4/apollo/SP013D3_V1p2_8MT' physical library. No physical link for the logical lib cell. (PSYN-058)
Warning: The pin direction of 'I' pin on 'PBD24' cell in the 'SP013D3_V1p2_typ' technology library is inconsistent with the same-name pin in the '/home/eda/lib/smic/SP013D3_V1p4/apollo/SP013D3_V1p2_8MT' physical library. No physical link for the logical lib cell. (PSYN-058)
Warning: The pin direction of 'C' pin on 'PBD24' cell in the 'SP013D3_V1p2_typ' technology library is inconsistent with the same-name pin in the '/home/eda/lib/smic/SP013D3_V1p4/apollo/SP013D3_V1p2_8MT' physical library. No physical link for the logical lib cell. (PSYN-058)
Warning: The pin direction of 'PAD' pin on 'PBD24' cell in the 'SP013D3_V1p2_typ' technology library is inconsistent with the same-name pin in the '/home/eda/lib/smic/SP013D3_V1p4/apollo/SP013D3_V1p2_8MT' physical library. No physical link for the logical lib cell. (PSYN-058)
Warning: The pin direction of 'I' pin on 'POL24' cell in the 'SP013D3_V1p2_typ' technology library is inconsistent with the same-name pin in the '/home/eda/lib/smic/SP013D3_V1p4/apollo/SP013D3_V1p2_8MT' physical library. No physical link for the logical lib cell. (PSYN-058)
Warning: The pin direction of 'PAD' pin on 'POL24' cell in the 'SP013D3_V1p2_typ' technology library is inconsistent with the same-name pin in the '/home/eda/lib/smic/SP013D3_V1p4/apollo/SP013D3_V1p2_8MT' physical library. No physical link for the logical lib cell. (PSYN-058)
Warning: The pin direction of 'OEN' pin on 'POT24' cell in the 'SP013D3_V1p2_typ' technology library is inconsistent with the same-name pin in the '/home/eda/lib/smic/SP013D3_V1p4/apollo/SP013D3_V1p2_8MT' physical library. No physical link for the logical lib cell. (PSYN-058)
Warning: The pin direction of 'I' pin on 'POT24' cell in the 'SP013D3_V1p2_typ' technology library is inconsistent with the same-name pin in the '/home/eda/lib/smic/SP013D3_V1p4/apollo/SP013D3_V1p2_8MT' physical library. No physical link for the logical lib cell. (PSYN-058)
Warning: The pin direction of 'PAD' pin on 'POT24' cell in the 'SP013D3_V1p2_typ' technology library is inconsistent with the same-name pin in the '/home/eda/lib/smic/SP013D3_V1p4/apollo/SP013D3_V1p2_8MT' physical library. No physical link for the logical lib cell. (PSYN-058)
Warning: The pin direction of 'VSS' pin on 'PVSS3' cell in the 'SP013D3_V1p2_typ' technology library is inconsistent with the same-name pin in the '/home/eda/lib/smic/SP013D3_V1p4/apollo/SP013D3_V1p2_8MT' physical library. No physical link for the logical lib cell. (PSYN-058)
Warning: The pin direction of 'XIN' pin on 'PXWE3' cell in the 'SP013D3_V1p2_typ' technology library is inconsistent with the same-name pin in the '/home/eda/lib/smic/SP013D3_V1p4/apollo/SP013D3_V1p2_8MT' physical library. No physical link for the logical lib cell. (PSYN-058)
Warning: The pin direction of 'E' pin on 'PXWE3' cell in the 'SP013D3_V1p2_typ' technology library is inconsistent with the same-name pin in the '/home/eda/lib/smic/SP013D3_V1p4/apollo/SP013D3_V1p2_8MT' physical library. No physical link for the logical lib cell. (PSYN-058)
Warning: The pin direction of 'XOUT' pin on 'PXWE3' cell in the 'SP013D3_V1p2_typ' technology library is inconsistent with the same-name pin in the '/home/eda/lib/smic/SP013D3_V1p4/apollo/SP013D3_V1p2_8MT' physical library. No physical link for the logical lib cell. (PSYN-058)
Warning: The pin direction of 'XC' pin on 'PXWE3' cell in the 'SP013D3_V1p2_typ' technology library is inconsistent with the same-name pin in the '/home/eda/lib/smic/SP013D3_V1p4/apollo/SP013D3_V1p2_8MT' physical library. No physical link for the logical lib cell. (PSYN-058)
Warning: The pin direction of 'OEN' pin on 'PBL12' cell in the 'SP013D3_V1p2_typ' technology library is inconsistent with the same-name pin in the '/home/eda/lib/smic/SP013D3_V1p4/apollo/SP013D3_V1p2_8MT' physical library. No physical link for the logical lib cell. (PSYN-058)
Warning: The pin direction of 'I' pin on 'PBL12' cell in the 'SP013D3_V1p2_typ' technology library is inconsistent with the same-name pin in the '/home/eda/lib/smic/SP013D3_V1p4/apollo/SP013D3_V1p2_8MT' physical library. No physical link for the logical lib cell. (PSYN-058)
Warning: The pin direction of 'C' pin on 'PBL12' cell in the 'SP013D3_V1p2_typ' technology library is inconsistent with the same-name pin in the '/home/eda/lib/smic/SP013D3_V1p4/apollo/SP013D3_V1p2_8MT' physical library. No physical link for the logical lib cell. (PSYN-058)
Warning: The pin direction of 'PAD' pin on 'PBL12' cell in the 'SP013D3_V1p2_typ' technology library is inconsistent with the same-name pin in the '/home/eda/lib/smic/SP013D3_V1p4/apollo/SP013D3_V1p2_8MT' physical library. No physical link for the logical lib cell. (PSYN-058)
Warning: The pin direction of 'OEN' pin on 'PBCD8' cell in the 'SP013D3_V1p2_typ' technology library is inconsistent with the same-name pin in the '/home/eda/lib/smic/SP013D3_V1p4/apollo/SP013D3_V1p2_8MT' physical library. No physical link for the logical lib cell. (PSYN-058)
Warning: The pin direction of 'I' pin on 'PBCD8' cell in the 'SP013D3_V1p2_typ' technology library is inconsistent with the same-name pin in the '/home/eda/lib/smic/SP013D3_V1p4/apollo/SP013D3_V1p2_8MT' physical library. No physical link for the logical lib cell. (PSYN-058)
Warning: The pin direction of 'REN' pin on 'PBCD8' cell in the 'SP013D3_V1p2_typ' technology library is inconsistent with the same-name pin in the '/home/eda/lib/smic/SP013D3_V1p4/apollo/SP013D3_V1p2_8MT' physical library. No physical link for the logical lib cell. (PSYN-058)
Warning: The pin direction of 'C' pin on 'PBCD8' cell in the 'SP013D3_V1p2_typ' technology library is inconsistent with the same-name pin in the '/home/eda/lib/smic/SP013D3_V1p4/apollo/SP013D3_V1p2_8MT' physical library. No physical link for the logical lib cell. (PSYN-058)
Warning: The pin direction of 'PAD' pin on 'PBCD8' cell in the 'SP013D3_V1p2_typ' technology library is inconsistent with the same-name pin in the '/home/eda/lib/smic/SP013D3_V1p4/apollo/SP013D3_V1p2_8MT' physical library. No physical link for the logical lib cell. (PSYN-058)
Warning: The pin direction of 'OEN' pin on 'PBCD2' cell in the 'SP013D3_V1p2_typ' technology library is inconsistent with the same-name pin in the '/home/eda/lib/smic/SP013D3_V1p4/apollo/SP013D3_V1p2_8MT' physical library. No physical link for the logical lib cell. (PSYN-058)
Warning: The pin direction of 'I' pin on 'PBCD2' cell in the 'SP013D3_V1p2_typ' technology library is inconsistent with the same-name pin in the '/home/eda/lib/smic/SP013D3_V1p4/apollo/SP013D3_V1p2_8MT' physical library. No physical link for the logical lib cell. (PSYN-058)
Warning: The pin direction of 'REN' pin on 'PBCD2' cell in the 'SP013D3_V1p2_typ' technology library is inconsistent with the same-name pin in the '/home/eda/lib/smic/SP013D3_V1p4/apollo/SP013D3_V1p2_8MT' physical library. No physical link for the logical lib cell. (PSYN-058)
Warning: The pin direction of 'C' pin on 'PBCD2' cell in the 'SP013D3_V1p2_typ' technology library is inconsistent with the same-name pin in the '/home/eda/lib/smic/SP013D3_V1p4/apollo/SP013D3_V1p2_8MT' physical library. No physical link for the logical lib cell. (PSYN-058)
Warning: The pin direction of 'PAD' pin on 'PBCD2' cell in the 'SP013D3_V1p2_typ' technology library is inconsistent with the same-name pin in the '/home/eda/lib/smic/SP013D3_V1p4/apollo/SP013D3_V1p2_8MT' physical library. No physical link for the logical lib cell. (PSYN-058)
Warning: The pin direction of 'OEN' pin on 'PBCU8' cell in the 'SP013D3_V1p2_typ' technology library is inconsistent with the same-name pin in the '/home/eda/lib/smic/SP013D3_V1p4/apollo/SP013D3_V1p2_8MT' physical library. No physical link for the logical lib cell. (PSYN-058)
Warning: The pin direction of 'I' pin on 'PBCU8' cell in the 'SP013D3_V1p2_typ' technology library is inconsistent with the same-name pin in the '/home/eda/lib/smic/SP013D3_V1p4/apollo/SP013D3_V1p2_8MT' physical library. No physical link for the logical lib cell. (PSYN-058)
Warning: The pin direction of 'REN' pin on 'PBCU8' cell in the 'SP013D3_V1p2_typ' technology library is inconsistent with the same-name pin in the '/home/eda/lib/smic/SP013D3_V1p4/apollo/SP013D3_V1p2_8MT' physical library. No physical link for the logical lib cell. (PSYN-058)
Warning: The pin direction of 'C' pin on 'PBCU8' cell in the 'SP013D3_V1p2_typ' technology library is inconsistent with the same-name pin in the '/home/eda/lib/smic/SP013D3_V1p4/apollo/SP013D3_V1p2_8MT' physical library. No physical link for the logical lib cell. (PSYN-058)
Warning: The pin direction of 'PAD' pin on 'PBCU8' cell in the 'SP013D3_V1p2_typ' technology library is inconsistent with the same-name pin in the '/home/eda/lib/smic/SP013D3_V1p4/apollo/SP013D3_V1p2_8MT' physical library. No physical link for the logical lib cell. (PSYN-058)
Warning: The pin direction of 'OEN' pin on 'PBCU2' cell in the 'SP013D3_V1p2_typ' technology library is inconsistent with the same-name pin in the '/home/eda/lib/smic/SP013D3_V1p4/apollo/SP013D3_V1p2_8MT' physical library. No physical link for the logical lib cell. (PSYN-058)
Warning: The pin direction of 'I' pin on 'PBCU2' cell in the 'SP013D3_V1p2_typ' technology library is inconsistent with the same-name pin in the '/home/eda/lib/smic/SP013D3_V1p4/apollo/SP013D3_V1p2_8MT' physical library. No physical link for the logical lib cell. (PSYN-058)
Warning: The pin direction of 'REN' pin on 'PBCU2' cell in the 'SP013D3_V1p2_typ' technology library is inconsistent with the same-name pin in the '/home/eda/lib/smic/SP013D3_V1p4/apollo/SP013D3_V1p2_8MT' physical library. No physical link for the logical lib cell. (PSYN-058)
Warning: The pin direction of 'C' pin on 'PBCU2' cell in the 'SP013D3_V1p2_typ' technology library is inconsistent with the same-name pin in the '/home/eda/lib/smic/SP013D3_V1p4/apollo/SP013D3_V1p2_8MT' physical library. No physical link for the logical lib cell. (PSYN-058)
Warning: The pin direction of 'PAD' pin on 'PBCU2' cell in the 'SP013D3_V1p2_typ' technology library is inconsistent with the same-name pin in the '/home/eda/lib/smic/SP013D3_V1p4/apollo/SP013D3_V1p2_8MT' physical library. No physical link for the logical lib cell. (PSYN-058)
Warning: The pin direction of 'OEN' pin on 'PBSL8' cell in the 'SP013D3_V1p2_typ' technology library is inconsistent with the same-name pin in the '/home/eda/lib/smic/SP013D3_V1p4/apollo/SP013D3_V1p2_8MT' physical library. No physical link for the logical lib cell. (PSYN-058)
Warning: The pin direction of 'I' pin on 'PBSL8' cell in the 'SP013D3_V1p2_typ' technology library is inconsistent with the same-name pin in the '/home/eda/lib/smic/SP013D3_V1p4/apollo/SP013D3_V1p2_8MT' physical library. No physical link for the logical lib cell. (PSYN-058)
Warning: The pin direction of 'C' pin on 'PBSL8' cell in the 'SP013D3_V1p2_typ' technology library is inconsistent with the same-name pin in the '/home/eda/lib/smic/SP013D3_V1p4/apollo/SP013D3_V1p2_8MT' physical library. No physical link for the logical lib cell. (PSYN-058)
Warning: The pin direction of 'PAD' pin on 'PBSL8' cell in the 'SP013D3_V1p2_typ' technology library is inconsistent with the same-name pin in the '/home/eda/lib/smic/SP013D3_V1p4/apollo/SP013D3_V1p2_8MT' physical library. No physical link for the logical lib cell. (PSYN-058)
Warning: The pin direction of 'OEN' pin on 'PBS12' cell in the 'SP013D3_V1p2_typ' technology library is inconsistent with the same-name pin in the '/home/eda/lib/smic/SP013D3_V1p4/apollo/SP013D3_V1p2_8MT' physical library. No physical link for the logical lib cell. (PSYN-058)
Warning: The pin direction of 'I' pin on 'PBS12' cell in the 'SP013D3_V1p2_typ' technology library is inconsistent with the same-name pin in the '/home/eda/lib/smic/SP013D3_V1p4/apollo/SP013D3_V1p2_8MT' physical library. No physical link for the logical lib cell. (PSYN-058)
Warning: The pin direction of 'C' pin on 'PBS12' cell in the 'SP013D3_V1p2_typ' technology library is inconsistent with the same-name pin in the '/home/eda/lib/smic/SP013D3_V1p4/apollo/SP013D3_V1p2_8MT' physical library. No physical link for the logical lib cell. (PSYN-058)
Warning: The pin direction of 'PAD' pin on 'PBS12' cell in the 'SP013D3_V1p2_typ' technology library is inconsistent with the same-name pin in the '/home/eda/lib/smic/SP013D3_V1p4/apollo/SP013D3_V1p2_8MT' physical library. No physical link for the logical lib cell. (PSYN-058)
Warning: The pin direction of 'OEN' pin on 'PBSD8' cell in the 'SP013D3_V1p2_typ' technology library is inconsistent with the same-name pin in the '/home/eda/lib/smic/SP013D3_V1p4/apollo/SP013D3_V1p2_8MT' physical library. No physical link for the logical lib cell. (PSYN-058)
Warning: The pin direction of 'I' pin on 'PBSD8' cell in the 'SP013D3_V1p2_typ' technology library is inconsistent with the same-name pin in the '/home/eda/lib/smic/SP013D3_V1p4/apollo/SP013D3_V1p2_8MT' physical library. No physical link for the logical lib cell. (PSYN-058)
Warning: The pin direction of 'C' pin on 'PBSD8' cell in the 'SP013D3_V1p2_typ' technology library is inconsistent with the same-name pin in the '/home/eda/lib/smic/SP013D3_V1p4/apollo/SP013D3_V1p2_8MT' physical library. No physical link for the logical lib cell. (PSYN-058)
Warning: The pin direction of 'PAD' pin on 'PBSD8' cell in the 'SP013D3_V1p2_typ' technology library is inconsistent with the same-name pin in the '/home/eda/lib/smic/SP013D3_V1p4/apollo/SP013D3_V1p2_8MT' physical library. No physical link for the logical lib cell. (PSYN-058)
Warning: The pin direction of 'OEN' pin on 'PBSD2' cell in the 'SP013D3_V1p2_typ' technology library is inconsistent with the same-name pin in the '/home/eda/lib/smic/SP013D3_V1p4/apollo/SP013D3_V1p2_8MT' physical library. No physical link for the logical lib cell. (PSYN-058)
Warning: The pin direction of 'I' pin on 'PBSD2' cell in the 'SP013D3_V1p2_typ' technology library is inconsistent with the same-name pin in the '/home/eda/lib/smic/SP013D3_V1p4/apollo/SP013D3_V1p2_8MT' physical library. No physical link for the logical lib cell. (PSYN-058)
Warning: The pin direction of 'C' pin on 'PBSD2' cell in the 'SP013D3_V1p2_typ' technology library is inconsistent with the same-name pin in the '/home/eda/lib/smic/SP013D3_V1p4/apollo/SP013D3_V1p2_8MT' physical library. No physical link for the logical lib cell. (PSYN-058)
Warning: The pin direction of 'PAD' pin on 'PBSD2' cell in the 'SP013D3_V1p2_typ' technology library is inconsistent with the same-name pin in the '/home/eda/lib/smic/SP013D3_V1p4/apollo/SP013D3_V1p2_8MT' physical library. No physical link for the logical lib cell. (PSYN-058)
Warning: The pin direction of 'OEN' pin on 'PBSU2' cell in the 'SP013D3_V1p2_typ' technology library is inconsistent with the same-name pin in the '/home/eda/lib/smic/SP013D3_V1p4/apollo/SP013D3_V1p2_8MT' physical library. No physical link for the logical lib cell. (PSYN-058)
Warning: The pin direction of 'I' pin on 'PBSU2' cell in the 'SP013D3_V1p2_typ' technology library is inconsistent with the same-name pin in the '/home/eda/lib/smic/SP013D3_V1p4/apollo/SP013D3_V1p2_8MT' physical library. No physical link for the logical lib cell. (PSYN-058)
Warning: The pin direction of 'C' pin on 'PBSU2' cell in the 'SP013D3_V1p2_typ' technology library is inconsistent with the same-name pin in the '/home/eda/lib/smic/SP013D3_V1p4/apollo/SP013D3_V1p2_8MT' physical library. No physical link for the logical lib cell. (PSYN-058)
Warning: The pin direction of 'PAD' pin on 'PBSU2' cell in the 'SP013D3_V1p2_typ' technology library is inconsistent with the same-name pin in the '/home/eda/lib/smic/SP013D3_V1p4/apollo/SP013D3_V1p2_8MT' physical library. No physical link for the logical lib cell. (PSYN-058)
Warning: The pin direction of 'OEN' pin on 'PBSU8' cell in the 'SP013D3_V1p2_typ' technology library is inconsistent with the same-name pin in the '/home/eda/lib/smic/SP013D3_V1p4/apollo/SP013D3_V1p2_8MT' physical library. No physical link for the logical lib cell. (PSYN-058)
Warning: The pin direction of 'I' pin on 'PBSU8' cell in the 'SP013D3_V1p2_typ' technology library is inconsistent with the same-name pin in the '/home/eda/lib/smic/SP013D3_V1p4/apollo/SP013D3_V1p2_8MT' physical library. No physical link for the logical lib cell. (PSYN-058)
Warning: The pin direction of 'C' pin on 'PBSU8' cell in the 'SP013D3_V1p2_typ' technology library is inconsistent with the same-name pin in the '/home/eda/lib/smic/SP013D3_V1p4/apollo/SP013D3_V1p2_8MT' physical library. No physical link for the logical lib cell. (PSYN-058)
Warning: The pin direction of 'PAD' pin on 'PBSU8' cell in the 'SP013D3_V1p2_typ' technology library is inconsistent with the same-name pin in the '/home/eda/lib/smic/SP013D3_V1p4/apollo/SP013D3_V1p2_8MT' physical library. No physical link for the logical lib cell. (PSYN-058)
Warning: The pin direction of 'OEN' pin on 'PBUL8' cell in the 'SP013D3_V1p2_typ' technology library is inconsistent with the same-name pin in the '/home/eda/lib/smic/SP013D3_V1p4/apollo/SP013D3_V1p2_8MT' physical library. No physical link for the logical lib cell. (PSYN-058)
Warning: The pin direction of 'I' pin on 'PBUL8' cell in the 'SP013D3_V1p2_typ' technology library is inconsistent with the same-name pin in the '/home/eda/lib/smic/SP013D3_V1p4/apollo/SP013D3_V1p2_8MT' physical library. No physical link for the logical lib cell. (PSYN-058)
Warning: The pin direction of 'C' pin on 'PBUL8' cell in the 'SP013D3_V1p2_typ' technology library is inconsistent with the same-name pin in the '/home/eda/lib/smic/SP013D3_V1p4/apollo/SP013D3_V1p2_8MT' physical library. No physical link for the logical lib cell. (PSYN-058)
Warning: The pin direction of 'PAD' pin on 'PBUL8' cell in the 'SP013D3_V1p2_typ' technology library is inconsistent with the same-name pin in the '/home/eda/lib/smic/SP013D3_V1p4/apollo/SP013D3_V1p2_8MT' physical library. No physical link for the logical lib cell. (PSYN-058)
Warning: The pin direction of 'OEN' pin on 'PBU12' cell in the 'SP013D3_V1p2_typ' technology library is inconsistent with the same-name pin in the '/home/eda/lib/smic/SP013D3_V1p4/apollo/SP013D3_V1p2_8MT' physical library. No physical link for the logical lib cell. (PSYN-058)
Warning: The pin direction of 'I' pin on 'PBU12' cell in the 'SP013D3_V1p2_typ' technology library is inconsistent with the same-name pin in the '/home/eda/lib/smic/SP013D3_V1p4/apollo/SP013D3_V1p2_8MT' physical library. No physical link for the logical lib cell. (PSYN-058)
Warning: The pin direction of 'C' pin on 'PBU12' cell in the 'SP013D3_V1p2_typ' technology library is inconsistent with the same-name pin in the '/home/eda/lib/smic/SP013D3_V1p4/apollo/SP013D3_V1p2_8MT' physical library. No physical link for the logical lib cell. (PSYN-058)
Warning: The pin direction of 'PAD' pin on 'PBU12' cell in the 'SP013D3_V1p2_typ' technology library is inconsistent with the same-name pin in the '/home/eda/lib/smic/SP013D3_V1p4/apollo/SP013D3_V1p2_8MT' physical library. No physical link for the logical lib cell. (PSYN-058)
Warning: The pin direction of 'OEN' pin on 'PBDL8' cell in the 'SP013D3_V1p2_typ' technology library is inconsistent with the same-name pin in the '/home/eda/lib/smic/SP013D3_V1p4/apollo/SP013D3_V1p2_8MT' physical library. No physical link for the logical lib cell. (PSYN-058)
Warning: The pin direction of 'I' pin on 'PBDL8' cell in the 'SP013D3_V1p2_typ' technology library is inconsistent with the same-name pin in the '/home/eda/lib/smic/SP013D3_V1p4/apollo/SP013D3_V1p2_8MT' physical library. No physical link for the logical lib cell. (PSYN-058)
Warning: The pin direction of 'C' pin on 'PBDL8' cell in the 'SP013D3_V1p2_typ' technology library is inconsistent with the same-name pin in the '/home/eda/lib/smic/SP013D3_V1p4/apollo/SP013D3_V1p2_8MT' physical library. No physical link for the logical lib cell. (PSYN-058)
Warning: The pin direction of 'PAD' pin on 'PBDL8' cell in the 'SP013D3_V1p2_typ' technology library is inconsistent with the same-name pin in the '/home/eda/lib/smic/SP013D3_V1p4/apollo/SP013D3_V1p2_8MT' physical library. No physical link for the logical lib cell. (PSYN-058)
Warning: The pin direction of 'OEN' pin on 'PBD12' cell in the 'SP013D3_V1p2_typ' technology library is inconsistent with the same-name pin in the '/home/eda/lib/smic/SP013D3_V1p4/apollo/SP013D3_V1p2_8MT' physical library. No physical link for the logical lib cell. (PSYN-058)
Warning: The pin direction of 'I' pin on 'PBD12' cell in the 'SP013D3_V1p2_typ' technology library is inconsistent with the same-name pin in the '/home/eda/lib/smic/SP013D3_V1p4/apollo/SP013D3_V1p2_8MT' physical library. No physical link for the logical lib cell. (PSYN-058)
Warning: The pin direction of 'C' pin on 'PBD12' cell in the 'SP013D3_V1p2_typ' technology library is inconsistent with the same-name pin in the '/home/eda/lib/smic/SP013D3_V1p4/apollo/SP013D3_V1p2_8MT' physical library. No physical link for the logical lib cell. (PSYN-058)
Warning: The pin direction of 'PAD' pin on 'PBD12' cell in the 'SP013D3_V1p2_typ' technology library is inconsistent with the same-name pin in the '/home/eda/lib/smic/SP013D3_V1p4/apollo/SP013D3_V1p2_8MT' physical library. No physical link for the logical lib cell. (PSYN-058)
Warning: The pin direction of 'I' pin on 'POL12' cell in the 'SP013D3_V1p2_typ' technology library is inconsistent with the same-name pin in the '/home/eda/lib/smic/SP013D3_V1p4/apollo/SP013D3_V1p2_8MT' physical library. No physical link for the logical lib cell. (PSYN-058)
Warning: The pin direction of 'PAD' pin on 'POL12' cell in the 'SP013D3_V1p2_typ' technology library is inconsistent with the same-name pin in the '/home/eda/lib/smic/SP013D3_V1p4/apollo/SP013D3_V1p2_8MT' physical library. No physical link for the logical lib cell. (PSYN-058)
Warning: The pin direction of 'OEN' pin on 'POTL8' cell in the 'SP013D3_V1p2_typ' technology library is inconsistent with the same-name pin in the '/home/eda/lib/smic/SP013D3_V1p4/apollo/SP013D3_V1p2_8MT' physical library. No physical link for the logical lib cell. (PSYN-058)
Warning: The pin direction of 'I' pin on 'POTL8' cell in the 'SP013D3_V1p2_typ' technology library is inconsistent with the same-name pin in the '/home/eda/lib/smic/SP013D3_V1p4/apollo/SP013D3_V1p2_8MT' physical library. No physical link for the logical lib cell. (PSYN-058)
Warning: The pin direction of 'PAD' pin on 'POTL8' cell in the 'SP013D3_V1p2_typ' technology library is inconsistent with the same-name pin in the '/home/eda/lib/smic/SP013D3_V1p4/apollo/SP013D3_V1p2_8MT' physical library. No physical link for the logical lib cell. (PSYN-058)
Warning: The pin direction of 'OEN' pin on 'POT12' cell in the 'SP013D3_V1p2_typ' technology library is inconsistent with the same-name pin in the '/home/eda/lib/smic/SP013D3_V1p4/apollo/SP013D3_V1p2_8MT' physical library. No physical link for the logical lib cell. (PSYN-058)
Warning: The pin direction of 'I' pin on 'POT12' cell in the 'SP013D3_V1p2_typ' technology library is inconsistent with the same-name pin in the '/home/eda/lib/smic/SP013D3_V1p4/apollo/SP013D3_V1p2_8MT' physical library. No physical link for the logical lib cell. (PSYN-058)
Warning: The pin direction of 'PAD' pin on 'POT12' cell in the 'SP013D3_V1p2_typ' technology library is inconsistent with the same-name pin in the '/home/eda/lib/smic/SP013D3_V1p4/apollo/SP013D3_V1p2_8MT' physical library. No physical link for the logical lib cell. (PSYN-058)
Warning: The pin direction of 'XIN' pin on 'PXWE2' cell in the 'SP013D3_V1p2_typ' technology library is inconsistent with the same-name pin in the '/home/eda/lib/smic/SP013D3_V1p4/apollo/SP013D3_V1p2_8MT' physical library. No physical link for the logical lib cell. (PSYN-058)
Warning: The pin direction of 'E' pin on 'PXWE2' cell in the 'SP013D3_V1p2_typ' technology library is inconsistent with the same-name pin in the '/home/eda/lib/smic/SP013D3_V1p4/apollo/SP013D3_V1p2_8MT' physical library. No physical link for the logical lib cell. (PSYN-058)
Warning: The pin direction of 'XOUT' pin on 'PXWE2' cell in the 'SP013D3_V1p2_typ' technology library is inconsistent with the same-name pin in the '/home/eda/lib/smic/SP013D3_V1p4/apollo/SP013D3_V1p2_8MT' physical library. No physical link for the logical lib cell. (PSYN-058)
Warning: The pin direction of 'XC' pin on 'PXWE2' cell in the 'SP013D3_V1p2_typ' technology library is inconsistent with the same-name pin in the '/home/eda/lib/smic/SP013D3_V1p4/apollo/SP013D3_V1p2_8MT' physical library. No physical link for the logical lib cell. (PSYN-058)
Warning: The pin direction of 'VSS' pin on 'PVSS1' cell in the 'SP013D3_V1p2_typ' technology library is inconsistent with the same-name pin in the '/home/eda/lib/smic/SP013D3_V1p4/apollo/SP013D3_V1p2_8MT' physical library. No physical link for the logical lib cell. (PSYN-058)
Warning: The pin direction of 'VDD' pin on 'PVDD1' cell in the 'SP013D3_V1p2_typ' technology library is inconsistent with the same-name pin in the '/home/eda/lib/smic/SP013D3_V1p4/apollo/SP013D3_V1p2_8MT' physical library. No physical link for the logical lib cell. (PSYN-058)
Warning: The pin direction of 'XIN' pin on 'PXWE1' cell in the 'SP013D3_V1p2_typ' technology library is inconsistent with the same-name pin in the '/home/eda/lib/smic/SP013D3_V1p4/apollo/SP013D3_V1p2_8MT' physical library. No physical link for the logical lib cell. (PSYN-058)
Warning: The pin direction of 'E' pin on 'PXWE1' cell in the 'SP013D3_V1p2_typ' technology library is inconsistent with the same-name pin in the '/home/eda/lib/smic/SP013D3_V1p4/apollo/SP013D3_V1p2_8MT' physical library. No physical link for the logical lib cell. (PSYN-058)
Warning: The pin direction of 'XOUT' pin on 'PXWE1' cell in the 'SP013D3_V1p2_typ' technology library is inconsistent with the same-name pin in the '/home/eda/lib/smic/SP013D3_V1p4/apollo/SP013D3_V1p2_8MT' physical library. No physical link for the logical lib cell. (PSYN-058)
Warning: The pin direction of 'XC' pin on 'PXWE1' cell in the 'SP013D3_V1p2_typ' technology library is inconsistent with the same-name pin in the '/home/eda/lib/smic/SP013D3_V1p4/apollo/SP013D3_V1p2_8MT' physical library. No physical link for the logical lib cell. (PSYN-058)
Warning: The pin direction of 'OEN' pin on 'PBCD16' cell in the 'SP013D3_V1p2_typ' technology library is inconsistent with the same-name pin in the '/home/eda/lib/smic/SP013D3_V1p4/apollo/SP013D3_V1p2_8MT' physical library. No physical link for the logical lib cell. (PSYN-058)
Warning: The pin direction of 'I' pin on 'PBCD16' cell in the 'SP013D3_V1p2_typ' technology library is inconsistent with the same-name pin in the '/home/eda/lib/smic/SP013D3_V1p4/apollo/SP013D3_V1p2_8MT' physical library. No physical link for the logical lib cell. (PSYN-058)
Warning: The pin direction of 'REN' pin on 'PBCD16' cell in the 'SP013D3_V1p2_typ' technology library is inconsistent with the same-name pin in the '/home/eda/lib/smic/SP013D3_V1p4/apollo/SP013D3_V1p2_8MT' physical library. No physical link for the logical lib cell. (PSYN-058)
Warning: The pin direction of 'C' pin on 'PBCD16' cell in the 'SP013D3_V1p2_typ' technology library is inconsistent with the same-name pin in the '/home/eda/lib/smic/SP013D3_V1p4/apollo/SP013D3_V1p2_8MT' physical library. No physical link for the logical lib cell. (PSYN-058)
Warning: The pin direction of 'PAD' pin on 'PBCD16' cell in the 'SP013D3_V1p2_typ' technology library is inconsistent with the same-name pin in the '/home/eda/lib/smic/SP013D3_V1p4/apollo/SP013D3_V1p2_8MT' physical library. No physical link for the logical lib cell. (PSYN-058)
Warning: The pin direction of 'OEN' pin on 'PBCU16' cell in the 'SP013D3_V1p2_typ' technology library is inconsistent with the same-name pin in the '/home/eda/lib/smic/SP013D3_V1p4/apollo/SP013D3_V1p2_8MT' physical library. No physical link for the logical lib cell. (PSYN-058)
Warning: The pin direction of 'I' pin on 'PBCU16' cell in the 'SP013D3_V1p2_typ' technology library is inconsistent with the same-name pin in the '/home/eda/lib/smic/SP013D3_V1p4/apollo/SP013D3_V1p2_8MT' physical library. No physical link for the logical lib cell. (PSYN-058)
Warning: The pin direction of 'REN' pin on 'PBCU16' cell in the 'SP013D3_V1p2_typ' technology library is inconsistent with the same-name pin in the '/home/eda/lib/smic/SP013D3_V1p4/apollo/SP013D3_V1p2_8MT' physical library. No physical link for the logical lib cell. (PSYN-058)
Warning: The pin direction of 'C' pin on 'PBCU16' cell in the 'SP013D3_V1p2_typ' technology library is inconsistent with the same-name pin in the '/home/eda/lib/smic/SP013D3_V1p4/apollo/SP013D3_V1p2_8MT' physical library. No physical link for the logical lib cell. (PSYN-058)
Warning: The pin direction of 'PAD' pin on 'PBCU16' cell in the 'SP013D3_V1p2_typ' technology library is inconsistent with the same-name pin in the '/home/eda/lib/smic/SP013D3_V1p4/apollo/SP013D3_V1p2_8MT' physical library. No physical link for the logical lib cell. (PSYN-058)
Warning: The pin direction of 'OEN' pin on 'PBSL16' cell in the 'SP013D3_V1p2_typ' technology library is inconsistent with the same-name pin in the '/home/eda/lib/smic/SP013D3_V1p4/apollo/SP013D3_V1p2_8MT' physical library. No physical link for the logical lib cell. (PSYN-058)
Warning: The pin direction of 'I' pin on 'PBSL16' cell in the 'SP013D3_V1p2_typ' technology library is inconsistent with the same-name pin in the '/home/eda/lib/smic/SP013D3_V1p4/apollo/SP013D3_V1p2_8MT' physical library. No physical link for the logical lib cell. (PSYN-058)
Warning: The pin direction of 'C' pin on 'PBSL16' cell in the 'SP013D3_V1p2_typ' technology library is inconsistent with the same-name pin in the '/home/eda/lib/smic/SP013D3_V1p4/apollo/SP013D3_V1p2_8MT' physical library. No physical link for the logical lib cell. (PSYN-058)
Warning: The pin direction of 'PAD' pin on 'PBSL16' cell in the 'SP013D3_V1p2_typ' technology library is inconsistent with the same-name pin in the '/home/eda/lib/smic/SP013D3_V1p4/apollo/SP013D3_V1p2_8MT' physical library. No physical link for the logical lib cell. (PSYN-058)
Warning: The pin direction of 'OEN' pin on 'PBSD16' cell in the 'SP013D3_V1p2_typ' technology library is inconsistent with the same-name pin in the '/home/eda/lib/smic/SP013D3_V1p4/apollo/SP013D3_V1p2_8MT' physical library. No physical link for the logical lib cell. (PSYN-058)
Warning: The pin direction of 'I' pin on 'PBSD16' cell in the 'SP013D3_V1p2_typ' technology library is inconsistent with the same-name pin in the '/home/eda/lib/smic/SP013D3_V1p4/apollo/SP013D3_V1p2_8MT' physical library. No physical link for the logical lib cell. (PSYN-058)
Warning: The pin direction of 'C' pin on 'PBSD16' cell in the 'SP013D3_V1p2_typ' technology library is inconsistent with the same-name pin in the '/home/eda/lib/smic/SP013D3_V1p4/apollo/SP013D3_V1p2_8MT' physical library. No physical link for the logical lib cell. (PSYN-058)
Warning: The pin direction of 'PAD' pin on 'PBSD16' cell in the 'SP013D3_V1p2_typ' technology library is inconsistent with the same-name pin in the '/home/eda/lib/smic/SP013D3_V1p4/apollo/SP013D3_V1p2_8MT' physical library. No physical link for the logical lib cell. (PSYN-058)
Warning: The pin direction of 'OEN' pin on 'PBSU16' cell in the 'SP013D3_V1p2_typ' technology library is inconsistent with the same-name pin in the '/home/eda/lib/smic/SP013D3_V1p4/apollo/SP013D3_V1p2_8MT' physical library. No physical link for the logical lib cell. (PSYN-058)
Warning: The pin direction of 'I' pin on 'PBSU16' cell in the 'SP013D3_V1p2_typ' technology library is inconsistent with the same-name pin in the '/home/eda/lib/smic/SP013D3_V1p4/apollo/SP013D3_V1p2_8MT' physical library. No physical link for the logical lib cell. (PSYN-058)
Warning: The pin direction of 'C' pin on 'PBSU16' cell in the 'SP013D3_V1p2_typ' technology library is inconsistent with the same-name pin in the '/home/eda/lib/smic/SP013D3_V1p4/apollo/SP013D3_V1p2_8MT' physical library. No physical link for the logical lib cell. (PSYN-058)
Warning: The pin direction of 'PAD' pin on 'PBSU16' cell in the 'SP013D3_V1p2_typ' technology library is inconsistent with the same-name pin in the '/home/eda/lib/smic/SP013D3_V1p4/apollo/SP013D3_V1p2_8MT' physical library. No physical link for the logical lib cell. (PSYN-058)
Warning: The pin direction of 'OEN' pin on 'PBUL16' cell in the 'SP013D3_V1p2_typ' technology library is inconsistent with the same-name pin in the '/home/eda/lib/smic/SP013D3_V1p4/apollo/SP013D3_V1p2_8MT' physical library. No physical link for the logical lib cell. (PSYN-058)
Warning: The pin direction of 'I' pin on 'PBUL16' cell in the 'SP013D3_V1p2_typ' technology library is inconsistent with the same-name pin in the '/home/eda/lib/smic/SP013D3_V1p4/apollo/SP013D3_V1p2_8MT' physical library. No physical link for the logical lib cell. (PSYN-058)
Warning: The pin direction of 'C' pin on 'PBUL16' cell in the 'SP013D3_V1p2_typ' technology library is inconsistent with the same-name pin in the '/home/eda/lib/smic/SP013D3_V1p4/apollo/SP013D3_V1p2_8MT' physical library. No physical link for the logical lib cell. (PSYN-058)
Warning: The pin direction of 'PAD' pin on 'PBUL16' cell in the 'SP013D3_V1p2_typ' technology library is inconsistent with the same-name pin in the '/home/eda/lib/smic/SP013D3_V1p4/apollo/SP013D3_V1p2_8MT' physical library. No physical link for the logical lib cell. (PSYN-058)
Warning: The pin direction of 'OEN' pin on 'PBDL16' cell in the 'SP013D3_V1p2_typ' technology library is inconsistent with the same-name pin in the '/home/eda/lib/smic/SP013D3_V1p4/apollo/SP013D3_V1p2_8MT' physical library. No physical link for the logical lib cell. (PSYN-058)
Warning: The pin direction of 'I' pin on 'PBDL16' cell in the 'SP013D3_V1p2_typ' technology library is inconsistent with the same-name pin in the '/home/eda/lib/smic/SP013D3_V1p4/apollo/SP013D3_V1p2_8MT' physical library. No physical link for the logical lib cell. (PSYN-058)
Warning: The pin direction of 'C' pin on 'PBDL16' cell in the 'SP013D3_V1p2_typ' technology library is inconsistent with the same-name pin in the '/home/eda/lib/smic/SP013D3_V1p4/apollo/SP013D3_V1p2_8MT' physical library. No physical link for the logical lib cell. (PSYN-058)
Warning: The pin direction of 'PAD' pin on 'PBDL16' cell in the 'SP013D3_V1p2_typ' technology library is inconsistent with the same-name pin in the '/home/eda/lib/smic/SP013D3_V1p4/apollo/SP013D3_V1p2_8MT' physical library. No physical link for the logical lib cell. (PSYN-058)
Warning: The pin direction of 'OEN' pin on 'POTL16' cell in the 'SP013D3_V1p2_typ' technology library is inconsistent with the same-name pin in the '/home/eda/lib/smic/SP013D3_V1p4/apollo/SP013D3_V1p2_8MT' physical library. No physical link for the logical lib cell. (PSYN-058)
Warning: The pin direction of 'I' pin on 'POTL16' cell in the 'SP013D3_V1p2_typ' technology library is inconsistent with the same-name pin in the '/home/eda/lib/smic/SP013D3_V1p4/apollo/SP013D3_V1p2_8MT' physical library. No physical link for the logical lib cell. (PSYN-058)
Warning: The pin direction of 'PAD' pin on 'POTL16' cell in the 'SP013D3_V1p2_typ' technology library is inconsistent with the same-name pin in the '/home/eda/lib/smic/SP013D3_V1p4/apollo/SP013D3_V1p2_8MT' physical library. No physical link for the logical lib cell. (PSYN-058)
Warning: The pin direction of 'OEN' pin on 'PCI6BS' cell in the 'SP013D3_V1p2_typ' technology library is inconsistent with the same-name pin in the '/home/eda/lib/smic/SP013D3_V1p4/apollo/SP013D3_V1p2_8MT' physical library. No physical link for the logical lib cell. (PSYN-058)
Warning: The pin direction of 'I' pin on 'PCI6BS' cell in the 'SP013D3_V1p2_typ' technology library is inconsistent with the same-name pin in the '/home/eda/lib/smic/SP013D3_V1p4/apollo/SP013D3_V1p2_8MT' physical library. No physical link for the logical lib cell. (PSYN-058)
Warning: The pin direction of 'C' pin on 'PCI6BS' cell in the 'SP013D3_V1p2_typ' technology library is inconsistent with the same-name pin in the '/home/eda/lib/smic/SP013D3_V1p4/apollo/SP013D3_V1p2_8MT' physical library. No physical link for the logical lib cell. (PSYN-058)
Warning: The pin direction of 'PAD' pin on 'PCI6BS' cell in the 'SP013D3_V1p2_typ' technology library is inconsistent with the same-name pin in the '/home/eda/lib/smic/SP013D3_V1p4/apollo/SP013D3_V1p2_8MT' physical library. No physical link for the logical lib cell. (PSYN-058)
Warning: The pin direction of 'OEN' pin on 'PCI3BS' cell in the 'SP013D3_V1p2_typ' technology library is inconsistent with the same-name pin in the '/home/eda/lib/smic/SP013D3_V1p4/apollo/SP013D3_V1p2_8MT' physical library. No physical link for the logical lib cell. (PSYN-058)
Warning: The pin direction of 'I' pin on 'PCI3BS' cell in the 'SP013D3_V1p2_typ' technology library is inconsistent with the same-name pin in the '/home/eda/lib/smic/SP013D3_V1p4/apollo/SP013D3_V1p2_8MT' physical library. No physical link for the logical lib cell. (PSYN-058)
Warning: The pin direction of 'C' pin on 'PCI3BS' cell in the 'SP013D3_V1p2_typ' technology library is inconsistent with the same-name pin in the '/home/eda/lib/smic/SP013D3_V1p4/apollo/SP013D3_V1p2_8MT' physical library. No physical link for the logical lib cell. (PSYN-058)
Warning: The pin direction of 'PAD' pin on 'PCI3BS' cell in the 'SP013D3_V1p2_typ' technology library is inconsistent with the same-name pin in the '/home/eda/lib/smic/SP013D3_V1p4/apollo/SP013D3_V1p2_8MT' physical library. No physical link for the logical lib cell. (PSYN-058)
Warning: The pin direction of 'OEN' pin on 'PBCD24' cell in the 'SP013D3_V1p2_typ' technology library is inconsistent with the same-name pin in the '/home/eda/lib/smic/SP013D3_V1p4/apollo/SP013D3_V1p2_8MT' physical library. No physical link for the logical lib cell. (PSYN-058)
Warning: The pin direction of 'I' pin on 'PBCD24' cell in the 'SP013D3_V1p2_typ' technology library is inconsistent with the same-name pin in the '/home/eda/lib/smic/SP013D3_V1p4/apollo/SP013D3_V1p2_8MT' physical library. No physical link for the logical lib cell. (PSYN-058)
Warning: The pin direction of 'REN' pin on 'PBCD24' cell in the 'SP013D3_V1p2_typ' technology library is inconsistent with the same-name pin in the '/home/eda/lib/smic/SP013D3_V1p4/apollo/SP013D3_V1p2_8MT' physical library. No physical link for the logical lib cell. (PSYN-058)
Warning: The pin direction of 'C' pin on 'PBCD24' cell in the 'SP013D3_V1p2_typ' technology library is inconsistent with the same-name pin in the '/home/eda/lib/smic/SP013D3_V1p4/apollo/SP013D3_V1p2_8MT' physical library. No physical link for the logical lib cell. (PSYN-058)
Warning: The pin direction of 'PAD' pin on 'PBCD24' cell in the 'SP013D3_V1p2_typ' technology library is inconsistent with the same-name pin in the '/home/eda/lib/smic/SP013D3_V1p4/apollo/SP013D3_V1p2_8MT' physical library. No physical link for the logical lib cell. (PSYN-058)
Warning: The pin direction of 'OEN' pin on 'PBCU24' cell in the 'SP013D3_V1p2_typ' technology library is inconsistent with the same-name pin in the '/home/eda/lib/smic/SP013D3_V1p4/apollo/SP013D3_V1p2_8MT' physical library. No physical link for the logical lib cell. (PSYN-058)
Warning: The pin direction of 'I' pin on 'PBCU24' cell in the 'SP013D3_V1p2_typ' technology library is inconsistent with the same-name pin in the '/home/eda/lib/smic/SP013D3_V1p4/apollo/SP013D3_V1p2_8MT' physical library. No physical link for the logical lib cell. (PSYN-058)
Warning: The pin direction of 'REN' pin on 'PBCU24' cell in the 'SP013D3_V1p2_typ' technology library is inconsistent with the same-name pin in the '/home/eda/lib/smic/SP013D3_V1p4/apollo/SP013D3_V1p2_8MT' physical library. No physical link for the logical lib cell. (PSYN-058)
Warning: The pin direction of 'C' pin on 'PBCU24' cell in the 'SP013D3_V1p2_typ' technology library is inconsistent with the same-name pin in the '/home/eda/lib/smic/SP013D3_V1p4/apollo/SP013D3_V1p2_8MT' physical library. No physical link for the logical lib cell. (PSYN-058)
Warning: The pin direction of 'PAD' pin on 'PBCU24' cell in the 'SP013D3_V1p2_typ' technology library is inconsistent with the same-name pin in the '/home/eda/lib/smic/SP013D3_V1p4/apollo/SP013D3_V1p2_8MT' physical library. No physical link for the logical lib cell. (PSYN-058)
Warning: The pin direction of 'OEN' pin on 'PBSL24' cell in the 'SP013D3_V1p2_typ' technology library is inconsistent with the same-name pin in the '/home/eda/lib/smic/SP013D3_V1p4/apollo/SP013D3_V1p2_8MT' physical library. No physical link for the logical lib cell. (PSYN-058)
Warning: The pin direction of 'I' pin on 'PBSL24' cell in the 'SP013D3_V1p2_typ' technology library is inconsistent with the same-name pin in the '/home/eda/lib/smic/SP013D3_V1p4/apollo/SP013D3_V1p2_8MT' physical library. No physical link for the logical lib cell. (PSYN-058)
Warning: The pin direction of 'C' pin on 'PBSL24' cell in the 'SP013D3_V1p2_typ' technology library is inconsistent with the same-name pin in the '/home/eda/lib/smic/SP013D3_V1p4/apollo/SP013D3_V1p2_8MT' physical library. No physical link for the logical lib cell. (PSYN-058)
Warning: The pin direction of 'PAD' pin on 'PBSL24' cell in the 'SP013D3_V1p2_typ' technology library is inconsistent with the same-name pin in the '/home/eda/lib/smic/SP013D3_V1p4/apollo/SP013D3_V1p2_8MT' physical library. No physical link for the logical lib cell. (PSYN-058)
Warning: The pin direction of 'OEN' pin on 'PBSD24' cell in the 'SP013D3_V1p2_typ' technology library is inconsistent with the same-name pin in the '/home/eda/lib/smic/SP013D3_V1p4/apollo/SP013D3_V1p2_8MT' physical library. No physical link for the logical lib cell. (PSYN-058)
Warning: The pin direction of 'I' pin on 'PBSD24' cell in the 'SP013D3_V1p2_typ' technology library is inconsistent with the same-name pin in the '/home/eda/lib/smic/SP013D3_V1p4/apollo/SP013D3_V1p2_8MT' physical library. No physical link for the logical lib cell. (PSYN-058)
Warning: The pin direction of 'C' pin on 'PBSD24' cell in the 'SP013D3_V1p2_typ' technology library is inconsistent with the same-name pin in the '/home/eda/lib/smic/SP013D3_V1p4/apollo/SP013D3_V1p2_8MT' physical library. No physical link for the logical lib cell. (PSYN-058)
Warning: The pin direction of 'PAD' pin on 'PBSD24' cell in the 'SP013D3_V1p2_typ' technology library is inconsistent with the same-name pin in the '/home/eda/lib/smic/SP013D3_V1p4/apollo/SP013D3_V1p2_8MT' physical library. No physical link for the logical lib cell. (PSYN-058)
Warning: The pin direction of 'OEN' pin on 'PBSU24' cell in the 'SP013D3_V1p2_typ' technology library is inconsistent with the same-name pin in the '/home/eda/lib/smic/SP013D3_V1p4/apollo/SP013D3_V1p2_8MT' physical library. No physical link for the logical lib cell. (PSYN-058)
Warning: The pin direction of 'I' pin on 'PBSU24' cell in the 'SP013D3_V1p2_typ' technology library is inconsistent with the same-name pin in the '/home/eda/lib/smic/SP013D3_V1p4/apollo/SP013D3_V1p2_8MT' physical library. No physical link for the logical lib cell. (PSYN-058)
Warning: The pin direction of 'C' pin on 'PBSU24' cell in the 'SP013D3_V1p2_typ' technology library is inconsistent with the same-name pin in the '/home/eda/lib/smic/SP013D3_V1p4/apollo/SP013D3_V1p2_8MT' physical library. No physical link for the logical lib cell. (PSYN-058)
Warning: The pin direction of 'PAD' pin on 'PBSU24' cell in the 'SP013D3_V1p2_typ' technology library is inconsistent with the same-name pin in the '/home/eda/lib/smic/SP013D3_V1p4/apollo/SP013D3_V1p2_8MT' physical library. No physical link for the logical lib cell. (PSYN-058)
Warning: The pin direction of 'OEN' pin on 'PBUL24' cell in the 'SP013D3_V1p2_typ' technology library is inconsistent with the same-name pin in the '/home/eda/lib/smic/SP013D3_V1p4/apollo/SP013D3_V1p2_8MT' physical library. No physical link for the logical lib cell. (PSYN-058)
Warning: The pin direction of 'I' pin on 'PBUL24' cell in the 'SP013D3_V1p2_typ' technology library is inconsistent with the same-name pin in the '/home/eda/lib/smic/SP013D3_V1p4/apollo/SP013D3_V1p2_8MT' physical library. No physical link for the logical lib cell. (PSYN-058)
Warning: The pin direction of 'C' pin on 'PBUL24' cell in the 'SP013D3_V1p2_typ' technology library is inconsistent with the same-name pin in the '/home/eda/lib/smic/SP013D3_V1p4/apollo/SP013D3_V1p2_8MT' physical library. No physical link for the logical lib cell. (PSYN-058)
Warning: The pin direction of 'PAD' pin on 'PBUL24' cell in the 'SP013D3_V1p2_typ' technology library is inconsistent with the same-name pin in the '/home/eda/lib/smic/SP013D3_V1p4/apollo/SP013D3_V1p2_8MT' physical library. No physical link for the logical lib cell. (PSYN-058)
Warning: The pin direction of 'OEN' pin on 'PBDL24' cell in the 'SP013D3_V1p2_typ' technology library is inconsistent with the same-name pin in the '/home/eda/lib/smic/SP013D3_V1p4/apollo/SP013D3_V1p2_8MT' physical library. No physical link for the logical lib cell. (PSYN-058)
Warning: The pin direction of 'I' pin on 'PBDL24' cell in the 'SP013D3_V1p2_typ' technology library is inconsistent with the same-name pin in the '/home/eda/lib/smic/SP013D3_V1p4/apollo/SP013D3_V1p2_8MT' physical library. No physical link for the logical lib cell. (PSYN-058)
Warning: The pin direction of 'C' pin on 'PBDL24' cell in the 'SP013D3_V1p2_typ' technology library is inconsistent with the same-name pin in the '/home/eda/lib/smic/SP013D3_V1p4/apollo/SP013D3_V1p2_8MT' physical library. No physical link for the logical lib cell. (PSYN-058)
Warning: The pin direction of 'PAD' pin on 'PBDL24' cell in the 'SP013D3_V1p2_typ' technology library is inconsistent with the same-name pin in the '/home/eda/lib/smic/SP013D3_V1p4/apollo/SP013D3_V1p2_8MT' physical library. No physical link for the logical lib cell. (PSYN-058)
Warning: The pin direction of 'OEN' pin on 'POTL24' cell in the 'SP013D3_V1p2_typ' technology library is inconsistent with the same-name pin in the '/home/eda/lib/smic/SP013D3_V1p4/apollo/SP013D3_V1p2_8MT' physical library. No physical link for the logical lib cell. (PSYN-058)
Warning: The pin direction of 'I' pin on 'POTL24' cell in the 'SP013D3_V1p2_typ' technology library is inconsistent with the same-name pin in the '/home/eda/lib/smic/SP013D3_V1p4/apollo/SP013D3_V1p2_8MT' physical library. No physical link for the logical lib cell. (PSYN-058)
Warning: The pin direction of 'PAD' pin on 'POTL24' cell in the 'SP013D3_V1p2_typ' technology library is inconsistent with the same-name pin in the '/home/eda/lib/smic/SP013D3_V1p4/apollo/SP013D3_V1p2_8MT' physical library. No physical link for the logical lib cell. (PSYN-058)
Warning: The pin direction of 'VDD1' pin on 'PDIODE' cell in the 'SP013D3_V1p2_typ' technology library is inconsistent with the same-name pin in the '/home/eda/lib/smic/SP013D3_V1p4/apollo/SP013D3_V1p2_8MT' physical library. No physical link for the logical lib cell. (PSYN-058)
Warning: The pin direction of 'VDD2' pin on 'PDIODE' cell in the 'SP013D3_V1p2_typ' technology library is inconsistent with the same-name pin in the '/home/eda/lib/smic/SP013D3_V1p4/apollo/SP013D3_V1p2_8MT' physical library. No physical link for the logical lib cell. (PSYN-058)
Warning: The pin direction of 'VSS1' pin on 'PDIODE' cell in the 'SP013D3_V1p2_typ' technology library is inconsistent with the same-name pin in the '/home/eda/lib/smic/SP013D3_V1p4/apollo/SP013D3_V1p2_8MT' physical library. No physical link for the logical lib cell. (PSYN-058)
Warning: The pin direction of 'VSS2' pin on 'PDIODE' cell in the 'SP013D3_V1p2_typ' technology library is inconsistent with the same-name pin in the '/home/eda/lib/smic/SP013D3_V1p4/apollo/SP013D3_V1p2_8MT' physical library. No physical link for the logical lib cell. (PSYN-058)
Warning: The pin direction of 'OEN' pin on 'PBCDL8' cell in the 'SP013D3_V1p2_typ' technology library is inconsistent with the same-name pin in the '/home/eda/lib/smic/SP013D3_V1p4/apollo/SP013D3_V1p2_8MT' physical library. No physical link for the logical lib cell. (PSYN-058)
Warning: The pin direction of 'I' pin on 'PBCDL8' cell in the 'SP013D3_V1p2_typ' technology library is inconsistent with the same-name pin in the '/home/eda/lib/smic/SP013D3_V1p4/apollo/SP013D3_V1p2_8MT' physical library. No physical link for the logical lib cell. (PSYN-058)
Warning: The pin direction of 'REN' pin on 'PBCDL8' cell in the 'SP013D3_V1p2_typ' technology library is inconsistent with the same-name pin in the '/home/eda/lib/smic/SP013D3_V1p4/apollo/SP013D3_V1p2_8MT' physical library. No physical link for the logical lib cell. (PSYN-058)
Warning: The pin direction of 'C' pin on 'PBCDL8' cell in the 'SP013D3_V1p2_typ' technology library is inconsistent with the same-name pin in the '/home/eda/lib/smic/SP013D3_V1p4/apollo/SP013D3_V1p2_8MT' physical library. No physical link for the logical lib cell. (PSYN-058)
Warning: The pin direction of 'PAD' pin on 'PBCDL8' cell in the 'SP013D3_V1p2_typ' technology library is inconsistent with the same-name pin in the '/home/eda/lib/smic/SP013D3_V1p4/apollo/SP013D3_V1p2_8MT' physical library. No physical link for the logical lib cell. (PSYN-058)
Warning: The pin direction of 'OEN' pin on 'PBCD12' cell in the 'SP013D3_V1p2_typ' technology library is inconsistent with the same-name pin in the '/home/eda/lib/smic/SP013D3_V1p4/apollo/SP013D3_V1p2_8MT' physical library. No physical link for the logical lib cell. (PSYN-058)
Warning: The pin direction of 'I' pin on 'PBCD12' cell in the 'SP013D3_V1p2_typ' technology library is inconsistent with the same-name pin in the '/home/eda/lib/smic/SP013D3_V1p4/apollo/SP013D3_V1p2_8MT' physical library. No physical link for the logical lib cell. (PSYN-058)
Warning: The pin direction of 'REN' pin on 'PBCD12' cell in the 'SP013D3_V1p2_typ' technology library is inconsistent with the same-name pin in the '/home/eda/lib/smic/SP013D3_V1p4/apollo/SP013D3_V1p2_8MT' physical library. No physical link for the logical lib cell. (PSYN-058)
Warning: The pin direction of 'C' pin on 'PBCD12' cell in the 'SP013D3_V1p2_typ' technology library is inconsistent with the same-name pin in the '/home/eda/lib/smic/SP013D3_V1p4/apollo/SP013D3_V1p2_8MT' physical library. No physical link for the logical lib cell. (PSYN-058)
Warning: The pin direction of 'PAD' pin on 'PBCD12' cell in the 'SP013D3_V1p2_typ' technology library is inconsistent with the same-name pin in the '/home/eda/lib/smic/SP013D3_V1p4/apollo/SP013D3_V1p2_8MT' physical library. No physical link for the logical lib cell. (PSYN-058)
Warning: The pin direction of 'OEN' pin on 'PBCUL8' cell in the 'SP013D3_V1p2_typ' technology library is inconsistent with the same-name pin in the '/home/eda/lib/smic/SP013D3_V1p4/apollo/SP013D3_V1p2_8MT' physical library. No physical link for the logical lib cell. (PSYN-058)
Warning: The pin direction of 'I' pin on 'PBCUL8' cell in the 'SP013D3_V1p2_typ' technology library is inconsistent with the same-name pin in the '/home/eda/lib/smic/SP013D3_V1p4/apollo/SP013D3_V1p2_8MT' physical library. No physical link for the logical lib cell. (PSYN-058)
Warning: The pin direction of 'REN' pin on 'PBCUL8' cell in the 'SP013D3_V1p2_typ' technology library is inconsistent with the same-name pin in the '/home/eda/lib/smic/SP013D3_V1p4/apollo/SP013D3_V1p2_8MT' physical library. No physical link for the logical lib cell. (PSYN-058)
Warning: The pin direction of 'C' pin on 'PBCUL8' cell in the 'SP013D3_V1p2_typ' technology library is inconsistent with the same-name pin in the '/home/eda/lib/smic/SP013D3_V1p4/apollo/SP013D3_V1p2_8MT' physical library. No physical link for the logical lib cell. (PSYN-058)
Warning: The pin direction of 'PAD' pin on 'PBCUL8' cell in the 'SP013D3_V1p2_typ' technology library is inconsistent with the same-name pin in the '/home/eda/lib/smic/SP013D3_V1p4/apollo/SP013D3_V1p2_8MT' physical library. No physical link for the logical lib cell. (PSYN-058)
Warning: The pin direction of 'OEN' pin on 'PBCU12' cell in the 'SP013D3_V1p2_typ' technology library is inconsistent with the same-name pin in the '/home/eda/lib/smic/SP013D3_V1p4/apollo/SP013D3_V1p2_8MT' physical library. No physical link for the logical lib cell. (PSYN-058)
Warning: The pin direction of 'I' pin on 'PBCU12' cell in the 'SP013D3_V1p2_typ' technology library is inconsistent with the same-name pin in the '/home/eda/lib/smic/SP013D3_V1p4/apollo/SP013D3_V1p2_8MT' physical library. No physical link for the logical lib cell. (PSYN-058)
Warning: The pin direction of 'REN' pin on 'PBCU12' cell in the 'SP013D3_V1p2_typ' technology library is inconsistent with the same-name pin in the '/home/eda/lib/smic/SP013D3_V1p4/apollo/SP013D3_V1p2_8MT' physical library. No physical link for the logical lib cell. (PSYN-058)
Warning: The pin direction of 'C' pin on 'PBCU12' cell in the 'SP013D3_V1p2_typ' technology library is inconsistent with the same-name pin in the '/home/eda/lib/smic/SP013D3_V1p4/apollo/SP013D3_V1p2_8MT' physical library. No physical link for the logical lib cell. (PSYN-058)
Warning: The pin direction of 'PAD' pin on 'PBCU12' cell in the 'SP013D3_V1p2_typ' technology library is inconsistent with the same-name pin in the '/home/eda/lib/smic/SP013D3_V1p4/apollo/SP013D3_V1p2_8MT' physical library. No physical link for the logical lib cell. (PSYN-058)
Warning: The pin direction of 'OEN' pin on 'PBSL12' cell in the 'SP013D3_V1p2_typ' technology library is inconsistent with the same-name pin in the '/home/eda/lib/smic/SP013D3_V1p4/apollo/SP013D3_V1p2_8MT' physical library. No physical link for the logical lib cell. (PSYN-058)
Warning: The pin direction of 'I' pin on 'PBSL12' cell in the 'SP013D3_V1p2_typ' technology library is inconsistent with the same-name pin in the '/home/eda/lib/smic/SP013D3_V1p4/apollo/SP013D3_V1p2_8MT' physical library. No physical link for the logical lib cell. (PSYN-058)
Warning: The pin direction of 'C' pin on 'PBSL12' cell in the 'SP013D3_V1p2_typ' technology library is inconsistent with the same-name pin in the '/home/eda/lib/smic/SP013D3_V1p4/apollo/SP013D3_V1p2_8MT' physical library. No physical link for the logical lib cell. (PSYN-058)
Warning: The pin direction of 'PAD' pin on 'PBSL12' cell in the 'SP013D3_V1p2_typ' technology library is inconsistent with the same-name pin in the '/home/eda/lib/smic/SP013D3_V1p4/apollo/SP013D3_V1p2_8MT' physical library. No physical link for the logical lib cell. (PSYN-058)
Warning: The pin direction of 'OEN' pin on 'PBSDL8' cell in the 'SP013D3_V1p2_typ' technology library is inconsistent with the same-name pin in the '/home/eda/lib/smic/SP013D3_V1p4/apollo/SP013D3_V1p2_8MT' physical library. No physical link for the logical lib cell. (PSYN-058)
Warning: The pin direction of 'I' pin on 'PBSDL8' cell in the 'SP013D3_V1p2_typ' technology library is inconsistent with the same-name pin in the '/home/eda/lib/smic/SP013D3_V1p4/apollo/SP013D3_V1p2_8MT' physical library. No physical link for the logical lib cell. (PSYN-058)
Warning: The pin direction of 'C' pin on 'PBSDL8' cell in the 'SP013D3_V1p2_typ' technology library is inconsistent with the same-name pin in the '/home/eda/lib/smic/SP013D3_V1p4/apollo/SP013D3_V1p2_8MT' physical library. No physical link for the logical lib cell. (PSYN-058)
Warning: The pin direction of 'PAD' pin on 'PBSDL8' cell in the 'SP013D3_V1p2_typ' technology library is inconsistent with the same-name pin in the '/home/eda/lib/smic/SP013D3_V1p4/apollo/SP013D3_V1p2_8MT' physical library. No physical link for the logical lib cell. (PSYN-058)
Warning: The pin direction of 'OEN' pin on 'PBSD12' cell in the 'SP013D3_V1p2_typ' technology library is inconsistent with the same-name pin in the '/home/eda/lib/smic/SP013D3_V1p4/apollo/SP013D3_V1p2_8MT' physical library. No physical link for the logical lib cell. (PSYN-058)
Warning: The pin direction of 'I' pin on 'PBSD12' cell in the 'SP013D3_V1p2_typ' technology library is inconsistent with the same-name pin in the '/home/eda/lib/smic/SP013D3_V1p4/apollo/SP013D3_V1p2_8MT' physical library. No physical link for the logical lib cell. (PSYN-058)
Warning: The pin direction of 'C' pin on 'PBSD12' cell in the 'SP013D3_V1p2_typ' technology library is inconsistent with the same-name pin in the '/home/eda/lib/smic/SP013D3_V1p4/apollo/SP013D3_V1p2_8MT' physical library. No physical link for the logical lib cell. (PSYN-058)
Warning: The pin direction of 'PAD' pin on 'PBSD12' cell in the 'SP013D3_V1p2_typ' technology library is inconsistent with the same-name pin in the '/home/eda/lib/smic/SP013D3_V1p4/apollo/SP013D3_V1p2_8MT' physical library. No physical link for the logical lib cell. (PSYN-058)
Warning: The pin direction of 'OEN' pin on 'PBSU12' cell in the 'SP013D3_V1p2_typ' technology library is inconsistent with the same-name pin in the '/home/eda/lib/smic/SP013D3_V1p4/apollo/SP013D3_V1p2_8MT' physical library. No physical link for the logical lib cell. (PSYN-058)
Warning: The pin direction of 'I' pin on 'PBSU12' cell in the 'SP013D3_V1p2_typ' technology library is inconsistent with the same-name pin in the '/home/eda/lib/smic/SP013D3_V1p4/apollo/SP013D3_V1p2_8MT' physical library. No physical link for the logical lib cell. (PSYN-058)
Warning: The pin direction of 'C' pin on 'PBSU12' cell in the 'SP013D3_V1p2_typ' technology library is inconsistent with the same-name pin in the '/home/eda/lib/smic/SP013D3_V1p4/apollo/SP013D3_V1p2_8MT' physical library. No physical link for the logical lib cell. (PSYN-058)
Warning: The pin direction of 'PAD' pin on 'PBSU12' cell in the 'SP013D3_V1p2_typ' technology library is inconsistent with the same-name pin in the '/home/eda/lib/smic/SP013D3_V1p4/apollo/SP013D3_V1p2_8MT' physical library. No physical link for the logical lib cell. (PSYN-058)
Warning: The pin direction of 'OEN' pin on 'PBSUL8' cell in the 'SP013D3_V1p2_typ' technology library is inconsistent with the same-name pin in the '/home/eda/lib/smic/SP013D3_V1p4/apollo/SP013D3_V1p2_8MT' physical library. No physical link for the logical lib cell. (PSYN-058)
Warning: The pin direction of 'I' pin on 'PBSUL8' cell in the 'SP013D3_V1p2_typ' technology library is inconsistent with the same-name pin in the '/home/eda/lib/smic/SP013D3_V1p4/apollo/SP013D3_V1p2_8MT' physical library. No physical link for the logical lib cell. (PSYN-058)
Warning: The pin direction of 'C' pin on 'PBSUL8' cell in the 'SP013D3_V1p2_typ' technology library is inconsistent with the same-name pin in the '/home/eda/lib/smic/SP013D3_V1p4/apollo/SP013D3_V1p2_8MT' physical library. No physical link for the logical lib cell. (PSYN-058)
Warning: The pin direction of 'PAD' pin on 'PBSUL8' cell in the 'SP013D3_V1p2_typ' technology library is inconsistent with the same-name pin in the '/home/eda/lib/smic/SP013D3_V1p4/apollo/SP013D3_V1p2_8MT' physical library. No physical link for the logical lib cell. (PSYN-058)
Warning: The pin direction of 'OEN' pin on 'PBUL12' cell in the 'SP013D3_V1p2_typ' technology library is inconsistent with the same-name pin in the '/home/eda/lib/smic/SP013D3_V1p4/apollo/SP013D3_V1p2_8MT' physical library. No physical link for the logical lib cell. (PSYN-058)
Warning: The pin direction of 'I' pin on 'PBUL12' cell in the 'SP013D3_V1p2_typ' technology library is inconsistent with the same-name pin in the '/home/eda/lib/smic/SP013D3_V1p4/apollo/SP013D3_V1p2_8MT' physical library. No physical link for the logical lib cell. (PSYN-058)
Warning: The pin direction of 'C' pin on 'PBUL12' cell in the 'SP013D3_V1p2_typ' technology library is inconsistent with the same-name pin in the '/home/eda/lib/smic/SP013D3_V1p4/apollo/SP013D3_V1p2_8MT' physical library. No physical link for the logical lib cell. (PSYN-058)
Warning: The pin direction of 'PAD' pin on 'PBUL12' cell in the 'SP013D3_V1p2_typ' technology library is inconsistent with the same-name pin in the '/home/eda/lib/smic/SP013D3_V1p4/apollo/SP013D3_V1p2_8MT' physical library. No physical link for the logical lib cell. (PSYN-058)
Warning: The pin direction of 'OEN' pin on 'PBDL12' cell in the 'SP013D3_V1p2_typ' technology library is inconsistent with the same-name pin in the '/home/eda/lib/smic/SP013D3_V1p4/apollo/SP013D3_V1p2_8MT' physical library. No physical link for the logical lib cell. (PSYN-058)
Warning: The pin direction of 'I' pin on 'PBDL12' cell in the 'SP013D3_V1p2_typ' technology library is inconsistent with the same-name pin in the '/home/eda/lib/smic/SP013D3_V1p4/apollo/SP013D3_V1p2_8MT' physical library. No physical link for the logical lib cell. (PSYN-058)
Warning: The pin direction of 'C' pin on 'PBDL12' cell in the 'SP013D3_V1p2_typ' technology library is inconsistent with the same-name pin in the '/home/eda/lib/smic/SP013D3_V1p4/apollo/SP013D3_V1p2_8MT' physical library. No physical link for the logical lib cell. (PSYN-058)
Warning: The pin direction of 'PAD' pin on 'PBDL12' cell in the 'SP013D3_V1p2_typ' technology library is inconsistent with the same-name pin in the '/home/eda/lib/smic/SP013D3_V1p4/apollo/SP013D3_V1p2_8MT' physical library. No physical link for the logical lib cell. (PSYN-058)
Warning: The pin direction of 'OEN' pin on 'POTL12' cell in the 'SP013D3_V1p2_typ' technology library is inconsistent with the same-name pin in the '/home/eda/lib/smic/SP013D3_V1p4/apollo/SP013D3_V1p2_8MT' physical library. No physical link for the logical lib cell. (PSYN-058)
Warning: The pin direction of 'I' pin on 'POTL12' cell in the 'SP013D3_V1p2_typ' technology library is inconsistent with the same-name pin in the '/home/eda/lib/smic/SP013D3_V1p4/apollo/SP013D3_V1p2_8MT' physical library. No physical link for the logical lib cell. (PSYN-058)
Warning: The pin direction of 'PAD' pin on 'POTL12' cell in the 'SP013D3_V1p2_typ' technology library is inconsistent with the same-name pin in the '/home/eda/lib/smic/SP013D3_V1p4/apollo/SP013D3_V1p2_8MT' physical library. No physical link for the logical lib cell. (PSYN-058)
Warning: The pin direction of 'OEN' pin on 'PBCDL16' cell in the 'SP013D3_V1p2_typ' technology library is inconsistent with the same-name pin in the '/home/eda/lib/smic/SP013D3_V1p4/apollo/SP013D3_V1p2_8MT' physical library. No physical link for the logical lib cell. (PSYN-058)
Warning: The pin direction of 'I' pin on 'PBCDL16' cell in the 'SP013D3_V1p2_typ' technology library is inconsistent with the same-name pin in the '/home/eda/lib/smic/SP013D3_V1p4/apollo/SP013D3_V1p2_8MT' physical library. No physical link for the logical lib cell. (PSYN-058)
Warning: The pin direction of 'REN' pin on 'PBCDL16' cell in the 'SP013D3_V1p2_typ' technology library is inconsistent with the same-name pin in the '/home/eda/lib/smic/SP013D3_V1p4/apollo/SP013D3_V1p2_8MT' physical library. No physical link for the logical lib cell. (PSYN-058)
Warning: The pin direction of 'C' pin on 'PBCDL16' cell in the 'SP013D3_V1p2_typ' technology library is inconsistent with the same-name pin in the '/home/eda/lib/smic/SP013D3_V1p4/apollo/SP013D3_V1p2_8MT' physical library. No physical link for the logical lib cell. (PSYN-058)
Warning: The pin direction of 'PAD' pin on 'PBCDL16' cell in the 'SP013D3_V1p2_typ' technology library is inconsistent with the same-name pin in the '/home/eda/lib/smic/SP013D3_V1p4/apollo/SP013D3_V1p2_8MT' physical library. No physical link for the logical lib cell. (PSYN-058)
Warning: The pin direction of 'OEN' pin on 'PBCUL16' cell in the 'SP013D3_V1p2_typ' technology library is inconsistent with the same-name pin in the '/home/eda/lib/smic/SP013D3_V1p4/apollo/SP013D3_V1p2_8MT' physical library. No physical link for the logical lib cell. (PSYN-058)
Warning: The pin direction of 'I' pin on 'PBCUL16' cell in the 'SP013D3_V1p2_typ' technology library is inconsistent with the same-name pin in the '/home/eda/lib/smic/SP013D3_V1p4/apollo/SP013D3_V1p2_8MT' physical library. No physical link for the logical lib cell. (PSYN-058)
Warning: The pin direction of 'REN' pin on 'PBCUL16' cell in the 'SP013D3_V1p2_typ' technology library is inconsistent with the same-name pin in the '/home/eda/lib/smic/SP013D3_V1p4/apollo/SP013D3_V1p2_8MT' physical library. No physical link for the logical lib cell. (PSYN-058)
Warning: The pin direction of 'C' pin on 'PBCUL16' cell in the 'SP013D3_V1p2_typ' technology library is inconsistent with the same-name pin in the '/home/eda/lib/smic/SP013D3_V1p4/apollo/SP013D3_V1p2_8MT' physical library. No physical link for the logical lib cell. (PSYN-058)
Warning: The pin direction of 'PAD' pin on 'PBCUL16' cell in the 'SP013D3_V1p2_typ' technology library is inconsistent with the same-name pin in the '/home/eda/lib/smic/SP013D3_V1p4/apollo/SP013D3_V1p2_8MT' physical library. No physical link for the logical lib cell. (PSYN-058)
Warning: The pin direction of 'OEN' pin on 'PBSDL16' cell in the 'SP013D3_V1p2_typ' technology library is inconsistent with the same-name pin in the '/home/eda/lib/smic/SP013D3_V1p4/apollo/SP013D3_V1p2_8MT' physical library. No physical link for the logical lib cell. (PSYN-058)
Warning: The pin direction of 'I' pin on 'PBSDL16' cell in the 'SP013D3_V1p2_typ' technology library is inconsistent with the same-name pin in the '/home/eda/lib/smic/SP013D3_V1p4/apollo/SP013D3_V1p2_8MT' physical library. No physical link for the logical lib cell. (PSYN-058)
Warning: The pin direction of 'C' pin on 'PBSDL16' cell in the 'SP013D3_V1p2_typ' technology library is inconsistent with the same-name pin in the '/home/eda/lib/smic/SP013D3_V1p4/apollo/SP013D3_V1p2_8MT' physical library. No physical link for the logical lib cell. (PSYN-058)
Warning: The pin direction of 'PAD' pin on 'PBSDL16' cell in the 'SP013D3_V1p2_typ' technology library is inconsistent with the same-name pin in the '/home/eda/lib/smic/SP013D3_V1p4/apollo/SP013D3_V1p2_8MT' physical library. No physical link for the logical lib cell. (PSYN-058)
Warning: The pin direction of 'OEN' pin on 'PBSUL16' cell in the 'SP013D3_V1p2_typ' technology library is inconsistent with the same-name pin in the '/home/eda/lib/smic/SP013D3_V1p4/apollo/SP013D3_V1p2_8MT' physical library. No physical link for the logical lib cell. (PSYN-058)
Warning: The pin direction of 'I' pin on 'PBSUL16' cell in the 'SP013D3_V1p2_typ' technology library is inconsistent with the same-name pin in the '/home/eda/lib/smic/SP013D3_V1p4/apollo/SP013D3_V1p2_8MT' physical library. No physical link for the logical lib cell. (PSYN-058)
Warning: The pin direction of 'C' pin on 'PBSUL16' cell in the 'SP013D3_V1p2_typ' technology library is inconsistent with the same-name pin in the '/home/eda/lib/smic/SP013D3_V1p4/apollo/SP013D3_V1p2_8MT' physical library. No physical link for the logical lib cell. (PSYN-058)
Warning: The pin direction of 'PAD' pin on 'PBSUL16' cell in the 'SP013D3_V1p2_typ' technology library is inconsistent with the same-name pin in the '/home/eda/lib/smic/SP013D3_V1p4/apollo/SP013D3_V1p2_8MT' physical library. No physical link for the logical lib cell. (PSYN-058)
Warning: The pin direction of 'OEN' pin on 'PBCDL24' cell in the 'SP013D3_V1p2_typ' technology library is inconsistent with the same-name pin in the '/home/eda/lib/smic/SP013D3_V1p4/apollo/SP013D3_V1p2_8MT' physical library. No physical link for the logical lib cell. (PSYN-058)
Warning: The pin direction of 'I' pin on 'PBCDL24' cell in the 'SP013D3_V1p2_typ' technology library is inconsistent with the same-name pin in the '/home/eda/lib/smic/SP013D3_V1p4/apollo/SP013D3_V1p2_8MT' physical library. No physical link for the logical lib cell. (PSYN-058)
Warning: The pin direction of 'REN' pin on 'PBCDL24' cell in the 'SP013D3_V1p2_typ' technology library is inconsistent with the same-name pin in the '/home/eda/lib/smic/SP013D3_V1p4/apollo/SP013D3_V1p2_8MT' physical library. No physical link for the logical lib cell. (PSYN-058)
Warning: The pin direction of 'C' pin on 'PBCDL24' cell in the 'SP013D3_V1p2_typ' technology library is inconsistent with the same-name pin in the '/home/eda/lib/smic/SP013D3_V1p4/apollo/SP013D3_V1p2_8MT' physical library. No physical link for the logical lib cell. (PSYN-058)
Warning: The pin direction of 'PAD' pin on 'PBCDL24' cell in the 'SP013D3_V1p2_typ' technology library is inconsistent with the same-name pin in the '/home/eda/lib/smic/SP013D3_V1p4/apollo/SP013D3_V1p2_8MT' physical library. No physical link for the logical lib cell. (PSYN-058)
Warning: The pin direction of 'OEN' pin on 'PBCUL24' cell in the 'SP013D3_V1p2_typ' technology library is inconsistent with the same-name pin in the '/home/eda/lib/smic/SP013D3_V1p4/apollo/SP013D3_V1p2_8MT' physical library. No physical link for the logical lib cell. (PSYN-058)
Warning: The pin direction of 'I' pin on 'PBCUL24' cell in the 'SP013D3_V1p2_typ' technology library is inconsistent with the same-name pin in the '/home/eda/lib/smic/SP013D3_V1p4/apollo/SP013D3_V1p2_8MT' physical library. No physical link for the logical lib cell. (PSYN-058)
Warning: The pin direction of 'REN' pin on 'PBCUL24' cell in the 'SP013D3_V1p2_typ' technology library is inconsistent with the same-name pin in the '/home/eda/lib/smic/SP013D3_V1p4/apollo/SP013D3_V1p2_8MT' physical library. No physical link for the logical lib cell. (PSYN-058)
Warning: The pin direction of 'C' pin on 'PBCUL24' cell in the 'SP013D3_V1p2_typ' technology library is inconsistent with the same-name pin in the '/home/eda/lib/smic/SP013D3_V1p4/apollo/SP013D3_V1p2_8MT' physical library. No physical link for the logical lib cell. (PSYN-058)
Warning: The pin direction of 'PAD' pin on 'PBCUL24' cell in the 'SP013D3_V1p2_typ' technology library is inconsistent with the same-name pin in the '/home/eda/lib/smic/SP013D3_V1p4/apollo/SP013D3_V1p2_8MT' physical library. No physical link for the logical lib cell. (PSYN-058)
Warning: The pin direction of 'OEN' pin on 'PBSDL24' cell in the 'SP013D3_V1p2_typ' technology library is inconsistent with the same-name pin in the '/home/eda/lib/smic/SP013D3_V1p4/apollo/SP013D3_V1p2_8MT' physical library. No physical link for the logical lib cell. (PSYN-058)
Warning: The pin direction of 'I' pin on 'PBSDL24' cell in the 'SP013D3_V1p2_typ' technology library is inconsistent with the same-name pin in the '/home/eda/lib/smic/SP013D3_V1p4/apollo/SP013D3_V1p2_8MT' physical library. No physical link for the logical lib cell. (PSYN-058)
Warning: The pin direction of 'C' pin on 'PBSDL24' cell in the 'SP013D3_V1p2_typ' technology library is inconsistent with the same-name pin in the '/home/eda/lib/smic/SP013D3_V1p4/apollo/SP013D3_V1p2_8MT' physical library. No physical link for the logical lib cell. (PSYN-058)
Warning: The pin direction of 'PAD' pin on 'PBSDL24' cell in the 'SP013D3_V1p2_typ' technology library is inconsistent with the same-name pin in the '/home/eda/lib/smic/SP013D3_V1p4/apollo/SP013D3_V1p2_8MT' physical library. No physical link for the logical lib cell. (PSYN-058)
Warning: The pin direction of 'OEN' pin on 'PBSUL24' cell in the 'SP013D3_V1p2_typ' technology library is inconsistent with the same-name pin in the '/home/eda/lib/smic/SP013D3_V1p4/apollo/SP013D3_V1p2_8MT' physical library. No physical link for the logical lib cell. (PSYN-058)
Warning: The pin direction of 'I' pin on 'PBSUL24' cell in the 'SP013D3_V1p2_typ' technology library is inconsistent with the same-name pin in the '/home/eda/lib/smic/SP013D3_V1p4/apollo/SP013D3_V1p2_8MT' physical library. No physical link for the logical lib cell. (PSYN-058)
Warning: The pin direction of 'C' pin on 'PBSUL24' cell in the 'SP013D3_V1p2_typ' technology library is inconsistent with the same-name pin in the '/home/eda/lib/smic/SP013D3_V1p4/apollo/SP013D3_V1p2_8MT' physical library. No physical link for the logical lib cell. (PSYN-058)
Warning: The pin direction of 'PAD' pin on 'PBSUL24' cell in the 'SP013D3_V1p2_typ' technology library is inconsistent with the same-name pin in the '/home/eda/lib/smic/SP013D3_V1p4/apollo/SP013D3_V1p2_8MT' physical library. No physical link for the logical lib cell. (PSYN-058)
Warning: The pin direction of 'VSS1' pin on 'PDIODE8' cell in the 'SP013D3_V1p2_typ' technology library is inconsistent with the same-name pin in the '/home/eda/lib/smic/SP013D3_V1p4/apollo/SP013D3_V1p2_8MT' physical library. No physical link for the logical lib cell. (PSYN-058)
Warning: The pin direction of 'VSS2' pin on 'PDIODE8' cell in the 'SP013D3_V1p2_typ' technology library is inconsistent with the same-name pin in the '/home/eda/lib/smic/SP013D3_V1p4/apollo/SP013D3_V1p2_8MT' physical library. No physical link for the logical lib cell. (PSYN-058)
Warning: The pin direction of 'OEN' pin on 'PBCDL12' cell in the 'SP013D3_V1p2_typ' technology library is inconsistent with the same-name pin in the '/home/eda/lib/smic/SP013D3_V1p4/apollo/SP013D3_V1p2_8MT' physical library. No physical link for the logical lib cell. (PSYN-058)
Warning: The pin direction of 'I' pin on 'PBCDL12' cell in the 'SP013D3_V1p2_typ' technology library is inconsistent with the same-name pin in the '/home/eda/lib/smic/SP013D3_V1p4/apollo/SP013D3_V1p2_8MT' physical library. No physical link for the logical lib cell. (PSYN-058)
Warning: The pin direction of 'REN' pin on 'PBCDL12' cell in the 'SP013D3_V1p2_typ' technology library is inconsistent with the same-name pin in the '/home/eda/lib/smic/SP013D3_V1p4/apollo/SP013D3_V1p2_8MT' physical library. No physical link for the logical lib cell. (PSYN-058)
Warning: The pin direction of 'C' pin on 'PBCDL12' cell in the 'SP013D3_V1p2_typ' technology library is inconsistent with the same-name pin in the '/home/eda/lib/smic/SP013D3_V1p4/apollo/SP013D3_V1p2_8MT' physical library. No physical link for the logical lib cell. (PSYN-058)
Warning: The pin direction of 'PAD' pin on 'PBCDL12' cell in the 'SP013D3_V1p2_typ' technology library is inconsistent with the same-name pin in the '/home/eda/lib/smic/SP013D3_V1p4/apollo/SP013D3_V1p2_8MT' physical library. No physical link for the logical lib cell. (PSYN-058)
Warning: The pin direction of 'OEN' pin on 'PBCUL12' cell in the 'SP013D3_V1p2_typ' technology library is inconsistent with the same-name pin in the '/home/eda/lib/smic/SP013D3_V1p4/apollo/SP013D3_V1p2_8MT' physical library. No physical link for the logical lib cell. (PSYN-058)
Warning: The pin direction of 'I' pin on 'PBCUL12' cell in the 'SP013D3_V1p2_typ' technology library is inconsistent with the same-name pin in the '/home/eda/lib/smic/SP013D3_V1p4/apollo/SP013D3_V1p2_8MT' physical library. No physical link for the logical lib cell. (PSYN-058)
Warning: The pin direction of 'REN' pin on 'PBCUL12' cell in the 'SP013D3_V1p2_typ' technology library is inconsistent with the same-name pin in the '/home/eda/lib/smic/SP013D3_V1p4/apollo/SP013D3_V1p2_8MT' physical library. No physical link for the logical lib cell. (PSYN-058)
Warning: The pin direction of 'C' pin on 'PBCUL12' cell in the 'SP013D3_V1p2_typ' technology library is inconsistent with the same-name pin in the '/home/eda/lib/smic/SP013D3_V1p4/apollo/SP013D3_V1p2_8MT' physical library. No physical link for the logical lib cell. (PSYN-058)
Warning: The pin direction of 'PAD' pin on 'PBCUL12' cell in the 'SP013D3_V1p2_typ' technology library is inconsistent with the same-name pin in the '/home/eda/lib/smic/SP013D3_V1p4/apollo/SP013D3_V1p2_8MT' physical library. No physical link for the logical lib cell. (PSYN-058)
Warning: The pin direction of 'OEN' pin on 'PBSDL12' cell in the 'SP013D3_V1p2_typ' technology library is inconsistent with the same-name pin in the '/home/eda/lib/smic/SP013D3_V1p4/apollo/SP013D3_V1p2_8MT' physical library. No physical link for the logical lib cell. (PSYN-058)
Warning: The pin direction of 'I' pin on 'PBSDL12' cell in the 'SP013D3_V1p2_typ' technology library is inconsistent with the same-name pin in the '/home/eda/lib/smic/SP013D3_V1p4/apollo/SP013D3_V1p2_8MT' physical library. No physical link for the logical lib cell. (PSYN-058)
Warning: The pin direction of 'C' pin on 'PBSDL12' cell in the 'SP013D3_V1p2_typ' technology library is inconsistent with the same-name pin in the '/home/eda/lib/smic/SP013D3_V1p4/apollo/SP013D3_V1p2_8MT' physical library. No physical link for the logical lib cell. (PSYN-058)
Warning: The pin direction of 'PAD' pin on 'PBSDL12' cell in the 'SP013D3_V1p2_typ' technology library is inconsistent with the same-name pin in the '/home/eda/lib/smic/SP013D3_V1p4/apollo/SP013D3_V1p2_8MT' physical library. No physical link for the logical lib cell. (PSYN-058)
Warning: The pin direction of 'OEN' pin on 'PBSUL12' cell in the 'SP013D3_V1p2_typ' technology library is inconsistent with the same-name pin in the '/home/eda/lib/smic/SP013D3_V1p4/apollo/SP013D3_V1p2_8MT' physical library. No physical link for the logical lib cell. (PSYN-058)
Warning: The pin direction of 'I' pin on 'PBSUL12' cell in the 'SP013D3_V1p2_typ' technology library is inconsistent with the same-name pin in the '/home/eda/lib/smic/SP013D3_V1p4/apollo/SP013D3_V1p2_8MT' physical library. No physical link for the logical lib cell. (PSYN-058)
Warning: The pin direction of 'C' pin on 'PBSUL12' cell in the 'SP013D3_V1p2_typ' technology library is inconsistent with the same-name pin in the '/home/eda/lib/smic/SP013D3_V1p4/apollo/SP013D3_V1p2_8MT' physical library. No physical link for the logical lib cell. (PSYN-058)
Warning: The pin direction of 'PAD' pin on 'PBSUL12' cell in the 'SP013D3_V1p2_typ' technology library is inconsistent with the same-name pin in the '/home/eda/lib/smic/SP013D3_V1p4/apollo/SP013D3_V1p2_8MT' physical library. No physical link for the logical lib cell. (PSYN-058)
Warning: The pin direction of 'VDD' pin on 'PVDD1CE' cell in the 'SP013D3_V1p2_typ' technology library is inconsistent with the same-name pin in the '/home/eda/lib/smic/SP013D3_V1p4/apollo/SP013D3_V1p2_8MT' physical library. No physical link for the logical lib cell. (PSYN-058)
Warning: The pin direction of 'VSS1' pin on 'P1DIODE8' cell in the 'SP013D3_V1p2_typ' technology library is inconsistent with the same-name pin in the '/home/eda/lib/smic/SP013D3_V1p4/apollo/SP013D3_V1p2_8MT' physical library. No physical link for the logical lib cell. (PSYN-058)
Warning: The pin direction of 'VSS2' pin on 'P1DIODE8' cell in the 'SP013D3_V1p2_typ' technology library is inconsistent with the same-name pin in the '/home/eda/lib/smic/SP013D3_V1p4/apollo/SP013D3_V1p2_8MT' physical library. No physical link for the logical lib cell. (PSYN-058)
Warning: The pin direction of 'VDD1' pin on 'P1DIODE' cell in the 'SP013D3_V1p2_typ' technology library is inconsistent with the same-name pin in the '/home/eda/lib/smic/SP013D3_V1p4/apollo/SP013D3_V1p2_8MT' physical library. No physical link for the logical lib cell. (PSYN-058)
Warning: The pin direction of 'VDD2' pin on 'P1DIODE' cell in the 'SP013D3_V1p2_typ' technology library is inconsistent with the same-name pin in the '/home/eda/lib/smic/SP013D3_V1p4/apollo/SP013D3_V1p2_8MT' physical library. No physical link for the logical lib cell. (PSYN-058)
Warning: The pin direction of 'VSS1' pin on 'P1DIODE' cell in the 'SP013D3_V1p2_typ' technology library is inconsistent with the same-name pin in the '/home/eda/lib/smic/SP013D3_V1p4/apollo/SP013D3_V1p2_8MT' physical library. No physical link for the logical lib cell. (PSYN-058)
Warning: The pin direction of 'VSS2' pin on 'P1DIODE' cell in the 'SP013D3_V1p2_typ' technology library is inconsistent with the same-name pin in the '/home/eda/lib/smic/SP013D3_V1p4/apollo/SP013D3_V1p2_8MT' physical library. No physical link for the logical lib cell. (PSYN-058)
Warning: The pin direction of 'SVSS1ANP' pin on 'PVSS1ANP' cell in the 'SP013D3_V1p2_typ' technology library is inconsistent with the same-name pin in the '/home/eda/lib/smic/SP013D3_V1p4/apollo/SP013D3_V1p2_8MT' physical library. No physical link for the logical lib cell. (PSYN-058)
Warning: The pin direction of 'SVDD1ANP' pin on 'PVDD1ANP' cell in the 'SP013D3_V1p2_typ' technology library is inconsistent with the same-name pin in the '/home/eda/lib/smic/SP013D3_V1p4/apollo/SP013D3_V1p2_8MT' physical library. No physical link for the logical lib cell. (PSYN-058)
Warning: The pin direction of 'VPP' pin on 'PVPP' cell in the 'SP013D3_V1p2_typ' technology library is inconsistent with the same-name pin in the '/home/eda/lib/smic/SP013D3_V1p4/apollo/SP013D3_V1p2_8MT' physical library. No physical link for the logical lib cell. (PSYN-058)
Warning: The pin direction of 'SVSS1CANP' pin on 'PVSS1CANP' cell in the 'SP013D3_V1p2_typ' technology library is inconsistent with the same-name pin in the '/home/eda/lib/smic/SP013D3_V1p4/apollo/SP013D3_V1p2_8MT' physical library. No physical link for the logical lib cell. (PSYN-058)
Warning: The pin direction of 'SVDD1CANP' pin on 'PVDD1CANP' cell in the 'SP013D3_V1p2_typ' technology library is inconsistent with the same-name pin in the '/home/eda/lib/smic/SP013D3_V1p4/apollo/SP013D3_V1p2_8MT' physical library. No physical link for the logical lib cell. (PSYN-058)
Warning: The 'PB12' cell in the 'SP013D3_V1p2_typ' technology library is being 
	marked as "dont_use". (PSYN-039)
Warning: The 'PB12' cell in the 'SP013D3_V1p2_typ' technology library does not 
	have corresponding physical cell description. (PSYN-024)
Warning: The 'PB16' cell in the 'SP013D3_V1p2_typ' technology library is being 
	marked as "dont_use". (PSYN-039)
Warning: The 'PB16' cell in the 'SP013D3_V1p2_typ' technology library does not 
	have corresponding physical cell description. (PSYN-024)
Warning: The 'PB2' cell in the 'SP013D3_V1p2_typ' technology library is being 
	marked as "dont_use". (PSYN-039)
Warning: The 'PB2' cell in the 'SP013D3_V1p2_typ' technology library does not 
	have corresponding physical cell description. (PSYN-024)
Warning: The 'PB24' cell in the 'SP013D3_V1p2_typ' technology library is being 
	marked as "dont_use". (PSYN-039)
Warning: The 'PB24' cell in the 'SP013D3_V1p2_typ' technology library does not 
	have corresponding physical cell description. (PSYN-024)
Warning: The 'PB4' cell in the 'SP013D3_V1p2_typ' technology library is being 
	marked as "dont_use". (PSYN-039)
Warning: The 'PB4' cell in the 'SP013D3_V1p2_typ' technology library does not 
	have corresponding physical cell description. (PSYN-024)
Warning: The 'PB8' cell in the 'SP013D3_V1p2_typ' technology library is being 
	marked as "dont_use". (PSYN-039)
Warning: The 'PB8' cell in the 'SP013D3_V1p2_typ' technology library does not 
	have corresponding physical cell description. (PSYN-024)
Warning: The 'PBCD12' cell in the 'SP013D3_V1p2_typ' technology library is being 
	marked as "dont_use". (PSYN-039)
Warning: The 'PBCD12' cell in the 'SP013D3_V1p2_typ' technology library does not 
	have corresponding physical cell description. (PSYN-024)
Warning: The 'PBCD16' cell in the 'SP013D3_V1p2_typ' technology library is being 
	marked as "dont_use". (PSYN-039)
Warning: The 'PBCD16' cell in the 'SP013D3_V1p2_typ' technology library does not 
	have corresponding physical cell description. (PSYN-024)
Warning: The 'PBCD2' cell in the 'SP013D3_V1p2_typ' technology library is being 
	marked as "dont_use". (PSYN-039)
Warning: The 'PBCD2' cell in the 'SP013D3_V1p2_typ' technology library does not 
	have corresponding physical cell description. (PSYN-024)
Warning: The 'PBCD24' cell in the 'SP013D3_V1p2_typ' technology library is being 
	marked as "dont_use". (PSYN-039)
Warning: The 'PBCD24' cell in the 'SP013D3_V1p2_typ' technology library does not 
	have corresponding physical cell description. (PSYN-024)
Warning: The 'PBCD4' cell in the 'SP013D3_V1p2_typ' technology library is being 
	marked as "dont_use". (PSYN-039)
Warning: The 'PBCD4' cell in the 'SP013D3_V1p2_typ' technology library does not 
	have corresponding physical cell description. (PSYN-024)
Warning: The 'PBCD8' cell in the 'SP013D3_V1p2_typ' technology library is being 
	marked as "dont_use". (PSYN-039)
Warning: The 'PBCD8' cell in the 'SP013D3_V1p2_typ' technology library does not 
	have corresponding physical cell description. (PSYN-024)
Warning: The 'PBCDL12' cell in the 'SP013D3_V1p2_typ' technology library is being 
	marked as "dont_use". (PSYN-039)
Warning: The 'PBCDL12' cell in the 'SP013D3_V1p2_typ' technology library does not 
	have corresponding physical cell description. (PSYN-024)
Warning: The 'PBCDL16' cell in the 'SP013D3_V1p2_typ' technology library is being 
	marked as "dont_use". (PSYN-039)
Warning: The 'PBCDL16' cell in the 'SP013D3_V1p2_typ' technology library does not 
	have corresponding physical cell description. (PSYN-024)
Warning: The 'PBCDL24' cell in the 'SP013D3_V1p2_typ' technology library is being 
	marked as "dont_use". (PSYN-039)
Warning: The 'PBCDL24' cell in the 'SP013D3_V1p2_typ' technology library does not 
	have corresponding physical cell description. (PSYN-024)
Warning: The 'PBCDL8' cell in the 'SP013D3_V1p2_typ' technology library is being 
	marked as "dont_use". (PSYN-039)
Warning: The 'PBCDL8' cell in the 'SP013D3_V1p2_typ' technology library does not 
	have corresponding physical cell description. (PSYN-024)
Warning: The 'PBCU12' cell in the 'SP013D3_V1p2_typ' technology library is being 
	marked as "dont_use". (PSYN-039)
Warning: The 'PBCU12' cell in the 'SP013D3_V1p2_typ' technology library does not 
	have corresponding physical cell description. (PSYN-024)
Warning: The 'PBCU16' cell in the 'SP013D3_V1p2_typ' technology library is being 
	marked as "dont_use". (PSYN-039)
Warning: The 'PBCU16' cell in the 'SP013D3_V1p2_typ' technology library does not 
	have corresponding physical cell description. (PSYN-024)
Warning: The 'PBCU2' cell in the 'SP013D3_V1p2_typ' technology library is being 
	marked as "dont_use". (PSYN-039)
Warning: The 'PBCU2' cell in the 'SP013D3_V1p2_typ' technology library does not 
	have corresponding physical cell description. (PSYN-024)
Warning: The 'PBCU24' cell in the 'SP013D3_V1p2_typ' technology library is being 
	marked as "dont_use". (PSYN-039)
Warning: The 'PBCU24' cell in the 'SP013D3_V1p2_typ' technology library does not 
	have corresponding physical cell description. (PSYN-024)
Warning: The 'PBCU4' cell in the 'SP013D3_V1p2_typ' technology library is being 
	marked as "dont_use". (PSYN-039)
Warning: The 'PBCU4' cell in the 'SP013D3_V1p2_typ' technology library does not 
	have corresponding physical cell description. (PSYN-024)
Warning: The 'PBCU8' cell in the 'SP013D3_V1p2_typ' technology library is being 
	marked as "dont_use". (PSYN-039)
Warning: The 'PBCU8' cell in the 'SP013D3_V1p2_typ' technology library does not 
	have corresponding physical cell description. (PSYN-024)
Warning: The 'PBCUL12' cell in the 'SP013D3_V1p2_typ' technology library is being 
	marked as "dont_use". (PSYN-039)
Warning: The 'PBCUL12' cell in the 'SP013D3_V1p2_typ' technology library does not 
	have corresponding physical cell description. (PSYN-024)
Warning: The 'PBCUL16' cell in the 'SP013D3_V1p2_typ' technology library is being 
	marked as "dont_use". (PSYN-039)
Warning: The 'PBCUL16' cell in the 'SP013D3_V1p2_typ' technology library does not 
	have corresponding physical cell description. (PSYN-024)
Warning: The 'PBCUL24' cell in the 'SP013D3_V1p2_typ' technology library is being 
	marked as "dont_use". (PSYN-039)
Warning: The 'PBCUL24' cell in the 'SP013D3_V1p2_typ' technology library does not 
	have corresponding physical cell description. (PSYN-024)
Warning: The 'PBCUL8' cell in the 'SP013D3_V1p2_typ' technology library is being 
	marked as "dont_use". (PSYN-039)
Warning: The 'PBCUL8' cell in the 'SP013D3_V1p2_typ' technology library does not 
	have corresponding physical cell description. (PSYN-024)
Warning: The 'PBD12' cell in the 'SP013D3_V1p2_typ' technology library is being 
	marked as "dont_use". (PSYN-039)
Warning: The 'PBD12' cell in the 'SP013D3_V1p2_typ' technology library does not 
	have corresponding physical cell description. (PSYN-024)
Warning: The 'PBD16' cell in the 'SP013D3_V1p2_typ' technology library is being 
	marked as "dont_use". (PSYN-039)
Warning: The 'PBD16' cell in the 'SP013D3_V1p2_typ' technology library does not 
	have corresponding physical cell description. (PSYN-024)
Warning: The 'PBD2' cell in the 'SP013D3_V1p2_typ' technology library is being 
	marked as "dont_use". (PSYN-039)
Warning: The 'PBD2' cell in the 'SP013D3_V1p2_typ' technology library does not 
	have corresponding physical cell description. (PSYN-024)
Warning: The 'PBD24' cell in the 'SP013D3_V1p2_typ' technology library is being 
	marked as "dont_use". (PSYN-039)
Warning: The 'PBD24' cell in the 'SP013D3_V1p2_typ' technology library does not 
	have corresponding physical cell description. (PSYN-024)
Warning: The 'PBD4' cell in the 'SP013D3_V1p2_typ' technology library is being 
	marked as "dont_use". (PSYN-039)
Warning: The 'PBD4' cell in the 'SP013D3_V1p2_typ' technology library does not 
	have corresponding physical cell description. (PSYN-024)
Warning: The 'PBD8' cell in the 'SP013D3_V1p2_typ' technology library is being 
	marked as "dont_use". (PSYN-039)
Warning: The 'PBD8' cell in the 'SP013D3_V1p2_typ' technology library does not 
	have corresponding physical cell description. (PSYN-024)
Warning: The 'PBDL12' cell in the 'SP013D3_V1p2_typ' technology library is being 
	marked as "dont_use". (PSYN-039)
Warning: The 'PBDL12' cell in the 'SP013D3_V1p2_typ' technology library does not 
	have corresponding physical cell description. (PSYN-024)
Warning: The 'PBDL16' cell in the 'SP013D3_V1p2_typ' technology library is being 
	marked as "dont_use". (PSYN-039)
Warning: The 'PBDL16' cell in the 'SP013D3_V1p2_typ' technology library does not 
	have corresponding physical cell description. (PSYN-024)
Warning: The 'PBDL24' cell in the 'SP013D3_V1p2_typ' technology library is being 
	marked as "dont_use". (PSYN-039)
Warning: The 'PBDL24' cell in the 'SP013D3_V1p2_typ' technology library does not 
	have corresponding physical cell description. (PSYN-024)
Warning: The 'PBDL8' cell in the 'SP013D3_V1p2_typ' technology library is being 
	marked as "dont_use". (PSYN-039)
Warning: The 'PBDL8' cell in the 'SP013D3_V1p2_typ' technology library does not 
	have corresponding physical cell description. (PSYN-024)
Warning: The 'PBL12' cell in the 'SP013D3_V1p2_typ' technology library is being 
	marked as "dont_use". (PSYN-039)
Warning: The 'PBL12' cell in the 'SP013D3_V1p2_typ' technology library does not 
	have corresponding physical cell description. (PSYN-024)
Warning: The 'PBL16' cell in the 'SP013D3_V1p2_typ' technology library is being 
	marked as "dont_use". (PSYN-039)
Warning: The 'PBL16' cell in the 'SP013D3_V1p2_typ' technology library does not 
	have corresponding physical cell description. (PSYN-024)
Warning: The 'PBL24' cell in the 'SP013D3_V1p2_typ' technology library is being 
	marked as "dont_use". (PSYN-039)
Warning: The 'PBL24' cell in the 'SP013D3_V1p2_typ' technology library does not 
	have corresponding physical cell description. (PSYN-024)
Warning: The 'PBL8' cell in the 'SP013D3_V1p2_typ' technology library is being 
	marked as "dont_use". (PSYN-039)
Warning: The 'PBL8' cell in the 'SP013D3_V1p2_typ' technology library does not 
	have corresponding physical cell description. (PSYN-024)
Warning: The 'PBS12' cell in the 'SP013D3_V1p2_typ' technology library is being 
	marked as "dont_use". (PSYN-039)
Warning: The 'PBS12' cell in the 'SP013D3_V1p2_typ' technology library does not 
	have corresponding physical cell description. (PSYN-024)
Warning: The 'PBS16' cell in the 'SP013D3_V1p2_typ' technology library is being 
	marked as "dont_use". (PSYN-039)
Warning: The 'PBS16' cell in the 'SP013D3_V1p2_typ' technology library does not 
	have corresponding physical cell description. (PSYN-024)
Warning: The 'PBS2' cell in the 'SP013D3_V1p2_typ' technology library is being 
	marked as "dont_use". (PSYN-039)
Warning: The 'PBS2' cell in the 'SP013D3_V1p2_typ' technology library does not 
	have corresponding physical cell description. (PSYN-024)
Warning: The 'PBS24' cell in the 'SP013D3_V1p2_typ' technology library is being 
	marked as "dont_use". (PSYN-039)
Warning: The 'PBS24' cell in the 'SP013D3_V1p2_typ' technology library does not 
	have corresponding physical cell description. (PSYN-024)
Warning: The 'PBS4' cell in the 'SP013D3_V1p2_typ' technology library is being 
	marked as "dont_use". (PSYN-039)
Warning: The 'PBS4' cell in the 'SP013D3_V1p2_typ' technology library does not 
	have corresponding physical cell description. (PSYN-024)
Warning: The 'PBS8' cell in the 'SP013D3_V1p2_typ' technology library is being 
	marked as "dont_use". (PSYN-039)
Warning: The 'PBS8' cell in the 'SP013D3_V1p2_typ' technology library does not 
	have corresponding physical cell description. (PSYN-024)
Warning: The 'PBSD12' cell in the 'SP013D3_V1p2_typ' technology library is being 
	marked as "dont_use". (PSYN-039)
Warning: The 'PBSD12' cell in the 'SP013D3_V1p2_typ' technology library does not 
	have corresponding physical cell description. (PSYN-024)
Warning: The 'PBSD16' cell in the 'SP013D3_V1p2_typ' technology library is being 
	marked as "dont_use". (PSYN-039)
Warning: The 'PBSD16' cell in the 'SP013D3_V1p2_typ' technology library does not 
	have corresponding physical cell description. (PSYN-024)
Warning: The 'PBSD2' cell in the 'SP013D3_V1p2_typ' technology library is being 
	marked as "dont_use". (PSYN-039)
Warning: The 'PBSD2' cell in the 'SP013D3_V1p2_typ' technology library does not 
	have corresponding physical cell description. (PSYN-024)
Warning: The 'PBSD24' cell in the 'SP013D3_V1p2_typ' technology library is being 
	marked as "dont_use". (PSYN-039)
Warning: The 'PBSD24' cell in the 'SP013D3_V1p2_typ' technology library does not 
	have corresponding physical cell description. (PSYN-024)
Warning: The 'PBSD4' cell in the 'SP013D3_V1p2_typ' technology library is being 
	marked as "dont_use". (PSYN-039)
Warning: The 'PBSD4' cell in the 'SP013D3_V1p2_typ' technology library does not 
	have corresponding physical cell description. (PSYN-024)
Warning: The 'PBSD8' cell in the 'SP013D3_V1p2_typ' technology library is being 
	marked as "dont_use". (PSYN-039)
Warning: The 'PBSD8' cell in the 'SP013D3_V1p2_typ' technology library does not 
	have corresponding physical cell description. (PSYN-024)
Warning: The 'PBSDL12' cell in the 'SP013D3_V1p2_typ' technology library is being 
	marked as "dont_use". (PSYN-039)
Warning: The 'PBSDL12' cell in the 'SP013D3_V1p2_typ' technology library does not 
	have corresponding physical cell description. (PSYN-024)
Warning: The 'PBSDL16' cell in the 'SP013D3_V1p2_typ' technology library is being 
	marked as "dont_use". (PSYN-039)
Warning: The 'PBSDL16' cell in the 'SP013D3_V1p2_typ' technology library does not 
	have corresponding physical cell description. (PSYN-024)
Warning: The 'PBSDL24' cell in the 'SP013D3_V1p2_typ' technology library is being 
	marked as "dont_use". (PSYN-039)
Warning: The 'PBSDL24' cell in the 'SP013D3_V1p2_typ' technology library does not 
	have corresponding physical cell description. (PSYN-024)
Warning: The 'PBSDL8' cell in the 'SP013D3_V1p2_typ' technology library is being 
	marked as "dont_use". (PSYN-039)
Warning: The 'PBSDL8' cell in the 'SP013D3_V1p2_typ' technology library does not 
	have corresponding physical cell description. (PSYN-024)
Warning: The 'PBSL12' cell in the 'SP013D3_V1p2_typ' technology library is being 
	marked as "dont_use". (PSYN-039)
Warning: The 'PBSL12' cell in the 'SP013D3_V1p2_typ' technology library does not 
	have corresponding physical cell description. (PSYN-024)
Warning: The 'PBSL16' cell in the 'SP013D3_V1p2_typ' technology library is being 
	marked as "dont_use". (PSYN-039)
Warning: The 'PBSL16' cell in the 'SP013D3_V1p2_typ' technology library does not 
	have corresponding physical cell description. (PSYN-024)
Warning: The 'PBSL24' cell in the 'SP013D3_V1p2_typ' technology library is being 
	marked as "dont_use". (PSYN-039)
Warning: The 'PBSL24' cell in the 'SP013D3_V1p2_typ' technology library does not 
	have corresponding physical cell description. (PSYN-024)
Warning: The 'PBSL8' cell in the 'SP013D3_V1p2_typ' technology library is being 
	marked as "dont_use". (PSYN-039)
Warning: The 'PBSL8' cell in the 'SP013D3_V1p2_typ' technology library does not 
	have corresponding physical cell description. (PSYN-024)
Warning: The 'PBSU12' cell in the 'SP013D3_V1p2_typ' technology library is being 
	marked as "dont_use". (PSYN-039)
Warning: The 'PBSU12' cell in the 'SP013D3_V1p2_typ' technology library does not 
	have corresponding physical cell description. (PSYN-024)
Warning: The 'PBSU16' cell in the 'SP013D3_V1p2_typ' technology library is being 
	marked as "dont_use". (PSYN-039)
Warning: The 'PBSU16' cell in the 'SP013D3_V1p2_typ' technology library does not 
	have corresponding physical cell description. (PSYN-024)
Warning: The 'PBSU2' cell in the 'SP013D3_V1p2_typ' technology library is being 
	marked as "dont_use". (PSYN-039)
Warning: The 'PBSU2' cell in the 'SP013D3_V1p2_typ' technology library does not 
	have corresponding physical cell description. (PSYN-024)
Warning: The 'PBSU24' cell in the 'SP013D3_V1p2_typ' technology library is being 
	marked as "dont_use". (PSYN-039)
Warning: The 'PBSU24' cell in the 'SP013D3_V1p2_typ' technology library does not 
	have corresponding physical cell description. (PSYN-024)
Warning: The 'PBSU4' cell in the 'SP013D3_V1p2_typ' technology library is being 
	marked as "dont_use". (PSYN-039)
Warning: The 'PBSU4' cell in the 'SP013D3_V1p2_typ' technology library does not 
	have corresponding physical cell description. (PSYN-024)
Warning: The 'PBSU8' cell in the 'SP013D3_V1p2_typ' technology library is being 
	marked as "dont_use". (PSYN-039)
Warning: The 'PBSU8' cell in the 'SP013D3_V1p2_typ' technology library does not 
	have corresponding physical cell description. (PSYN-024)
Warning: The 'PBSUL12' cell in the 'SP013D3_V1p2_typ' technology library is being 
	marked as "dont_use". (PSYN-039)
Warning: The 'PBSUL12' cell in the 'SP013D3_V1p2_typ' technology library does not 
	have corresponding physical cell description. (PSYN-024)
Warning: The 'PBSUL16' cell in the 'SP013D3_V1p2_typ' technology library is being 
	marked as "dont_use". (PSYN-039)
Warning: The 'PBSUL16' cell in the 'SP013D3_V1p2_typ' technology library does not 
	have corresponding physical cell description. (PSYN-024)
Warning: The 'PBSUL24' cell in the 'SP013D3_V1p2_typ' technology library is being 
	marked as "dont_use". (PSYN-039)
Warning: The 'PBSUL24' cell in the 'SP013D3_V1p2_typ' technology library does not 
	have corresponding physical cell description. (PSYN-024)
Warning: The 'PBSUL8' cell in the 'SP013D3_V1p2_typ' technology library is being 
	marked as "dont_use". (PSYN-039)
Warning: The 'PBSUL8' cell in the 'SP013D3_V1p2_typ' technology library does not 
	have corresponding physical cell description. (PSYN-024)
Warning: The 'PBU12' cell in the 'SP013D3_V1p2_typ' technology library is being 
	marked as "dont_use". (PSYN-039)
Warning: The 'PBU12' cell in the 'SP013D3_V1p2_typ' technology library does not 
	have corresponding physical cell description. (PSYN-024)
Warning: The 'PBU16' cell in the 'SP013D3_V1p2_typ' technology library is being 
	marked as "dont_use". (PSYN-039)
Warning: The 'PBU16' cell in the 'SP013D3_V1p2_typ' technology library does not 
	have corresponding physical cell description. (PSYN-024)
Warning: The 'PBU2' cell in the 'SP013D3_V1p2_typ' technology library is being 
	marked as "dont_use". (PSYN-039)
Warning: The 'PBU2' cell in the 'SP013D3_V1p2_typ' technology library does not 
	have corresponding physical cell description. (PSYN-024)
Warning: The 'PBU24' cell in the 'SP013D3_V1p2_typ' technology library is being 
	marked as "dont_use". (PSYN-039)
Warning: The 'PBU24' cell in the 'SP013D3_V1p2_typ' technology library does not 
	have corresponding physical cell description. (PSYN-024)
Warning: The 'PBU4' cell in the 'SP013D3_V1p2_typ' technology library is being 
	marked as "dont_use". (PSYN-039)
Warning: The 'PBU4' cell in the 'SP013D3_V1p2_typ' technology library does not 
	have corresponding physical cell description. (PSYN-024)
Warning: The 'PBU8' cell in the 'SP013D3_V1p2_typ' technology library is being 
	marked as "dont_use". (PSYN-039)
Warning: The 'PBU8' cell in the 'SP013D3_V1p2_typ' technology library does not 
	have corresponding physical cell description. (PSYN-024)
Warning: The 'PBUL12' cell in the 'SP013D3_V1p2_typ' technology library is being 
	marked as "dont_use". (PSYN-039)
Warning: The 'PBUL12' cell in the 'SP013D3_V1p2_typ' technology library does not 
	have corresponding physical cell description. (PSYN-024)
Warning: The 'PBUL16' cell in the 'SP013D3_V1p2_typ' technology library is being 
	marked as "dont_use". (PSYN-039)
Warning: The 'PBUL16' cell in the 'SP013D3_V1p2_typ' technology library does not 
	have corresponding physical cell description. (PSYN-024)
Warning: The 'PBUL24' cell in the 'SP013D3_V1p2_typ' technology library is being 
	marked as "dont_use". (PSYN-039)
Warning: The 'PBUL24' cell in the 'SP013D3_V1p2_typ' technology library does not 
	have corresponding physical cell description. (PSYN-024)
Warning: The 'PBUL8' cell in the 'SP013D3_V1p2_typ' technology library is being 
	marked as "dont_use". (PSYN-039)
Warning: The 'PBUL8' cell in the 'SP013D3_V1p2_typ' technology library does not 
	have corresponding physical cell description. (PSYN-024)
Warning: The 'PI' cell in the 'SP013D3_V1p2_typ' technology library is being 
	marked as "dont_use". (PSYN-039)
Warning: The 'PI' cell in the 'SP013D3_V1p2_typ' technology library does not 
	have corresponding physical cell description. (PSYN-024)
Warning: The 'PICD' cell in the 'SP013D3_V1p2_typ' technology library is being 
	marked as "dont_use". (PSYN-039)
Warning: The 'PICD' cell in the 'SP013D3_V1p2_typ' technology library does not 
	have corresponding physical cell description. (PSYN-024)
Warning: The 'PICU' cell in the 'SP013D3_V1p2_typ' technology library is being 
	marked as "dont_use". (PSYN-039)
Warning: The 'PICU' cell in the 'SP013D3_V1p2_typ' technology library does not 
	have corresponding physical cell description. (PSYN-024)
Warning: The 'PID' cell in the 'SP013D3_V1p2_typ' technology library is being 
	marked as "dont_use". (PSYN-039)
Warning: The 'PID' cell in the 'SP013D3_V1p2_typ' technology library does not 
	have corresponding physical cell description. (PSYN-024)
Warning: The 'PIS' cell in the 'SP013D3_V1p2_typ' technology library is being 
	marked as "dont_use". (PSYN-039)
Warning: The 'PIS' cell in the 'SP013D3_V1p2_typ' technology library does not 
	have corresponding physical cell description. (PSYN-024)
Warning: The 'PISD' cell in the 'SP013D3_V1p2_typ' technology library is being 
	marked as "dont_use". (PSYN-039)
Warning: The 'PISD' cell in the 'SP013D3_V1p2_typ' technology library does not 
	have corresponding physical cell description. (PSYN-024)
Warning: The 'PISU' cell in the 'SP013D3_V1p2_typ' technology library is being 
	marked as "dont_use". (PSYN-039)
Warning: The 'PISU' cell in the 'SP013D3_V1p2_typ' technology library does not 
	have corresponding physical cell description. (PSYN-024)
Warning: The 'PIU' cell in the 'SP013D3_V1p2_typ' technology library is being 
	marked as "dont_use". (PSYN-039)
Warning: The 'PIU' cell in the 'SP013D3_V1p2_typ' technology library does not 
	have corresponding physical cell description. (PSYN-024)
Warning: The 'PO12' cell in the 'SP013D3_V1p2_typ' technology library is being 
	marked as "dont_use". (PSYN-039)
Warning: The 'PO12' cell in the 'SP013D3_V1p2_typ' technology library does not 
	have corresponding physical cell description. (PSYN-024)
Warning: The 'PO16' cell in the 'SP013D3_V1p2_typ' technology library is being 
	marked as "dont_use". (PSYN-039)
Warning: The 'PO16' cell in the 'SP013D3_V1p2_typ' technology library does not 
	have corresponding physical cell description. (PSYN-024)
Warning: The 'PO2' cell in the 'SP013D3_V1p2_typ' technology library is being 
	marked as "dont_use". (PSYN-039)
Warning: The 'PO2' cell in the 'SP013D3_V1p2_typ' technology library does not 
	have corresponding physical cell description. (PSYN-024)
Warning: The 'PO24' cell in the 'SP013D3_V1p2_typ' technology library is being 
	marked as "dont_use". (PSYN-039)
Warning: The 'PO24' cell in the 'SP013D3_V1p2_typ' technology library does not 
	have corresponding physical cell description. (PSYN-024)
Warning: The 'PO4' cell in the 'SP013D3_V1p2_typ' technology library is being 
	marked as "dont_use". (PSYN-039)
Warning: The 'PO4' cell in the 'SP013D3_V1p2_typ' technology library does not 
	have corresponding physical cell description. (PSYN-024)
Warning: The 'PO8' cell in the 'SP013D3_V1p2_typ' technology library is being 
	marked as "dont_use". (PSYN-039)
Warning: The 'PO8' cell in the 'SP013D3_V1p2_typ' technology library does not 
	have corresponding physical cell description. (PSYN-024)
Warning: The 'POL12' cell in the 'SP013D3_V1p2_typ' technology library is being 
	marked as "dont_use". (PSYN-039)
Warning: The 'POL12' cell in the 'SP013D3_V1p2_typ' technology library does not 
	have corresponding physical cell description. (PSYN-024)
Warning: The 'POL16' cell in the 'SP013D3_V1p2_typ' technology library is being 
	marked as "dont_use". (PSYN-039)
Warning: The 'POL16' cell in the 'SP013D3_V1p2_typ' technology library does not 
	have corresponding physical cell description. (PSYN-024)
Warning: The 'POL24' cell in the 'SP013D3_V1p2_typ' technology library is being 
	marked as "dont_use". (PSYN-039)
Warning: The 'POL24' cell in the 'SP013D3_V1p2_typ' technology library does not 
	have corresponding physical cell description. (PSYN-024)
Warning: The 'POL8' cell in the 'SP013D3_V1p2_typ' technology library is being 
	marked as "dont_use". (PSYN-039)
Warning: The 'POL8' cell in the 'SP013D3_V1p2_typ' technology library does not 
	have corresponding physical cell description. (PSYN-024)
Warning: The 'POT12' cell in the 'SP013D3_V1p2_typ' technology library is being 
	marked as "dont_use". (PSYN-039)
Warning: The 'POT12' cell in the 'SP013D3_V1p2_typ' technology library does not 
	have corresponding physical cell description. (PSYN-024)
Warning: The 'POT16' cell in the 'SP013D3_V1p2_typ' technology library is being 
	marked as "dont_use". (PSYN-039)
Warning: The 'POT16' cell in the 'SP013D3_V1p2_typ' technology library does not 
	have corresponding physical cell description. (PSYN-024)
Warning: The 'POT2' cell in the 'SP013D3_V1p2_typ' technology library is being 
	marked as "dont_use". (PSYN-039)
Warning: The 'POT2' cell in the 'SP013D3_V1p2_typ' technology library does not 
	have corresponding physical cell description. (PSYN-024)
Warning: The 'POT24' cell in the 'SP013D3_V1p2_typ' technology library is being 
	marked as "dont_use". (PSYN-039)
Warning: The 'POT24' cell in the 'SP013D3_V1p2_typ' technology library does not 
	have corresponding physical cell description. (PSYN-024)
Warning: The 'POT4' cell in the 'SP013D3_V1p2_typ' technology library is being 
	marked as "dont_use". (PSYN-039)
Warning: The 'POT4' cell in the 'SP013D3_V1p2_typ' technology library does not 
	have corresponding physical cell description. (PSYN-024)
Warning: The 'POT8' cell in the 'SP013D3_V1p2_typ' technology library is being 
	marked as "dont_use". (PSYN-039)
Warning: The 'POT8' cell in the 'SP013D3_V1p2_typ' technology library does not 
	have corresponding physical cell description. (PSYN-024)
Warning: The 'POTL12' cell in the 'SP013D3_V1p2_typ' technology library is being 
	marked as "dont_use". (PSYN-039)
Warning: The 'POTL12' cell in the 'SP013D3_V1p2_typ' technology library does not 
	have corresponding physical cell description. (PSYN-024)
Warning: The 'POTL16' cell in the 'SP013D3_V1p2_typ' technology library is being 
	marked as "dont_use". (PSYN-039)
Warning: The 'POTL16' cell in the 'SP013D3_V1p2_typ' technology library does not 
	have corresponding physical cell description. (PSYN-024)
Warning: The 'POTL24' cell in the 'SP013D3_V1p2_typ' technology library is being 
	marked as "dont_use". (PSYN-039)
Warning: The 'POTL24' cell in the 'SP013D3_V1p2_typ' technology library does not 
	have corresponding physical cell description. (PSYN-024)
Warning: The 'POTL8' cell in the 'SP013D3_V1p2_typ' technology library is being 
	marked as "dont_use". (PSYN-039)
Warning: The 'POTL8' cell in the 'SP013D3_V1p2_typ' technology library does not 
	have corresponding physical cell description. (PSYN-024)
Warning: The 'PX1' cell in the 'SP013D3_V1p2_typ' technology library is being 
	marked as "dont_use". (PSYN-039)
Warning: The 'PX1' cell in the 'SP013D3_V1p2_typ' technology library does not 
	have corresponding physical cell description. (PSYN-024)
Warning: The 'PX2' cell in the 'SP013D3_V1p2_typ' technology library is being 
	marked as "dont_use". (PSYN-039)
Warning: The 'PX2' cell in the 'SP013D3_V1p2_typ' technology library does not 
	have corresponding physical cell description. (PSYN-024)
Warning: The 'PX3' cell in the 'SP013D3_V1p2_typ' technology library is being 
	marked as "dont_use". (PSYN-039)
Warning: The 'PX3' cell in the 'SP013D3_V1p2_typ' technology library does not 
	have corresponding physical cell description. (PSYN-024)
Warning: The 'PXWE1' cell in the 'SP013D3_V1p2_typ' technology library is being 
	marked as "dont_use". (PSYN-039)
Warning: The 'PXWE1' cell in the 'SP013D3_V1p2_typ' technology library does not 
	have corresponding physical cell description. (PSYN-024)
Warning: The 'PXWE2' cell in the 'SP013D3_V1p2_typ' technology library is being 
	marked as "dont_use". (PSYN-039)
Warning: The 'PXWE2' cell in the 'SP013D3_V1p2_typ' technology library does not 
	have corresponding physical cell description. (PSYN-024)
Warning: The 'PXWE3' cell in the 'SP013D3_V1p2_typ' technology library is being 
	marked as "dont_use". (PSYN-039)
Warning: The 'PXWE3' cell in the 'SP013D3_V1p2_typ' technology library does not 
	have corresponding physical cell description. (PSYN-024)
Warning: The 'PCI3B' cell in the 'SP013D3_V1p2_typ' technology library is being 
	marked as "dont_use". (PSYN-039)
Warning: The 'PCI3B' cell in the 'SP013D3_V1p2_typ' technology library does not 
	have corresponding physical cell description. (PSYN-024)
Warning: The 'PCI3BS' cell in the 'SP013D3_V1p2_typ' technology library is being 
	marked as "dont_use". (PSYN-039)
Warning: The 'PCI3BS' cell in the 'SP013D3_V1p2_typ' technology library does not 
	have corresponding physical cell description. (PSYN-024)
Warning: The 'PCI6B' cell in the 'SP013D3_V1p2_typ' technology library is being 
	marked as "dont_use". (PSYN-039)
Warning: The 'PCI6B' cell in the 'SP013D3_V1p2_typ' technology library does not 
	have corresponding physical cell description. (PSYN-024)
Warning: The 'PCI6BS' cell in the 'SP013D3_V1p2_typ' technology library is being 
	marked as "dont_use". (PSYN-039)
Warning: The 'PCI6BS' cell in the 'SP013D3_V1p2_typ' technology library does not 
	have corresponding physical cell description. (PSYN-024)
Warning: The 'PANA3AP' cell in the 'SP013D3_V1p2_typ' technology library is being 
	marked as "dont_use". (PSYN-039)
Warning: The 'PANA3AP' cell in the 'SP013D3_V1p2_typ' technology library does not 
	have corresponding physical cell description. (PSYN-024)
Warning: The 'PANA1AP' cell in the 'SP013D3_V1p2_typ' technology library is being 
	marked as "dont_use". (PSYN-039)
Warning: The 'PANA1AP' cell in the 'SP013D3_V1p2_typ' technology library does not 
	have corresponding physical cell description. (PSYN-024)
Warning: The 'PANA1AP1' cell in the 'SP013D3_V1p2_typ' technology library is being 
	marked as "dont_use". (PSYN-039)
Warning: The 'PANA1AP1' cell in the 'SP013D3_V1p2_typ' technology library does not 
	have corresponding physical cell description. (PSYN-024)
Warning: The 'PANA2AP' cell in the 'SP013D3_V1p2_typ' technology library is being 
	marked as "dont_use". (PSYN-039)
Warning: The 'PANA2AP' cell in the 'SP013D3_V1p2_typ' technology library does not 
	have corresponding physical cell description. (PSYN-024)
Warning: The 'PANA2AP1' cell in the 'SP013D3_V1p2_typ' technology library is being 
	marked as "dont_use". (PSYN-039)
Warning: The 'PANA2AP1' cell in the 'SP013D3_V1p2_typ' technology library does not 
	have corresponding physical cell description. (PSYN-024)
Warning: The 'PANA4AP' cell in the 'SP013D3_V1p2_typ' technology library is being 
	marked as "dont_use". (PSYN-039)
Warning: The 'PANA4AP' cell in the 'SP013D3_V1p2_typ' technology library does not 
	have corresponding physical cell description. (PSYN-024)
Warning: The 'PDIODE' cell in the 'SP013D3_V1p2_typ' technology library is being 
	marked as "dont_use". (PSYN-039)
Warning: The 'PDIODE' cell in the 'SP013D3_V1p2_typ' technology library does not 
	have corresponding physical cell description. (PSYN-024)
Warning: The 'PDIODE8' cell in the 'SP013D3_V1p2_typ' technology library is being 
	marked as "dont_use". (PSYN-039)
Warning: The 'PDIODE8' cell in the 'SP013D3_V1p2_typ' technology library does not 
	have corresponding physical cell description. (PSYN-024)
Warning: The 'PVDD1' cell in the 'SP013D3_V1p2_typ' technology library is being 
	marked as "dont_use". (PSYN-039)
Warning: The 'PVDD1' cell in the 'SP013D3_V1p2_typ' technology library does not 
	have corresponding physical cell description. (PSYN-024)
Warning: The 'PVDD1AP' cell in the 'SP013D3_V1p2_typ' technology library is being 
	marked as "dont_use". (PSYN-039)
Warning: The 'PVDD1AP' cell in the 'SP013D3_V1p2_typ' technology library does not 
	have corresponding physical cell description. (PSYN-024)
Warning: The 'PVDD1AP1' cell in the 'SP013D3_V1p2_typ' technology library is being 
	marked as "dont_use". (PSYN-039)
Warning: The 'PVDD1AP1' cell in the 'SP013D3_V1p2_typ' technology library does not 
	have corresponding physical cell description. (PSYN-024)
Warning: The 'PVDD1ANP' cell in the 'SP013D3_V1p2_typ' technology library is being 
	marked as "dont_use". (PSYN-039)
Warning: The 'PVDD1ANP' cell in the 'SP013D3_V1p2_typ' technology library does not 
	have corresponding physical cell description. (PSYN-024)
Warning: The 'PVDD1CANP' cell in the 'SP013D3_V1p2_typ' technology library is being 
	marked as "dont_use". (PSYN-039)
Warning: The 'PVDD1CANP' cell in the 'SP013D3_V1p2_typ' technology library does not 
	have corresponding physical cell description. (PSYN-024)
Warning: The 'PVDD1CAP' cell in the 'SP013D3_V1p2_typ' technology library is being 
	marked as "dont_use". (PSYN-039)
Warning: The 'PVDD1CAP' cell in the 'SP013D3_V1p2_typ' technology library does not 
	have corresponding physical cell description. (PSYN-024)
Warning: The 'PVDD1CAP1' cell in the 'SP013D3_V1p2_typ' technology library is being 
	marked as "dont_use". (PSYN-039)
Warning: The 'PVDD1CAP1' cell in the 'SP013D3_V1p2_typ' technology library does not 
	have corresponding physical cell description. (PSYN-024)
Warning: The 'PVDD3AP' cell in the 'SP013D3_V1p2_typ' technology library is being 
	marked as "dont_use". (PSYN-039)
Warning: The 'PVDD3AP' cell in the 'SP013D3_V1p2_typ' technology library does not 
	have corresponding physical cell description. (PSYN-024)
Warning: The 'PVDD3CAP' cell in the 'SP013D3_V1p2_typ' technology library is being 
	marked as "dont_use". (PSYN-039)
Warning: The 'PVDD3CAP' cell in the 'SP013D3_V1p2_typ' technology library does not 
	have corresponding physical cell description. (PSYN-024)
Warning: The 'PVSS1' cell in the 'SP013D3_V1p2_typ' technology library is being 
	marked as "dont_use". (PSYN-039)
Warning: The 'PVSS1' cell in the 'SP013D3_V1p2_typ' technology library does not 
	have corresponding physical cell description. (PSYN-024)
Warning: The 'PVSS1AP' cell in the 'SP013D3_V1p2_typ' technology library is being 
	marked as "dont_use". (PSYN-039)
Warning: The 'PVSS1AP' cell in the 'SP013D3_V1p2_typ' technology library does not 
	have corresponding physical cell description. (PSYN-024)
Warning: The 'PVSS1AP1' cell in the 'SP013D3_V1p2_typ' technology library is being 
	marked as "dont_use". (PSYN-039)
Warning: The 'PVSS1AP1' cell in the 'SP013D3_V1p2_typ' technology library does not 
	have corresponding physical cell description. (PSYN-024)
Warning: The 'PVSS1CANP' cell in the 'SP013D3_V1p2_typ' technology library is being 
	marked as "dont_use". (PSYN-039)
Warning: The 'PVSS1CANP' cell in the 'SP013D3_V1p2_typ' technology library does not 
	have corresponding physical cell description. (PSYN-024)
Warning: The 'PVSS1CAP' cell in the 'SP013D3_V1p2_typ' technology library is being 
	marked as "dont_use". (PSYN-039)
Warning: The 'PVSS1CAP' cell in the 'SP013D3_V1p2_typ' technology library does not 
	have corresponding physical cell description. (PSYN-024)
Warning: The 'PVSS1ANP' cell in the 'SP013D3_V1p2_typ' technology library is being 
	marked as "dont_use". (PSYN-039)
Warning: The 'PVSS1ANP' cell in the 'SP013D3_V1p2_typ' technology library does not 
	have corresponding physical cell description. (PSYN-024)
Warning: The 'PVSS1CAP1' cell in the 'SP013D3_V1p2_typ' technology library is being 
	marked as "dont_use". (PSYN-039)
Warning: The 'PVSS1CAP1' cell in the 'SP013D3_V1p2_typ' technology library does not 
	have corresponding physical cell description. (PSYN-024)
Warning: The 'PVSS3' cell in the 'SP013D3_V1p2_typ' technology library is being 
	marked as "dont_use". (PSYN-039)
Warning: The 'PVSS3' cell in the 'SP013D3_V1p2_typ' technology library does not 
	have corresponding physical cell description. (PSYN-024)
Warning: The 'PVSS3AP' cell in the 'SP013D3_V1p2_typ' technology library is being 
	marked as "dont_use". (PSYN-039)
Warning: The 'PVSS3AP' cell in the 'SP013D3_V1p2_typ' technology library does not 
	have corresponding physical cell description. (PSYN-024)
Warning: The 'PVSS3CAP' cell in the 'SP013D3_V1p2_typ' technology library is being 
	marked as "dont_use". (PSYN-039)
Warning: The 'PVSS3CAP' cell in the 'SP013D3_V1p2_typ' technology library does not 
	have corresponding physical cell description. (PSYN-024)
Warning: The 'PVPP' cell in the 'SP013D3_V1p2_typ' technology library is being 
	marked as "dont_use". (PSYN-039)
Warning: The 'PVPP' cell in the 'SP013D3_V1p2_typ' technology library does not 
	have corresponding physical cell description. (PSYN-024)
Warning: The 'P1DIODE' cell in the 'SP013D3_V1p2_typ' technology library is being 
	marked as "dont_use". (PSYN-039)
Warning: The 'P1DIODE' cell in the 'SP013D3_V1p2_typ' technology library does not 
	have corresponding physical cell description. (PSYN-024)
Warning: The 'P1DIODE8' cell in the 'SP013D3_V1p2_typ' technology library is being 
	marked as "dont_use". (PSYN-039)
Warning: The 'P1DIODE8' cell in the 'SP013D3_V1p2_typ' technology library does not 
	have corresponding physical cell description. (PSYN-024)
Warning: The 'PVDD1CE' cell in the 'SP013D3_V1p2_typ' technology library is being 
	marked as "dont_use". (PSYN-039)
Warning: The 'PVDD1CE' cell in the 'SP013D3_V1p2_typ' technology library does not 
	have corresponding physical cell description. (PSYN-024)
Warning: Cell PVDD1CE has no orientation; check FRAM library library /home/eda/lib/smic/SP013D3_V1p4/apollo/SP013D3_V1p2_8MT cell symmetry.  (PSYN-650)
Warning: Cell PVDD1CE orientation is set to the default. (PSYN-651)
Warning: Cell P1DIODE8 has no orientation; check FRAM library library /home/eda/lib/smic/SP013D3_V1p4/apollo/SP013D3_V1p2_8MT cell symmetry.  (PSYN-650)
Warning: Cell P1DIODE8 orientation is set to the default. (PSYN-651)
Warning: Cell P1DIODE has no orientation; check FRAM library library /home/eda/lib/smic/SP013D3_V1p4/apollo/SP013D3_V1p2_8MT cell symmetry.  (PSYN-650)
Warning: Cell P1DIODE orientation is set to the default. (PSYN-651)
Warning: Cell PVPP has no orientation; check FRAM library library /home/eda/lib/smic/SP013D3_V1p4/apollo/SP013D3_V1p2_8MT cell symmetry.  (PSYN-650)
Warning: Cell PVPP orientation is set to the default. (PSYN-651)
Warning: Cell PVSS3CAP has no orientation; check FRAM library library /home/eda/lib/smic/SP013D3_V1p4/apollo/SP013D3_V1p2_8MT cell symmetry.  (PSYN-650)
Warning: Cell PVSS3CAP orientation is set to the default. (PSYN-651)
Warning: Cell PVSS3AP has no orientation; check FRAM library library /home/eda/lib/smic/SP013D3_V1p4/apollo/SP013D3_V1p2_8MT cell symmetry.  (PSYN-650)
Warning: Cell PVSS3AP orientation is set to the default. (PSYN-651)
Warning: Cell PVSS3 has no orientation; check FRAM library library /home/eda/lib/smic/SP013D3_V1p4/apollo/SP013D3_V1p2_8MT cell symmetry.  (PSYN-650)
Warning: Cell PVSS3 orientation is set to the default. (PSYN-651)
Warning: Cell PVSS1CAP1 has no orientation; check FRAM library library /home/eda/lib/smic/SP013D3_V1p4/apollo/SP013D3_V1p2_8MT cell symmetry.  (PSYN-650)
Warning: Cell PVSS1CAP1 orientation is set to the default. (PSYN-651)
Warning: Cell PVSS1ANP has no orientation; check FRAM library library /home/eda/lib/smic/SP013D3_V1p4/apollo/SP013D3_V1p2_8MT cell symmetry.  (PSYN-650)
Warning: Cell PVSS1ANP orientation is set to the default. (PSYN-651)
Warning: Cell PVSS1CAP has no orientation; check FRAM library library /home/eda/lib/smic/SP013D3_V1p4/apollo/SP013D3_V1p2_8MT cell symmetry.  (PSYN-650)
Warning: Cell PVSS1CAP orientation is set to the default. (PSYN-651)
Warning: Cell PVSS1CANP has no orientation; check FRAM library library /home/eda/lib/smic/SP013D3_V1p4/apollo/SP013D3_V1p2_8MT cell symmetry.  (PSYN-650)
Warning: Cell PVSS1CANP orientation is set to the default. (PSYN-651)
Warning: Cell PVSS1AP1 has no orientation; check FRAM library library /home/eda/lib/smic/SP013D3_V1p4/apollo/SP013D3_V1p2_8MT cell symmetry.  (PSYN-650)
Warning: Cell PVSS1AP1 orientation is set to the default. (PSYN-651)
Warning: Cell PVSS1AP has no orientation; check FRAM library library /home/eda/lib/smic/SP013D3_V1p4/apollo/SP013D3_V1p2_8MT cell symmetry.  (PSYN-650)
Warning: Cell PVSS1AP orientation is set to the default. (PSYN-651)
Warning: Cell PVSS1 has no orientation; check FRAM library library /home/eda/lib/smic/SP013D3_V1p4/apollo/SP013D3_V1p2_8MT cell symmetry.  (PSYN-650)
Warning: Cell PVSS1 orientation is set to the default. (PSYN-651)
Warning: Cell PVDD3CAP has no orientation; check FRAM library library /home/eda/lib/smic/SP013D3_V1p4/apollo/SP013D3_V1p2_8MT cell symmetry.  (PSYN-650)
Warning: Cell PVDD3CAP orientation is set to the default. (PSYN-651)
Warning: Cell PVDD3AP has no orientation; check FRAM library library /home/eda/lib/smic/SP013D3_V1p4/apollo/SP013D3_V1p2_8MT cell symmetry.  (PSYN-650)
Warning: Cell PVDD3AP orientation is set to the default. (PSYN-651)
Warning: Cell PVDD1CAP1 has no orientation; check FRAM library library /home/eda/lib/smic/SP013D3_V1p4/apollo/SP013D3_V1p2_8MT cell symmetry.  (PSYN-650)
Warning: Cell PVDD1CAP1 orientation is set to the default. (PSYN-651)
Warning: Cell PVDD1CAP has no orientation; check FRAM library library /home/eda/lib/smic/SP013D3_V1p4/apollo/SP013D3_V1p2_8MT cell symmetry.  (PSYN-650)
Warning: Cell PVDD1CAP orientation is set to the default. (PSYN-651)
Warning: Cell PVDD1CANP has no orientation; check FRAM library library /home/eda/lib/smic/SP013D3_V1p4/apollo/SP013D3_V1p2_8MT cell symmetry.  (PSYN-650)
Warning: Cell PVDD1CANP orientation is set to the default. (PSYN-651)
Warning: Cell PVDD1ANP has no orientation; check FRAM library library /home/eda/lib/smic/SP013D3_V1p4/apollo/SP013D3_V1p2_8MT cell symmetry.  (PSYN-650)
Warning: Cell PVDD1ANP orientation is set to the default. (PSYN-651)
Warning: Cell PVDD1AP1 has no orientation; check FRAM library library /home/eda/lib/smic/SP013D3_V1p4/apollo/SP013D3_V1p2_8MT cell symmetry.  (PSYN-650)
Warning: Cell PVDD1AP1 orientation is set to the default. (PSYN-651)
Warning: Cell PVDD1AP has no orientation; check FRAM library library /home/eda/lib/smic/SP013D3_V1p4/apollo/SP013D3_V1p2_8MT cell symmetry.  (PSYN-650)
Warning: Cell PVDD1AP orientation is set to the default. (PSYN-651)
Warning: Cell PVDD1 has no orientation; check FRAM library library /home/eda/lib/smic/SP013D3_V1p4/apollo/SP013D3_V1p2_8MT cell symmetry.  (PSYN-650)
Warning: Cell PVDD1 orientation is set to the default. (PSYN-651)
Warning: Cell PDIODE8 has no orientation; check FRAM library library /home/eda/lib/smic/SP013D3_V1p4/apollo/SP013D3_V1p2_8MT cell symmetry.  (PSYN-650)
Warning: Cell PDIODE8 orientation is set to the default. (PSYN-651)
Warning: Cell PDIODE has no orientation; check FRAM library library /home/eda/lib/smic/SP013D3_V1p4/apollo/SP013D3_V1p2_8MT cell symmetry.  (PSYN-650)
Warning: Cell PDIODE orientation is set to the default. (PSYN-651)
Warning: Cell PANA4AP has no orientation; check FRAM library library /home/eda/lib/smic/SP013D3_V1p4/apollo/SP013D3_V1p2_8MT cell symmetry.  (PSYN-650)
Warning: Cell PANA4AP orientation is set to the default. (PSYN-651)
Warning: Cell PANA2AP1 has no orientation; check FRAM library library /home/eda/lib/smic/SP013D3_V1p4/apollo/SP013D3_V1p2_8MT cell symmetry.  (PSYN-650)
Warning: Cell PANA2AP1 orientation is set to the default. (PSYN-651)
Warning: Cell PANA2AP has no orientation; check FRAM library library /home/eda/lib/smic/SP013D3_V1p4/apollo/SP013D3_V1p2_8MT cell symmetry.  (PSYN-650)
Warning: Cell PANA2AP orientation is set to the default. (PSYN-651)
Warning: Cell PANA1AP1 has no orientation; check FRAM library library /home/eda/lib/smic/SP013D3_V1p4/apollo/SP013D3_V1p2_8MT cell symmetry.  (PSYN-650)
Warning: Cell PANA1AP1 orientation is set to the default. (PSYN-651)
Warning: Cell PANA1AP has no orientation; check FRAM library library /home/eda/lib/smic/SP013D3_V1p4/apollo/SP013D3_V1p2_8MT cell symmetry.  (PSYN-650)
Warning: Cell PANA1AP orientation is set to the default. (PSYN-651)
Warning: Cell PANA3AP has no orientation; check FRAM library library /home/eda/lib/smic/SP013D3_V1p4/apollo/SP013D3_V1p2_8MT cell symmetry.  (PSYN-650)
Warning: Cell PANA3AP orientation is set to the default. (PSYN-651)
Warning: Cell PCI6BS has no orientation; check FRAM library library /home/eda/lib/smic/SP013D3_V1p4/apollo/SP013D3_V1p2_8MT cell symmetry.  (PSYN-650)
Warning: Cell PCI6BS orientation is set to the default. (PSYN-651)
Warning: Cell PCI6B has no orientation; check FRAM library library /home/eda/lib/smic/SP013D3_V1p4/apollo/SP013D3_V1p2_8MT cell symmetry.  (PSYN-650)
Warning: Cell PCI6B orientation is set to the default. (PSYN-651)
Warning: Cell PCI3BS has no orientation; check FRAM library library /home/eda/lib/smic/SP013D3_V1p4/apollo/SP013D3_V1p2_8MT cell symmetry.  (PSYN-650)
Warning: Cell PCI3BS orientation is set to the default. (PSYN-651)
Warning: Cell PCI3B has no orientation; check FRAM library library /home/eda/lib/smic/SP013D3_V1p4/apollo/SP013D3_V1p2_8MT cell symmetry.  (PSYN-650)
Warning: Cell PCI3B orientation is set to the default. (PSYN-651)
Warning: Cell PXWE3 has no orientation; check FRAM library library /home/eda/lib/smic/SP013D3_V1p4/apollo/SP013D3_V1p2_8MT cell symmetry.  (PSYN-650)
Warning: Cell PXWE3 orientation is set to the default. (PSYN-651)
Warning: Cell PXWE2 has no orientation; check FRAM library library /home/eda/lib/smic/SP013D3_V1p4/apollo/SP013D3_V1p2_8MT cell symmetry.  (PSYN-650)
Warning: Cell PXWE2 orientation is set to the default. (PSYN-651)
Warning: Cell PXWE1 has no orientation; check FRAM library library /home/eda/lib/smic/SP013D3_V1p4/apollo/SP013D3_V1p2_8MT cell symmetry.  (PSYN-650)
Warning: Cell PXWE1 orientation is set to the default. (PSYN-651)
Warning: Cell PX3 has no orientation; check FRAM library library /home/eda/lib/smic/SP013D3_V1p4/apollo/SP013D3_V1p2_8MT cell symmetry.  (PSYN-650)
Warning: Cell PX3 orientation is set to the default. (PSYN-651)
Warning: Cell PX2 has no orientation; check FRAM library library /home/eda/lib/smic/SP013D3_V1p4/apollo/SP013D3_V1p2_8MT cell symmetry.  (PSYN-650)
Warning: Cell PX2 orientation is set to the default. (PSYN-651)
Warning: Cell PX1 has no orientation; check FRAM library library /home/eda/lib/smic/SP013D3_V1p4/apollo/SP013D3_V1p2_8MT cell symmetry.  (PSYN-650)
Warning: Cell PX1 orientation is set to the default. (PSYN-651)
Warning: Cell POTL8 has no orientation; check FRAM library library /home/eda/lib/smic/SP013D3_V1p4/apollo/SP013D3_V1p2_8MT cell symmetry.  (PSYN-650)
Warning: Cell POTL8 orientation is set to the default. (PSYN-651)
Warning: Cell POTL24 has no orientation; check FRAM library library /home/eda/lib/smic/SP013D3_V1p4/apollo/SP013D3_V1p2_8MT cell symmetry.  (PSYN-650)
Warning: Cell POTL24 orientation is set to the default. (PSYN-651)
Warning: Cell POTL16 has no orientation; check FRAM library library /home/eda/lib/smic/SP013D3_V1p4/apollo/SP013D3_V1p2_8MT cell symmetry.  (PSYN-650)
Warning: Cell POTL16 orientation is set to the default. (PSYN-651)
Warning: Cell POTL12 has no orientation; check FRAM library library /home/eda/lib/smic/SP013D3_V1p4/apollo/SP013D3_V1p2_8MT cell symmetry.  (PSYN-650)
Warning: Cell POTL12 orientation is set to the default. (PSYN-651)
Warning: Cell POT8 has no orientation; check FRAM library library /home/eda/lib/smic/SP013D3_V1p4/apollo/SP013D3_V1p2_8MT cell symmetry.  (PSYN-650)
Warning: Cell POT8 orientation is set to the default. (PSYN-651)
Warning: Cell POT4 has no orientation; check FRAM library library /home/eda/lib/smic/SP013D3_V1p4/apollo/SP013D3_V1p2_8MT cell symmetry.  (PSYN-650)
Warning: Cell POT4 orientation is set to the default. (PSYN-651)
Warning: Cell POT24 has no orientation; check FRAM library library /home/eda/lib/smic/SP013D3_V1p4/apollo/SP013D3_V1p2_8MT cell symmetry.  (PSYN-650)
Warning: Cell POT24 orientation is set to the default. (PSYN-651)
Warning: Cell POT2 has no orientation; check FRAM library library /home/eda/lib/smic/SP013D3_V1p4/apollo/SP013D3_V1p2_8MT cell symmetry.  (PSYN-650)
Warning: Cell POT2 orientation is set to the default. (PSYN-651)
Warning: Cell POT16 has no orientation; check FRAM library library /home/eda/lib/smic/SP013D3_V1p4/apollo/SP013D3_V1p2_8MT cell symmetry.  (PSYN-650)
Warning: Cell POT16 orientation is set to the default. (PSYN-651)
Warning: Cell POT12 has no orientation; check FRAM library library /home/eda/lib/smic/SP013D3_V1p4/apollo/SP013D3_V1p2_8MT cell symmetry.  (PSYN-650)
Warning: Cell POT12 orientation is set to the default. (PSYN-651)
Warning: Cell POL8 has no orientation; check FRAM library library /home/eda/lib/smic/SP013D3_V1p4/apollo/SP013D3_V1p2_8MT cell symmetry.  (PSYN-650)
Warning: Cell POL8 orientation is set to the default. (PSYN-651)
Warning: Cell POL24 has no orientation; check FRAM library library /home/eda/lib/smic/SP013D3_V1p4/apollo/SP013D3_V1p2_8MT cell symmetry.  (PSYN-650)
Warning: Cell POL24 orientation is set to the default. (PSYN-651)
Warning: Cell POL16 has no orientation; check FRAM library library /home/eda/lib/smic/SP013D3_V1p4/apollo/SP013D3_V1p2_8MT cell symmetry.  (PSYN-650)
Warning: Cell POL16 orientation is set to the default. (PSYN-651)
Warning: Cell POL12 has no orientation; check FRAM library library /home/eda/lib/smic/SP013D3_V1p4/apollo/SP013D3_V1p2_8MT cell symmetry.  (PSYN-650)
Warning: Cell POL12 orientation is set to the default. (PSYN-651)
Warning: Cell PO8 has no orientation; check FRAM library library /home/eda/lib/smic/SP013D3_V1p4/apollo/SP013D3_V1p2_8MT cell symmetry.  (PSYN-650)
Warning: Cell PO8 orientation is set to the default. (PSYN-651)
Warning: Cell PO4 has no orientation; check FRAM library library /home/eda/lib/smic/SP013D3_V1p4/apollo/SP013D3_V1p2_8MT cell symmetry.  (PSYN-650)
Warning: Cell PO4 orientation is set to the default. (PSYN-651)
Warning: Cell PO24 has no orientation; check FRAM library library /home/eda/lib/smic/SP013D3_V1p4/apollo/SP013D3_V1p2_8MT cell symmetry.  (PSYN-650)
Warning: Cell PO24 orientation is set to the default. (PSYN-651)
Warning: Cell PO2 has no orientation; check FRAM library library /home/eda/lib/smic/SP013D3_V1p4/apollo/SP013D3_V1p2_8MT cell symmetry.  (PSYN-650)
Warning: Cell PO2 orientation is set to the default. (PSYN-651)
Warning: Cell PO16 has no orientation; check FRAM library library /home/eda/lib/smic/SP013D3_V1p4/apollo/SP013D3_V1p2_8MT cell symmetry.  (PSYN-650)
Warning: Cell PO16 orientation is set to the default. (PSYN-651)
Warning: Cell PO12 has no orientation; check FRAM library library /home/eda/lib/smic/SP013D3_V1p4/apollo/SP013D3_V1p2_8MT cell symmetry.  (PSYN-650)
Warning: Cell PO12 orientation is set to the default. (PSYN-651)
Warning: Cell PIU has no orientation; check FRAM library library /home/eda/lib/smic/SP013D3_V1p4/apollo/SP013D3_V1p2_8MT cell symmetry.  (PSYN-650)
Warning: Cell PIU orientation is set to the default. (PSYN-651)
Warning: Cell PISU has no orientation; check FRAM library library /home/eda/lib/smic/SP013D3_V1p4/apollo/SP013D3_V1p2_8MT cell symmetry.  (PSYN-650)
Warning: Cell PISU orientation is set to the default. (PSYN-651)
Warning: Cell PISD has no orientation; check FRAM library library /home/eda/lib/smic/SP013D3_V1p4/apollo/SP013D3_V1p2_8MT cell symmetry.  (PSYN-650)
Warning: Cell PISD orientation is set to the default. (PSYN-651)
Warning: Cell PIS has no orientation; check FRAM library library /home/eda/lib/smic/SP013D3_V1p4/apollo/SP013D3_V1p2_8MT cell symmetry.  (PSYN-650)
Warning: Cell PIS orientation is set to the default. (PSYN-651)
Warning: Cell PID has no orientation; check FRAM library library /home/eda/lib/smic/SP013D3_V1p4/apollo/SP013D3_V1p2_8MT cell symmetry.  (PSYN-650)
Warning: Cell PID orientation is set to the default. (PSYN-651)
Warning: Cell PICU has no orientation; check FRAM library library /home/eda/lib/smic/SP013D3_V1p4/apollo/SP013D3_V1p2_8MT cell symmetry.  (PSYN-650)
Warning: Cell PICU orientation is set to the default. (PSYN-651)
Warning: Cell PICD has no orientation; check FRAM library library /home/eda/lib/smic/SP013D3_V1p4/apollo/SP013D3_V1p2_8MT cell symmetry.  (PSYN-650)
Warning: Cell PICD orientation is set to the default. (PSYN-651)
Warning: Cell PI has no orientation; check FRAM library library /home/eda/lib/smic/SP013D3_V1p4/apollo/SP013D3_V1p2_8MT cell symmetry.  (PSYN-650)
Warning: Cell PI orientation is set to the default. (PSYN-651)
Warning: Cell PBUL8 has no orientation; check FRAM library library /home/eda/lib/smic/SP013D3_V1p4/apollo/SP013D3_V1p2_8MT cell symmetry.  (PSYN-650)
Warning: Cell PBUL8 orientation is set to the default. (PSYN-651)
Warning: Cell PBUL24 has no orientation; check FRAM library library /home/eda/lib/smic/SP013D3_V1p4/apollo/SP013D3_V1p2_8MT cell symmetry.  (PSYN-650)
Warning: Cell PBUL24 orientation is set to the default. (PSYN-651)
Warning: Cell PBUL16 has no orientation; check FRAM library library /home/eda/lib/smic/SP013D3_V1p4/apollo/SP013D3_V1p2_8MT cell symmetry.  (PSYN-650)
Warning: Cell PBUL16 orientation is set to the default. (PSYN-651)
Warning: Cell PBUL12 has no orientation; check FRAM library library /home/eda/lib/smic/SP013D3_V1p4/apollo/SP013D3_V1p2_8MT cell symmetry.  (PSYN-650)
Warning: Cell PBUL12 orientation is set to the default. (PSYN-651)
Warning: Cell PBU8 has no orientation; check FRAM library library /home/eda/lib/smic/SP013D3_V1p4/apollo/SP013D3_V1p2_8MT cell symmetry.  (PSYN-650)
Warning: Cell PBU8 orientation is set to the default. (PSYN-651)
Warning: Cell PBU4 has no orientation; check FRAM library library /home/eda/lib/smic/SP013D3_V1p4/apollo/SP013D3_V1p2_8MT cell symmetry.  (PSYN-650)
Warning: Cell PBU4 orientation is set to the default. (PSYN-651)
Warning: Cell PBU24 has no orientation; check FRAM library library /home/eda/lib/smic/SP013D3_V1p4/apollo/SP013D3_V1p2_8MT cell symmetry.  (PSYN-650)
Warning: Cell PBU24 orientation is set to the default. (PSYN-651)
Warning: Cell PBU2 has no orientation; check FRAM library library /home/eda/lib/smic/SP013D3_V1p4/apollo/SP013D3_V1p2_8MT cell symmetry.  (PSYN-650)
Warning: Cell PBU2 orientation is set to the default. (PSYN-651)
Warning: Cell PBU16 has no orientation; check FRAM library library /home/eda/lib/smic/SP013D3_V1p4/apollo/SP013D3_V1p2_8MT cell symmetry.  (PSYN-650)
Warning: Cell PBU16 orientation is set to the default. (PSYN-651)
Warning: Cell PBU12 has no orientation; check FRAM library library /home/eda/lib/smic/SP013D3_V1p4/apollo/SP013D3_V1p2_8MT cell symmetry.  (PSYN-650)
Warning: Cell PBU12 orientation is set to the default. (PSYN-651)
Warning: Cell PBSUL8 has no orientation; check FRAM library library /home/eda/lib/smic/SP013D3_V1p4/apollo/SP013D3_V1p2_8MT cell symmetry.  (PSYN-650)
Warning: Cell PBSUL8 orientation is set to the default. (PSYN-651)
Warning: Cell PBSUL24 has no orientation; check FRAM library library /home/eda/lib/smic/SP013D3_V1p4/apollo/SP013D3_V1p2_8MT cell symmetry.  (PSYN-650)
Warning: Cell PBSUL24 orientation is set to the default. (PSYN-651)
Warning: Cell PBSUL16 has no orientation; check FRAM library library /home/eda/lib/smic/SP013D3_V1p4/apollo/SP013D3_V1p2_8MT cell symmetry.  (PSYN-650)
Warning: Cell PBSUL16 orientation is set to the default. (PSYN-651)
Warning: Cell PBSUL12 has no orientation; check FRAM library library /home/eda/lib/smic/SP013D3_V1p4/apollo/SP013D3_V1p2_8MT cell symmetry.  (PSYN-650)
Warning: Cell PBSUL12 orientation is set to the default. (PSYN-651)
Warning: Cell PBSU8 has no orientation; check FRAM library library /home/eda/lib/smic/SP013D3_V1p4/apollo/SP013D3_V1p2_8MT cell symmetry.  (PSYN-650)
Warning: Cell PBSU8 orientation is set to the default. (PSYN-651)
Warning: Cell PBSU4 has no orientation; check FRAM library library /home/eda/lib/smic/SP013D3_V1p4/apollo/SP013D3_V1p2_8MT cell symmetry.  (PSYN-650)
Warning: Cell PBSU4 orientation is set to the default. (PSYN-651)
Warning: Cell PBSU24 has no orientation; check FRAM library library /home/eda/lib/smic/SP013D3_V1p4/apollo/SP013D3_V1p2_8MT cell symmetry.  (PSYN-650)
Warning: Cell PBSU24 orientation is set to the default. (PSYN-651)
Warning: Cell PBSU2 has no orientation; check FRAM library library /home/eda/lib/smic/SP013D3_V1p4/apollo/SP013D3_V1p2_8MT cell symmetry.  (PSYN-650)
Warning: Cell PBSU2 orientation is set to the default. (PSYN-651)
Warning: Cell PBSU16 has no orientation; check FRAM library library /home/eda/lib/smic/SP013D3_V1p4/apollo/SP013D3_V1p2_8MT cell symmetry.  (PSYN-650)
Warning: Cell PBSU16 orientation is set to the default. (PSYN-651)
Warning: Cell PBSU12 has no orientation; check FRAM library library /home/eda/lib/smic/SP013D3_V1p4/apollo/SP013D3_V1p2_8MT cell symmetry.  (PSYN-650)
Warning: Cell PBSU12 orientation is set to the default. (PSYN-651)
Warning: Cell PBSL8 has no orientation; check FRAM library library /home/eda/lib/smic/SP013D3_V1p4/apollo/SP013D3_V1p2_8MT cell symmetry.  (PSYN-650)
Warning: Cell PBSL8 orientation is set to the default. (PSYN-651)
Warning: Cell PBSL24 has no orientation; check FRAM library library /home/eda/lib/smic/SP013D3_V1p4/apollo/SP013D3_V1p2_8MT cell symmetry.  (PSYN-650)
Warning: Cell PBSL24 orientation is set to the default. (PSYN-651)
Warning: Cell PBSL16 has no orientation; check FRAM library library /home/eda/lib/smic/SP013D3_V1p4/apollo/SP013D3_V1p2_8MT cell symmetry.  (PSYN-650)
Warning: Cell PBSL16 orientation is set to the default. (PSYN-651)
Warning: Cell PBSL12 has no orientation; check FRAM library library /home/eda/lib/smic/SP013D3_V1p4/apollo/SP013D3_V1p2_8MT cell symmetry.  (PSYN-650)
Warning: Cell PBSL12 orientation is set to the default. (PSYN-651)
Warning: Cell PBSDL8 has no orientation; check FRAM library library /home/eda/lib/smic/SP013D3_V1p4/apollo/SP013D3_V1p2_8MT cell symmetry.  (PSYN-650)
Warning: Cell PBSDL8 orientation is set to the default. (PSYN-651)
Warning: Cell PBSDL24 has no orientation; check FRAM library library /home/eda/lib/smic/SP013D3_V1p4/apollo/SP013D3_V1p2_8MT cell symmetry.  (PSYN-650)
Warning: Cell PBSDL24 orientation is set to the default. (PSYN-651)
Warning: Cell PBSDL16 has no orientation; check FRAM library library /home/eda/lib/smic/SP013D3_V1p4/apollo/SP013D3_V1p2_8MT cell symmetry.  (PSYN-650)
Warning: Cell PBSDL16 orientation is set to the default. (PSYN-651)
Warning: Cell PBSDL12 has no orientation; check FRAM library library /home/eda/lib/smic/SP013D3_V1p4/apollo/SP013D3_V1p2_8MT cell symmetry.  (PSYN-650)
Warning: Cell PBSDL12 orientation is set to the default. (PSYN-651)
Warning: Cell PBSD8 has no orientation; check FRAM library library /home/eda/lib/smic/SP013D3_V1p4/apollo/SP013D3_V1p2_8MT cell symmetry.  (PSYN-650)
Warning: Cell PBSD8 orientation is set to the default. (PSYN-651)
Warning: Cell PBSD4 has no orientation; check FRAM library library /home/eda/lib/smic/SP013D3_V1p4/apollo/SP013D3_V1p2_8MT cell symmetry.  (PSYN-650)
Warning: Cell PBSD4 orientation is set to the default. (PSYN-651)
Warning: Cell PBSD24 has no orientation; check FRAM library library /home/eda/lib/smic/SP013D3_V1p4/apollo/SP013D3_V1p2_8MT cell symmetry.  (PSYN-650)
Warning: Cell PBSD24 orientation is set to the default. (PSYN-651)
Warning: Cell PBSD2 has no orientation; check FRAM library library /home/eda/lib/smic/SP013D3_V1p4/apollo/SP013D3_V1p2_8MT cell symmetry.  (PSYN-650)
Warning: Cell PBSD2 orientation is set to the default. (PSYN-651)
Warning: Cell PBSD16 has no orientation; check FRAM library library /home/eda/lib/smic/SP013D3_V1p4/apollo/SP013D3_V1p2_8MT cell symmetry.  (PSYN-650)
Warning: Cell PBSD16 orientation is set to the default. (PSYN-651)
Warning: Cell PBSD12 has no orientation; check FRAM library library /home/eda/lib/smic/SP013D3_V1p4/apollo/SP013D3_V1p2_8MT cell symmetry.  (PSYN-650)
Warning: Cell PBSD12 orientation is set to the default. (PSYN-651)
Warning: Cell PBS8 has no orientation; check FRAM library library /home/eda/lib/smic/SP013D3_V1p4/apollo/SP013D3_V1p2_8MT cell symmetry.  (PSYN-650)
Warning: Cell PBS8 orientation is set to the default. (PSYN-651)
Warning: Cell PBS4 has no orientation; check FRAM library library /home/eda/lib/smic/SP013D3_V1p4/apollo/SP013D3_V1p2_8MT cell symmetry.  (PSYN-650)
Warning: Cell PBS4 orientation is set to the default. (PSYN-651)
Warning: Cell PBS24 has no orientation; check FRAM library library /home/eda/lib/smic/SP013D3_V1p4/apollo/SP013D3_V1p2_8MT cell symmetry.  (PSYN-650)
Warning: Cell PBS24 orientation is set to the default. (PSYN-651)
Warning: Cell PBS2 has no orientation; check FRAM library library /home/eda/lib/smic/SP013D3_V1p4/apollo/SP013D3_V1p2_8MT cell symmetry.  (PSYN-650)
Warning: Cell PBS2 orientation is set to the default. (PSYN-651)
Warning: Cell PBS16 has no orientation; check FRAM library library /home/eda/lib/smic/SP013D3_V1p4/apollo/SP013D3_V1p2_8MT cell symmetry.  (PSYN-650)
Warning: Cell PBS16 orientation is set to the default. (PSYN-651)
Warning: Cell PBS12 has no orientation; check FRAM library library /home/eda/lib/smic/SP013D3_V1p4/apollo/SP013D3_V1p2_8MT cell symmetry.  (PSYN-650)
Warning: Cell PBS12 orientation is set to the default. (PSYN-651)
Warning: Cell PBL8 has no orientation; check FRAM library library /home/eda/lib/smic/SP013D3_V1p4/apollo/SP013D3_V1p2_8MT cell symmetry.  (PSYN-650)
Warning: Cell PBL8 orientation is set to the default. (PSYN-651)
Warning: Cell PBL24 has no orientation; check FRAM library library /home/eda/lib/smic/SP013D3_V1p4/apollo/SP013D3_V1p2_8MT cell symmetry.  (PSYN-650)
Warning: Cell PBL24 orientation is set to the default. (PSYN-651)
Warning: Cell PBL16 has no orientation; check FRAM library library /home/eda/lib/smic/SP013D3_V1p4/apollo/SP013D3_V1p2_8MT cell symmetry.  (PSYN-650)
Warning: Cell PBL16 orientation is set to the default. (PSYN-651)
Warning: Cell PBL12 has no orientation; check FRAM library library /home/eda/lib/smic/SP013D3_V1p4/apollo/SP013D3_V1p2_8MT cell symmetry.  (PSYN-650)
Warning: Cell PBL12 orientation is set to the default. (PSYN-651)
Warning: Cell PBDL8 has no orientation; check FRAM library library /home/eda/lib/smic/SP013D3_V1p4/apollo/SP013D3_V1p2_8MT cell symmetry.  (PSYN-650)
Warning: Cell PBDL8 orientation is set to the default. (PSYN-651)
Warning: Cell PBDL24 has no orientation; check FRAM library library /home/eda/lib/smic/SP013D3_V1p4/apollo/SP013D3_V1p2_8MT cell symmetry.  (PSYN-650)
Warning: Cell PBDL24 orientation is set to the default. (PSYN-651)
Warning: Cell PBDL16 has no orientation; check FRAM library library /home/eda/lib/smic/SP013D3_V1p4/apollo/SP013D3_V1p2_8MT cell symmetry.  (PSYN-650)
Warning: Cell PBDL16 orientation is set to the default. (PSYN-651)
Warning: Cell PBDL12 has no orientation; check FRAM library library /home/eda/lib/smic/SP013D3_V1p4/apollo/SP013D3_V1p2_8MT cell symmetry.  (PSYN-650)
Warning: Cell PBDL12 orientation is set to the default. (PSYN-651)
Warning: Cell PBD8 has no orientation; check FRAM library library /home/eda/lib/smic/SP013D3_V1p4/apollo/SP013D3_V1p2_8MT cell symmetry.  (PSYN-650)
Warning: Cell PBD8 orientation is set to the default. (PSYN-651)
Warning: Cell PBD4 has no orientation; check FRAM library library /home/eda/lib/smic/SP013D3_V1p4/apollo/SP013D3_V1p2_8MT cell symmetry.  (PSYN-650)
Warning: Cell PBD4 orientation is set to the default. (PSYN-651)
Warning: Cell PBD24 has no orientation; check FRAM library library /home/eda/lib/smic/SP013D3_V1p4/apollo/SP013D3_V1p2_8MT cell symmetry.  (PSYN-650)
Warning: Cell PBD24 orientation is set to the default. (PSYN-651)
Warning: Cell PBD2 has no orientation; check FRAM library library /home/eda/lib/smic/SP013D3_V1p4/apollo/SP013D3_V1p2_8MT cell symmetry.  (PSYN-650)
Warning: Cell PBD2 orientation is set to the default. (PSYN-651)
Warning: Cell PBD16 has no orientation; check FRAM library library /home/eda/lib/smic/SP013D3_V1p4/apollo/SP013D3_V1p2_8MT cell symmetry.  (PSYN-650)
Warning: Cell PBD16 orientation is set to the default. (PSYN-651)
Warning: Cell PBD12 has no orientation; check FRAM library library /home/eda/lib/smic/SP013D3_V1p4/apollo/SP013D3_V1p2_8MT cell symmetry.  (PSYN-650)
Warning: Cell PBD12 orientation is set to the default. (PSYN-651)
Warning: Cell PBCUL8 has no orientation; check FRAM library library /home/eda/lib/smic/SP013D3_V1p4/apollo/SP013D3_V1p2_8MT cell symmetry.  (PSYN-650)
Warning: Cell PBCUL8 orientation is set to the default. (PSYN-651)
Warning: Cell PBCUL24 has no orientation; check FRAM library library /home/eda/lib/smic/SP013D3_V1p4/apollo/SP013D3_V1p2_8MT cell symmetry.  (PSYN-650)
Warning: Cell PBCUL24 orientation is set to the default. (PSYN-651)
Warning: Cell PBCUL16 has no orientation; check FRAM library library /home/eda/lib/smic/SP013D3_V1p4/apollo/SP013D3_V1p2_8MT cell symmetry.  (PSYN-650)
Warning: Cell PBCUL16 orientation is set to the default. (PSYN-651)
Warning: Cell PBCUL12 has no orientation; check FRAM library library /home/eda/lib/smic/SP013D3_V1p4/apollo/SP013D3_V1p2_8MT cell symmetry.  (PSYN-650)
Warning: Cell PBCUL12 orientation is set to the default. (PSYN-651)
Warning: Cell PBCU8 has no orientation; check FRAM library library /home/eda/lib/smic/SP013D3_V1p4/apollo/SP013D3_V1p2_8MT cell symmetry.  (PSYN-650)
Warning: Cell PBCU8 orientation is set to the default. (PSYN-651)
Warning: Cell PBCU4 has no orientation; check FRAM library library /home/eda/lib/smic/SP013D3_V1p4/apollo/SP013D3_V1p2_8MT cell symmetry.  (PSYN-650)
Warning: Cell PBCU4 orientation is set to the default. (PSYN-651)
Warning: Cell PBCU24 has no orientation; check FRAM library library /home/eda/lib/smic/SP013D3_V1p4/apollo/SP013D3_V1p2_8MT cell symmetry.  (PSYN-650)
Warning: Cell PBCU24 orientation is set to the default. (PSYN-651)
Warning: Cell PBCU2 has no orientation; check FRAM library library /home/eda/lib/smic/SP013D3_V1p4/apollo/SP013D3_V1p2_8MT cell symmetry.  (PSYN-650)
Warning: Cell PBCU2 orientation is set to the default. (PSYN-651)
Warning: Cell PBCU16 has no orientation; check FRAM library library /home/eda/lib/smic/SP013D3_V1p4/apollo/SP013D3_V1p2_8MT cell symmetry.  (PSYN-650)
Warning: Cell PBCU16 orientation is set to the default. (PSYN-651)
Warning: Cell PBCU12 has no orientation; check FRAM library library /home/eda/lib/smic/SP013D3_V1p4/apollo/SP013D3_V1p2_8MT cell symmetry.  (PSYN-650)
Warning: Cell PBCU12 orientation is set to the default. (PSYN-651)
Warning: Cell PBCDL8 has no orientation; check FRAM library library /home/eda/lib/smic/SP013D3_V1p4/apollo/SP013D3_V1p2_8MT cell symmetry.  (PSYN-650)
Warning: Cell PBCDL8 orientation is set to the default. (PSYN-651)
Warning: Cell PBCDL24 has no orientation; check FRAM library library /home/eda/lib/smic/SP013D3_V1p4/apollo/SP013D3_V1p2_8MT cell symmetry.  (PSYN-650)
Warning: Cell PBCDL24 orientation is set to the default. (PSYN-651)
Warning: Cell PBCDL16 has no orientation; check FRAM library library /home/eda/lib/smic/SP013D3_V1p4/apollo/SP013D3_V1p2_8MT cell symmetry.  (PSYN-650)
Warning: Cell PBCDL16 orientation is set to the default. (PSYN-651)
Warning: Cell PBCDL12 has no orientation; check FRAM library library /home/eda/lib/smic/SP013D3_V1p4/apollo/SP013D3_V1p2_8MT cell symmetry.  (PSYN-650)
Warning: Cell PBCDL12 orientation is set to the default. (PSYN-651)
Warning: Cell PBCD8 has no orientation; check FRAM library library /home/eda/lib/smic/SP013D3_V1p4/apollo/SP013D3_V1p2_8MT cell symmetry.  (PSYN-650)
Warning: Cell PBCD8 orientation is set to the default. (PSYN-651)
Warning: Cell PBCD4 has no orientation; check FRAM library library /home/eda/lib/smic/SP013D3_V1p4/apollo/SP013D3_V1p2_8MT cell symmetry.  (PSYN-650)
Warning: Cell PBCD4 orientation is set to the default. (PSYN-651)
Warning: Cell PBCD24 has no orientation; check FRAM library library /home/eda/lib/smic/SP013D3_V1p4/apollo/SP013D3_V1p2_8MT cell symmetry.  (PSYN-650)
Warning: Cell PBCD24 orientation is set to the default. (PSYN-651)
Warning: Cell PBCD2 has no orientation; check FRAM library library /home/eda/lib/smic/SP013D3_V1p4/apollo/SP013D3_V1p2_8MT cell symmetry.  (PSYN-650)
Warning: Cell PBCD2 orientation is set to the default. (PSYN-651)
Warning: Cell PBCD16 has no orientation; check FRAM library library /home/eda/lib/smic/SP013D3_V1p4/apollo/SP013D3_V1p2_8MT cell symmetry.  (PSYN-650)
Warning: Cell PBCD16 orientation is set to the default. (PSYN-651)
Warning: Cell PBCD12 has no orientation; check FRAM library library /home/eda/lib/smic/SP013D3_V1p4/apollo/SP013D3_V1p2_8MT cell symmetry.  (PSYN-650)
Warning: Cell PBCD12 orientation is set to the default. (PSYN-651)
Warning: Cell PB8 has no orientation; check FRAM library library /home/eda/lib/smic/SP013D3_V1p4/apollo/SP013D3_V1p2_8MT cell symmetry.  (PSYN-650)
Warning: Cell PB8 orientation is set to the default. (PSYN-651)
Warning: Cell PB4 has no orientation; check FRAM library library /home/eda/lib/smic/SP013D3_V1p4/apollo/SP013D3_V1p2_8MT cell symmetry.  (PSYN-650)
Warning: Cell PB4 orientation is set to the default. (PSYN-651)
Warning: Cell PB24 has no orientation; check FRAM library library /home/eda/lib/smic/SP013D3_V1p4/apollo/SP013D3_V1p2_8MT cell symmetry.  (PSYN-650)
Warning: Cell PB24 orientation is set to the default. (PSYN-651)
Warning: Cell PB2 has no orientation; check FRAM library library /home/eda/lib/smic/SP013D3_V1p4/apollo/SP013D3_V1p2_8MT cell symmetry.  (PSYN-650)
Warning: Cell PB2 orientation is set to the default. (PSYN-651)
Warning: Cell PB16 has no orientation; check FRAM library library /home/eda/lib/smic/SP013D3_V1p4/apollo/SP013D3_V1p2_8MT cell symmetry.  (PSYN-650)
Warning: Cell PB16 orientation is set to the default. (PSYN-651)
Warning: Cell PB12 has no orientation; check FRAM library library /home/eda/lib/smic/SP013D3_V1p4/apollo/SP013D3_V1p2_8MT cell symmetry.  (PSYN-650)
Warning: Cell PB12 orientation is set to the default. (PSYN-651)
Information: Loading local_link_library attribute . (MWDC-290)

  Linking design 'control_pad'
  Using the following designs and libraries:
  --------------------------------------------------------------------------
  control_pad                 cts.CEL
  typical_1v2c25 (library)    /home/eda/lib/smic/aci/sc-x/synopsys/typical_1v2c25.db
  SP013D3_V1p2_typ (library)  /home/eda/lib/smic/SP013D3_V1p4/syn/SP013D3_V1p2_typ.db

Warning: Cell PFILL001 has no orientation; check FRAM library library /home/eda/lib/smic/SP013D3_V1p4/apollo/SP013D3_V1p2_8MT cell symmetry.  (PSYN-650)
Warning: Cell PFILL001 orientation is set to the default. (PSYN-651)
Warning: Cell PCORNER has no orientation; check FRAM library library /home/eda/lib/smic/SP013D3_V1p4/apollo/SP013D3_V1p2_8MT cell symmetry.  (PSYN-650)
Warning: Cell PCORNER orientation is set to the default. (PSYN-651)
Warning: Cell PVSS2 has no orientation; check FRAM library library /home/eda/lib/smic/SP013D3_V1p4/apollo/SP013D3_V1p2_8MT cell symmetry.  (PSYN-650)
Warning: Cell PVSS2 orientation is set to the default. (PSYN-651)
Warning: Cell PVDD2 has no orientation; check FRAM library library /home/eda/lib/smic/SP013D3_V1p4/apollo/SP013D3_V1p2_8MT cell symmetry.  (PSYN-650)
Warning: Cell PVDD2 orientation is set to the default. (PSYN-651)
# GUI Debug: Building dc from empty. -- Time: 1sec 788ms
RM-Info: Completed script /home/user123/Desktop/ASIC/icc/scripts/common_optimization_settings_icc.tcl

source ../scripts/common_placement_settings_icc.tcl 
RM-Info: Running script /home/user123/Desktop/ASIC/icc/scripts/common_placement_settings_icc.tcl

Warning: The design has already been assigned layer constraints and we will overwrite the constraints. (RT-064)
Warning: The design has already been assigned layer constraints and we will overwrite the constraints. (RT-064)
RM-Info: Completed script /home/user123/Desktop/ASIC/icc/scripts/common_placement_settings_icc.tcl

## Source CTS Options  
#source -echo common_cts_settings_icc.tcl 
#################################################### 
#Check The Design Before CTS 
#################################################### 
check_physical_design -stage pre_clock_opt
Information: The design has horizontal rows, and Y-symmetry has been used for sites. (MWDC-217)
Floorplan loading succeeded.
Information: Disabling timing checks inside check_ilm 
Information: Disabling timing checks inside check_block_abstraction 
Warning: Cell 'i_rst' is being marked as "dont_touch" because it has 
	a fixed_placement attribute. (PSYN-040)
Warning: Cell 'i_clk' is being marked as "dont_touch" because it has 
	a fixed_placement attribute. (PSYN-040)
Warning: Cell 'i_zero' is being marked as "dont_touch" because it has 
	a fixed_placement attribute. (PSYN-040)
Warning: Cell 'i_opcode_0' is being marked as "dont_touch" because it has 
	a fixed_placement attribute. (PSYN-040)
Warning: Cell 'i_opcode_1' is being marked as "dont_touch" because it has 
	a fixed_placement attribute. (PSYN-040)
Warning: Cell 'i_opcode_2' is being marked as "dont_touch" because it has 
	a fixed_placement attribute. (PSYN-040)
Warning: Cell 'i_rd' is being marked as "dont_touch" because it has 
	a fixed_placement attribute. (PSYN-040)
Warning: Cell 'i_wr' is being marked as "dont_touch" because it has 
	a fixed_placement attribute. (PSYN-040)
Warning: Cell 'i_ld_ir' is being marked as "dont_touch" because it has 
	a fixed_placement attribute. (PSYN-040)
Warning: Cell 'i_ld_ac' is being marked as "dont_touch" because it has 
	a fixed_placement attribute. (PSYN-040)
Note - message 'PSYN-040' limit (10) exceeded.  Remainder will be suppressed.
checking tluplus...
CPD_Runtime: ::check_tlu_plus_files CPU:          0 s (  0.00 hr) MEM 200 Mb
checking physical objects...
CPD_Runtime: ::get_placement_area CPU:          0 s (  0.00 hr) MEM 200 Mb
CPD_Runtime: report_routing_metal_info CPU:          0 s (  0.00 hr) MEM 200 Mb
CPD_Runtime: check_track_and_unit CPU:          0 s (  0.00 hr) MEM 200 Mb
CPD_Runtime: check_layer_direction CPU:          0 s (  0.00 hr) MEM 200 Mb
CPD_Runtime: check_physical_only_ports CPU:          0 s (  0.00 hr) MEM 200 Mb
checking database...
CPD_Runtime: ::check_database CPU:          0 s (  0.00 hr) MEM 200 Mb
CPD_Runtime: report_taint -dump_errors CPU:          0 s (  0.00 hr) MEM 200 Mb
Information: Disabling check_timing in check_physical_design
checking HFN/ideal/dont_touch nets...
CPD_Runtime: check_for_HFN_ideal CPU:          0 s (  0.00 hr) MEM 200 Mb
CPD_Runtime: check_for_dont_touch_net_with_drc_violation CPU:          0 s (  0.00 hr) MEM 200 Mb
Information: Disabling timing checks inside check_block_abstraction
CPD_Runtime: check_block_abstraction -stage pre_clock_opt CPU:          0 s (  0.00 hr) MEM 200 Mb
checking placement constraints...
CPD_Runtime: check_placement_utilization_violation CPU:          0 s (  0.00 hr) MEM 200 Mb
CPD_Runtime: check_legality_violation CPU:          1 s (  0.00 hr) MEM 215 Mb
checking for unconnected tie pins...
CPD_Runtime: cpd_check_tie_connection CPU:          0 s (  0.00 hr) MEM 215 Mb
checking for too many Restricted cells...
CPD_Runtime: cpd_check_cells_restrictions CPU:          0 s (  0.00 hr) MEM 215 Mb
CPD_Runtime: check_unplaced_cells CPU:          0 s (  0.00 hr) MEM 215 Mb
checking clock trees...
CPD_Runtime: check_clock_tree CPU:          0 s (  0.00 hr) MEM 215 Mb
checking clock routing rules...
CPD_Runtime: check_net_routing_rules CPU:          0 s (  0.00 hr) MEM 215 Mb
Number of Undocumented Errors: 0
**************************************************
Report : check_physical_design
Stage  : pre_clock_opt
Design : control_pad
Version: T-2022.03
Date   : Fri Nov 28 20:07:03 2025
**************************************************
Total messages: 0 errors, 67 warnings

-----------------------------------------
Warning Summary for check_physical_design
-----------------------------------------

  ---------------------------------------------------------------------------
  ID		Occurrences	Title
  ---------------------------------------------------------------------------
  PSYN-523	32		Geometries are not integer multiple of width or...
  TLUP-004	1		layer mis-match between TF and ITF (minWidth)
  TLUP-005	2		layer mis-match between TF and ITF (minSpacing)
  ---------------------------------------------------------------------------

-----------------------------------------------
Other Warning Summary for check_physical_design
-----------------------------------------------

  ---------------------------------------------------------------------------
  ID		Occurrences	Title
  ---------------------------------------------------------------------------
  PSYN-650	7		Cell %s has no orientation; check %s library %s...
  PSYN-651	7		Cell %s orientation is set to the default.
  TIM-103	16		Reference %s contains internal pins with clock ...
  TIM-164	1		The trip points for the library named %s differ...
  UID-349	1		Could not read any link_library files. The link...
  ---------------------------------------------------------------------------
dump check_physical_design result to file ./cpd_pre_clock_opt_2025Nov28200702_10607/index.html
1
check_clock_tree 

*********************** Check_Clock_Tree Summary Report ************************
There is no issue found !
******************** End of Check_Clock_Tree Summary Report ********************
1
#################################################### 
#Remove all ideal network settings on clocks 
#################################################### 
remove_ideal_network [get_ports clk] 
1
remove_clock_uncertainty [all_clocks] 
1
#set_delay_calculation_options -routed_clock arnoldi 
################################################### 
#Defining CTS-Specific DRC Values 
################################################### 
#The default values are to be used  
#################################################### 
#Specifying CTS Targets:Skew and Insertion Delay 
#################################################### 
set_clock_tree_option -target_early_delay 0.9  
Setting global CTS options...
1
set_clock_tree_options -target_skew 0.2 
Setting global CTS options...
1
report_clock_tree -settings 
 
****************************************
Report : clock tree
Design : control_pad
Version: T-2022.03
Date   : Fri Nov 28 20:07:03 2025
****************************************

Global Settings for clock trees
-------------------------------
Logic Level Balance: False
OCV Aware Clustering: False
OCV Path Sharing: True
Advanced DRC fixing: False
Insert Boundary cell: False
Operating condition: max
Target skew: 0.200000
Target early delay: 0.900000
Max buffer levels: 400.000000
Max transition: 0.500000
Leaf max transition: Not specified
Use macro pin as leaf: Not specified
Use exception pin as leaf: Not specified
Max capacitance: 0.600000
Max fanout: 2000
Buffer relocation: Yes
Buffer sizing: Yes
Gate relocation: Yes
Gate sizing: No
Config file read: None
Config file write: None
Use default routing rule for sinks: Not specified
Use leaf routing rule for sinks: Not specified
 ---------- All nets use DEFAULT routing rule ----------
 -------------------------------------------------------

Clock Tree Settings for clock clk at root pin clk
Target skew: 0.200000
Target early delay: 0.900000
Max buffer levels: 400
Max transition: 0.500000
Leaf max transition: Not specified
Use macro pin as leaf: Not specified
Use exception pin as leaf: Not specified
Max capacitance: 0.600000
Max fanout: 2000
Buffer relocation: Yes
Buffer sizing: Yes
Gate relocation: Yes
Gate sizing: No

Nets with nondefault routing rules for clock clk at root pin clk:
 ---------- All nets use DEFAULT routing rule ----------
 -------------------------------------------------------

Layers Available for Clock Routing {
    "METAL3"
    "METAL4"
    "METAL5"
    "METAL6"
}
Buffers Available for Clock Tree Synthesis {
    "typical_1v2c25/DLY4X4"  ( maxTrans: 1.020     , maxLoad: 0.341     , maxFanout: 0       )
    "typical_1v2c25/DLY4X1"  ( maxTrans: 1.020     , maxLoad: 0.085     , maxFanout: 0       )
    "typical_1v2c25/DLY3X4"  ( maxTrans: 1.020     , maxLoad: 0.341     , maxFanout: 0       )
    "typical_1v2c25/DLY3X1"  ( maxTrans: 1.020     , maxLoad: 0.085     , maxFanout: 0       )
    "typical_1v2c25/DLY2X4"  ( maxTrans: 1.020     , maxLoad: 0.341     , maxFanout: 0       )
    "typical_1v2c25/DLY2X1"  ( maxTrans: 1.020     , maxLoad: 0.085     , maxFanout: 0       )
    "typical_1v2c25/DLY1X4"  ( maxTrans: 1.020     , maxLoad: 0.341     , maxFanout: 0       )
    "typical_1v2c25/DLY1X1"  ( maxTrans: 1.020     , maxLoad: 0.085     , maxFanout: 0       )
    "typical_1v2c25/CLKBUFX8"  ( maxTrans: 1.020     , maxLoad: 0.683     , maxFanout: 0       )
    "typical_1v2c25/CLKBUFX6"  ( maxTrans: 1.020     , maxLoad: 0.512     , maxFanout: 0       )
    "typical_1v2c25/CLKBUFX4"  ( maxTrans: 1.020     , maxLoad: 0.341     , maxFanout: 0       )
    "typical_1v2c25/CLKBUFX3"  ( maxTrans: 1.020     , maxLoad: 0.256     , maxFanout: 0       )
    "typical_1v2c25/CLKBUFX20"  ( maxTrans: 1.020     , maxLoad: 1.706     , maxFanout: 0       )
    "typical_1v2c25/CLKBUFX2"  ( maxTrans: 1.020     , maxLoad: 0.171     , maxFanout: 0       )
    "typical_1v2c25/CLKBUFX16"  ( maxTrans: 1.020     , maxLoad: 1.365     , maxFanout: 0       )
    "typical_1v2c25/CLKBUFX12"  ( maxTrans: 1.020     , maxLoad: 1.024     , maxFanout: 0       )
    "typical_1v2c25/BUFX8"  ( maxTrans: 1.020     , maxLoad: 0.683     , maxFanout: 0       )
    "typical_1v2c25/BUFX6"  ( maxTrans: 1.020     , maxLoad: 0.512     , maxFanout: 0       )
    "typical_1v2c25/BUFX4"  ( maxTrans: 1.020     , maxLoad: 0.341     , maxFanout: 0       )
    "typical_1v2c25/BUFX3"  ( maxTrans: 1.020     , maxLoad: 0.256     , maxFanout: 0       )
    "typical_1v2c25/BUFX20"  ( maxTrans: 1.020     , maxLoad: 1.706     , maxFanout: 0       )
    "typical_1v2c25/BUFX2"  ( maxTrans: 1.020     , maxLoad: 0.171     , maxFanout: 0       )
    "typical_1v2c25/BUFX16"  ( maxTrans: 1.020     , maxLoad: 1.365     , maxFanout: 0       )
    "typical_1v2c25/BUFX12"  ( maxTrans: 1.020     , maxLoad: 1.024     , maxFanout: 0       )
}
Inverters Available for Clock Tree Synthesis {
    "typical_1v2c25/INVXL"  ( maxTrans: 1.020     , maxLoad: 0.043     , maxFanout: 0       )
    "typical_1v2c25/INVX8"  ( maxTrans: 1.020     , maxLoad: 0.683     , maxFanout: 0       )
    "typical_1v2c25/INVX6"  ( maxTrans: 1.020     , maxLoad: 0.512     , maxFanout: 0       )
    "typical_1v2c25/INVX4"  ( maxTrans: 1.020     , maxLoad: 0.341     , maxFanout: 0       )
    "typical_1v2c25/INVX3"  ( maxTrans: 1.020     , maxLoad: 0.256     , maxFanout: 0       )
    "typical_1v2c25/INVX20"  ( maxTrans: 1.020     , maxLoad: 1.706     , maxFanout: 0       )
    "typical_1v2c25/INVX2"  ( maxTrans: 1.020     , maxLoad: 0.171     , maxFanout: 0       )
    "typical_1v2c25/INVX16"  ( maxTrans: 1.020     , maxLoad: 1.365     , maxFanout: 0       )
    "typical_1v2c25/INVX12"  ( maxTrans: 1.020     , maxLoad: 1.024     , maxFanout: 0       )
    "typical_1v2c25/INVX1"  ( maxTrans: 1.020     , maxLoad: 0.085     , maxFanout: 0       )
    "typical_1v2c25/CLKINVX8"  ( maxTrans: 1.020     , maxLoad: 0.683     , maxFanout: 0       )
    "typical_1v2c25/CLKINVX6"  ( maxTrans: 1.020     , maxLoad: 0.512     , maxFanout: 0       )
    "typical_1v2c25/CLKINVX4"  ( maxTrans: 1.020     , maxLoad: 0.341     , maxFanout: 0       )
    "typical_1v2c25/CLKINVX3"  ( maxTrans: 1.020     , maxLoad: 0.256     , maxFanout: 0       )
    "typical_1v2c25/CLKINVX20"  ( maxTrans: 1.020     , maxLoad: 1.706     , maxFanout: 0       )
    "typical_1v2c25/CLKINVX2"  ( maxTrans: 1.020     , maxLoad: 0.171     , maxFanout: 0       )
    "typical_1v2c25/CLKINVX16"  ( maxTrans: 1.020     , maxLoad: 1.365     , maxFanout: 0       )
    "typical_1v2c25/CLKINVX12"  ( maxTrans: 1.020     , maxLoad: 1.024     , maxFanout: 0       )
    "typical_1v2c25/CLKINVX1"  ( maxTrans: 1.020     , maxLoad: 0.085     , maxFanout: 0       )
}
1
#################################################### 
#Control Buffer/Inverter Selection 
################################################### 
#If we dont define , all the Buffer/Inverter cells can be used 
################################################### 
#CTS and Timing Optimization 
################################################### 
#Clock tree synthesis 
clock_opt -no_clock_route -only_cts 

The options for clock_opt:
--------------------------
COPT:  Clock Tree Synthesis                 : Yes
COPT:  Post CTS Optimization                : No
COPT:  Concurrent Clock/Data Optimization   : No
COPT:  Operation Condition                  : max
COPT:  Balance Inter Clock Delay            : No
COPT:  Route Clock Nets                     : No
COPT:  Update Clock Latency                 : No
COPT:  Optimize Power                       : No
---------------------------------------------------

Executing ICC clock_opt...
medium
*
Building clock tree...
Operating Condition is max
Information: There is no scenario with cts_mode set to true, CTS will use old cts_scenario flow. (CTS-1115)
CTS Operating Condition(s): MAX(Worst) 
Warning: Could not read any link_library files. The link_library setting {"*", "typical_1v2c25.db", "SP013D3_V1p2_typ.db", "typical_1v2c25.db", "SP013D3_V1p2_typ.db"} may be invalid. (UID-349)

  Loading design 'control_pad'


Information: Setting a dont_touch attribute on net 'rd' because it is connected to a pad cell. (PSYN-088)
Information: Setting a dont_touch attribute on net 'zero' because it is connected to a pad cell. (PSYN-088)
Information: Setting a dont_touch attribute on net 'clk' because it is connected to a pad cell. (PSYN-088)
Information: Setting a dont_touch attribute on net 'rst_' because it is connected to a pad cell. (PSYN-088)
Information: Setting a dont_touch attribute on net 'opcode[2]' because it is connected to a pad cell. (PSYN-088)
Information: Setting a dont_touch attribute on net 'opcode[1]' because it is connected to a pad cell. (PSYN-088)
Information: Setting a dont_touch attribute on net 'opcode[0]' because it is connected to a pad cell. (PSYN-088)
Information: Setting a dont_touch attribute on net 'sel' because it is connected to a pad cell. (PSYN-088)
Information: Setting a dont_touch attribute on net 'data_e' because it is connected to a pad cell. (PSYN-088)
Information: Setting a dont_touch attribute on net 'halt' because it is connected to a pad cell. (PSYN-088)
Information: Setting a dont_touch attribute on net 'inc_pc' because it is connected to a pad cell. (PSYN-088)
Information: Setting a dont_touch attribute on net 'ld_pc' because it is connected to a pad cell. (PSYN-088)
Information: Setting a dont_touch attribute on net 'ld_ac' because it is connected to a pad cell. (PSYN-088)
Information: Setting a dont_touch attribute on net 'ld_ir' because it is connected to a pad cell. (PSYN-088)
Information: Setting a dont_touch attribute on net 'wr' because it is connected to a pad cell. (PSYN-088)


Information: Library Manufacturing Grid(GridResolution) : 5
Information: Time Unit from Milkyway design library: 'ns' 
Information: Design Library and main library timing units are matched - 1.000 ns. 
Information: Resistance Unit from Milkyway design library: 'kohm' 
Information: Design Library and main library resistance units are matched - 1.000 kohm. 
Information: Capacitance Unit from Milkyway design library: 'pf' 
Information: Design Library and main library capacitance units are matched - 1.000 pf. 
[begin initializing data for legality checker]

Initializing Data Structure ...
INFO: legalizer_via_spacing_check_mode 0
  Reading technology information ...
    Technology table contains 8 routable metal layers
    Top most routable layer is set to be metal6
    This is considered as a 6-metal-layer design
    Reading library information from DB ...
  Reading misc information ...
    array <unit> has 0 vertical and 40 horizontal rows
    14 pre-routes for placement blockage/checking
    14 pre-routes for map congestion calculation
  Checking information read in ...
    design style = Horizontal masters, Horizontal rows

  Preprocessing design ...
    splitting rows by natural obstacles ...
... design style 0
... number of base array 1 0
INFO:... use original rows...
[end initializing data for legality checker]
Setting the GR Options
Information: Layer METAL1 is ignored for resistance and capacitance computation. (RCEX-019)
Information: Layer METAL2 is ignored for resistance and capacitance computation. (RCEX-019)
Information: Layer METAL7 is ignored for resistance and capacitance computation. (RCEX-019)
Information: Layer METAL8 is ignored for resistance and capacitance computation. (RCEX-019)

TLU+ File = /home/eda/lib/smic/SmicSPM4PR8R_starRCXT013_mixrf_p1mtx_1233_V1/SmicSPM4PR8R_starRCXT013_mixrf_p1mtx_1233_V1.6/ITF/TM9k_MIM1f/TLUPLUS/SmicSPM4PR8R_starRCXT013_log_mixRF_p1mt8_cell_max_1233_9k_1f.tluplus

--------- Sanity Check on TLUPlus Files -------------
1. Checking the conducting layer names in ITF and mapping file ... 
[ Passed! ]
2. Checking the via layer names in ITF and mapping file ... 
[ Passed! ]
3. Checking the consistency of Min Width and Min Spacing between MW-tech and ITF ... 
Warning: minSpacing value of layer "METAL1" (metal1) does not match : ITF (0.170) vs MW-tech (0.180). (TLUP-005)
Warning: minSpacing value of layer "METAL8" (metal8) does not match : ITF (0.420) vs MW-tech (0.460). (TLUP-005)
Warning: minWidth value of layer "METAL8" (metal8) does not match : ITF (0.420) vs MW-tech (0.440). (TLUP-004)
----------------- Check Ends ------------------
****************************************************************
Information: TLUPlus based RC computation is enabled. (RCEX-141)
****************************************************************
Information: The distance unit in Capacitance and Resistance is 1 micron. (RCEX-007)
Information: The RC model used is TLU+. (RCEX-015)
Information: Library Derived Cap for layer METAL1 : 0.00024 0.00024 (RCEX-011)
Information: Library Derived Res for layer METAL1 : 0.00019 0.00019 (RCEX-011)
Information: Library Derived Cap for layer METAL2 : 0.0003 0.0003 (RCEX-011)
Information: Library Derived Res for layer METAL2 : 8.7e-05 8.7e-05 (RCEX-011)
Information: Library Derived Cap for layer METAL3 : 0.00034 0.00034 (RCEX-011)
Information: Library Derived Res for layer METAL3 : 8.7e-05 8.7e-05 (RCEX-011)
Information: Library Derived Cap for layer METAL4 : 0.0003 0.0003 (RCEX-011)
Information: Library Derived Res for layer METAL4 : 8.7e-05 8.7e-05 (RCEX-011)
Information: Library Derived Cap for layer METAL5 : 0.00034 0.00034 (RCEX-011)
Information: Library Derived Res for layer METAL5 : 8.7e-05 8.7e-05 (RCEX-011)
Information: Library Derived Cap for layer METAL6 : 0.0003 0.0003 (RCEX-011)
Information: Library Derived Res for layer METAL6 : 8.7e-05 8.7e-05 (RCEX-011)
Information: Library Derived Cap for layer METAL7 : 0.00033 0.00033 (RCEX-011)
Information: Library Derived Res for layer METAL7 : 8.7e-05 8.7e-05 (RCEX-011)
Information: Library Derived Cap for layer METAL8 : 0.00028 0.00028 (RCEX-011)
Information: Library Derived Res for layer METAL8 : 1.1e-05 1.1e-05 (RCEX-011)
Information: Library Derived Horizontal Cap : 0.00034 0.00034 (RCEX-011)
Information: Library Derived Horizontal Res : 8.7e-05 8.7e-05 (RCEX-011)
Information: Library Derived Vertical Cap : 0.0003 0.0003 (RCEX-011)
Information: Library Derived Vertical Res : 8.7e-05 8.7e-05 (RCEX-011)
Information: Using derived R and C coefficients. (RCEX-008)
Information: Using region-based R and C coefficients. (RCEX-013)
Information: Library Derived Via Res : 0.0001 0.0001 (RCEX-011)
LR: Layer METAL3: Average tracks per gcell 8.9, utilization 0.62
LR: Layer METAL4: Average tracks per gcell 8.1, utilization 0.73
LR: Layer METAL5: Average tracks per gcell 8.9, utilization 0.73
LR: Layer METAL6: Average tracks per gcell 8.1, utilization 0.73
LR: Clock routing service standing by
Using cts integrated global router
CTS: Blockage Aware Algorithm
Top-Level OCV Path Sharing not effective when timing derating is too low
[begin initializing data for legality checker]

Initializing Data Structure ...
INFO: legalizer_via_spacing_check_mode 0
  Reading technology information ...
    Technology table contains 8 routable metal layers
    Top most routable layer is set to be metal6
    This is considered as a 6-metal-layer design
    Reading library information from DB ...
  Reading misc information ...
    array <unit> has 0 vertical and 40 horizontal rows
    14 pre-routes for placement blockage/checking
    14 pre-routes for map congestion calculation
  Checking information read in ...
    design style = Horizontal masters, Horizontal rows

  Preprocessing design ...
    splitting rows by natural obstacles ...
... design style 0
... number of base array 1 0
INFO:... use original rows...
[end initializing data for legality checker]
CTS: Region Aware Algorithm is automatically turned off when design has no region or only has one region.
CTS: Prepare sources for clock domain clk
CTS: Prepare sources for clock domain clk
clean drc fixing cell first...
In all, 0 drc fixing cell(s) are cleaned
In all, 0 drc fixing cell(s) beyond exception pins are cleaned

CTS: Prepare sources for clock domain clk
CTS: Prepare sources for clock domain clk

Pruning library cells (r/f, pwr)
    Min drive = 0.274159.
    Pruning DLY3X1 because drive of 0.209874 is less than 0.274159.
    Pruning DLY4X1 because drive of 0.212851 is less than 0.274159.
    Pruning DLY2X1 because drive of 0.214808 is less than 0.274159.
    Pruning DLY1X1 because drive of 0.216211 is less than 0.274159.
    Pruning DLY4X4 because of a gain of 33.84.
    Pruning BUFX3 because it is (w/ power-considered) inferior to DLY2X4.
    Pruning DLY3X4 because of a gain of 27.67.
    Pruning DLY2X4 because it is (w/ power-considered) inferior to CLKBUFX4.
    Pruning DLY1X4 because it is inferior (w/ power-considered) to CLKBUFX4.
    Pruning BUFX6 because it is inferior (w/ power-considered) to CLKBUFX8.
    Final pruned buffer set (14 buffers):
	CLKBUFX2
	BUFX2
	CLKBUFX3
	CLKBUFX4
	BUFX4
	CLKBUFX6
	CLKBUFX8
	BUFX8
	BUFX12
	BUFX16
	CLKBUFX12
	BUFX20
	CLKBUFX16
	CLKBUFX20

Pruning library cells (r/f, pwr)
    Min drive = 0.274159.
    Pruning INVXL because drive of 0.146022 is less than 0.274159.
    Pruning INVX1 because drive of 0.261312 is less than 0.274159.
    Pruning INVX3 because it is (w/ power-considered) inferior to CLKINVX4.
    Pruning INVX6 because it is (w/ power-considered) inferior to CLKINVX8.
    Pruning INVX16 because it is (w/ power-considered) inferior to CLKINVX12.
    Final pruned buffer set (14 buffers):
	CLKINVX1
	CLKINVX2
	INVX2
	CLKINVX3
	CLKINVX4
	INVX4
	CLKINVX6
	CLKINVX8
	INVX8
	INVX12
	CLKINVX12
	INVX20
	CLKINVX16
	CLKINVX20
CTS: BA: Net 'clk_pad'
CTS: BA: Root net includes 1 sinks.
CTS: BA: Max delay at toplevel pins = 0.000000
CTS: BA: Max skew at toplevel pins = 0.000000

CTS: Starting clock tree synthesis ...
CTS:   Conditions       = worst(1)
CTS: Global design rule constraints [rise fall]
CTS:   max transition   = worst[0.500 0.500]     GUI = worst[0.500 0.500]     SDC = undefined/ignored
CTS:   leaf max trans   = worst[0.500 0.500]     GUI = worst[0.500 0.500]     SDC = undefined/ignored
CTS:   max capacitance  = worst[0.600 0.600]     GUI = worst[0.600 0.600]     SDC = undefined/ignored
CTS:   max fanout       = 2000                   GUI = 2000                   SDC = undefined/ignored
CTS: Global timing/clock tree constraints
CTS:   clock skew       = worst[0.200]
CTS:   insertion delay  = worst[0.900]
CTS:   levels per net   = 400
CTS: Design infomation
CTS:  total gate levels = 2
CTS: Root clock net clk
CTS:  clock gate levels = 2
CTS:    clock sink pins = 3
CTS:    level  2: gates = 1
CTS:    level  1: gates = 1
CTS: Buffer/Inverter list for CTS for clock net clk:
CTS:   CLKBUFX20
CTS:   CLKBUFX16
CTS:   CLKINVX20
CTS:   CLKINVX16
CTS:   BUFX20
CTS:   CLKINVX12
CTS: Buffer/Inverter list for DelayInsertion for clock net clk:
CTS:   CLKINVX20
CTS:   CLKINVX16
CTS:   CLKINVX12
CTS:   INVX20
CTS:   INVX16
CTS:   CLKBUFX20
CTS:   BUFX20
CTS:   CLKBUFX16
CTS:   INVX12
CTS:   BUFX16
CTS:   CLKBUFX12
CTS:   BUFX12
CTS:   INVX8
CTS:   CLKINVX8
CTS:   BUFX8
CTS:   INVX6
CTS:   CLKINVX1
CTS:   CLKINVX6
CTS:   CLKBUFX8
CTS:   BUFX6
CTS:   CLKBUFX6
CTS:   INVXL
CTS:   INVX4
CTS:   INVX2
CTS:   INVX3
CTS:   INVX1
CTS:   CLKINVX2
CTS:   CLKINVX3
CTS:   BUFX4
CTS:   BUFX3
CTS:   BUFX2
CTS:   CLKINVX4
CTS:   CLKBUFX4
CTS:   DLY1X1
CTS:   CLKBUFX2
CTS:   CLKBUFX3
CTS:   DLY1X4
CTS:   DLY2X1
CTS:   DLY3X1
CTS:   DLY2X4
CTS:   DLY4X1
CTS:   DLY3X4
CTS:   DLY4X4
Information: Removing clock transition on clock clk ... (CTS-103)
Information: Removing clock transition on clock clk ... (CTS-103)

CTS: gate level 2 clock tree synthesis
CTS:          clock net = clk_pad
CTS:        driving pin = i_clk/C
CTS: gate level 2 design rule constraints [rise fall]
CTS:   max transition   = worst[0.500 0.500]
CTS:   leaf max transition = worst[0.500 0.500]
CTS:   max capacitance  = worst[0.600 0.600]
CTS:   max fanout       = 2000
CTS: gate level 2 timing constraints
CTS:   clock skew       = worst[0.100]
CTS:   levels per net   = 400

CTS: gate level 1 clock tree synthesis
CTS:          clock net = clk
CTS:        driving pin = clk
CTS: gate level 1 design rule constraints [rise fall]
CTS:   max transition   = worst[0.500 0.500]
CTS:   leaf max transition = worst[0.500 0.500]
CTS:   max capacitance  = worst[0.600 0.600]
CTS:   max fanout       = 2000
CTS: gate level 1 timing constraints
CTS:   clock skew       = worst[0.200]
CTS:   insertion delay  = worst[0.900]
CTS:   levels per net   = 400
Information: no clock tree synthesis on don't touch net clk. (CTS-614)
CTS: Inserting delay cells for clock tree clk ...

CTS: Clock tree synthesis completed successfully
CTS:   CPU time:     0 seconds
CTS: Reporting clock tree violations ...
CTS:   Global design rules:
CTS:     maximum transition delay [rise,fall] = [0.5,0.5]
CTS:     maximum capacitance = 0.6
CTS:     maximum fanout = 2000
CTS:     maximum buffer levels per net = 400
CTS: transition delay violation at i_clk/PAD
CTS:   transition delay = worst[1.198 1.198] worst[1.198 1.198]
CTS:   constraint = worst[0.500 0.500]
Information: DRC violations at pin i_clk/PAD cannot be fixed since it is connected to the dont_buffer_net clk (CTS-226)
Information: DRC violations at pin i_clk/PAD cannot be fixed since there is a huge pin cap at its load pin i_clk/PAD. (load pin cap [rise,fall] = [6.710000 6.710000]; constraint [rise,fall] = [0.600000,0.600000]) (CTS-221)
CTS:  
CTS: Summary of clock tree violations: 
CTS:  Total number of transition violations  = 1 
CTS:  Total number of capacitance violations = 0 
CTS: ------------------------------------------------
CTS: Clock Tree Synthesis Summary
CTS: ------------------------------------------------
CTS:       1 clock domain synthesized
CTS:       2 gated clock nets synthesized
CTS:       1 buffer trees inserted
CTS:       1 buffers used (total size = 13.5792)
CTS:       3 clock nets total capacitance = worst[6.826 6.826]
CTS: ------------------------------------------------
CTS: Clock-by-Clock Summary
CTS: ------------------------------------------------
CTS: Root clock net clk
CTS:       2 gated clock nets synthesized
CTS:       1 buffer trees inserted
CTS:       1 buffers used (total size = 13.5792)
CTS:       3 clock nets total capacitance = worst[6.826 6.826]

CTS: ==================================================
CTS:   Elapsed time: 0 seconds
CTS:   CPU time:     0 seconds on eda
CTS: ==================================================
CTS: Reporting clock tree violations ...
CTS:   Global design rules:
CTS:     maximum transition delay [rise,fall] = [0.5,0.5]
CTS:     maximum capacitance = 0.6
CTS:     maximum fanout = 2000
CTS:     maximum buffer levels per net = 400
CTS: transition delay violation at i_clk/PAD
CTS:   transition delay = worst[1.198 1.198] worst[1.198 1.198]
CTS:   constraint = worst[0.500 0.500]
Information: DRC violations at pin i_clk/PAD cannot be fixed since it is connected to the dont_buffer_net clk (CTS-226)
Information: DRC violations at pin i_clk/PAD cannot be fixed since there is a huge pin cap at its load pin i_clk/PAD. (load pin cap [rise,fall] = [6.710000 6.710000]; constraint [rise,fall] = [0.600000,0.600000]) (CTS-221)
CTS:  
CTS: Summary of clock tree violations: 
CTS:  Total number of transition violations  = 1 
CTS:  Total number of capacitance violations = 0 
CTS: ==================================================
CTS: Start DRC fixing beyond exceptions
CTS: Blockage Aware Algorithm
CTS: Top-Level OCV Path Sharing not effective when timing derating is too low
[begin initializing data for legality checker]

Initializing Data Structure ...
INFO: legalizer_via_spacing_check_mode 0
  Reading technology information ...
    Technology table contains 8 routable metal layers
    Top most routable layer is set to be metal6
    This is considered as a 6-metal-layer design
    Reading library information from DB ...
  Reading misc information ...
    array <unit> has 0 vertical and 40 horizontal rows
    14 pre-routes for placement blockage/checking
    14 pre-routes for map congestion calculation
  Checking information read in ...
    design style = Horizontal masters, Horizontal rows

  Preprocessing design ...
    splitting rows by natural obstacles ...
... design style 0
... number of base array 1 0
INFO:... use original rows...
[end initializing data for legality checker]
CTS: Region Aware Algorithm is automatically turned off when design has no region or only has one region.
CTS: Prepare sources for clock domain clk
CTS: Prepare sources for clock domain clk

Pruning library cells (r/f, pwr)
    Min drive = 0.274159.
    Pruning DLY3X1 because drive of 0.209874 is less than 0.274159.
    Pruning DLY4X1 because drive of 0.212851 is less than 0.274159.
    Pruning DLY2X1 because drive of 0.214808 is less than 0.274159.
    Pruning DLY1X1 because drive of 0.216211 is less than 0.274159.
    Pruning DLY4X4 because of a gain of 33.84.
    Pruning BUFX3 because it is (w/ power-considered) inferior to DLY2X4.
    Pruning DLY3X4 because of a gain of 27.67.
    Pruning DLY2X4 because it is (w/ power-considered) inferior to CLKBUFX4.
    Pruning DLY1X4 because it is inferior (w/ power-considered) to CLKBUFX4.
    Pruning BUFX6 because it is inferior (w/ power-considered) to CLKBUFX8.
    Final pruned buffer set (14 buffers):
	CLKBUFX2
	BUFX2
	CLKBUFX3
	CLKBUFX4
	BUFX4
	CLKBUFX6
	CLKBUFX8
	BUFX8
	BUFX12
	BUFX16
	CLKBUFX12
	BUFX20
	CLKBUFX16
	CLKBUFX20

Pruning library cells (r/f, pwr)
    Min drive = 0.274159.
    Pruning INVXL because drive of 0.146022 is less than 0.274159.
    Pruning INVX1 because drive of 0.261312 is less than 0.274159.
    Pruning INVX3 because it is (w/ power-considered) inferior to CLKINVX4.
    Pruning INVX6 because it is (w/ power-considered) inferior to CLKINVX8.
    Pruning INVX16 because it is (w/ power-considered) inferior to CLKINVX12.
    Final pruned buffer set (14 buffers):
	CLKINVX1
	CLKINVX2
	INVX2
	CLKINVX3
	CLKINVX4
	INVX4
	CLKINVX6
	CLKINVX8
	INVX8
	INVX12
	CLKINVX12
	INVX20
	CLKINVX16
	CLKINVX20
CTS: Prepare sources for clock domain clk

CTS: ==================================================
CTS: DRC fixing beyond exceptions completed successfully
CTS:   Elapsed time: 1 seconds
CTS:   CPU time:     0 seconds on eda
CTS: ==================================================
Information: Layer METAL1 is ignored for resistance and capacitance computation. (RCEX-019)
Information: Layer METAL2 is ignored for resistance and capacitance computation. (RCEX-019)
Information: Layer METAL7 is ignored for resistance and capacitance computation. (RCEX-019)
Information: Layer METAL8 is ignored for resistance and capacitance computation. (RCEX-019)
****************************************************************
Information: TLUPlus based RC computation is enabled. (RCEX-141)
****************************************************************
Information: The distance unit in Capacitance and Resistance is 1 micron. (RCEX-007)
Information: The RC model used is TLU+. (RCEX-015)
Information: Library Derived Cap for layer METAL1 : 0.00024 0.00024 (RCEX-011)
Information: Library Derived Res for layer METAL1 : 0.00019 0.00019 (RCEX-011)
Information: Library Derived Cap for layer METAL2 : 0.0003 0.0003 (RCEX-011)
Information: Library Derived Res for layer METAL2 : 8.7e-05 8.7e-05 (RCEX-011)
Information: Library Derived Cap for layer METAL3 : 0.00034 0.00034 (RCEX-011)
Information: Library Derived Res for layer METAL3 : 8.7e-05 8.7e-05 (RCEX-011)
Information: Library Derived Cap for layer METAL4 : 0.0003 0.0003 (RCEX-011)
Information: Library Derived Res for layer METAL4 : 8.7e-05 8.7e-05 (RCEX-011)
Information: Library Derived Cap for layer METAL5 : 0.00034 0.00034 (RCEX-011)
Information: Library Derived Res for layer METAL5 : 8.7e-05 8.7e-05 (RCEX-011)
Information: Library Derived Cap for layer METAL6 : 0.0003 0.0003 (RCEX-011)
Information: Library Derived Res for layer METAL6 : 8.7e-05 8.7e-05 (RCEX-011)
Information: Library Derived Cap for layer METAL7 : 0.00033 0.00033 (RCEX-011)
Information: Library Derived Res for layer METAL7 : 8.7e-05 8.7e-05 (RCEX-011)
Information: Library Derived Cap for layer METAL8 : 0.00028 0.00028 (RCEX-011)
Information: Library Derived Res for layer METAL8 : 1.1e-05 1.1e-05 (RCEX-011)
Information: Library Derived Horizontal Cap : 0.00034 0.00034 (RCEX-011)
Information: Library Derived Horizontal Res : 8.7e-05 8.7e-05 (RCEX-011)
Information: Library Derived Vertical Cap : 0.0003 0.0003 (RCEX-011)
Information: Library Derived Vertical Res : 8.7e-05 8.7e-05 (RCEX-011)
Information: Using derived R and C coefficients. (RCEX-008)
Information: Using region-based R and C coefficients. (RCEX-013)
Information: Library Derived Via Res : 0.0001 0.0001 (RCEX-011)
 CTS Successful 
Optimizing clock tree...
Operating Condition is max
No valid clocks specified, all clocks will be optimized
CTS: CTS Operating Condition(s): MAX(Worst) 
Clock name : clk 
enable delay detour in ctdn
Information: Design is detail routed.
Warning: CTO is in preroute mode, but the .ddc file is (partially) detail routed. (CTS-287)
[begin initializing data for legality checker]

Initializing Data Structure ...
INFO: legalizer_via_spacing_check_mode 0
  Reading technology information ...
    Technology table contains 8 routable metal layers
    Top most routable layer is set to be metal6
    This is considered as a 6-metal-layer design
    Reading library information from DB ...
  Reading misc information ...
    array <unit> has 0 vertical and 40 horizontal rows
    14 pre-routes for placement blockage/checking
    14 pre-routes for map congestion calculation
  Checking information read in ...
    design style = Horizontal masters, Horizontal rows

  Preprocessing design ...
    splitting rows by natural obstacles ...
... design style 0
... number of base array 1 0
INFO:... use original rows...
[end initializing data for legality checker]
 Cannot find specified mesh net 
CTS: Top-Level OCV Path Sharing not effective when timing derating is too low
CTS: Top-Level OCV Path Sharing not effective when timing derating is too low
[begin initializing data for legality checker]

Initializing Data Structure ...
INFO: legalizer_via_spacing_check_mode 0
  Reading technology information ...
    Technology table contains 8 routable metal layers
    Top most routable layer is set to be metal6
    This is considered as a 6-metal-layer design
    Reading library information from DB ...
  Reading misc information ...
    array <unit> has 0 vertical and 40 horizontal rows
    14 pre-routes for placement blockage/checking
    14 pre-routes for map congestion calculation
  Checking information read in ...
    design style = Horizontal masters, Horizontal rows

  Preprocessing design ...
    splitting rows by natural obstacles ...
... design style 0
... number of base array 1 0
INFO:... use original rows...
[end initializing data for legality checker]
CTS: Region Aware Algorithm is automatically turned off when design has no region or only has one region.
CTS: Prepare sources for clock domain clk
CTS: Prepare sources for clock domain clk

Pruning library cells (r/f, pwr)
    Min drive = 0.274159.
    Pruning DLY3X1 because drive of 0.209874 is less than 0.274159.
    Pruning DLY4X1 because drive of 0.212851 is less than 0.274159.
    Pruning DLY2X1 because drive of 0.214808 is less than 0.274159.
    Pruning DLY1X1 because drive of 0.216211 is less than 0.274159.
    Pruning DLY4X4 because of a gain of 33.84.
    Pruning BUFX3 because it is (w/ power-considered) inferior to DLY2X4.
    Pruning DLY3X4 because of a gain of 27.67.
    Pruning DLY2X4 because it is (w/ power-considered) inferior to CLKBUFX4.
    Pruning DLY1X4 because it is inferior (w/ power-considered) to CLKBUFX4.
    Pruning BUFX6 because it is inferior (w/ power-considered) to CLKBUFX8.
    Final pruned buffer set (14 buffers):
	CLKBUFX2
	BUFX2
	CLKBUFX3
	CLKBUFX4
	BUFX4
	CLKBUFX6
	CLKBUFX8
	BUFX8
	BUFX12
	BUFX16
	CLKBUFX12
	BUFX20
	CLKBUFX16
	CLKBUFX20

Pruning library cells (r/f, pwr)
    Min drive = 0.274159.
    Pruning INVXL because drive of 0.146022 is less than 0.274159.
    Pruning INVX1 because drive of 0.261312 is less than 0.274159.
    Pruning INVX3 because it is (w/ power-considered) inferior to CLKINVX4.
    Pruning INVX6 because it is (w/ power-considered) inferior to CLKINVX8.
    Pruning INVX16 because it is (w/ power-considered) inferior to CLKINVX12.
    Final pruned buffer set (14 buffers):
	CLKINVX1
	CLKINVX2
	INVX2
	CLKINVX3
	CLKINVX4
	INVX4
	CLKINVX6
	CLKINVX8
	INVX8
	INVX12
	CLKINVX12
	INVX20
	CLKINVX16
	CLKINVX20
CTO-ID:    
Choosing the following cells for CTO Delay Insertion and ICDB: 
CTO-  :     BUFX12, 
CTO-  :     BUFX16, 
CTO-  :     BUFX2, 
CTO-  :     BUFX20, 
CTO-  :     BUFX3, 
CTO-  :     BUFX4, 
CTO-  :     BUFX6, 
CTO-  :     BUFX8, 
CTO-  :     CLKBUFX12, 
CTO-  :     CLKBUFX16, 
CTO-  :     CLKBUFX2, 
CTO-  :     CLKBUFX20, 
CTO-  :     CLKBUFX3, 
CTO-  :     CLKBUFX4, 
CTO-  :     CLKBUFX6, 
CTO-  :     CLKBUFX8, 
CTO-  :     CLKINVX1, 
CTO-  :     CLKINVX12, 
CTO-  :     CLKINVX16, 
CTO-  :     CLKINVX2, 
CTO-  :     CLKINVX20, 
CTO-  :     CLKINVX3, 
CTO-  :     CLKINVX4, 
CTO-  :     CLKINVX6, 
CTO-  :     CLKINVX8, 
CTO-  :     DLY1X1, 
CTO-  :     DLY1X4, 
CTO-  :     DLY2X1, 
CTO-  :     DLY2X4, 
CTO-  :     DLY3X1, 
CTO-  :     DLY3X4, 
CTO-  :     DLY4X1, 
CTO-  :     DLY4X4, 
CTO-  :     INVX1, 
CTO-  :     INVX12, 
CTO-  :     INVX16, 
CTO-  :     INVX2, 
CTO-  :     INVX20, 
CTO-  :     INVX3, 
CTO-  :     INVX4, 
CTO-  :     INVX6, 
CTO-  :     INVX8, 
CTO-  :     INVXL, 
CTO-  :     

Initializing multicorner optimizer...
Using primary buffers equivalent to 'BUFX2'.
Using primary inverters equivalent to 'INVX1'.
Technology-based gate delay scale factors (normalized to the highest):
  Corner 'max': 1.000
Technology-based wire delay scale factors (normalized to the highest):
  Corner 'max': 1.000
Information: Float pin scale factor for the 'max' operating condition of scenario 'default' is set to 1.000 (CTS-375)
Information: Float pin scale factor for the 'min' operating condition of scenario 'default' is set to 1.000 (CTS-375)
Using the following scale factors for float pins:
  Corner 'max': 1.000
Worst clock corner:  max
Worst RC delay corner:  max
Using normal effort optimization
Using pre-route mode
Using non-mv_mode
Target max transition = 0.140133
Using the CTS integrated router

Selecting library cells for optimization
    Pruning weak driver DLY3X1.
    Pruning weak driver DLY4X1.
    Pruning weak driver DLY2X1.
    Pruning weak driver DLY1X1.
    Pruning slow or multistage gate DLY4X4.
    Pruning slow or multistage gate DLY3X4.
    Final pruned buffer set (18 buffers):
	CLKBUFX2
	BUFX2
	CLKBUFX3
	BUFX3
	DLY2X4
	CLKBUFX4
	DLY1X4
	BUFX4
	CLKBUFX6
	CLKBUFX8
	BUFX6
	BUFX8
	BUFX12
	BUFX16
	CLKBUFX12
	BUFX20
	CLKBUFX16
	CLKBUFX20

    Pruning weak driver INVXL.
    Pruning weak driver INVX1.
    Final pruned inverter set (17 inverters):
	CLKINVX1
	CLKINVX2
	INVX2
	CLKINVX3
	INVX3
	CLKINVX4
	INVX4
	CLKINVX6
	INVX6
	CLKINVX8
	INVX8
	INVX12
	INVX16
	CLKINVX12
	INVX20
	CLKINVX16
	CLKINVX20
CTS: Marking Net clk as cts DontTouch : It is a PAD Net
CTS: Marking Net clk as cts DontTouch : It is a PAD Net


Initializing parameters for clock clk:
Root pin: clk
Using max_transition: 0.500 ns
Using leaf_max_transition for clock clk: 0.500 ns
Using the following target skews for global optimization:
  Corner 'max': 0.200 ns
Using the following target skews for incremental optimization:
  Corner 'max': 0.200 ns
Using the following optimization options:
  gate sizing                   :  on
  gate relocation               :  on
  preserve levels               :  off
  area recovery                 :  on
  relax insertion delay         :  off
  balance rc                    :  off
Information: The -balance_rc option is set to false by default, because there are single CTS corner(s). (CTS-1121)
Using max_transition 0.500 ns
Using leaf_max_transition for clock clk : 0.500 ns


Starting optimization for clock clk.
Using max_transition 0.500 ns
Using leaf_max_transition for clock clk : 0.500 ns

****************************************
* Preoptimization report (clock 'clk') *
****************************************
  Corner 'max'
    Estimated Skew (r/f/b) = (0.000 0.000 0.000)
    Estimated Insertion Delay (r/f/b) = (0.742  -inf 0.742)
  Corner 'RC-ONLY'
    Estimated Skew (r/f/b) = (0.000 0.000 0.000)
    Estimated Insertion Delay (r/f/b) = (0.292  -inf 0.292)
  Wire capacitance =  0.1 pf
  Total capacitance = 6.8 pf
  Max transition = 1.154 ns
  Cells = 3 (area=6908.579102)
  Buffers = 2 (area=6908.579102)
  Buffer Types
  ============
    BUFX8: 1
    PI: 1

Report DRC violations for clock clk (initial)
Warning: Max capacitance 0.800000 on lib_cell PI is very constraining.  Your max_transition suggests that 1.513365 would be more appropriate. (CTS-382)
Total 0 DRC violations for clock clk (initial)
Deleting cell BUFX8_G2B1I1 and output net clk_pad_G2B1I1.
 iteration 1: (0.000159, 0.805425) [1]
 Total 1 buffers removed on clock clk  (corner 1)
 Start (0.874, 0.875), End (0.805, 0.805) 

RC optimization for clock 'clk'
Corner sensitivity to RC skew (normalized to the first corner):
  Corner 'max': +0.000
50%   100%   
50%   100%   
Coarse optimization for clock 'clk'
50%   100%   
50%   100%   
50%   100%   
50%   100%   
 No back-to-back buffer chains found
 Start (0.805, 0.805), End (0.805, 0.805) 

Detailed optimization for clock 'clk'
50%   100%   
Using max_transition 0.500 ns
Using leaf_max_transition for clock clk : 0.500 ns
Starting optimization pass for clock clk:
Start path based optimization 
 Start (0.677, 0.677), End (0.677, 0.677) 

 Start (0.677, 0.677), End (0.677, 0.677) 

50%   100%   
 Start (0.677, 0.677), End (0.677, 0.677) 

 Start (0.677, 0.677), End (0.677, 0.677) 

 Start (0.677, 0.677), End (0.677, 0.677) 

 Start (0.677, 0.677), End (0.677, 0.677) 

 Start (0.677, 0.677), End (0.677, 0.677) 

 Start (0.677, 0.677), End (0.677, 0.677) 

Start area recovery: (0.907667, 0.907667)
Using max_transition 0.500 ns
Using leaf_max_transition for clock clk : 0.500 ns
Switch to low metal layer for clock 'clk':

 Total 0 out of 2 nets switched to low metal layer for clock 'clk' with largest cap change 0.00 percent
Switch metal layer for area recovery: (0.907667, 0.907667)
Buffer removal for area recovery: (0.907667, 0.907667)
Area recovery optimization for clock 'clk':
33%   66%   100%   
Sizing for area recovery: (0.793016, 0.793016)

 Total 1 buffers removed (all paths) for clock 'clk'
Path buffer removal for area recovery: (0.676881, 0.677040)
Buffer pair removal for area recovery: (0.676881, 0.677040)
End area recovery: (0.676881, 0.677040)

*************************************************
* Multicorner optimization report (clock 'clk') *
*************************************************
  Corner 'max'
    Estimated Skew (r/f/b) = (0.000 0.000 0.000)
    Estimated Insertion Delay (r/f/b) = (0.677  -inf 0.677)
  Corner 'RC-ONLY'
    Estimated Skew (r/f/b) = (0.000 0.000 0.000)
    Estimated Insertion Delay (r/f/b) = (0.292  -inf 0.292)
  Wire capacitance =  0.1 pf
  Total capacitance = 6.8 pf
  Max transition = 1.154 ns
  Cells = 2 (area=6895.000000)
  Buffers = 1 (area=6895.000000)
  Buffer Types
  ============
    PI: 1


++ Longest path for clock clk in corner 'max':
 object                               fan cap  trn inc  arr r location
 clk (port)                                     18   0    0 r ( 320  603) 
 clk (port)                                      0   0    0 r ( 320  603) 
 clk (net)                              1 6786                
 i_clk/PAD (PI)                                1154 292  292 r
                                                              (  -5  249) 
 i_clk/C (PI)                                   84 388  680 r ( 196  242) 
 clk_pad (net)                          3  31                 
 i_control/state_reg[1]/CK (DFFRXL)             49   0  680 r ( 334  353) 


++ Shortest path for clock clk in corner 'max':
 object                               fan cap  trn inc  arr r location
 clk (port)                                     18   0    0 r ( 320  603) 
 clk (port)                                      0   0    0 r ( 320  603) 
 clk (net)                              1 6786                
 i_clk/PAD (PI)                                1154 292  292 r
                                                              (  -5  249) 
 i_clk/C (PI)                                   84 388  680 r ( 196  242) 
 clk_pad (net)                          3  31                 
 i_control/state_reg[0]/CK (DFFRXL)             49   0  680 r ( 276  247) 


++ Longest path for clock clk in corner 'RC-ONLY':
 object                               fan cap  trn inc  arr r location
 clk (port)                                     18   0    0 r ( 320  603) 
 clk (port)                                      0   0    0 r ( 320  603) 
 clk (net)                              1 6786                
 i_clk/PAD (PI)                                1155 292  292 r
                                                              (  -5  249) 
 i_clk/C (PI)                                    0   0  292 r ( 196  242) 
 clk_pad (net)                          3  31                 
 i_control/state_reg[1]/CK (DFFRXL)              1   0  292 r ( 334  353) 


++ Shortest path for clock clk in corner 'RC-ONLY':
 object                               fan cap  trn inc  arr r location
 clk (port)                                     18   0    0 r ( 320  603) 
 clk (port)                                      0   0    0 r ( 320  603) 
 clk (net)                              1 6786                
 i_clk/PAD (PI)                                1155 292  292 r
                                                              (  -5  249) 
 i_clk/C (PI)                                    0   0  292 r ( 196  242) 
 clk_pad (net)                          3  31                 
 i_control/state_reg[0]/CK (DFFRXL)              0   0  292 r ( 276  247) 

Report DRC violations for clock clk (final)
Total 0 DRC violations for clock clk (final)

  Legalizing Placement
  --------------------

[begin initializing data for legality checker]

Initializing Data Structure ...
INFO: legalizer_via_spacing_check_mode 0
  Reading technology information ...
    Technology table contains 8 routable metal layers
    Top most routable layer is set to be metal6
    This is considered as a 6-metal-layer design
    Reading library information from DB ...
  Reading misc information ...
    array <unit> has 0 vertical and 40 horizontal rows
    14 pre-routes for placement blockage/checking
    14 pre-routes for map congestion calculation
  Checking information read in ...
    design style = Horizontal masters, Horizontal rows

  Preprocessing design ...
    splitting rows by natural obstacles ...
... design style 0
... number of base array 1 0
INFO:... use original rows...
[end initializing data for legality checker]
 
****************************************
  Report : Chip Summary
  Design : control_pad
  Version: T-2022.03
  Date   : Fri Nov 28 20:07:07 2025
****************************************
Std cell utilization: 1.33%  (174/(13080-0))
(Non-fixed + Fixed)
Std cell utilization: 1.33%  (174/(13080-0))
(Non-fixed only)
Chip area:            13080    sites, bbox (227.00 227.00 377.42 374.60) um
Std cell area:        174      sites, (non-fixed:174    fixed:0)
                      27       cells, (non-fixed:27     fixed:0)
Macro cell area:      0        sites
                      0        cells
Placement blockages:  0        sites, (excluding fixed std cells)
                      0        sites, (include fixed std cells & chimney area)
                      0        sites, (complete p/g net blockages)
Routing blockages:    0        sites, (partial p/g net blockages)
                      0        sites, (routing blockages and signal pre-route)
Lib cell count:       16 
Avg. std cell width:  3.16 um 
Site array:           unit     (width: 0.46 um, height: 3.69 um, rows: 40)
Physical DB scale:    1000 db_unit = 1 um 

 
****************************************
  Report : pnet options
  Design : control_pad
  Version: T-2022.03
  Date   : Fri Nov 28 20:07:07 2025
****************************************


--------------------------------------------------------------------
Layer      Blockage   Min_width   Min_height   Via_additive     Density
--------------------------------------------------------------------
METAL1     none          ---         ---       via additive      ---
METAL2     none          ---         ---       via additive      ---
METAL3     none          ---         ---       via additive      ---
METAL4     none          ---         ---       via additive      ---
METAL5     none          ---         ---       via additive      ---
METAL6     none          ---         ---       via additive      ---
METAL7     none          ---         ---       via additive      ---
METAL8     none          ---         ---       via additive      ---
 
****************************************
  Report : Legalize Displacement
  Design : control_pad
  Version: T-2022.03
  Date   : Fri Nov 28 20:07:07 2025
****************************************

No cell displacement.


  Placement Legalization Complete
  -------------------------------

Information: Updating database...
Unsetting the GR Options
LR: 0 out of 1 clock nets rerouted
LR: Clock routing service terminated
Invalidate design extracted status
Optimize clock tree Successful...
clock_opt completed Successfully
1
update_clock_latency  
Extract clock nets only
Warning: Could not read any link_library files. The link_library setting {"*", "typical_1v2c25.db", "SP013D3_V1p2_typ.db", "typical_1v2c25.db", "SP013D3_V1p2_typ.db"} may be invalid. (UID-349)

  Loading design 'control_pad'


Information: Setting a dont_touch attribute on net 'rd' because it is connected to a pad cell. (PSYN-088)
Information: Setting a dont_touch attribute on net 'zero' because it is connected to a pad cell. (PSYN-088)
Information: Setting a dont_touch attribute on net 'clk' because it is connected to a pad cell. (PSYN-088)
Information: Setting a dont_touch attribute on net 'rst_' because it is connected to a pad cell. (PSYN-088)
Information: Setting a dont_touch attribute on net 'opcode[2]' because it is connected to a pad cell. (PSYN-088)
Information: Setting a dont_touch attribute on net 'opcode[1]' because it is connected to a pad cell. (PSYN-088)
Information: Setting a dont_touch attribute on net 'opcode[0]' because it is connected to a pad cell. (PSYN-088)
Information: Setting a dont_touch attribute on net 'sel' because it is connected to a pad cell. (PSYN-088)
Information: Setting a dont_touch attribute on net 'data_e' because it is connected to a pad cell. (PSYN-088)
Information: Setting a dont_touch attribute on net 'halt' because it is connected to a pad cell. (PSYN-088)
Information: Setting a dont_touch attribute on net 'inc_pc' because it is connected to a pad cell. (PSYN-088)
Information: Setting a dont_touch attribute on net 'ld_pc' because it is connected to a pad cell. (PSYN-088)
Information: Setting a dont_touch attribute on net 'ld_ac' because it is connected to a pad cell. (PSYN-088)
Information: Setting a dont_touch attribute on net 'ld_ir' because it is connected to a pad cell. (PSYN-088)
Information: Setting a dont_touch attribute on net 'wr' because it is connected to a pad cell. (PSYN-088)


Information: Library Manufacturing Grid(GridResolution) : 5
Information: Time Unit from Milkyway design library: 'ns' 
Information: Design Library and main library timing units are matched - 1.000 ns. 
Information: Resistance Unit from Milkyway design library: 'kohm' 
Information: Design Library and main library resistance units are matched - 1.000 kohm. 
Information: Capacitance Unit from Milkyway design library: 'pf' 
Information: Design Library and main library capacitance units are matched - 1.000 pf. 
1/51 nets are routed
Warning: Inconsistent library data found for layer POLY1. (RCEX-018)
Information: Layer METAL1 is ignored for resistance and capacitance computation. (RCEX-019)
Information: Layer METAL2 is ignored for resistance and capacitance computation. (RCEX-019)
Information: Layer METAL7 is ignored for resistance and capacitance computation. (RCEX-019)
Information: Layer METAL8 is ignored for resistance and capacitance computation. (RCEX-019)
Information: The distance unit in Capacitance and Resistance is 1 micron. (RCEX-007)
Information: The RC model used is global route TLU+. (RCEX-015)
Information: Start mixed mode parasitic extraction. (RCEX-023)
Information: Start rc extraction...
Warning: Not enough nets are routed (1/51 < 0.66667); will do extraction by using placement congestion map as background. (RCEX-047)
EKL_MT: Max number of thread is 16
Memory usage for extraction task 286 Mbytes -- main task 432 Mbytes.
Information: Parasitic source is LPE. (RCEX-040)
Information: Parasitic mode is RealRVirtualC. (RCEX-041)
Information: Using virtual shield extraction. (RCEX-081)
Information: Extraction mode is MAX. (RCEX-042)
Information: Extraction derate is 25/25/25. (RCEX-043)
Information: Start back annotation for parasitic extraction. (RCEX-023)
Information: End back annotation for parasitic extraction. (RCEX-023)
Information: Start timing update for parasitic extraction. (RCEX-023)
Information: End timing update for parasitic extraction. (RCEX-023)
Information: End parasitic extraction. (RCEX-023)
Information: Start rc update...
****************************************************************
Information: TLUPlus based RC computation is enabled. (RCEX-141)
****************************************************************
Information: The distance unit in Capacitance and Resistance is 1 micron. (RCEX-007)
Information: The RC model used is TLU+. (RCEX-015)
Information: Library Derived Cap for layer METAL1 : 0.00025 0.00025 (RCEX-011)
Information: Library Derived Res for layer METAL1 : 0.0002 0.0002 (RCEX-011)
Information: Library Derived Cap for layer METAL2 : 0.00031 0.00031 (RCEX-011)
Information: Library Derived Res for layer METAL2 : 9.1e-05 9.1e-05 (RCEX-011)
Information: Library Derived Cap for layer METAL3 : 0.00035 0.00035 (RCEX-011)
Information: Library Derived Res for layer METAL3 : 9.1e-05 9.1e-05 (RCEX-011)
Information: Library Derived Cap for layer METAL4 : 0.00031 0.00031 (RCEX-011)
Information: Library Derived Res for layer METAL4 : 9.1e-05 9.1e-05 (RCEX-011)
Information: Library Derived Cap for layer METAL5 : 0.00035 0.00035 (RCEX-011)
Information: Library Derived Res for layer METAL5 : 9.1e-05 9.1e-05 (RCEX-011)
Information: Library Derived Cap for layer METAL6 : 0.00031 0.00031 (RCEX-011)
Information: Library Derived Res for layer METAL6 : 9.1e-05 9.1e-05 (RCEX-011)
Information: Library Derived Cap for layer METAL7 : 0.00035 0.00035 (RCEX-011)
Information: Library Derived Res for layer METAL7 : 9.1e-05 9.1e-05 (RCEX-011)
Information: Library Derived Cap for layer METAL8 : 0.0003 0.0003 (RCEX-011)
Information: Library Derived Res for layer METAL8 : 1.2e-05 1.2e-05 (RCEX-011)
Information: Library Derived Horizontal Cap : 0.00035 0.00035 (RCEX-011)
Information: Library Derived Horizontal Res : 9.1e-05 9.1e-05 (RCEX-011)
Information: Library Derived Vertical Cap : 0.00031 0.00031 (RCEX-011)
Information: Library Derived Vertical Res : 9.1e-05 9.1e-05 (RCEX-011)
Information: Using derived R and C coefficients. (RCEX-008)
Information: Using region-based R and C coefficients. (RCEX-013)
Information: Library Derived Via Res : 0.0001 0.0001 (RCEX-011)
Information: End rc update.
Information: The mixed mode parasitic extraction has been performed. (RCEX-202)
Information: Updating graph... (UID-83)
Information: Input delay ('rise') on clock port 'clk' will be added to the clock's propagated skew. (TIM-112)
Information: Input delay ('fall') on clock port 'clk' will be added to the clock's propagated skew. (TIM-112)
Information: Latency computed from clock clk will be applied on clock clk. (CTS-530)
Information: Updating the latency of clock clk to 0.831357 (max) 0.831357 (min). (CTS-531)
1
report_clock_tree 
 
****************************************
Report : clock tree
Design : control_pad
Version: T-2022.03
Date   : Fri Nov 28 20:07:09 2025
****************************************

Information: Float pin scale factor for the 'max' operating condition of scenario 'default' is set to 1.000 (CTS-375)

============ Global Skew Report ================

Clock Tree Name                : "clk"
Clock Period                   : 20.00000       
Clock Tree root pin            : "clk"
Number of Levels               : 2
Number of Sinks                : 3
Number of CT Buffers           : 0
Number of CTS added gates      : 0
Number of Preexisting Gates    : 0
Number of Preexisting Buf/Inv  : 1
Total Number of Clock Cells    : 1
Total Area of CT Buffers       : 0.00000        
Total Area of CT cells         : 6895.00000     
Max Global Skew                : 0.00016   
Number of MaxTran Violators    : 0
Number of MaxCap Violators     : 0
Number of MaxFanout Violators  : 0


Operating Condition               worst
Clock global Skew                 0.000
Longest path delay                0.831
Shortest path delay               0.831

The longest path delay end pin: i_control/state_reg[1]/CK
The shortest path delay end pin: i_control/state_reg[0]/CK

The longest Path:
Pin                                         Cap       Fanout    Trans     Incr      Arri
----------------------------------------------------------------------------------------------------
clk                                         0.000            1  0.000     0.000     0.000     r
clk                                         6.790            1  0.000     0.000     0.000     r
i_clk/PAD                                   6.790            1  1.212     0.441     0.441     r
i_clk/C                                     0.032            3  0.084     0.390     0.831     r
i_control/state_reg[1]/CK                   0.032            0  0.049     0.000     0.831     r
[clock delay]                                                                       0.831
----------------------------------------------------------------------------------------------------

The Shortest Path:
Pin                                         Cap       Fanout    Trans     Incr      Arri
----------------------------------------------------------------------------------------------------
clk                                         0.000            1  0.000     0.000     0.000     r
clk                                         6.790            1  0.000     0.000     0.000     r
i_clk/PAD                                   6.790            1  1.212     0.441     0.441     r
i_clk/C                                     0.032            3  0.084     0.390     0.831     r
i_control/state_reg[0]/CK                   0.032            0  0.049     0.000     0.831     r
[clock delay]                                                                       0.831
----------------------------------------------------------------------------------------------------

1
report_clock_timing -type skew 
Information: Input delay ('rise') on clock port 'clk' will be added to the clock's propagated skew. (TIM-112)
Information: Input delay ('fall') on clock port 'clk' will be added to the clock's propagated skew. (TIM-112)
 
****************************************
Report : clock timing
        -type skew
        -nworst 1
        -setup
Design : control_pad
Version: T-2022.03
Date   : Fri Nov 28 20:07:09 2025
****************************************

  Clock: clk
  Clock Pin                              Latency             Skew
----------------------------------------------------------------------------
  i_control/state_reg[1]/CK              0.83                          wrp-+
  i_control/state_reg[0]/CK              0.83                0.00      wrp-+
----------------------------------------------------------------------------

1
#Post CTS Logic Optimization 
set_fix_hold [all_clocks] 
1
set_separate_process_options -placement false
1
clock_opt -no_clock_route -only_psyn 
Warning: Starting from the 2011.09-SP4 release, clock_opt will NOT perform congestion-driven placement by default. (PSYN-1111)

The options for clock_opt:
--------------------------
COPT:  Clock Tree Synthesis                 : No
COPT:  Post CTS Optimization                : Yes
COPT:  Concurrent Clock/Data Optimization   : No
COPT:  Route Clock Nets                     : No
COPT:  Update Clock Latency                 : No
COPT:  Optimize Hold for All Clocks         : No
COPT:  Optimize Hold Timing Only            : No
COPT:  Optimize DFT                         : No
COPT:  Area Recovery                        : No
COPT:  Size Only                            : No
COPT:  In Place Size Only                   : No
COPT:  Congestion removal                   : No
COPT:  Optimize Power                       : No
---------------------------------------------------

Executing ICC clock_opt...
medium
*
Performing optimization...
Information: Using 4 cores for placement. (OPT-1505)
Warning: Could not read any link_library files. The link_library setting {"*", "typical_1v2c25.db", "SP013D3_V1p2_typ.db", "typical_1v2c25.db", "SP013D3_V1p2_typ.db"} may be invalid. (UID-349)

  Loading design 'control_pad'


Information: Setting a dont_touch attribute on net 'rd' because it is connected to a pad cell. (PSYN-088)
Information: Setting a dont_touch attribute on net 'zero' because it is connected to a pad cell. (PSYN-088)
Information: Setting a dont_touch attribute on net 'clk' because it is connected to a pad cell. (PSYN-088)
Information: Setting a dont_touch attribute on net 'rst_' because it is connected to a pad cell. (PSYN-088)
Information: Setting a dont_touch attribute on net 'opcode[2]' because it is connected to a pad cell. (PSYN-088)
Information: Setting a dont_touch attribute on net 'opcode[1]' because it is connected to a pad cell. (PSYN-088)
Information: Setting a dont_touch attribute on net 'opcode[0]' because it is connected to a pad cell. (PSYN-088)
Information: Setting a dont_touch attribute on net 'sel' because it is connected to a pad cell. (PSYN-088)
Information: Setting a dont_touch attribute on net 'data_e' because it is connected to a pad cell. (PSYN-088)
Information: Setting a dont_touch attribute on net 'halt' because it is connected to a pad cell. (PSYN-088)
Information: Setting a dont_touch attribute on net 'inc_pc' because it is connected to a pad cell. (PSYN-088)
Information: Setting a dont_touch attribute on net 'ld_pc' because it is connected to a pad cell. (PSYN-088)
Information: Setting a dont_touch attribute on net 'ld_ac' because it is connected to a pad cell. (PSYN-088)
Information: Setting a dont_touch attribute on net 'ld_ir' because it is connected to a pad cell. (PSYN-088)
Information: Setting a dont_touch attribute on net 'wr' because it is connected to a pad cell. (PSYN-088)


Information: Library Manufacturing Grid(GridResolution) : 5
Information: Time Unit from Milkyway design library: 'ns' 
Information: Design Library and main library timing units are matched - 1.000 ns. 
Information: Resistance Unit from Milkyway design library: 'kohm' 
Information: Design Library and main library resistance units are matched - 1.000 kohm. 
Information: Capacitance Unit from Milkyway design library: 'pf' 
Information: Design Library and main library capacitance units are matched - 1.000 pf. 
Information: Input delay ('rise') on clock port 'clk' will be added to the clock's propagated skew. (TIM-112)
Information: Input delay ('fall') on clock port 'clk' will be added to the clock's propagated skew. (TIM-112)
Information: Freezing clock timing with 50.000000 percentage of clock nets routed and extracted. (TIM-219)
Information: Saving clock skews and source latencies on layer  since clock timing is frozen. (TIM-226)
Information: Layer METAL1 is ignored for resistance and capacitance computation. (RCEX-019)
Information: Layer METAL2 is ignored for resistance and capacitance computation. (RCEX-019)
Information: Layer METAL7 is ignored for resistance and capacitance computation. (RCEX-019)
Information: Layer METAL8 is ignored for resistance and capacitance computation. (RCEX-019)
****************************************************************
Information: TLUPlus based RC computation is enabled. (RCEX-141)
****************************************************************
Information: The distance unit in Capacitance and Resistance is 1 micron. (RCEX-007)
Information: The RC model used is TLU+. (RCEX-015)
Information: Library Derived Cap for layer METAL1 : 0.00025 0.00025 (RCEX-011)
Information: Library Derived Res for layer METAL1 : 0.0002 0.0002 (RCEX-011)
Information: Library Derived Cap for layer METAL2 : 0.00031 0.00031 (RCEX-011)
Information: Library Derived Res for layer METAL2 : 9.1e-05 9.1e-05 (RCEX-011)
Information: Library Derived Cap for layer METAL3 : 0.00035 0.00035 (RCEX-011)
Information: Library Derived Res for layer METAL3 : 9.1e-05 9.1e-05 (RCEX-011)
Information: Library Derived Cap for layer METAL4 : 0.00031 0.00031 (RCEX-011)
Information: Library Derived Res for layer METAL4 : 9.1e-05 9.1e-05 (RCEX-011)
Information: Library Derived Cap for layer METAL5 : 0.00035 0.00035 (RCEX-011)
Information: Library Derived Res for layer METAL5 : 9.1e-05 9.1e-05 (RCEX-011)
Information: Library Derived Cap for layer METAL6 : 0.00031 0.00031 (RCEX-011)
Information: Library Derived Res for layer METAL6 : 9.1e-05 9.1e-05 (RCEX-011)
Information: Library Derived Cap for layer METAL7 : 0.00035 0.00035 (RCEX-011)
Information: Library Derived Res for layer METAL7 : 9.1e-05 9.1e-05 (RCEX-011)
Information: Library Derived Cap for layer METAL8 : 0.0003 0.0003 (RCEX-011)
Information: Library Derived Res for layer METAL8 : 1.2e-05 1.2e-05 (RCEX-011)
Information: Library Derived Horizontal Cap : 0.00035 0.00035 (RCEX-011)
Information: Library Derived Horizontal Res : 9.1e-05 9.1e-05 (RCEX-011)
Information: Library Derived Vertical Cap : 0.00031 0.00031 (RCEX-011)
Information: Library Derived Vertical Res : 9.1e-05 9.1e-05 (RCEX-011)
Information: Using derived R and C coefficients. (RCEX-008)
Information: Using region-based R and C coefficients. (RCEX-013)
Information: Library Derived Via Res : 0.0001 0.0001 (RCEX-011)

  Design  WNS: 0.0000  TNS: 0.0000  Number of Violating Paths: 0

  Nets with DRC Violations: 5
  Total moveable cell area: 295.3
  Total fixed cell area: 103425.0
  Total physical cell area: 103720.3
  Core area: (227000 227000 377420 374600)


                  Incremental high fanout optimization starts
================================================================

 Collecting Buffer Trees ... Found 0

                  Incremental high fanout optimization completes
================================================================


  Design  WNS: 0.0000  TNS: 0.0000  Number of Violating Paths: 0

  Nets with DRC Violations: 5
  Total moveable cell area: 295.3
  Total fixed cell area: 103425.0
  Total physical cell area: 103720.3
  Core area: (227000 227000 377420 374600)



  Design (Hold)  WNS: 0.0000  TNS: 0.0000  Number of Violating Paths: 0

  Timing and DRC Optimization (Stage 1)
  --------------------------------------



  Beginning Timing Optimizations
  ------------------------------

                                  TOTAL                                                  
   ELAPSED            WORST NEG   SETUP    DESIGN                              MIN DELAY 
    TIME      AREA      SLACK     COST    RULE COST         ENDPOINT             COST    
  --------- --------- --------- --------- --------- ------------------------- -----------
    0:00:00  103720.3      0.00       0.0   33721.5                                0.00  


  Beginning Phase 1 Design Rule Fixing  (max_transition)  (max_capacitance)
  ------------------------------------

                                  TOTAL                                                  
   ELAPSED            WORST NEG   SETUP    DESIGN                              MIN DELAY 
    TIME      AREA      SLACK     COST    RULE COST         ENDPOINT             COST    
  --------- --------- --------- --------- --------- ------------------------- -----------
    0:00:00  103720.3      0.00       0.0   33721.5                                0.00  
  
Fixing max_transition rule(DRC-101)

    0:00:00  103720.3      0.00       0.0   33721.5                                0.00  
    0:00:00  103720.3      0.00       0.0   33721.5                                0.00  
  
Fixing max_transition rule(DRC-101)

    0:00:00  103720.3      0.00       0.0   33721.5                                0.00  
    0:00:00  103720.3      0.00       0.0   33721.5                                0.00  
  
Fixing max_capacitance rule(DRC-100)

    0:00:00  103720.3      0.00       0.0   33721.5                                0.00  
    0:00:00  103720.3      0.00       0.0   33721.5                                0.00  
  
Fixing max_capacitance rule(DRC-100)

    0:00:00  103720.3      0.00       0.0   33721.5                                0.00  
    0:00:00  103720.3      0.00       0.0   33721.5                                0.00  


  Beginning Phase 2 Design Rule Fixing  (max_transition)  (max_capacitance)
  ------------------------------------

                                  TOTAL                                                  
   ELAPSED            WORST NEG   SETUP    DESIGN                              MIN DELAY 
    TIME      AREA      SLACK     COST    RULE COST         ENDPOINT             COST    
  --------- --------- --------- --------- --------- ------------------------- -----------
    0:00:00  103720.3      0.00       0.0   33721.5                                0.00  
Warning: Warning: Target library does not have any constant lib_cells so tool cannot replace virtual constants.  (OPT-223)
Warning: Warning: Target library does not have any constant lib_cells so tool cannot replace virtual constants.  (OPT-223)
Warning: Warning: Target library does not have any constant lib_cells so tool cannot replace virtual constants.  (OPT-223)


Note: Symbol # after min delay cost means estimated hold TNS across all active scenarios 


  Optimization Complete
  ---------------------

  Placement Optimization (Stage 1)
  -----------------------------------------------------

20%...40%...60%...80%...100% done.

Information: Analyzing channel congestion ... 
Information: Channel congestion analysis found no blockages


[begin initializing data for legality checker]

Initializing Data Structure ...
INFO: legalizer_via_spacing_check_mode 0
  Reading technology information ...
    Technology table contains 8 routable metal layers
    Top most routable layer is set to be metal6
    This is considered as a 6-metal-layer design
    Reading library information from DB ...
  Reading misc information ...
    array <unit> has 0 vertical and 40 horizontal rows
    14 pre-routes for placement blockage/checking
    14 pre-routes for map congestion calculation
  Checking information read in ...
    design style = Horizontal masters, Horizontal rows

  Preprocessing design ...
    splitting rows by natural obstacles ...
... design style 0
... number of base array 1 0
INFO:... use original rows...
[end initializing data for legality checker]
 
****************************************
  Report : Chip Summary
  Design : control_pad
  Version: T-2022.03
  Date   : Fri Nov 28 20:07:10 2025
****************************************
Std cell utilization: 1.33%  (174/(13080-0))
(Non-fixed + Fixed)
Std cell utilization: 1.33%  (174/(13080-0))
(Non-fixed only)
Chip area:            13080    sites, bbox (227.00 227.00 377.42 374.60) um
Std cell area:        174      sites, (non-fixed:174    fixed:0)
                      27       cells, (non-fixed:27     fixed:0)
Macro cell area:      0        sites
                      0        cells
Placement blockages:  0        sites, (excluding fixed std cells)
                      0        sites, (include fixed std cells & chimney area)
                      0        sites, (complete p/g net blockages)
Routing blockages:    0        sites, (partial p/g net blockages)
                      0        sites, (routing blockages and signal pre-route)
Lib cell count:       16 
Avg. std cell width:  3.16 um 
Site array:           unit     (width: 0.46 um, height: 3.69 um, rows: 40)
Physical DB scale:    1000 db_unit = 1 um 

 
****************************************
  Report : pnet options
  Design : control_pad
  Version: T-2022.03
  Date   : Fri Nov 28 20:07:10 2025
****************************************


--------------------------------------------------------------------
Layer      Blockage   Min_width   Min_height   Via_additive     Density
--------------------------------------------------------------------
METAL1     none          ---         ---       via additive      ---
METAL2     none          ---         ---       via additive      ---
METAL3     none          ---         ---       via additive      ---
METAL4     none          ---         ---       via additive      ---
METAL5     none          ---         ---       via additive      ---
METAL6     none          ---         ---       via additive      ---
METAL7     none          ---         ---       via additive      ---
METAL8     none          ---         ---       via additive      ---
Legalizing 24 illegal cells...
Starting legalizer.
Initial legalization:  10% 20% 30% 40% 50% 60% 70% 80% 90% 100% (0 sec)
Optimizations pass 1: 10% 20% 30% 40% 50% 60% 70% 80% 90% 100% (0.0 sec)
Optimizations pass 2: 10% 20% 30% 40% 50% 60% 70% 80% 90% 100% (0.0 sec)
Optimizations pass 3: 10% 20% 30% 40% 50% 60% 70% 80% 90% 100% (0.0 sec)
Legalization complete (0 total sec)
 
****************************************
  Report : Legalize Displacement
  Design : control_pad
  Version: T-2022.03
  Date   : Fri Nov 28 20:07:10 2025
****************************************

avg cell displacement:    1.231 um ( 0.33 row height)
max cell displacement:    1.772 um ( 0.48 row height)
std deviation:            0.404 um ( 0.11 row height)
number of cell moved:        24 cells (out of 27 cells)

Total 0 cells has large displacement (e.g. > 11.070 um or 3 row height)


  Placement Optimization Complete
  -------------------------------


  Design  WNS: 0.0000  TNS: 0.0000  Number of Violating Paths: 0

  Nets with DRC Violations: 5
  Total moveable cell area: 295.3
  Total fixed cell area: 103425.0
  Total physical cell area: 103720.3
  Core area: (227000 227000 377420 374600)



  Design (Hold)  WNS: 0.0000  TNS: 0.0000  Number of Violating Paths: 0

  Timing and DRC Optimization (Stage 2)
  --------------------------------------



  Beginning Timing Optimizations
  ------------------------------

                                  TOTAL                                                  
   ELAPSED            WORST NEG   SETUP    DESIGN                              MIN DELAY 
    TIME      AREA      SLACK     COST    RULE COST         ENDPOINT             COST    
  --------- --------- --------- --------- --------- ------------------------- -----------
    0:00:01  103720.3      0.00       0.0   33721.6                                0.00  
  
Fixing max_capacitance rule(DRC-100)

    0:00:01  103720.3      0.00       0.0   33721.6                                0.00  
    0:00:01  103720.3      0.00       0.0   33721.6                                0.00  
  
Fixing max_capacitance rule(DRC-100)

    0:00:01  103720.3      0.00       0.0   33721.6                                0.00  
    0:00:01  103720.3      0.00       0.0   33721.6                                0.00  


  Beginning Phase 1 Design Rule Fixing  (max_transition)  (max_capacitance)
  ------------------------------------

                                  TOTAL                                                  
   ELAPSED            WORST NEG   SETUP    DESIGN                              MIN DELAY 
    TIME      AREA      SLACK     COST    RULE COST         ENDPOINT             COST    
  --------- --------- --------- --------- --------- ------------------------- -----------
    0:00:01  103720.3      0.00       0.0   33721.6                                0.00  
  
Fixing max_transition rule(DRC-101)

    0:00:01  103720.3      0.00       0.0   33721.6                                0.00  
    0:00:01  103720.3      0.00       0.0   33721.6                                0.00  
  
Fixing max_transition rule(DRC-101)

    0:00:01  103720.3      0.00       0.0   33721.6                                0.00  
    0:00:01  103720.3      0.00       0.0   33721.6                                0.00  
  
Fixing max_capacitance rule(DRC-100)

    0:00:01  103720.3      0.00       0.0   33721.6                                0.00  
    0:00:01  103720.3      0.00       0.0   33721.6                                0.00  
  
Fixing max_capacitance rule(DRC-100)

    0:00:01  103720.3      0.00       0.0   33721.6                                0.00  
    0:00:01  103720.3      0.00       0.0   33721.6                                0.00  
    0:00:01  103720.3      0.00       0.0   33721.6                                0.00  
    0:00:01  103720.3      0.00       0.0   33721.6                                0.00  
    0:00:01  103720.3      0.00       0.0   33721.6                                0.00  
    0:00:01  103720.3      0.00       0.0   33721.6                                0.00  
    0:00:01  103720.3      0.00       0.0   33721.6                                0.00  
    0:00:01  103720.3      0.00       0.0   33721.6                                0.00  
Warning: Warning: Target library does not have any constant lib_cells so tool cannot replace virtual constants.  (OPT-223)
Warning: Warning: Target library does not have any constant lib_cells so tool cannot replace virtual constants.  (OPT-223)
Warning: Warning: Target library does not have any constant lib_cells so tool cannot replace virtual constants.  (OPT-223)


Note: Symbol # after min delay cost means estimated hold TNS across all active scenarios 


  Optimization Complete
  ---------------------

  Placement Optimization (Stage 2)
  -----------------------------------------------------

[begin initializing data for legality checker]

Initializing Data Structure ...
INFO: legalizer_via_spacing_check_mode 0
  Reading technology information ...
    Technology table contains 8 routable metal layers
    Top most routable layer is set to be metal6
    This is considered as a 6-metal-layer design
    Reading library information from DB ...
  Reading misc information ...
    array <unit> has 0 vertical and 40 horizontal rows
    14 pre-routes for placement blockage/checking
    14 pre-routes for map congestion calculation
  Checking information read in ...
    design style = Horizontal masters, Horizontal rows

  Preprocessing design ...
    splitting rows by natural obstacles ...
... design style 0
... number of base array 1 0
INFO:... use original rows...
[end initializing data for legality checker]
 
****************************************
  Report : Chip Summary
  Design : control_pad
  Version: T-2022.03
  Date   : Fri Nov 28 20:07:10 2025
****************************************
Std cell utilization: 1.33%  (174/(13080-0))
(Non-fixed + Fixed)
Std cell utilization: 1.33%  (174/(13080-0))
(Non-fixed only)
Chip area:            13080    sites, bbox (227.00 227.00 377.42 374.60) um
Std cell area:        174      sites, (non-fixed:174    fixed:0)
                      27       cells, (non-fixed:27     fixed:0)
Macro cell area:      0        sites
                      0        cells
Placement blockages:  0        sites, (excluding fixed std cells)
                      0        sites, (include fixed std cells & chimney area)
                      0        sites, (complete p/g net blockages)
Routing blockages:    0        sites, (partial p/g net blockages)
                      0        sites, (routing blockages and signal pre-route)
Lib cell count:       16 
Avg. std cell width:  3.16 um 
Site array:           unit     (width: 0.46 um, height: 3.69 um, rows: 40)
Physical DB scale:    1000 db_unit = 1 um 

 
****************************************
  Report : pnet options
  Design : control_pad
  Version: T-2022.03
  Date   : Fri Nov 28 20:07:10 2025
****************************************


--------------------------------------------------------------------
Layer      Blockage   Min_width   Min_height   Via_additive     Density
--------------------------------------------------------------------
METAL1     none          ---         ---       via additive      ---
METAL2     none          ---         ---       via additive      ---
METAL3     none          ---         ---       via additive      ---
METAL4     none          ---         ---       via additive      ---
METAL5     none          ---         ---       via additive      ---
METAL6     none          ---         ---       via additive      ---
METAL7     none          ---         ---       via additive      ---
METAL8     none          ---         ---       via additive      ---
 
****************************************
  Report : Legalize Displacement
  Design : control_pad
  Version: T-2022.03
  Date   : Fri Nov 28 20:07:10 2025
****************************************

No cell displacement.


  Placement Optimization Complete
  -------------------------------


  Design  WNS: 0.0000  TNS: 0.0000  Number of Violating Paths: 0

  Nets with DRC Violations: 5
  Total moveable cell area: 295.3
  Total fixed cell area: 103425.0
  Total physical cell area: 103720.3
  Core area: (227000 227000 377420 374600)



  Design (Hold)  WNS: 0.0000  TNS: 0.0000  Number of Violating Paths: 0
[begin initializing data for legality checker]

Initializing Data Structure ...
INFO: legalizer_via_spacing_check_mode 0
  Reading technology information ...
    Technology table contains 8 routable metal layers
    Top most routable layer is set to be metal6
    This is considered as a 6-metal-layer design
    Reading library information from DB ...
  Reading misc information ...
    array <unit> has 0 vertical and 40 horizontal rows
    14 pre-routes for placement blockage/checking
    14 pre-routes for map congestion calculation
  Checking information read in ...
    design style = Horizontal masters, Horizontal rows

  Preprocessing design ...
    splitting rows by natural obstacles ...
... design style 0
... number of base array 1 0
INFO:... use original rows...
[end initializing data for legality checker]
Warning: Die area is not integer multiples of min site height (3690), object's width and height(604420,604000). (PSYN-523)
Warning: Die area is not integer multiples of min site width (460), object's width and height(604420,604000). (PSYN-523)
Warning: Cell i_sel is not integer multiples of min site width (460), object's width and height(35000,197000). (PSYN-523)
Warning: Cell i_sel is not integer multiples of min site height (3690), object's width and height(197000,197000). (PSYN-523)
Warning: Cell i_data_e is not integer multiples of min site width (460), object's width and height(35000,197000). (PSYN-523)
Warning: Cell i_data_e is not integer multiples of min site height (3690), object's width and height(197000,197000). (PSYN-523)
Warning: Cell i_halt is not integer multiples of min site width (460), object's width and height(35000,197000). (PSYN-523)
Warning: Cell i_halt is not integer multiples of min site height (3690), object's width and height(197000,197000). (PSYN-523)
Warning: Cell i_inc_pc is not integer multiples of min site width (460), object's width and height(35000,197000). (PSYN-523)
Warning: Cell i_inc_pc is not integer multiples of min site height (3690), object's width and height(197000,197000). (PSYN-523)
Warning: Cell i_ld_pc is not integer multiples of min site width (460), object's width and height(35000,197000). (PSYN-523)
Warning: Cell i_ld_pc is not integer multiples of min site height (3690), object's width and height(197000,197000). (PSYN-523)
Warning: Cell i_ld_ac is not integer multiples of min site width (460), object's width and height(35000,197000). (PSYN-523)
Warning: Cell i_ld_ac is not integer multiples of min site height (3690), object's width and height(197000,197000). (PSYN-523)
Warning: Cell i_ld_ir is not integer multiples of min site width (460), object's width and height(35000,197000). (PSYN-523)
Warning: Cell i_ld_ir is not integer multiples of min site height (3690), object's width and height(197000,197000). (PSYN-523)
Warning: Cell i_wr is not integer multiples of min site width (460), object's width and height(35000,197000). (PSYN-523)
Warning: Cell i_wr is not integer multiples of min site height (3690), object's width and height(197000,197000). (PSYN-523)
Warning: Cell i_rd is not integer multiples of min site width (460), object's width and height(35000,197000). (PSYN-523)
Warning: Cell i_rd is not integer multiples of min site height (3690), object's width and height(197000,197000). (PSYN-523)
Warning: Cell i_opcode_2 is not integer multiples of min site width (460), object's width and height(35000,197000). (PSYN-523)
Warning: Cell i_opcode_2 is not integer multiples of min site height (3690), object's width and height(197000,197000). (PSYN-523)
Warning: Cell i_opcode_1 is not integer multiples of min site width (460), object's width and height(35000,197000). (PSYN-523)
Warning: Cell i_opcode_1 is not integer multiples of min site height (3690), object's width and height(197000,197000). (PSYN-523)
Warning: Cell i_opcode_0 is not integer multiples of min site width (460), object's width and height(35000,197000). (PSYN-523)
Warning: Cell i_opcode_0 is not integer multiples of min site height (3690), object's width and height(197000,197000). (PSYN-523)
Warning: Cell i_zero is not integer multiples of min site width (460), object's width and height(35000,197000). (PSYN-523)
Warning: Cell i_zero is not integer multiples of min site height (3690), object's width and height(197000,197000). (PSYN-523)
Warning: Cell i_clk is not integer multiples of min site width (460), object's width and height(35000,197000). (PSYN-523)
Warning: Cell i_clk is not integer multiples of min site height (3690), object's width and height(197000,197000). (PSYN-523)
Warning: Cell i_rst is not integer multiples of min site width (460), object's width and height(35000,197000). (PSYN-523)
Warning: Cell i_rst is not integer multiples of min site height (3690), object's width and height(197000,197000). (PSYN-523)

**************************************************** 
Check_legality: Report for Fixed Placement Cells
Information: Use the -verbose option to get details about the legality violations. (PSYN-054)
**************************************************** 
(fixed placement) Cells Not on Row            : 0
(fixed placement) Cell Overlaps               : 0
(fixed placement) Cells overlapping blockages : 0
(fixed placement) Orientation Violations      : 0
(fixed placement) Site Violations             : 0
(fixed placement) Power Strap Violations      : 0
****************************************************** 

****************************************************** 
Check_legality: Report for Non-fixed Placement Cells
Information: Use the -verbose option to get details about the legality violations. (PSYN-054)
****************************************************** 
Number of Cells Not on Row            : 0
Number of Cell Overlaps               : 0
Number of Cells overlapping blockages : 0
Number of Orientation Violations      : 0
Number of Site Violations             : 0
Number of Power Strap Violations      : 0
******************************************** 
--------------------------------------------------
QoR Report for physical synthesis (Final Placement)
--------------------------------------------------
CPU: 14, MEM: 467238912


  Timing Path Group 'clk'
  -----------------------------------
  Levels of Logic:             5.0000
  Critical Path Length:       10.0930
  Critical Path Slack:         8.8070
  Critical Path Clk Period:   20.0000
  Total Negative Slack:        0.0000
  No. of Violating Paths:      0.0000
  Worst Hold Violation:        0.0000
  Total Hold Violation:        0.0000
  No. of Hold Violations:      0.0000
  -----------------------------------


  Cell Count
  -----------------------------------
  Hierarchical Cell Count:          0
  Hierarchical Port Count:          0
  Leaf Cell Count:                 42
  Buf/Inv Cell Count:               3
  Buf Cell Count:                   0
  Inv Cell Count:                   3
  CT Buf/Inv Cell Count:            0
  Combinational Cell Count:        39
  Sequential Cell Count:            3
  Macro Count:                      0
  -----------------------------------


  Area
  -----------------------------------
  Combinational Area:     103623.5958
  Noncombinational Area:      96.7518
  Buf/Inv Area:           103436.8818
  Total Buffer Area:           0.0000
  Total Inverter Area:        11.8818
  Macro/Black Box Area:        0.0000
  Net Area:                    0.0000
  Net XLength        :      4582.4468
  Net YLength        :      6646.3501
  -----------------------------------
  Cell Area:              103720.3476
  Design Area:            103720.3476
  Net Length        :      11228.7969


  Design Rules
  -----------------------------------
  Total Number of Nets:            51
  Nets With Violations:             5
  Max Trans Violations:             5
  Max Cap Violations:               5
  -----------------------------------


  Hostname: eda

  Compile CPU Statistics
  -----------------------------------------
  Resource Sharing:                  0.0000
  Logic Optimization:                0.0000
  Mapping Optimization:              2.5897
  -----------------------------------------
  Overall Compile Time:              2.6735
  Overall Compile Wall Clock Time:   2.7739



Information: Updating database...
clock_opt completed Successfully
1
report_clock_tree 
Warning: Clock skews computed at this point may not be accurate since clock routes are not valid. (TIM-231)
Warning: Clock skews computed at this point may not be accurate since clock routes are not valid. (TIM-231)
Warning: Could not read any link_library files. The link_library setting {"*", "typical_1v2c25.db", "SP013D3_V1p2_typ.db", "typical_1v2c25.db", "SP013D3_V1p2_typ.db"} may be invalid. (UID-349)

  Loading design 'control_pad'


Information: Setting a dont_touch attribute on net 'rd' because it is connected to a pad cell. (PSYN-088)
Information: Setting a dont_touch attribute on net 'zero' because it is connected to a pad cell. (PSYN-088)
Information: Setting a dont_touch attribute on net 'clk' because it is connected to a pad cell. (PSYN-088)
Information: Setting a dont_touch attribute on net 'rst_' because it is connected to a pad cell. (PSYN-088)
Information: Setting a dont_touch attribute on net 'opcode[2]' because it is connected to a pad cell. (PSYN-088)
Information: Setting a dont_touch attribute on net 'opcode[1]' because it is connected to a pad cell. (PSYN-088)
Information: Setting a dont_touch attribute on net 'opcode[0]' because it is connected to a pad cell. (PSYN-088)
Information: Setting a dont_touch attribute on net 'sel' because it is connected to a pad cell. (PSYN-088)
Information: Setting a dont_touch attribute on net 'data_e' because it is connected to a pad cell. (PSYN-088)
Information: Setting a dont_touch attribute on net 'halt' because it is connected to a pad cell. (PSYN-088)
Information: Setting a dont_touch attribute on net 'inc_pc' because it is connected to a pad cell. (PSYN-088)
Information: Setting a dont_touch attribute on net 'ld_pc' because it is connected to a pad cell. (PSYN-088)
Information: Setting a dont_touch attribute on net 'ld_ac' because it is connected to a pad cell. (PSYN-088)
Information: Setting a dont_touch attribute on net 'ld_ir' because it is connected to a pad cell. (PSYN-088)
Information: Setting a dont_touch attribute on net 'wr' because it is connected to a pad cell. (PSYN-088)


Information: Library Manufacturing Grid(GridResolution) : 5
Information: Time Unit from Milkyway design library: 'ns' 
Information: Design Library and main library timing units are matched - 1.000 ns. 
Information: Resistance Unit from Milkyway design library: 'kohm' 
Information: Design Library and main library resistance units are matched - 1.000 kohm. 
Information: Capacitance Unit from Milkyway design library: 'pf' 
Information: Design Library and main library capacitance units are matched - 1.000 pf. 
1/51 nets are routed
Warning: Inconsistent library data found for layer POLY1. (RCEX-018)
Information: Layer METAL1 is ignored for resistance and capacitance computation. (RCEX-019)
Information: Layer METAL2 is ignored for resistance and capacitance computation. (RCEX-019)
Information: Layer METAL7 is ignored for resistance and capacitance computation. (RCEX-019)
Information: Layer METAL8 is ignored for resistance and capacitance computation. (RCEX-019)
Information: The distance unit in Capacitance and Resistance is 1 micron. (RCEX-007)
Information: The RC model used is global route TLU+. (RCEX-015)
Information: Start mixed mode parasitic extraction. (RCEX-023)
Information: Start rc extraction...
Warning: Not enough nets are routed (1/51 < 0.66667); will do extraction by using placement congestion map as background. (RCEX-047)
EKL_MT: Max number of thread is 16
Memory usage for extraction task 286 Mbytes -- main task 445 Mbytes.
Information: Parasitic source is LPE. (RCEX-040)
Information: Parasitic mode is RealRVirtualC. (RCEX-041)
Information: Using virtual shield extraction. (RCEX-081)
Information: Extraction mode is MAX. (RCEX-042)
Information: Extraction derate is 25/25/25. (RCEX-043)
Information: Start back annotation for parasitic extraction. (RCEX-023)
Information: End back annotation for parasitic extraction. (RCEX-023)
Information: Start timing update for parasitic extraction. (RCEX-023)
Information: Resetting clock timing frozen to FALSE since percentage of routed and extracted clock nets is 50.000000 and threshold expected is 47.500000. (TIM-222)
Information: End timing update for parasitic extraction. (RCEX-023)
Information: End parasitic extraction. (RCEX-023)
Information: Start rc update...
****************************************************************
Information: TLUPlus based RC computation is enabled. (RCEX-141)
****************************************************************
Information: The distance unit in Capacitance and Resistance is 1 micron. (RCEX-007)
Information: The RC model used is TLU+. (RCEX-015)
Information: Library Derived Cap for layer METAL1 : 0.00025 0.00025 (RCEX-011)
Information: Library Derived Res for layer METAL1 : 0.0002 0.0002 (RCEX-011)
Information: Library Derived Cap for layer METAL2 : 0.00031 0.00031 (RCEX-011)
Information: Library Derived Res for layer METAL2 : 9.1e-05 9.1e-05 (RCEX-011)
Information: Library Derived Cap for layer METAL3 : 0.00035 0.00035 (RCEX-011)
Information: Library Derived Res for layer METAL3 : 9.1e-05 9.1e-05 (RCEX-011)
Information: Library Derived Cap for layer METAL4 : 0.00031 0.00031 (RCEX-011)
Information: Library Derived Res for layer METAL4 : 9.1e-05 9.1e-05 (RCEX-011)
Information: Library Derived Cap for layer METAL5 : 0.00035 0.00035 (RCEX-011)
Information: Library Derived Res for layer METAL5 : 9.1e-05 9.1e-05 (RCEX-011)
Information: Library Derived Cap for layer METAL6 : 0.00031 0.00031 (RCEX-011)
Information: Library Derived Res for layer METAL6 : 9.1e-05 9.1e-05 (RCEX-011)
Information: Library Derived Cap for layer METAL7 : 0.00035 0.00035 (RCEX-011)
Information: Library Derived Res for layer METAL7 : 9.1e-05 9.1e-05 (RCEX-011)
Information: Library Derived Cap for layer METAL8 : 0.0003 0.0003 (RCEX-011)
Information: Library Derived Res for layer METAL8 : 1.2e-05 1.2e-05 (RCEX-011)
Information: Library Derived Horizontal Cap : 0.00035 0.00035 (RCEX-011)
Information: Library Derived Horizontal Res : 9.1e-05 9.1e-05 (RCEX-011)
Information: Library Derived Vertical Cap : 0.00031 0.00031 (RCEX-011)
Information: Library Derived Vertical Res : 9.1e-05 9.1e-05 (RCEX-011)
Information: Using derived R and C coefficients. (RCEX-008)
Information: Using region-based R and C coefficients. (RCEX-013)
Information: Library Derived Via Res : 0.0001 0.0001 (RCEX-011)
Information: End rc update.
Information: The mixed mode parasitic extraction has been performed. (RCEX-202)
Information: Updating graph... (UID-83)
Information: Input delay ('rise') on clock port 'clk' will be added to the clock's propagated skew. (TIM-112)
Information: Input delay ('fall') on clock port 'clk' will be added to the clock's propagated skew. (TIM-112)
 
****************************************
Report : clock tree
Design : control_pad
Version: T-2022.03
Date   : Fri Nov 28 20:07:12 2025
****************************************

Information: Float pin scale factor for the 'max' operating condition of scenario 'default' is set to 1.000 (CTS-375)

============ Global Skew Report ================

Clock Tree Name                : "clk"
Clock Period                   : 20.00000       
Clock Tree root pin            : "clk"
Number of Levels               : 2
Number of Sinks                : 3
Number of CT Buffers           : 0
Number of CTS added gates      : 0
Number of Preexisting Gates    : 0
Number of Preexisting Buf/Inv  : 1
Total Number of Clock Cells    : 1
Total Area of CT Buffers       : 0.00000        
Total Area of CT cells         : 6895.00000     
Max Global Skew                : 0.00016   
Number of MaxTran Violators    : 0
Number of MaxCap Violators     : 0
Number of MaxFanout Violators  : 0


Operating Condition               worst
Clock global Skew                 0.000
Longest path delay                0.831
Shortest path delay               0.831

The longest path delay end pin: i_control/state_reg[1]/CK
The shortest path delay end pin: i_control/state_reg[0]/CK

The longest Path:
Pin                                         Cap       Fanout    Trans     Incr      Arri
----------------------------------------------------------------------------------------------------
clk                                         0.000            1  0.000     0.000     0.000     r
clk                                         6.790            1  0.000     0.000     0.000     r
i_clk/PAD                                   6.790            1  1.212     0.441     0.441     r
i_clk/C                                     0.032            3  0.084     0.390     0.831     r
i_control/state_reg[1]/CK                   0.032            0  0.049     0.000     0.831     r
[clock delay]                                                                       0.831
----------------------------------------------------------------------------------------------------

The Shortest Path:
Pin                                         Cap       Fanout    Trans     Incr      Arri
----------------------------------------------------------------------------------------------------
clk                                         0.000            1  0.000     0.000     0.000     r
clk                                         6.790            1  0.000     0.000     0.000     r
i_clk/PAD                                   6.790            1  1.212     0.441     0.441     r
i_clk/C                                     0.032            3  0.084     0.390     0.831     r
i_control/state_reg[0]/CK                   0.032            0  0.049     0.000     0.831     r
[clock delay]                                                                       0.831
----------------------------------------------------------------------------------------------------

1
report_clock_timing -type skew 
 
****************************************
Report : clock timing
        -type skew
        -nworst 1
        -setup
Design : control_pad
Version: T-2022.03
Date   : Fri Nov 28 20:07:12 2025
****************************************

  Clock: clk
  Clock Pin                              Latency             Skew
----------------------------------------------------------------------------
  i_control/state_reg[1]/CK              0.83                          wrp-+
  i_control/state_reg[0]/CK              0.83                0.00      wrp-+
----------------------------------------------------------------------------

1
#Clock Tree Routing 
set_fix_hold [all_clocks] 
1
route_zrt_group -all_clock_nets -reuse_existing_global_route true 
Turn off antenna since no rule is specified
Cell Min-Routing-Layer = METAL3
Cell Max-Routing-Layer = METAL6
Warning: Cell PCORNER contains more than 100000 obstructions (311044).  This may increase routing runtime.  You may wish to re-run BPV.  (ZRT-092)
Warning: Blockage, pin, and via extraction on 8 macros was done with "treat blockage as thin". (ZRT-023)
Warning: Ignore 2 top cell ports with no pins. (ZRT-027)
Warning: Pin i_rd/PAD of net rd has no valid shapes to connect. (ZRT-100)
Warning: Pin i_sel/PAD of net sel has no valid shapes to connect. (ZRT-100)
Warning: Pin i_data_e/PAD of net data_e has no valid shapes to connect. (ZRT-100)
Warning: Pin i_halt/PAD of net halt has no valid shapes to connect. (ZRT-100)
Warning: Pin i_inc_pc/PAD of net inc_pc has no valid shapes to connect. (ZRT-100)
Warning: Pin i_ld_pc/PAD of net ld_pc has no valid shapes to connect. (ZRT-100)
Warning: Pin i_ld_ac/PAD of net ld_ac has no valid shapes to connect. (ZRT-100)
Warning: Pin i_ld_ir/PAD of net ld_ir has no valid shapes to connect. (ZRT-100)
Warning: Pin i_wr/PAD of net wr has no valid shapes to connect. (ZRT-100)
Warning: Pin i_opcode_2/PAD of net opcode[2] has no valid shapes to connect. (ZRT-100)
Warning: Pin i_opcode_1/PAD of net opcode[1] has no valid shapes to connect. (ZRT-100)
Warning: Pin i_opcode_0/PAD of net opcode[0] has no valid shapes to connect. (ZRT-100)
Warning: Pin i_zero/PAD of net zero has no valid shapes to connect. (ZRT-100)
Warning: Pin i_clk/PAD of net clk has no valid shapes to connect. (ZRT-100)
Warning: Pin i_rst/PAD of net rst_ has no valid shapes to connect. (ZRT-100)
Warning: Cannot find a fat contact for layer 'VIA78'. (ZRT-010)
Via on layer (VIA78) needs more than one tracks
Warning: Layer METAL7 pitch 0.410 may be too small: wire/via-down 0.400, wire/via-up 0.490. (ZRT-026)
Start Global Route ... 
[Init] Elapsed real time: 0:00:00 
[Init] Elapsed cpu  time: sys=0:00:00 usr=0:00:00 total=0:00:00
[Init] Stage (MB): Used    0  Alloctr    0  Proc    0 
[Init] Total (MB): Used  102  Alloctr  102  Proc 2267 
Printing options for 'set_route_zrt_common_options'

Printing options for 'set_route_zrt_global_options'

Begin global routing.
Constructing data structure ...
Design statistics:
Design Bounding Box (0.00,0.00,604.42,604.00)
Number of routing layers = 8
layer METAL1, dir Hor, min width = 0.16, min space = 0.18 pitch = 0.41
layer METAL2, dir Ver, min width = 0.20, min space = 0.20 pitch = 0.46
layer METAL3, dir Hor, min width = 0.20, min space = 0.20 pitch = 0.41
layer METAL4, dir Ver, min width = 0.20, min space = 0.20 pitch = 0.46
layer METAL5, dir Hor, min width = 0.20, min space = 0.20 pitch = 0.41
layer METAL6, dir Ver, min width = 0.20, min space = 0.20 pitch = 0.46
layer METAL7, dir Hor, min width = 0.20, min space = 0.20 pitch = 0.41
layer METAL8, dir Ver, min width = 0.44, min space = 0.46 pitch = 0.96
Current Stage stats:
[End of Build Tech Data] Elapsed real time: 0:00:00 
[End of Build Tech Data] Elapsed cpu  time: sys=0:00:00 usr=0:00:00 total=0:00:00
[End of Build Tech Data] Stage (MB): Used    3  Alloctr    3  Proc    0 
[End of Build Tech Data] Total (MB): Used  105  Alloctr  106  Proc 2267 
Net statistics:
Total number of nets     = 53
Number of nets to route  = 2
Number of single or zero port nets = 15
Number of nets with min-layer-mode soft = 1
Number of nets with min-layer-mode soft-cost-medium = 1
Number of nets with max-layer-mode hard = 1
1 nets are partially connected,
 of which 0 are detail routed and 1 are global routed.
2 nets are fully connected,
 of which 2 are detail routed and 0 are global routed.
Current Stage stats:
[End of Build All Nets] Elapsed real time: 0:00:00 
[End of Build All Nets] Elapsed cpu  time: sys=0:00:00 usr=0:00:00 total=0:00:00
[End of Build All Nets] Stage (MB): Used    0  Alloctr    0  Proc    0 
[End of Build All Nets] Total (MB): Used  105  Alloctr  106  Proc 2267 
Average gCell capacity  0.00	 on layer (1)	 METAL1
Average gCell capacity  3.16	 on layer (2)	 METAL2
Average gCell capacity  3.52	 on layer (3)	 METAL3
Average gCell capacity  2.24	 on layer (4)	 METAL4
Average gCell capacity  2.46	 on layer (5)	 METAL5
Average gCell capacity  2.23	 on layer (6)	 METAL6
Average gCell capacity  2.37	 on layer (7)	 METAL7
Average gCell capacity  0.00	 on layer (8)	 METAL8
Average number of tracks per gCell 8.98	 on layer (1)	 METAL1
Average number of tracks per gCell 8.06	 on layer (2)	 METAL2
Average number of tracks per gCell 8.98	 on layer (3)	 METAL3
Average number of tracks per gCell 8.06	 on layer (4)	 METAL4
Average number of tracks per gCell 8.98	 on layer (5)	 METAL5
Average number of tracks per gCell 8.06	 on layer (6)	 METAL6
Average number of tracks per gCell 8.98	 on layer (7)	 METAL7
Average number of tracks per gCell 3.87	 on layer (8)	 METAL8
Number of gCells = 213856
Current Stage stats:
[End of Build Congestion map] Elapsed real time: 0:00:00 
[End of Build Congestion map] Elapsed cpu  time: sys=0:00:00 usr=0:00:00 total=0:00:00
[End of Build Congestion map] Stage (MB): Used    0  Alloctr    0  Proc    0 
[End of Build Congestion map] Total (MB): Used  105  Alloctr  106  Proc 2267 
Total stats:
[End of Build Data] Elapsed real time: 0:00:00 
[End of Build Data] Elapsed cpu  time: sys=0:00:00 usr=0:00:00 total=0:00:00
[End of Build Data] Stage (MB): Used    2  Alloctr    3  Proc    0 
[End of Build Data] Total (MB): Used  105  Alloctr  107  Proc 2267 
Current Stage stats:
[End of Blocked Pin Detection] Elapsed real time: 0:00:00 
[End of Blocked Pin Detection] Elapsed cpu  time: sys=0:00:00 usr=0:00:00 total=0:00:00
[End of Blocked Pin Detection] Stage (MB): Used    0  Alloctr    0  Proc    0 
[End of Blocked Pin Detection] Total (MB): Used  105  Alloctr  107  Proc 2267 
Information: Using 4 threads for routing. (ZRT-444)
multi gcell levels ON

Start GR phase 0
Current Stage stats:
[End of Initial Routing] Elapsed real time: 0:00:00 
[End of Initial Routing] Elapsed cpu  time: sys=0:00:00 usr=0:00:00 total=0:00:00
[End of Initial Routing] Stage (MB): Used    0  Alloctr    0  Proc    0 
[End of Initial Routing] Total (MB): Used  105  Alloctr  107  Proc 2267 
Initial. Routing result:
Initial. Both Dirs: Overflow =     1 Max = 1 GRCs =     1 (0.00%)
Initial. H routing: Overflow =     1 Max = 1 (GRCs =  1) GRCs =     1 (0.00%)
Initial. V routing: Overflow =     0 Max = 0 (GRCs =  0) GRCs =     0 (0.00%)
Initial. METAL1     Overflow =     1 Max = 1 (GRCs =  1) GRCs =     1 (0.00%)
Initial. METAL2     Overflow =     0 Max = 0 (GRCs =  0) GRCs =     0 (0.00%)
Initial. METAL3     Overflow =     0 Max = 0 (GRCs =  0) GRCs =     0 (0.00%)
Initial. METAL4     Overflow =     0 Max = 0 (GRCs =  0) GRCs =     0 (0.00%)
Initial. METAL5     Overflow =     0 Max = 0 (GRCs =  0) GRCs =     0 (0.00%)
Initial. METAL6     Overflow =     0 Max = 0 (GRCs =  0) GRCs =     0 (0.00%)
Initial. METAL7     Overflow =     0 Max = 0 (GRCs =  0) GRCs =     0 (0.00%)
Initial. METAL8     Overflow =     0 Max = 0 (GRCs =  0) GRCs =     0 (0.00%)

Initial. Total Wire Length = 254.89
Initial. Layer METAL1 wire length = 0.00
Initial. Layer METAL2 wire length = 0.00
Initial. Layer METAL3 wire length = 0.00
Initial. Layer METAL4 wire length = 0.00
Initial. Layer METAL5 wire length = 144.19
Initial. Layer METAL6 wire length = 110.70
Initial. Layer METAL7 wire length = 0.00
Initial. Layer METAL8 wire length = 0.00
Initial. Total Number of Contacts = 24
Initial. Via via1 count = 4
Initial. Via via2 count = 4
Initial. Via via3 count = 4
Initial. Via via4 count = 4
Initial. Via via5 count = 6
Initial. Via via6 count = 1
Initial. Via via7 count = 1
Initial. completed.

Start GR phase 1
Current Stage stats:
[End of Phase1 Routing] Elapsed real time: 0:00:00 
[End of Phase1 Routing] Elapsed cpu  time: sys=0:00:00 usr=0:00:00 total=0:00:00
[End of Phase1 Routing] Stage (MB): Used    0  Alloctr    0  Proc    0 
[End of Phase1 Routing] Total (MB): Used  105  Alloctr  107  Proc 2267 
phase1. Routing result:
phase1. Both Dirs: Overflow =     1 Max = 1 GRCs =     1 (0.00%)
phase1. H routing: Overflow =     1 Max = 1 (GRCs =  1) GRCs =     1 (0.00%)
phase1. V routing: Overflow =     0 Max = 0 (GRCs =  0) GRCs =     0 (0.00%)
phase1. METAL1     Overflow =     1 Max = 1 (GRCs =  1) GRCs =     1 (0.00%)
phase1. METAL2     Overflow =     0 Max = 0 (GRCs =  0) GRCs =     0 (0.00%)
phase1. METAL3     Overflow =     0 Max = 0 (GRCs =  0) GRCs =     0 (0.00%)
phase1. METAL4     Overflow =     0 Max = 0 (GRCs =  0) GRCs =     0 (0.00%)
phase1. METAL5     Overflow =     0 Max = 0 (GRCs =  0) GRCs =     0 (0.00%)
phase1. METAL6     Overflow =     0 Max = 0 (GRCs =  0) GRCs =     0 (0.00%)
phase1. METAL7     Overflow =     0 Max = 0 (GRCs =  0) GRCs =     0 (0.00%)
phase1. METAL8     Overflow =     0 Max = 0 (GRCs =  0) GRCs =     0 (0.00%)

phase1. Total Wire Length = 254.89
phase1. Layer METAL1 wire length = 0.00
phase1. Layer METAL2 wire length = 0.00
phase1. Layer METAL3 wire length = 0.00
phase1. Layer METAL4 wire length = 0.00
phase1. Layer METAL5 wire length = 144.19
phase1. Layer METAL6 wire length = 110.70
phase1. Layer METAL7 wire length = 0.00
phase1. Layer METAL8 wire length = 0.00
phase1. Total Number of Contacts = 24
phase1. Via via1 count = 4
phase1. Via via2 count = 4
phase1. Via via3 count = 4
phase1. Via via4 count = 4
phase1. Via via5 count = 6
phase1. Via via6 count = 1
phase1. Via via7 count = 1
phase1. completed.

Start GR phase 2
Current Stage stats:
[End of Phase2 Routing] Elapsed real time: 0:00:00 
[End of Phase2 Routing] Elapsed cpu  time: sys=0:00:00 usr=0:00:00 total=0:00:00
[End of Phase2 Routing] Stage (MB): Used    0  Alloctr    0  Proc    0 
[End of Phase2 Routing] Total (MB): Used  105  Alloctr  107  Proc 2267 
phase2. Routing result:
phase2. Both Dirs: Overflow =     1 Max = 1 GRCs =     1 (0.00%)
phase2. H routing: Overflow =     1 Max = 1 (GRCs =  1) GRCs =     1 (0.00%)
phase2. V routing: Overflow =     0 Max = 0 (GRCs =  0) GRCs =     0 (0.00%)
phase2. METAL1     Overflow =     1 Max = 1 (GRCs =  1) GRCs =     1 (0.00%)
phase2. METAL2     Overflow =     0 Max = 0 (GRCs =  0) GRCs =     0 (0.00%)
phase2. METAL3     Overflow =     0 Max = 0 (GRCs =  0) GRCs =     0 (0.00%)
phase2. METAL4     Overflow =     0 Max = 0 (GRCs =  0) GRCs =     0 (0.00%)
phase2. METAL5     Overflow =     0 Max = 0 (GRCs =  0) GRCs =     0 (0.00%)
phase2. METAL6     Overflow =     0 Max = 0 (GRCs =  0) GRCs =     0 (0.00%)
phase2. METAL7     Overflow =     0 Max = 0 (GRCs =  0) GRCs =     0 (0.00%)
phase2. METAL8     Overflow =     0 Max = 0 (GRCs =  0) GRCs =     0 (0.00%)

phase2. Total Wire Length = 254.89
phase2. Layer METAL1 wire length = 0.00
phase2. Layer METAL2 wire length = 0.00
phase2. Layer METAL3 wire length = 0.00
phase2. Layer METAL4 wire length = 0.00
phase2. Layer METAL5 wire length = 144.19
phase2. Layer METAL6 wire length = 110.70
phase2. Layer METAL7 wire length = 0.00
phase2. Layer METAL8 wire length = 0.00
phase2. Total Number of Contacts = 24
phase2. Via via1 count = 4
phase2. Via via2 count = 4
phase2. Via via3 count = 4
phase2. Via via4 count = 4
phase2. Via via5 count = 6
phase2. Via via6 count = 1
phase2. Via via7 count = 1
phase2. completed.
[End of Whole Chip Routing] Elapsed real time: 0:00:00 
[End of Whole Chip Routing] Elapsed cpu  time: sys=0:00:00 usr=0:00:00 total=0:00:00
[End of Whole Chip Routing] Stage (MB): Used    2  Alloctr    4  Proc    0 
[End of Whole Chip Routing] Total (MB): Used  105  Alloctr  107  Proc 2267 

Information: Global Routing terminated early: true (ZRT-103)

Congestion utilization per direction:
Average vertical track utilization   =  0.02 %
Peak    vertical track utilization   = 33.33 %
Average horizontal track utilization =  0.02 %
Peak    horizontal track utilization = 14.81 %

Current Stage stats:
[GR: Done] Elapsed real time: 0:00:00 
[GR: Done] Elapsed cpu  time: sys=0:00:00 usr=0:00:00 total=0:00:00
[GR: Done] Stage (MB): Used   -1  Alloctr   -2  Proc    0 
[GR: Done] Total (MB): Used  104  Alloctr  105  Proc 2267 
GR Total stats:
[GR: Done] Elapsed real time: 0:00:00 
[GR: Done] Elapsed cpu  time: sys=0:00:00 usr=0:00:00 total=0:00:00
[GR: Done] Stage (MB): Used    2  Alloctr    2  Proc    0 
[GR: Done] Total (MB): Used  104  Alloctr  105  Proc 2267 
Updating congestion ...
Final total stats:
[End of Global Routing] Elapsed real time: 0:00:00 
[End of Global Routing] Elapsed cpu  time: sys=0:00:00 usr=0:00:00 total=0:00:00
[End of Global Routing] Stage (MB): Used    0  Alloctr    0  Proc    0 
[End of Global Routing] Total (MB): Used  102  Alloctr  103  Proc 2267 

Start track assignment

Printing options for 'set_route_zrt_common_options'

Printing options for 'set_route_zrt_track_options'

Information: Using 4 threads for routing. (ZRT-444)

[Track Assign: Read routes] Elapsed real time: 0:00:00 
[Track Assign: Read routes] Elapsed cpu  time: sys=0:00:00 usr=0:00:00 total=0:00:00
[Track Assign: Read routes] Stage (MB): Used    1  Alloctr    1  Proc    0 
[Track Assign: Read routes] Total (MB): Used   99  Alloctr   99  Proc 2267 

Start initial assignment

Assign Horizontal partitions, iteration 0
Routed partition 1/24      
Routed partition 3/24      
Routed partition 3/24      
Routed partition 4/24      
Routed partition 5/24      
Routed partition 6/24      
Routed partition 7/24      
Routed partition 8/24      
Routed partition 9/24      
Routed partition 10/24     
Routed partition 11/24     
Routed partition 12/24     
Routed partition 13/24     
Routed partition 14/24     
Routed partition 15/24     
Routed partition 16/24     
Routed partition 17/24     
Routed partition 18/24     
Routed partition 19/24     
Routed partition 20/24     
Routed partition 21/24     
Routed partition 22/24     
Routed partition 23/24     
Routed partition 24/24     

Assign Vertical partitions, iteration 0
Routed partition 1/24      
Routed partition 3/24      
Routed partition 3/24      
Routed partition 4/24      
Routed partition 5/24      
Routed partition 6/24      
Routed partition 7/24      
Routed partition 8/24      
Routed partition 9/24      
Routed partition 10/24     
Routed partition 11/24     
Routed partition 12/24     
Routed partition 13/24     
Routed partition 14/24     
Routed partition 15/24     
Routed partition 16/24     
Routed partition 17/24     
Routed partition 18/24     
Routed partition 19/24     
Routed partition 20/24     
Routed partition 21/24     
Routed partition 22/24     
Routed partition 23/24     
Routed partition 24/24     

Number of wires with overlap after iteration 0 = 3 of 15


[Track Assign: Iteration 0] Elapsed real time: 0:00:00 
[Track Assign: Iteration 0] Elapsed cpu  time: sys=0:00:00 usr=0:00:00 total=0:00:00
[Track Assign: Iteration 0] Stage (MB): Used    1  Alloctr    1  Proc   45 
[Track Assign: Iteration 0] Total (MB): Used   99  Alloctr  100  Proc 2312 

Reroute to fix overlaps

Assign Horizontal partitions, iteration 1
Routed partition 1/24      
Routed partition 2/24      
Routed partition 3/24      
Routed partition 4/24      
Routed partition 5/24      
Routed partition 6/24      
Routed partition 7/24      
Routed partition 8/24      
Routed partition 9/24      
Routed partition 10/24     
Routed partition 11/24     
Routed partition 12/24     
Routed partition 13/24     
Routed partition 14/24     
Routed partition 15/24     
Routed partition 16/24     
Routed partition 17/24     
Routed partition 18/24     
Routed partition 19/24     
Routed partition 20/24     
Routed partition 21/24     
Routed partition 22/24     
Routed partition 23/24     
Routed partition 24/24     

Assign Vertical partitions, iteration 1
Routed partition 1/24      
Routed partition 2/24      
Routed partition 3/24      
Routed partition 4/24      
Routed partition 5/24      
Routed partition 6/24      
Routed partition 7/24      
Routed partition 8/24      
Routed partition 9/24      
Routed partition 10/24     
Routed partition 11/24     
Routed partition 12/24     
Routed partition 13/24     
Routed partition 14/24     
Routed partition 15/24     
Routed partition 16/24     
Routed partition 17/24     
Routed partition 18/24     
Routed partition 19/24     
Routed partition 20/24     
Routed partition 21/24     
Routed partition 22/24     
Routed partition 23/24     
Routed partition 24/24     

[Track Assign: Iteration 1] Elapsed real time: 0:00:00 
[Track Assign: Iteration 1] Elapsed cpu  time: sys=0:00:00 usr=0:00:00 total=0:00:00
[Track Assign: Iteration 1] Stage (MB): Used    1  Alloctr    1  Proc   45 
[Track Assign: Iteration 1] Total (MB): Used   99  Alloctr  100  Proc 2312 

Number of wires with overlap after iteration 1 = 0 of 9


Wire length and via report:
---------------------------
Number of METAL1 wires: 0 		 CONT1: 0
Number of METAL2 wires: 0 		 via1: 4
Number of METAL3 wires: 0 		 via2: 4
Number of METAL4 wires: 1 		 via3: 4
Number of METAL5 wires: 6 		 via4: 4
Number of METAL6 wires: 2 		 via5: 4
Number of METAL7 wires: 0 		 via6: 0
Number of METAL8 wires: 0 		 via7: 0
Total number of wires: 9 		 vias: 20

Total METAL1 wire length: 0.0
Total METAL2 wire length: 0.0
Total METAL3 wire length: 0.0
Total METAL4 wire length: 0.2
Total METAL5 wire length: 143.6
Total METAL6 wire length: 110.7
Total METAL7 wire length: 0.0
Total METAL8 wire length: 0.0
Total wire length: 254.5

Longest METAL1 wire length: 0.0
Longest METAL2 wire length: 0.0
Longest METAL3 wire length: 0.0
Longest METAL4 wire length: 0.2
Longest METAL5 wire length: 72.2
Longest METAL6 wire length: 106.2
Longest METAL7 wire length: 0.0
Longest METAL8 wire length: 0.0


[Track Assign: Done] Elapsed real time: 0:00:00 
[Track Assign: Done] Elapsed cpu  time: sys=0:00:00 usr=0:00:00 total=0:00:00
[Track Assign: Done] Stage (MB): Used    0  Alloctr    0  Proc   45 
[Track Assign: Done] Total (MB): Used   98  Alloctr   99  Proc 2312 
Printing options for 'set_route_zrt_common_options'

Printing options for 'set_route_zrt_detail_options'

[Dr init] Elapsed real time: 0:00:00 
[Dr init] Elapsed cpu  time: sys=0:00:00 usr=0:00:00 total=0:00:00
[Dr init] Stage (MB): Used    5  Alloctr    5  Proc    0 
[Dr init] Total (MB): Used  104  Alloctr  104  Proc 2312 
Total number of nets = 53, of which 0 are not extracted
Total number of open nets = 35, of which 0 are frozen
Information: Using 4 threads for routing. (ZRT-444)
Start DR iteration 0: uniform partition
Routed	254/289 Partitions, Violations =	0
Routed	263/289 Partitions, Violations =	0
Routed	264/289 Partitions, Violations =	0
Routed	267/289 Partitions, Violations =	0
Routed	276/289 Partitions, Violations =	0
Routed	279/289 Partitions, Violations =	0
Routed	280/289 Partitions, Violations =	0
Routed	283/289 Partitions, Violations =	0
Routed	284/289 Partitions, Violations =	0
Routed	285/289 Partitions, Violations =	0
Routed	287/289 Partitions, Violations =	0
Routed	288/289 Partitions, Violations =	0
Routed	289/289 Partitions, Violations =	0

DRC-SUMMARY:
	@@@@@@@ TOTAL VIOLATIONS =	0

[Iter 0] Elapsed real time: 0:00:00 
[Iter 0] Elapsed cpu  time: sys=0:00:00 usr=0:00:00 total=0:00:00
[Iter 0] Stage (MB): Used   13  Alloctr   13  Proc    0 
[Iter 0] Total (MB): Used  111  Alloctr  112  Proc 2312 

End DR iteration 0 with 289 parts

Finish DR since reached 0 DRC

Information: Detail Routing terminated early because DRCs were not converging: false (ZRT-312)
[DR] Elapsed real time: 0:00:00 
[DR] Elapsed cpu  time: sys=0:00:00 usr=0:00:00 total=0:00:00
[DR] Stage (MB): Used    0  Alloctr    0  Proc    0 
[DR] Total (MB): Used   99  Alloctr  100  Proc 2312 
[DR: Done] Elapsed real time: 0:00:00 
[DR: Done] Elapsed cpu  time: sys=0:00:00 usr=0:00:00 total=0:00:00
[DR: Done] Stage (MB): Used    0  Alloctr    0  Proc    0 
[DR: Done] Total (MB): Used   99  Alloctr  100  Proc 2312 

DR finished with 0 open nets, of which 0 are frozen

DR finished with 0 violations

DRC-SUMMARY:
	@@@@@@@ TOTAL VIOLATIONS =	0



Total Wire Length =                    258 micron
Total Number of Contacts =             16
Total Number of Wires =                8
Total Number of PtConns =              9
Total Number of Routed Wires =       8
Total Routed Wire Length =           254 micron
Total Number of Routed Contacts =       16
	Layer   METAL1 :          0 micron
	Layer   METAL2 :          1 micron
	Layer   METAL3 :          1 micron
	Layer   METAL4 :          1 micron
	Layer   METAL5 :        144 micron
	Layer   METAL6 :        111 micron
	Layer   METAL7 :          0 micron
	Layer   METAL8 :          0 micron
	Via       via5 :          4
	Via       via4 :          3
	Via       via3 :          3
	Via       via2 :          3
	Via       via1 :          3

 
Redundant via conversion report:
--------------------------------

  Total optimized via conversion rate =  0.00% (0 / 16 vias)
 
    Layer VIA12      =  0.00% (0      / 3       vias)
        Un-optimized = 100.00% (3       vias)
    Layer VIA23      =  0.00% (0      / 3       vias)
        Un-optimized = 100.00% (3       vias)
    Layer VIA34      =  0.00% (0      / 3       vias)
        Un-optimized = 100.00% (3       vias)
    Layer VIA45      =  0.00% (0      / 3       vias)
        Un-optimized = 100.00% (3       vias)
    Layer VIA56      =  0.00% (0      / 4       vias)
        Un-optimized = 100.00% (4       vias)
 
  Total double via conversion rate    =  0.00% (0 / 16 vias)
 
    Layer VIA12      =  0.00% (0      / 3       vias)
    Layer VIA23      =  0.00% (0      / 3       vias)
    Layer VIA34      =  0.00% (0      / 3       vias)
    Layer VIA45      =  0.00% (0      / 3       vias)
    Layer VIA56      =  0.00% (0      / 4       vias)
 
  The optimized via conversion rate based on total routed via count =  0.00% (0 / 16 vias)
 
    Layer VIA12      =  0.00% (0      / 3       vias)
        Un-optimized = 100.00% (3       vias)
    Layer VIA23      =  0.00% (0      / 3       vias)
        Un-optimized = 100.00% (3       vias)
    Layer VIA34      =  0.00% (0      / 3       vias)
        Un-optimized = 100.00% (3       vias)
    Layer VIA45      =  0.00% (0      / 3       vias)
        Un-optimized = 100.00% (3       vias)
    Layer VIA56      =  0.00% (0      / 4       vias)
        Un-optimized = 100.00% (4       vias)
 

Total number of nets = 53
0 open nets, of which 0 are frozen
Total number of excluded ports = 0 ports of 0 unplaced cells connected to 0 nets
                                 0 ports without pins of 0 cells connected to 0 nets
                                 0 ports of 0 cover cells connected to 0 non-pg nets
Total number of DRCs = 0
Total number of antenna violations = antenna checking not active
Total number of voltage-area violations = no voltage-areas defined
Topology ECO iteration 1 ended with 0 qualifying violations.
Updating the database ...
Information: RC extraction has been freed. (PSYN-503)
1
report_clock_tree 
Warning: Could not read any link_library files. The link_library setting {"*", "typical_1v2c25.db", "SP013D3_V1p2_typ.db", "typical_1v2c25.db", "SP013D3_V1p2_typ.db"} may be invalid. (UID-349)

  Loading design 'control_pad'


Information: Setting a dont_touch attribute on net 'rd' because it is connected to a pad cell. (PSYN-088)
Information: Setting a dont_touch attribute on net 'zero' because it is connected to a pad cell. (PSYN-088)
Information: Setting a dont_touch attribute on net 'clk' because it is connected to a pad cell. (PSYN-088)
Information: Setting a dont_touch attribute on net 'rst_' because it is connected to a pad cell. (PSYN-088)
Information: Setting a dont_touch attribute on net 'opcode[2]' because it is connected to a pad cell. (PSYN-088)
Information: Setting a dont_touch attribute on net 'opcode[1]' because it is connected to a pad cell. (PSYN-088)
Information: Setting a dont_touch attribute on net 'opcode[0]' because it is connected to a pad cell. (PSYN-088)
Information: Setting a dont_touch attribute on net 'sel' because it is connected to a pad cell. (PSYN-088)
Information: Setting a dont_touch attribute on net 'data_e' because it is connected to a pad cell. (PSYN-088)
Information: Setting a dont_touch attribute on net 'halt' because it is connected to a pad cell. (PSYN-088)
Information: Setting a dont_touch attribute on net 'inc_pc' because it is connected to a pad cell. (PSYN-088)
Information: Setting a dont_touch attribute on net 'ld_pc' because it is connected to a pad cell. (PSYN-088)
Information: Setting a dont_touch attribute on net 'ld_ac' because it is connected to a pad cell. (PSYN-088)
Information: Setting a dont_touch attribute on net 'ld_ir' because it is connected to a pad cell. (PSYN-088)
Information: Setting a dont_touch attribute on net 'wr' because it is connected to a pad cell. (PSYN-088)


Information: Library Manufacturing Grid(GridResolution) : 5
Information: Time Unit from Milkyway design library: 'ns' 
Information: Design Library and main library timing units are matched - 1.000 ns. 
Information: Resistance Unit from Milkyway design library: 'kohm' 
Information: Design Library and main library resistance units are matched - 1.000 kohm. 
Information: Capacitance Unit from Milkyway design library: 'pf' 
Information: Design Library and main library capacitance units are matched - 1.000 pf. 
Warning: Inconsistent library data found for layer POLY1. (RCEX-018)
Information: Layer METAL1 is ignored for resistance and capacitance computation. (RCEX-019)
Information: Layer METAL2 is ignored for resistance and capacitance computation. (RCEX-019)
Information: Layer METAL7 is ignored for resistance and capacitance computation. (RCEX-019)
Information: Layer METAL8 is ignored for resistance and capacitance computation. (RCEX-019)
Information: The distance unit in Capacitance and Resistance is 1 micron. (RCEX-007)
Information: The RC model used is detail route TLU+. (RCEX-015)
Information: Start mixed mode parasitic extraction. (RCEX-023)
Information: Start rc extraction...
Warning: Not enough nets are routed (1/51 < 0.66667); will do extraction by using placement congestion map as background. (RCEX-047)
EKL_MT: Max number of thread is 16
Memory usage for extraction task 286 Mbytes -- main task 490 Mbytes.
Information: Parasitic source is LPE. (RCEX-040)
Information: Parasitic mode is RealRVirtualC. (RCEX-041)
Information: Using virtual shield extraction. (RCEX-081)
Information: Extraction mode is MAX. (RCEX-042)
Information: Extraction derate is 25/25/25. (RCEX-043)
Information: Start back annotation for parasitic extraction. (RCEX-023)
Information: End back annotation for parasitic extraction. (RCEX-023)
Information: Start timing update for parasitic extraction. (RCEX-023)
Information: End timing update for parasitic extraction. (RCEX-023)
Information: End parasitic extraction. (RCEX-023)
Information: Start rc update...
****************************************************************
Information: TLUPlus based RC computation is enabled. (RCEX-141)
****************************************************************
Information: The distance unit in Capacitance and Resistance is 1 micron. (RCEX-007)
Information: The RC model used is TLU+. (RCEX-015)
Information: Library Derived Cap for layer METAL1 : 0.00025 0.00025 (RCEX-011)
Information: Library Derived Res for layer METAL1 : 0.0002 0.0002 (RCEX-011)
Information: Library Derived Cap for layer METAL2 : 0.00031 0.00031 (RCEX-011)
Information: Library Derived Res for layer METAL2 : 9.1e-05 9.1e-05 (RCEX-011)
Information: Library Derived Cap for layer METAL3 : 0.00035 0.00035 (RCEX-011)
Information: Library Derived Res for layer METAL3 : 9.1e-05 9.1e-05 (RCEX-011)
Information: Library Derived Cap for layer METAL4 : 0.00031 0.00031 (RCEX-011)
Information: Library Derived Res for layer METAL4 : 9.1e-05 9.1e-05 (RCEX-011)
Information: Library Derived Cap for layer METAL5 : 0.00035 0.00035 (RCEX-011)
Information: Library Derived Res for layer METAL5 : 9.1e-05 9.1e-05 (RCEX-011)
Information: Library Derived Cap for layer METAL6 : 0.00031 0.00031 (RCEX-011)
Information: Library Derived Res for layer METAL6 : 9.1e-05 9.1e-05 (RCEX-011)
Information: Library Derived Cap for layer METAL7 : 0.00035 0.00035 (RCEX-011)
Information: Library Derived Res for layer METAL7 : 9.1e-05 9.1e-05 (RCEX-011)
Information: Library Derived Cap for layer METAL8 : 0.0003 0.0003 (RCEX-011)
Information: Library Derived Res for layer METAL8 : 1.2e-05 1.2e-05 (RCEX-011)
Information: Library Derived Horizontal Cap : 0.00035 0.00035 (RCEX-011)
Information: Library Derived Horizontal Res : 9.1e-05 9.1e-05 (RCEX-011)
Information: Library Derived Vertical Cap : 0.00031 0.00031 (RCEX-011)
Information: Library Derived Vertical Res : 9.1e-05 9.1e-05 (RCEX-011)
Information: Using derived R and C coefficients. (RCEX-008)
Information: Using region-based R and C coefficients. (RCEX-013)
Information: Library Derived Via Res : 0.0001 0.0001 (RCEX-011)
Information: End rc update.
Information: The mixed mode parasitic extraction has been performed. (RCEX-202)
Information: Updating graph... (UID-83)
Information: Input delay ('rise') on clock port 'clk' will be added to the clock's propagated skew. (TIM-112)
Information: Input delay ('fall') on clock port 'clk' will be added to the clock's propagated skew. (TIM-112)
 
****************************************
Report : clock tree
Design : control_pad
Version: T-2022.03
Date   : Fri Nov 28 20:07:16 2025
****************************************

Information: Float pin scale factor for the 'max' operating condition of scenario 'default' is set to 1.000 (CTS-375)

============ Global Skew Report ================

Clock Tree Name                : "clk"
Clock Period                   : 20.00000       
Clock Tree root pin            : "clk"
Number of Levels               : 2
Number of Sinks                : 3
Number of CT Buffers           : 0
Number of CTS added gates      : 0
Number of Preexisting Gates    : 0
Number of Preexisting Buf/Inv  : 1
Total Number of Clock Cells    : 1
Total Area of CT Buffers       : 0.00000        
Total Area of CT cells         : 6895.00000     
Max Global Skew                : 0.00016   
Number of MaxTran Violators    : 0
Number of MaxCap Violators     : 0
Number of MaxFanout Violators  : 0


Operating Condition               worst
Clock global Skew                 0.000
Longest path delay                0.831
Shortest path delay               0.831

The longest path delay end pin: i_control/state_reg[1]/CK
The shortest path delay end pin: i_control/state_reg[0]/CK

The longest Path:
Pin                                         Cap       Fanout    Trans     Incr      Arri
----------------------------------------------------------------------------------------------------
clk                                         0.000            1  0.000     0.000     0.000     r
clk                                         6.790            1  0.000     0.000     0.000     r
i_clk/PAD                                   6.790            1  1.212     0.441     0.441     r
i_clk/C                                     0.032            3  0.084     0.390     0.831     r
i_control/state_reg[1]/CK                   0.032            0  0.049     0.000     0.831     r
[clock delay]                                                                       0.831
----------------------------------------------------------------------------------------------------

The Shortest Path:
Pin                                         Cap       Fanout    Trans     Incr      Arri
----------------------------------------------------------------------------------------------------
clk                                         0.000            1  0.000     0.000     0.000     r
clk                                         6.790            1  0.000     0.000     0.000     r
i_clk/PAD                                   6.790            1  1.212     0.441     0.441     r
i_clk/C                                     0.032            3  0.084     0.390     0.831     r
i_control/state_reg[0]/CK                   0.032            0  0.049     0.000     0.831     r
[clock delay]                                                                       0.831
----------------------------------------------------------------------------------------------------

1
report_clock_timing -type skew 
 
****************************************
Report : clock timing
        -type skew
        -nworst 1
        -setup
Design : control_pad
Version: T-2022.03
Date   : Fri Nov 28 20:07:16 2025
****************************************

  Clock: clk
  Clock Pin                              Latency             Skew
----------------------------------------------------------------------------
  i_control/state_reg[1]/CK              0.83                          wrp-+
  i_control/state_reg[0]/CK              0.83                0.00      wrp-+
----------------------------------------------------------------------------

1
save_mw_cel -as cts 
Information: Performing CEL netlist consistency check. (MWDC-118)
Information: CEL consistency check PASSED. (MWDC-119)
Information: Saved design named cts. (UIG-5)
1
1
icc_shell> 