
                                IC Compiler (TM)
                              IC Compiler-PC (TM)
                              IC Compiler-XP (TM)
                              IC Compiler-DP (TM)
                              IC Compiler-AG (TM)

                 Version T-2022.03 for linux64 - Feb 22, 2022 

                    Copyright (c) 1988 - 2022 Synopsys, Inc.
   This software and the associated documentation are proprietary to Synopsys,
 Inc. This software may only be used in accordance with the terms and conditions
 of a written license agreement with Synopsys, Inc. All other use, reproduction,
   or distribution of this software is strictly prohibited.  Licensed Products
     communicate with Synopsys servers for the purpose of providing software
    updates, detecting software piracy and verifying that customers are using
    Licensed Products in conformity with the applicable License Key for such
  Licensed Products. Synopsys will use information gathered in connection with
    this process to deliver software updates and pursue software pirates and
                                   infringers.

 Inclusivity & Diversity - Visit SolvNetPlus to read the "Synopsys Statement on
            Inclusivity and Diversity" (Refer to article 000036315 at
                        https://solvnetplus.synopsys.com)
Initializing...
#Design_setup.tcl 
source ../rm_setup/icrm_setup.tcl 
RM-Info: Setting default SEV variables for running outside of Lynx.
source ../rm_setup/icc_setup.tcl 
RM-Info: Running script /home/user123/Desktop/ASIC/icc/rm_setup/icc_setup.tcl

RM-Info: Running script /home/user123/Desktop/ASIC/icc/rm_setup/common_setup.tcl

RM-Info: Completed script /home/user123/Desktop/ASIC/icc/rm_setup/common_setup.tcl

### Processing procs.tcl...
CES_procs: 
 aa                   # always ask - Searches Synopsys help for both commands and variables
 gui                  # Start or stop the GUI
 host_stats           # Display statistics of the current host (server)
 view                 # Display output of any command in a separate Tk window.

RM-Info: Completed script /home/user123/Desktop/ASIC/icc/rm_setup/icc_setup.tcl

######################################################################## 
# Design Library Creation 
######################################################################## 
create_mw_lib control_pad.mw -open -tech $TECH_FILE -mw_reference_library $MW_REFERENCE_LIB_DIRS 
Start to load technology file /home/eda/lib/smic/aci/sc-x/apollo/tf/smic13lvt_8lm.tf.
Warning: Cut layer 'VIA12' has a non-cross primary default ContactCode 'via1'. (line 896) (TFCHK-092)
Warning: Layer 'METAL1' has a pitch 0.41 that does not match the recommended wire-to-via pitch 0.365 or 0.405. (TFCHK-049)
Warning: Layer 'METAL2' has a pitch 0.46 that does not match the recommended wire-to-via pitch 0.4 or 0.445. (TFCHK-049)
Warning: Layer 'METAL3' has a pitch 0.41 that does not match the recommended wire-to-via pitch 0.445 or 0.4. (TFCHK-049)
Warning: Layer 'METAL4' has a pitch 0.46 that does not match the recommended wire-to-via pitch 0.4 or 0.445. (TFCHK-049)
Warning: Layer 'METAL5' has a pitch 0.41 that does not match the recommended wire-to-via pitch 0.445 or 0.4. (TFCHK-049)
Warning: Layer 'METAL6' has a pitch 0.46 that does not match the recommended wire-to-via pitch 0.4 or 0.445. (TFCHK-049)
Warning: Layer 'METAL7' has a pitch 0.41 that does not match the recommended wire-to-via pitch 0.53 or 0.49. (TFCHK-049)
Warning: Layer 'METAL8' has a pitch 0.96 that does not match the recommended wire-to-via pitch 0.9 or 0.95. (TFCHK-049)
Warning: Layer 'METAL3' has a pitch 0.41 that does not match the doubled pitch 0.82 or tripled pitch 1.23. (TFCHK-050)
Warning: Layer 'METAL4' has a pitch 0.46 that does not match the doubled pitch 0.92 or tripled pitch 1.38. (TFCHK-050)
Warning: Layer 'METAL5' has a pitch 0.41 that does not match the doubled pitch 0.82 or tripled pitch 1.23. (TFCHK-050)
Warning: Layer 'METAL6' has a pitch 0.46 that does not match the doubled pitch 0.92 or tripled pitch 1.38. (TFCHK-050)
Warning: Layer 'METAL7' has a pitch 0.41 that does not match the doubled pitch 0.82 or tripled pitch 1.23. (TFCHK-050)
Warning: Layer 'METAL8' has a pitch 0.96 that does not match the doubled pitch 0.92 or tripled pitch 1.38. (TFCHK-050)
Technology file /home/eda/lib/smic/aci/sc-x/apollo/tf/smic13lvt_8lm.tf has been loaded successfully.
Warning: Reference Library Inconsistent With Main Library
Reference Library: /home/eda/lib/smic/SP013D3_V1p4/apollo/SP013D3_V1p2_8MT (MWLIBP-300)
Warning: Inconsistent Data for Contact Code 9
	Main Library (control_pad.mw)     |	Reference Library (SP013D3_V1p2_8MT)
 (MWLIBP-324)
Warning: Inconsistent Data for Contact Code 10
	Main Library (control_pad.mw)     |	Reference Library (SP013D3_V1p2_8MT)
 (MWLIBP-324)
Warning: Inconsistent Data for Contact Code 11
	Main Library (control_pad.mw)     |	Reference Library (SP013D3_V1p2_8MT)
 (MWLIBP-324)
Warning: Inconsistent Data for Contact Code 12
	Main Library (control_pad.mw)     |	Reference Library (SP013D3_V1p2_8MT)
 (MWLIBP-324)
Warning: Inconsistent Data for Contact Code 13
	Main Library (control_pad.mw)     |	Reference Library (SP013D3_V1p2_8MT)
 (MWLIBP-324)
Warning: Inconsistent Data for Contact Code 14
	Main Library (control_pad.mw)     |	Reference Library (SP013D3_V1p2_8MT)
 (MWLIBP-324)
Warning: Inconsistent Data for Contact Code 15
	Main Library (control_pad.mw)     |	Reference Library (SP013D3_V1p2_8MT)
 (MWLIBP-324)
{control_pad.mw}
echo ###############end of creating of the mw lib ######################## 
###############end of creating of the mw lib ########################
######################################################################## 
# Read the Netlist and Create a Design CEL 
######################################################################## 
if {$ICC_INIT_DESIGN_INPUT == "VERILOG" } { 
 read_verilog -top $DESIGN_NAME  $ICC_INPUTS_PATH/$ICC_IN_VERILOG_NETLIST_FILE 
 current_design $DESIGN_NAME 
 uniquify 
 save_mw_cel -as $DESIGN_NAME 
} 
Loading db file '/home/eda/lib/smic/aci/sc-x/synopsys/typical_1v2c25.db'
Loading db file '/home/eda/lib/smic/SP013D3_V1p4/syn/SP013D3_V1p2_typ.db'
Loading db file '/home/eda/synopsys/icc/T-2022.03/libraries/syn/gtech.db'
Loading db file '/home/eda/synopsys/icc/T-2022.03/libraries/syn/standard.sldb'
Warning: /home/eda/lib/smic/aci/sc-x/apollo/smic13g: bus naming style _<%d> is not consistent with main lib. (MWNL-111)

*****  Verilog HDL translation! *****

*****    Start Pass 1 *****
Compiling source file /home/user123/Desktop/ASIC/icc/design_data/control_pad.v

*****  Pass 1 Complete *****
Elapsed =    0:00:02, CPU =    0:00:01

*****  Verilog HDL translation! *****

*****    Start Pass 2 *****
Compiling source file /home/user123/Desktop/ASIC/icc/design_data/control_pad.v

*****  Pass 2 Complete *****

*****   Verilog HDL translation completed! *****
Elapsed =    0:00:00, CPU =    0:00:00
Hierarchy Preservation is turned ON
The quick-attach skip-search mode has been turned on.
  Start axu naming escaping style change ...
  End axu naming escaping style change, status is 1
Checking single pin net for cell 'control_pad.CEL' now...
Total number of cell instances: 42
Total number of nets: 51
Total number of ports: 15 (include 0 PG ports)
Total number of hierarchical cell instances: 1

The quick-attach skip-search mode has been turned off.
INFO:  total find 0 pg nets connected with tie net.
Elapsed =    0:00:00, CPU =    0:00:00
Information: Read verilog completed successfully.
Information: linking reference library : /home/eda/lib/smic/aci/sc-x/apollo/smic13g. (PSYN-878)
Information: linking reference library : /home/eda/lib/smic/SP013D3_V1p4/apollo/SP013D3_V1p2_8MT. (PSYN-878)
Warning: The pin direction of 'PAD' pin on 'PANA4AP' cell in the 'SP013D3_V1p2_typ' technology library is inconsistent with the same-name pin in the '/home/eda/lib/smic/SP013D3_V1p4/apollo/SP013D3_V1p2_8MT' physical library. No physical link for the logical lib cell. (PSYN-058)
Warning: The pin direction of 'PAD' pin on 'PANA3AP' cell in the 'SP013D3_V1p2_typ' technology library is inconsistent with the same-name pin in the '/home/eda/lib/smic/SP013D3_V1p4/apollo/SP013D3_V1p2_8MT' physical library. No physical link for the logical lib cell. (PSYN-058)
Warning: The pin direction of 'SVDD1AP' pin on 'PVDD1AP' cell in the 'SP013D3_V1p2_typ' technology library is inconsistent with the same-name pin in the '/home/eda/lib/smic/SP013D3_V1p4/apollo/SP013D3_V1p2_8MT' physical library. No physical link for the logical lib cell. (PSYN-058)
Warning: The pin direction of 'SAVDD' pin on 'PVDD3AP' cell in the 'SP013D3_V1p2_typ' technology library is inconsistent with the same-name pin in the '/home/eda/lib/smic/SP013D3_V1p4/apollo/SP013D3_V1p2_8MT' physical library. No physical link for the logical lib cell. (PSYN-058)
Warning: The pin direction of 'SAVSS' pin on 'PVSS3AP' cell in the 'SP013D3_V1p2_typ' technology library is inconsistent with the same-name pin in the '/home/eda/lib/smic/SP013D3_V1p4/apollo/SP013D3_V1p2_8MT' physical library. No physical link for the logical lib cell. (PSYN-058)
Warning: The pin direction of 'SVSS1AP' pin on 'PVSS1AP' cell in the 'SP013D3_V1p2_typ' technology library is inconsistent with the same-name pin in the '/home/eda/lib/smic/SP013D3_V1p4/apollo/SP013D3_V1p2_8MT' physical library. No physical link for the logical lib cell. (PSYN-058)
Warning: The pin direction of 'PAD' pin on 'PANA1AP' cell in the 'SP013D3_V1p2_typ' technology library is inconsistent with the same-name pin in the '/home/eda/lib/smic/SP013D3_V1p4/apollo/SP013D3_V1p2_8MT' physical library. No physical link for the logical lib cell. (PSYN-058)
Warning: The pin direction of 'PAD' pin on 'PANA2AP' cell in the 'SP013D3_V1p2_typ' technology library is inconsistent with the same-name pin in the '/home/eda/lib/smic/SP013D3_V1p4/apollo/SP013D3_V1p2_8MT' physical library. No physical link for the logical lib cell. (PSYN-058)
Warning: The pin direction of 'SVDD1CAP' pin on 'PVDD1CAP' cell in the 'SP013D3_V1p2_typ' technology library is inconsistent with the same-name pin in the '/home/eda/lib/smic/SP013D3_V1p4/apollo/SP013D3_V1p2_8MT' physical library. No physical link for the logical lib cell. (PSYN-058)
Warning: The pin direction of 'SAVDD' pin on 'PVDD3CAP' cell in the 'SP013D3_V1p2_typ' technology library is inconsistent with the same-name pin in the '/home/eda/lib/smic/SP013D3_V1p4/apollo/SP013D3_V1p2_8MT' physical library. No physical link for the logical lib cell. (PSYN-058)
Warning: The pin direction of 'SVSS1CAP' pin on 'PVSS1CAP' cell in the 'SP013D3_V1p2_typ' technology library is inconsistent with the same-name pin in the '/home/eda/lib/smic/SP013D3_V1p4/apollo/SP013D3_V1p2_8MT' physical library. No physical link for the logical lib cell. (PSYN-058)
Warning: The pin direction of 'SAVSS' pin on 'PVSS3CAP' cell in the 'SP013D3_V1p2_typ' technology library is inconsistent with the same-name pin in the '/home/eda/lib/smic/SP013D3_V1p4/apollo/SP013D3_V1p2_8MT' physical library. No physical link for the logical lib cell. (PSYN-058)
Warning: The pin direction of 'SVDD1AP1' pin on 'PVDD1AP1' cell in the 'SP013D3_V1p2_typ' technology library is inconsistent with the same-name pin in the '/home/eda/lib/smic/SP013D3_V1p4/apollo/SP013D3_V1p2_8MT' physical library. No physical link for the logical lib cell. (PSYN-058)
Warning: The pin direction of 'SVSS1AP1' pin on 'PVSS1AP1' cell in the 'SP013D3_V1p2_typ' technology library is inconsistent with the same-name pin in the '/home/eda/lib/smic/SP013D3_V1p4/apollo/SP013D3_V1p2_8MT' physical library. No physical link for the logical lib cell. (PSYN-058)
Warning: The pin direction of 'PAD' pin on 'PANA1AP1' cell in the 'SP013D3_V1p2_typ' technology library is inconsistent with the same-name pin in the '/home/eda/lib/smic/SP013D3_V1p4/apollo/SP013D3_V1p2_8MT' physical library. No physical link for the logical lib cell. (PSYN-058)
Warning: The pin direction of 'PAD' pin on 'PANA2AP1' cell in the 'SP013D3_V1p2_typ' technology library is inconsistent with the same-name pin in the '/home/eda/lib/smic/SP013D3_V1p4/apollo/SP013D3_V1p2_8MT' physical library. No physical link for the logical lib cell. (PSYN-058)
Warning: The pin direction of 'SVDD1CAP1' pin on 'PVDD1CAP1' cell in the 'SP013D3_V1p2_typ' technology library is inconsistent with the same-name pin in the '/home/eda/lib/smic/SP013D3_V1p4/apollo/SP013D3_V1p2_8MT' physical library. No physical link for the logical lib cell. (PSYN-058)
Warning: The pin direction of 'SVSS1CAP1' pin on 'PVSS1CAP1' cell in the 'SP013D3_V1p2_typ' technology library is inconsistent with the same-name pin in the '/home/eda/lib/smic/SP013D3_V1p4/apollo/SP013D3_V1p2_8MT' physical library. No physical link for the logical lib cell. (PSYN-058)
Warning: The pin direction of 'PAD' pin on 'PI' cell in the 'SP013D3_V1p2_typ' technology library is inconsistent with the same-name pin in the '/home/eda/lib/smic/SP013D3_V1p4/apollo/SP013D3_V1p2_8MT' physical library. No physical link for the logical lib cell. (PSYN-058)
Warning: The pin direction of 'C' pin on 'PI' cell in the 'SP013D3_V1p2_typ' technology library is inconsistent with the same-name pin in the '/home/eda/lib/smic/SP013D3_V1p4/apollo/SP013D3_V1p2_8MT' physical library. No physical link for the logical lib cell. (PSYN-058)
Warning: The pin direction of 'PAD' pin on 'PIS' cell in the 'SP013D3_V1p2_typ' technology library is inconsistent with the same-name pin in the '/home/eda/lib/smic/SP013D3_V1p4/apollo/SP013D3_V1p2_8MT' physical library. No physical link for the logical lib cell. (PSYN-058)
Warning: The pin direction of 'C' pin on 'PIS' cell in the 'SP013D3_V1p2_typ' technology library is inconsistent with the same-name pin in the '/home/eda/lib/smic/SP013D3_V1p4/apollo/SP013D3_V1p2_8MT' physical library. No physical link for the logical lib cell. (PSYN-058)
Warning: The pin direction of 'OEN' pin on 'PB4' cell in the 'SP013D3_V1p2_typ' technology library is inconsistent with the same-name pin in the '/home/eda/lib/smic/SP013D3_V1p4/apollo/SP013D3_V1p2_8MT' physical library. No physical link for the logical lib cell. (PSYN-058)
Warning: The pin direction of 'I' pin on 'PB4' cell in the 'SP013D3_V1p2_typ' technology library is inconsistent with the same-name pin in the '/home/eda/lib/smic/SP013D3_V1p4/apollo/SP013D3_V1p2_8MT' physical library. No physical link for the logical lib cell. (PSYN-058)
Warning: The pin direction of 'C' pin on 'PB4' cell in the 'SP013D3_V1p2_typ' technology library is inconsistent with the same-name pin in the '/home/eda/lib/smic/SP013D3_V1p4/apollo/SP013D3_V1p2_8MT' physical library. No physical link for the logical lib cell. (PSYN-058)
Warning: The pin direction of 'PAD' pin on 'PB4' cell in the 'SP013D3_V1p2_typ' technology library is inconsistent with the same-name pin in the '/home/eda/lib/smic/SP013D3_V1p4/apollo/SP013D3_V1p2_8MT' physical library. No physical link for the logical lib cell. (PSYN-058)
Warning: The pin direction of 'I' pin on 'PO4' cell in the 'SP013D3_V1p2_typ' technology library is inconsistent with the same-name pin in the '/home/eda/lib/smic/SP013D3_V1p4/apollo/SP013D3_V1p2_8MT' physical library. No physical link for the logical lib cell. (PSYN-058)
Warning: The pin direction of 'PAD' pin on 'PO4' cell in the 'SP013D3_V1p2_typ' technology library is inconsistent with the same-name pin in the '/home/eda/lib/smic/SP013D3_V1p4/apollo/SP013D3_V1p2_8MT' physical library. No physical link for the logical lib cell. (PSYN-058)
Warning: The pin direction of 'XIN' pin on 'PX3' cell in the 'SP013D3_V1p2_typ' technology library is inconsistent with the same-name pin in the '/home/eda/lib/smic/SP013D3_V1p4/apollo/SP013D3_V1p2_8MT' physical library. No physical link for the logical lib cell. (PSYN-058)
Warning: The pin direction of 'XOUT' pin on 'PX3' cell in the 'SP013D3_V1p2_typ' technology library is inconsistent with the same-name pin in the '/home/eda/lib/smic/SP013D3_V1p4/apollo/SP013D3_V1p2_8MT' physical library. No physical link for the logical lib cell. (PSYN-058)
Warning: The pin direction of 'XC' pin on 'PX3' cell in the 'SP013D3_V1p2_typ' technology library is inconsistent with the same-name pin in the '/home/eda/lib/smic/SP013D3_V1p4/apollo/SP013D3_V1p2_8MT' physical library. No physical link for the logical lib cell. (PSYN-058)
Warning: The pin direction of 'OEN' pin on 'PB2' cell in the 'SP013D3_V1p2_typ' technology library is inconsistent with the same-name pin in the '/home/eda/lib/smic/SP013D3_V1p4/apollo/SP013D3_V1p2_8MT' physical library. No physical link for the logical lib cell. (PSYN-058)
Warning: The pin direction of 'I' pin on 'PB2' cell in the 'SP013D3_V1p2_typ' technology library is inconsistent with the same-name pin in the '/home/eda/lib/smic/SP013D3_V1p4/apollo/SP013D3_V1p2_8MT' physical library. No physical link for the logical lib cell. (PSYN-058)
Warning: The pin direction of 'C' pin on 'PB2' cell in the 'SP013D3_V1p2_typ' technology library is inconsistent with the same-name pin in the '/home/eda/lib/smic/SP013D3_V1p4/apollo/SP013D3_V1p2_8MT' physical library. No physical link for the logical lib cell. (PSYN-058)
Warning: The pin direction of 'PAD' pin on 'PB2' cell in the 'SP013D3_V1p2_typ' technology library is inconsistent with the same-name pin in the '/home/eda/lib/smic/SP013D3_V1p4/apollo/SP013D3_V1p2_8MT' physical library. No physical link for the logical lib cell. (PSYN-058)
Warning: The pin direction of 'OEN' pin on 'PB8' cell in the 'SP013D3_V1p2_typ' technology library is inconsistent with the same-name pin in the '/home/eda/lib/smic/SP013D3_V1p4/apollo/SP013D3_V1p2_8MT' physical library. No physical link for the logical lib cell. (PSYN-058)
Warning: The pin direction of 'I' pin on 'PB8' cell in the 'SP013D3_V1p2_typ' technology library is inconsistent with the same-name pin in the '/home/eda/lib/smic/SP013D3_V1p4/apollo/SP013D3_V1p2_8MT' physical library. No physical link for the logical lib cell. (PSYN-058)
Warning: The pin direction of 'C' pin on 'PB8' cell in the 'SP013D3_V1p2_typ' technology library is inconsistent with the same-name pin in the '/home/eda/lib/smic/SP013D3_V1p4/apollo/SP013D3_V1p2_8MT' physical library. No physical link for the logical lib cell. (PSYN-058)
Warning: The pin direction of 'PAD' pin on 'PB8' cell in the 'SP013D3_V1p2_typ' technology library is inconsistent with the same-name pin in the '/home/eda/lib/smic/SP013D3_V1p4/apollo/SP013D3_V1p2_8MT' physical library. No physical link for the logical lib cell. (PSYN-058)
Warning: The pin direction of 'I' pin on 'PO8' cell in the 'SP013D3_V1p2_typ' technology library is inconsistent with the same-name pin in the '/home/eda/lib/smic/SP013D3_V1p4/apollo/SP013D3_V1p2_8MT' physical library. No physical link for the logical lib cell. (PSYN-058)
Warning: The pin direction of 'PAD' pin on 'PO8' cell in the 'SP013D3_V1p2_typ' technology library is inconsistent with the same-name pin in the '/home/eda/lib/smic/SP013D3_V1p4/apollo/SP013D3_V1p2_8MT' physical library. No physical link for the logical lib cell. (PSYN-058)
Warning: The pin direction of 'I' pin on 'PO2' cell in the 'SP013D3_V1p2_typ' technology library is inconsistent with the same-name pin in the '/home/eda/lib/smic/SP013D3_V1p4/apollo/SP013D3_V1p2_8MT' physical library. No physical link for the logical lib cell. (PSYN-058)
Warning: The pin direction of 'PAD' pin on 'PO2' cell in the 'SP013D3_V1p2_typ' technology library is inconsistent with the same-name pin in the '/home/eda/lib/smic/SP013D3_V1p4/apollo/SP013D3_V1p2_8MT' physical library. No physical link for the logical lib cell. (PSYN-058)
Warning: The pin direction of 'PAD' pin on 'PID' cell in the 'SP013D3_V1p2_typ' technology library is inconsistent with the same-name pin in the '/home/eda/lib/smic/SP013D3_V1p4/apollo/SP013D3_V1p2_8MT' physical library. No physical link for the logical lib cell. (PSYN-058)
Warning: The pin direction of 'C' pin on 'PID' cell in the 'SP013D3_V1p2_typ' technology library is inconsistent with the same-name pin in the '/home/eda/lib/smic/SP013D3_V1p4/apollo/SP013D3_V1p2_8MT' physical library. No physical link for the logical lib cell. (PSYN-058)
Warning: The pin direction of 'XIN' pin on 'PX2' cell in the 'SP013D3_V1p2_typ' technology library is inconsistent with the same-name pin in the '/home/eda/lib/smic/SP013D3_V1p4/apollo/SP013D3_V1p2_8MT' physical library. No physical link for the logical lib cell. (PSYN-058)
Warning: The pin direction of 'XOUT' pin on 'PX2' cell in the 'SP013D3_V1p2_typ' technology library is inconsistent with the same-name pin in the '/home/eda/lib/smic/SP013D3_V1p4/apollo/SP013D3_V1p2_8MT' physical library. No physical link for the logical lib cell. (PSYN-058)
Warning: The pin direction of 'XC' pin on 'PX2' cell in the 'SP013D3_V1p2_typ' technology library is inconsistent with the same-name pin in the '/home/eda/lib/smic/SP013D3_V1p4/apollo/SP013D3_V1p2_8MT' physical library. No physical link for the logical lib cell. (PSYN-058)
Warning: The pin direction of 'PAD' pin on 'PIU' cell in the 'SP013D3_V1p2_typ' technology library is inconsistent with the same-name pin in the '/home/eda/lib/smic/SP013D3_V1p4/apollo/SP013D3_V1p2_8MT' physical library. No physical link for the logical lib cell. (PSYN-058)
Warning: The pin direction of 'C' pin on 'PIU' cell in the 'SP013D3_V1p2_typ' technology library is inconsistent with the same-name pin in the '/home/eda/lib/smic/SP013D3_V1p4/apollo/SP013D3_V1p2_8MT' physical library. No physical link for the logical lib cell. (PSYN-058)
Warning: The pin direction of 'XIN' pin on 'PX1' cell in the 'SP013D3_V1p2_typ' technology library is inconsistent with the same-name pin in the '/home/eda/lib/smic/SP013D3_V1p4/apollo/SP013D3_V1p2_8MT' physical library. No physical link for the logical lib cell. (PSYN-058)
Warning: The pin direction of 'XOUT' pin on 'PX1' cell in the 'SP013D3_V1p2_typ' technology library is inconsistent with the same-name pin in the '/home/eda/lib/smic/SP013D3_V1p4/apollo/SP013D3_V1p2_8MT' physical library. No physical link for the logical lib cell. (PSYN-058)
Warning: The pin direction of 'XC' pin on 'PX1' cell in the 'SP013D3_V1p2_typ' technology library is inconsistent with the same-name pin in the '/home/eda/lib/smic/SP013D3_V1p4/apollo/SP013D3_V1p2_8MT' physical library. No physical link for the logical lib cell. (PSYN-058)
Warning: The pin direction of 'OEN' pin on 'PB16' cell in the 'SP013D3_V1p2_typ' technology library is inconsistent with the same-name pin in the '/home/eda/lib/smic/SP013D3_V1p4/apollo/SP013D3_V1p2_8MT' physical library. No physical link for the logical lib cell. (PSYN-058)
Warning: The pin direction of 'I' pin on 'PB16' cell in the 'SP013D3_V1p2_typ' technology library is inconsistent with the same-name pin in the '/home/eda/lib/smic/SP013D3_V1p4/apollo/SP013D3_V1p2_8MT' physical library. No physical link for the logical lib cell. (PSYN-058)
Warning: The pin direction of 'C' pin on 'PB16' cell in the 'SP013D3_V1p2_typ' technology library is inconsistent with the same-name pin in the '/home/eda/lib/smic/SP013D3_V1p4/apollo/SP013D3_V1p2_8MT' physical library. No physical link for the logical lib cell. (PSYN-058)
Warning: The pin direction of 'PAD' pin on 'PB16' cell in the 'SP013D3_V1p2_typ' technology library is inconsistent with the same-name pin in the '/home/eda/lib/smic/SP013D3_V1p4/apollo/SP013D3_V1p2_8MT' physical library. No physical link for the logical lib cell. (PSYN-058)
Warning: The pin direction of 'I' pin on 'PO16' cell in the 'SP013D3_V1p2_typ' technology library is inconsistent with the same-name pin in the '/home/eda/lib/smic/SP013D3_V1p4/apollo/SP013D3_V1p2_8MT' physical library. No physical link for the logical lib cell. (PSYN-058)
Warning: The pin direction of 'PAD' pin on 'PO16' cell in the 'SP013D3_V1p2_typ' technology library is inconsistent with the same-name pin in the '/home/eda/lib/smic/SP013D3_V1p4/apollo/SP013D3_V1p2_8MT' physical library. No physical link for the logical lib cell. (PSYN-058)
Warning: The pin direction of 'OEN' pin on 'PB24' cell in the 'SP013D3_V1p2_typ' technology library is inconsistent with the same-name pin in the '/home/eda/lib/smic/SP013D3_V1p4/apollo/SP013D3_V1p2_8MT' physical library. No physical link for the logical lib cell. (PSYN-058)
Warning: The pin direction of 'I' pin on 'PB24' cell in the 'SP013D3_V1p2_typ' technology library is inconsistent with the same-name pin in the '/home/eda/lib/smic/SP013D3_V1p4/apollo/SP013D3_V1p2_8MT' physical library. No physical link for the logical lib cell. (PSYN-058)
Warning: The pin direction of 'C' pin on 'PB24' cell in the 'SP013D3_V1p2_typ' technology library is inconsistent with the same-name pin in the '/home/eda/lib/smic/SP013D3_V1p4/apollo/SP013D3_V1p2_8MT' physical library. No physical link for the logical lib cell. (PSYN-058)
Warning: The pin direction of 'PAD' pin on 'PB24' cell in the 'SP013D3_V1p2_typ' technology library is inconsistent with the same-name pin in the '/home/eda/lib/smic/SP013D3_V1p4/apollo/SP013D3_V1p2_8MT' physical library. No physical link for the logical lib cell. (PSYN-058)
Warning: The pin direction of 'OEN' pin on 'PBS4' cell in the 'SP013D3_V1p2_typ' technology library is inconsistent with the same-name pin in the '/home/eda/lib/smic/SP013D3_V1p4/apollo/SP013D3_V1p2_8MT' physical library. No physical link for the logical lib cell. (PSYN-058)
Warning: The pin direction of 'I' pin on 'PBS4' cell in the 'SP013D3_V1p2_typ' technology library is inconsistent with the same-name pin in the '/home/eda/lib/smic/SP013D3_V1p4/apollo/SP013D3_V1p2_8MT' physical library. No physical link for the logical lib cell. (PSYN-058)
Warning: The pin direction of 'C' pin on 'PBS4' cell in the 'SP013D3_V1p2_typ' technology library is inconsistent with the same-name pin in the '/home/eda/lib/smic/SP013D3_V1p4/apollo/SP013D3_V1p2_8MT' physical library. No physical link for the logical lib cell. (PSYN-058)
Warning: The pin direction of 'PAD' pin on 'PBS4' cell in the 'SP013D3_V1p2_typ' technology library is inconsistent with the same-name pin in the '/home/eda/lib/smic/SP013D3_V1p4/apollo/SP013D3_V1p2_8MT' physical library. No physical link for the logical lib cell. (PSYN-058)
Warning: The pin direction of 'OEN' pin on 'PBU4' cell in the 'SP013D3_V1p2_typ' technology library is inconsistent with the same-name pin in the '/home/eda/lib/smic/SP013D3_V1p4/apollo/SP013D3_V1p2_8MT' physical library. No physical link for the logical lib cell. (PSYN-058)
Warning: The pin direction of 'I' pin on 'PBU4' cell in the 'SP013D3_V1p2_typ' technology library is inconsistent with the same-name pin in the '/home/eda/lib/smic/SP013D3_V1p4/apollo/SP013D3_V1p2_8MT' physical library. No physical link for the logical lib cell. (PSYN-058)
Warning: The pin direction of 'C' pin on 'PBU4' cell in the 'SP013D3_V1p2_typ' technology library is inconsistent with the same-name pin in the '/home/eda/lib/smic/SP013D3_V1p4/apollo/SP013D3_V1p2_8MT' physical library. No physical link for the logical lib cell. (PSYN-058)
Warning: The pin direction of 'PAD' pin on 'PBU4' cell in the 'SP013D3_V1p2_typ' technology library is inconsistent with the same-name pin in the '/home/eda/lib/smic/SP013D3_V1p4/apollo/SP013D3_V1p2_8MT' physical library. No physical link for the logical lib cell. (PSYN-058)
Warning: The pin direction of 'OEN' pin on 'PBD4' cell in the 'SP013D3_V1p2_typ' technology library is inconsistent with the same-name pin in the '/home/eda/lib/smic/SP013D3_V1p4/apollo/SP013D3_V1p2_8MT' physical library. No physical link for the logical lib cell. (PSYN-058)
Warning: The pin direction of 'I' pin on 'PBD4' cell in the 'SP013D3_V1p2_typ' technology library is inconsistent with the same-name pin in the '/home/eda/lib/smic/SP013D3_V1p4/apollo/SP013D3_V1p2_8MT' physical library. No physical link for the logical lib cell. (PSYN-058)
Warning: The pin direction of 'C' pin on 'PBD4' cell in the 'SP013D3_V1p2_typ' technology library is inconsistent with the same-name pin in the '/home/eda/lib/smic/SP013D3_V1p4/apollo/SP013D3_V1p2_8MT' physical library. No physical link for the logical lib cell. (PSYN-058)
Warning: The pin direction of 'PAD' pin on 'PBD4' cell in the 'SP013D3_V1p2_typ' technology library is inconsistent with the same-name pin in the '/home/eda/lib/smic/SP013D3_V1p4/apollo/SP013D3_V1p2_8MT' physical library. No physical link for the logical lib cell. (PSYN-058)
Warning: The pin direction of 'I' pin on 'PO24' cell in the 'SP013D3_V1p2_typ' technology library is inconsistent with the same-name pin in the '/home/eda/lib/smic/SP013D3_V1p4/apollo/SP013D3_V1p2_8MT' physical library. No physical link for the logical lib cell. (PSYN-058)
Warning: The pin direction of 'PAD' pin on 'PO24' cell in the 'SP013D3_V1p2_typ' technology library is inconsistent with the same-name pin in the '/home/eda/lib/smic/SP013D3_V1p4/apollo/SP013D3_V1p2_8MT' physical library. No physical link for the logical lib cell. (PSYN-058)
Warning: The pin direction of 'OEN' pin on 'POT4' cell in the 'SP013D3_V1p2_typ' technology library is inconsistent with the same-name pin in the '/home/eda/lib/smic/SP013D3_V1p4/apollo/SP013D3_V1p2_8MT' physical library. No physical link for the logical lib cell. (PSYN-058)
Warning: The pin direction of 'I' pin on 'POT4' cell in the 'SP013D3_V1p2_typ' technology library is inconsistent with the same-name pin in the '/home/eda/lib/smic/SP013D3_V1p4/apollo/SP013D3_V1p2_8MT' physical library. No physical link for the logical lib cell. (PSYN-058)
Warning: The pin direction of 'PAD' pin on 'POT4' cell in the 'SP013D3_V1p2_typ' technology library is inconsistent with the same-name pin in the '/home/eda/lib/smic/SP013D3_V1p4/apollo/SP013D3_V1p2_8MT' physical library. No physical link for the logical lib cell. (PSYN-058)
Warning: The pin direction of 'OEN' pin on 'PB12' cell in the 'SP013D3_V1p2_typ' technology library is inconsistent with the same-name pin in the '/home/eda/lib/smic/SP013D3_V1p4/apollo/SP013D3_V1p2_8MT' physical library. No physical link for the logical lib cell. (PSYN-058)
Warning: The pin direction of 'I' pin on 'PB12' cell in the 'SP013D3_V1p2_typ' technology library is inconsistent with the same-name pin in the '/home/eda/lib/smic/SP013D3_V1p4/apollo/SP013D3_V1p2_8MT' physical library. No physical link for the logical lib cell. (PSYN-058)
Warning: The pin direction of 'C' pin on 'PB12' cell in the 'SP013D3_V1p2_typ' technology library is inconsistent with the same-name pin in the '/home/eda/lib/smic/SP013D3_V1p4/apollo/SP013D3_V1p2_8MT' physical library. No physical link for the logical lib cell. (PSYN-058)
Warning: The pin direction of 'PAD' pin on 'PB12' cell in the 'SP013D3_V1p2_typ' technology library is inconsistent with the same-name pin in the '/home/eda/lib/smic/SP013D3_V1p4/apollo/SP013D3_V1p2_8MT' physical library. No physical link for the logical lib cell. (PSYN-058)
Warning: The pin direction of 'OEN' pin on 'PBL8' cell in the 'SP013D3_V1p2_typ' technology library is inconsistent with the same-name pin in the '/home/eda/lib/smic/SP013D3_V1p4/apollo/SP013D3_V1p2_8MT' physical library. No physical link for the logical lib cell. (PSYN-058)
Warning: The pin direction of 'I' pin on 'PBL8' cell in the 'SP013D3_V1p2_typ' technology library is inconsistent with the same-name pin in the '/home/eda/lib/smic/SP013D3_V1p4/apollo/SP013D3_V1p2_8MT' physical library. No physical link for the logical lib cell. (PSYN-058)
Warning: The pin direction of 'C' pin on 'PBL8' cell in the 'SP013D3_V1p2_typ' technology library is inconsistent with the same-name pin in the '/home/eda/lib/smic/SP013D3_V1p4/apollo/SP013D3_V1p2_8MT' physical library. No physical link for the logical lib cell. (PSYN-058)
Warning: The pin direction of 'PAD' pin on 'PBL8' cell in the 'SP013D3_V1p2_typ' technology library is inconsistent with the same-name pin in the '/home/eda/lib/smic/SP013D3_V1p4/apollo/SP013D3_V1p2_8MT' physical library. No physical link for the logical lib cell. (PSYN-058)
Warning: The pin direction of 'OEN' pin on 'PBS8' cell in the 'SP013D3_V1p2_typ' technology library is inconsistent with the same-name pin in the '/home/eda/lib/smic/SP013D3_V1p4/apollo/SP013D3_V1p2_8MT' physical library. No physical link for the logical lib cell. (PSYN-058)
Warning: The pin direction of 'I' pin on 'PBS8' cell in the 'SP013D3_V1p2_typ' technology library is inconsistent with the same-name pin in the '/home/eda/lib/smic/SP013D3_V1p4/apollo/SP013D3_V1p2_8MT' physical library. No physical link for the logical lib cell. (PSYN-058)
Warning: The pin direction of 'C' pin on 'PBS8' cell in the 'SP013D3_V1p2_typ' technology library is inconsistent with the same-name pin in the '/home/eda/lib/smic/SP013D3_V1p4/apollo/SP013D3_V1p2_8MT' physical library. No physical link for the logical lib cell. (PSYN-058)
Warning: The pin direction of 'PAD' pin on 'PBS8' cell in the 'SP013D3_V1p2_typ' technology library is inconsistent with the same-name pin in the '/home/eda/lib/smic/SP013D3_V1p4/apollo/SP013D3_V1p2_8MT' physical library. No physical link for the logical lib cell. (PSYN-058)
Warning: The pin direction of 'OEN' pin on 'PBS2' cell in the 'SP013D3_V1p2_typ' technology library is inconsistent with the same-name pin in the '/home/eda/lib/smic/SP013D3_V1p4/apollo/SP013D3_V1p2_8MT' physical library. No physical link for the logical lib cell. (PSYN-058)
Warning: The pin direction of 'I' pin on 'PBS2' cell in the 'SP013D3_V1p2_typ' technology library is inconsistent with the same-name pin in the '/home/eda/lib/smic/SP013D3_V1p4/apollo/SP013D3_V1p2_8MT' physical library. No physical link for the logical lib cell. (PSYN-058)
Warning: The pin direction of 'C' pin on 'PBS2' cell in the 'SP013D3_V1p2_typ' technology library is inconsistent with the same-name pin in the '/home/eda/lib/smic/SP013D3_V1p4/apollo/SP013D3_V1p2_8MT' physical library. No physical link for the logical lib cell. (PSYN-058)
Warning: The pin direction of 'PAD' pin on 'PBS2' cell in the 'SP013D3_V1p2_typ' technology library is inconsistent with the same-name pin in the '/home/eda/lib/smic/SP013D3_V1p4/apollo/SP013D3_V1p2_8MT' physical library. No physical link for the logical lib cell. (PSYN-058)
Warning: The pin direction of 'OEN' pin on 'PBU8' cell in the 'SP013D3_V1p2_typ' technology library is inconsistent with the same-name pin in the '/home/eda/lib/smic/SP013D3_V1p4/apollo/SP013D3_V1p2_8MT' physical library. No physical link for the logical lib cell. (PSYN-058)
Warning: The pin direction of 'I' pin on 'PBU8' cell in the 'SP013D3_V1p2_typ' technology library is inconsistent with the same-name pin in the '/home/eda/lib/smic/SP013D3_V1p4/apollo/SP013D3_V1p2_8MT' physical library. No physical link for the logical lib cell. (PSYN-058)
Warning: The pin direction of 'C' pin on 'PBU8' cell in the 'SP013D3_V1p2_typ' technology library is inconsistent with the same-name pin in the '/home/eda/lib/smic/SP013D3_V1p4/apollo/SP013D3_V1p2_8MT' physical library. No physical link for the logical lib cell. (PSYN-058)
Warning: The pin direction of 'PAD' pin on 'PBU8' cell in the 'SP013D3_V1p2_typ' technology library is inconsistent with the same-name pin in the '/home/eda/lib/smic/SP013D3_V1p4/apollo/SP013D3_V1p2_8MT' physical library. No physical link for the logical lib cell. (PSYN-058)
Warning: The pin direction of 'OEN' pin on 'PBU2' cell in the 'SP013D3_V1p2_typ' technology library is inconsistent with the same-name pin in the '/home/eda/lib/smic/SP013D3_V1p4/apollo/SP013D3_V1p2_8MT' physical library. No physical link for the logical lib cell. (PSYN-058)
Warning: The pin direction of 'I' pin on 'PBU2' cell in the 'SP013D3_V1p2_typ' technology library is inconsistent with the same-name pin in the '/home/eda/lib/smic/SP013D3_V1p4/apollo/SP013D3_V1p2_8MT' physical library. No physical link for the logical lib cell. (PSYN-058)
Warning: The pin direction of 'C' pin on 'PBU2' cell in the 'SP013D3_V1p2_typ' technology library is inconsistent with the same-name pin in the '/home/eda/lib/smic/SP013D3_V1p4/apollo/SP013D3_V1p2_8MT' physical library. No physical link for the logical lib cell. (PSYN-058)
Warning: The pin direction of 'PAD' pin on 'PBU2' cell in the 'SP013D3_V1p2_typ' technology library is inconsistent with the same-name pin in the '/home/eda/lib/smic/SP013D3_V1p4/apollo/SP013D3_V1p2_8MT' physical library. No physical link for the logical lib cell. (PSYN-058)
Warning: The pin direction of 'OEN' pin on 'PBD8' cell in the 'SP013D3_V1p2_typ' technology library is inconsistent with the same-name pin in the '/home/eda/lib/smic/SP013D3_V1p4/apollo/SP013D3_V1p2_8MT' physical library. No physical link for the logical lib cell. (PSYN-058)
Warning: The pin direction of 'I' pin on 'PBD8' cell in the 'SP013D3_V1p2_typ' technology library is inconsistent with the same-name pin in the '/home/eda/lib/smic/SP013D3_V1p4/apollo/SP013D3_V1p2_8MT' physical library. No physical link for the logical lib cell. (PSYN-058)
Warning: The pin direction of 'C' pin on 'PBD8' cell in the 'SP013D3_V1p2_typ' technology library is inconsistent with the same-name pin in the '/home/eda/lib/smic/SP013D3_V1p4/apollo/SP013D3_V1p2_8MT' physical library. No physical link for the logical lib cell. (PSYN-058)
Warning: The pin direction of 'PAD' pin on 'PBD8' cell in the 'SP013D3_V1p2_typ' technology library is inconsistent with the same-name pin in the '/home/eda/lib/smic/SP013D3_V1p4/apollo/SP013D3_V1p2_8MT' physical library. No physical link for the logical lib cell. (PSYN-058)
Warning: The pin direction of 'OEN' pin on 'PBD2' cell in the 'SP013D3_V1p2_typ' technology library is inconsistent with the same-name pin in the '/home/eda/lib/smic/SP013D3_V1p4/apollo/SP013D3_V1p2_8MT' physical library. No physical link for the logical lib cell. (PSYN-058)
Warning: The pin direction of 'I' pin on 'PBD2' cell in the 'SP013D3_V1p2_typ' technology library is inconsistent with the same-name pin in the '/home/eda/lib/smic/SP013D3_V1p4/apollo/SP013D3_V1p2_8MT' physical library. No physical link for the logical lib cell. (PSYN-058)
Warning: The pin direction of 'C' pin on 'PBD2' cell in the 'SP013D3_V1p2_typ' technology library is inconsistent with the same-name pin in the '/home/eda/lib/smic/SP013D3_V1p4/apollo/SP013D3_V1p2_8MT' physical library. No physical link for the logical lib cell. (PSYN-058)
Warning: The pin direction of 'PAD' pin on 'PBD2' cell in the 'SP013D3_V1p2_typ' technology library is inconsistent with the same-name pin in the '/home/eda/lib/smic/SP013D3_V1p4/apollo/SP013D3_V1p2_8MT' physical library. No physical link for the logical lib cell. (PSYN-058)
Warning: The pin direction of 'I' pin on 'POL8' cell in the 'SP013D3_V1p2_typ' technology library is inconsistent with the same-name pin in the '/home/eda/lib/smic/SP013D3_V1p4/apollo/SP013D3_V1p2_8MT' physical library. No physical link for the logical lib cell. (PSYN-058)
Warning: The pin direction of 'PAD' pin on 'POL8' cell in the 'SP013D3_V1p2_typ' technology library is inconsistent with the same-name pin in the '/home/eda/lib/smic/SP013D3_V1p4/apollo/SP013D3_V1p2_8MT' physical library. No physical link for the logical lib cell. (PSYN-058)
Warning: The pin direction of 'I' pin on 'PO12' cell in the 'SP013D3_V1p2_typ' technology library is inconsistent with the same-name pin in the '/home/eda/lib/smic/SP013D3_V1p4/apollo/SP013D3_V1p2_8MT' physical library. No physical link for the logical lib cell. (PSYN-058)
Warning: The pin direction of 'PAD' pin on 'PO12' cell in the 'SP013D3_V1p2_typ' technology library is inconsistent with the same-name pin in the '/home/eda/lib/smic/SP013D3_V1p4/apollo/SP013D3_V1p2_8MT' physical library. No physical link for the logical lib cell. (PSYN-058)
Warning: The pin direction of 'OEN' pin on 'POT8' cell in the 'SP013D3_V1p2_typ' technology library is inconsistent with the same-name pin in the '/home/eda/lib/smic/SP013D3_V1p4/apollo/SP013D3_V1p2_8MT' physical library. No physical link for the logical lib cell. (PSYN-058)
Warning: The pin direction of 'I' pin on 'POT8' cell in the 'SP013D3_V1p2_typ' technology library is inconsistent with the same-name pin in the '/home/eda/lib/smic/SP013D3_V1p4/apollo/SP013D3_V1p2_8MT' physical library. No physical link for the logical lib cell. (PSYN-058)
Warning: The pin direction of 'PAD' pin on 'POT8' cell in the 'SP013D3_V1p2_typ' technology library is inconsistent with the same-name pin in the '/home/eda/lib/smic/SP013D3_V1p4/apollo/SP013D3_V1p2_8MT' physical library. No physical link for the logical lib cell. (PSYN-058)
Warning: The pin direction of 'OEN' pin on 'POT2' cell in the 'SP013D3_V1p2_typ' technology library is inconsistent with the same-name pin in the '/home/eda/lib/smic/SP013D3_V1p4/apollo/SP013D3_V1p2_8MT' physical library. No physical link for the logical lib cell. (PSYN-058)
Warning: The pin direction of 'I' pin on 'POT2' cell in the 'SP013D3_V1p2_typ' technology library is inconsistent with the same-name pin in the '/home/eda/lib/smic/SP013D3_V1p4/apollo/SP013D3_V1p2_8MT' physical library. No physical link for the logical lib cell. (PSYN-058)
Warning: The pin direction of 'PAD' pin on 'POT2' cell in the 'SP013D3_V1p2_typ' technology library is inconsistent with the same-name pin in the '/home/eda/lib/smic/SP013D3_V1p4/apollo/SP013D3_V1p2_8MT' physical library. No physical link for the logical lib cell. (PSYN-058)
Warning: The pin direction of 'PAD' pin on 'PICD' cell in the 'SP013D3_V1p2_typ' technology library is inconsistent with the same-name pin in the '/home/eda/lib/smic/SP013D3_V1p4/apollo/SP013D3_V1p2_8MT' physical library. No physical link for the logical lib cell. (PSYN-058)
Warning: The pin direction of 'REN' pin on 'PICD' cell in the 'SP013D3_V1p2_typ' technology library is inconsistent with the same-name pin in the '/home/eda/lib/smic/SP013D3_V1p4/apollo/SP013D3_V1p2_8MT' physical library. No physical link for the logical lib cell. (PSYN-058)
Warning: The pin direction of 'C' pin on 'PICD' cell in the 'SP013D3_V1p2_typ' technology library is inconsistent with the same-name pin in the '/home/eda/lib/smic/SP013D3_V1p4/apollo/SP013D3_V1p2_8MT' physical library. No physical link for the logical lib cell. (PSYN-058)
Warning: The pin direction of 'PAD' pin on 'PISD' cell in the 'SP013D3_V1p2_typ' technology library is inconsistent with the same-name pin in the '/home/eda/lib/smic/SP013D3_V1p4/apollo/SP013D3_V1p2_8MT' physical library. No physical link for the logical lib cell. (PSYN-058)
Warning: The pin direction of 'C' pin on 'PISD' cell in the 'SP013D3_V1p2_typ' technology library is inconsistent with the same-name pin in the '/home/eda/lib/smic/SP013D3_V1p4/apollo/SP013D3_V1p2_8MT' physical library. No physical link for the logical lib cell. (PSYN-058)
Warning: The pin direction of 'PAD' pin on 'PICU' cell in the 'SP013D3_V1p2_typ' technology library is inconsistent with the same-name pin in the '/home/eda/lib/smic/SP013D3_V1p4/apollo/SP013D3_V1p2_8MT' physical library. No physical link for the logical lib cell. (PSYN-058)
Warning: The pin direction of 'REN' pin on 'PICU' cell in the 'SP013D3_V1p2_typ' technology library is inconsistent with the same-name pin in the '/home/eda/lib/smic/SP013D3_V1p4/apollo/SP013D3_V1p2_8MT' physical library. No physical link for the logical lib cell. (PSYN-058)
Warning: The pin direction of 'C' pin on 'PICU' cell in the 'SP013D3_V1p2_typ' technology library is inconsistent with the same-name pin in the '/home/eda/lib/smic/SP013D3_V1p4/apollo/SP013D3_V1p2_8MT' physical library. No physical link for the logical lib cell. (PSYN-058)
Warning: The pin direction of 'PAD' pin on 'PISU' cell in the 'SP013D3_V1p2_typ' technology library is inconsistent with the same-name pin in the '/home/eda/lib/smic/SP013D3_V1p4/apollo/SP013D3_V1p2_8MT' physical library. No physical link for the logical lib cell. (PSYN-058)
Warning: The pin direction of 'C' pin on 'PISU' cell in the 'SP013D3_V1p2_typ' technology library is inconsistent with the same-name pin in the '/home/eda/lib/smic/SP013D3_V1p4/apollo/SP013D3_V1p2_8MT' physical library. No physical link for the logical lib cell. (PSYN-058)
Warning: The pin direction of 'OEN' pin on 'PCI6B' cell in the 'SP013D3_V1p2_typ' technology library is inconsistent with the same-name pin in the '/home/eda/lib/smic/SP013D3_V1p4/apollo/SP013D3_V1p2_8MT' physical library. No physical link for the logical lib cell. (PSYN-058)
Warning: The pin direction of 'I' pin on 'PCI6B' cell in the 'SP013D3_V1p2_typ' technology library is inconsistent with the same-name pin in the '/home/eda/lib/smic/SP013D3_V1p4/apollo/SP013D3_V1p2_8MT' physical library. No physical link for the logical lib cell. (PSYN-058)
Warning: The pin direction of 'C' pin on 'PCI6B' cell in the 'SP013D3_V1p2_typ' technology library is inconsistent with the same-name pin in the '/home/eda/lib/smic/SP013D3_V1p4/apollo/SP013D3_V1p2_8MT' physical library. No physical link for the logical lib cell. (PSYN-058)
Warning: The pin direction of 'PAD' pin on 'PCI6B' cell in the 'SP013D3_V1p2_typ' technology library is inconsistent with the same-name pin in the '/home/eda/lib/smic/SP013D3_V1p4/apollo/SP013D3_V1p2_8MT' physical library. No physical link for the logical lib cell. (PSYN-058)
Warning: The pin direction of 'OEN' pin on 'PCI3B' cell in the 'SP013D3_V1p2_typ' technology library is inconsistent with the same-name pin in the '/home/eda/lib/smic/SP013D3_V1p4/apollo/SP013D3_V1p2_8MT' physical library. No physical link for the logical lib cell. (PSYN-058)
Warning: The pin direction of 'I' pin on 'PCI3B' cell in the 'SP013D3_V1p2_typ' technology library is inconsistent with the same-name pin in the '/home/eda/lib/smic/SP013D3_V1p4/apollo/SP013D3_V1p2_8MT' physical library. No physical link for the logical lib cell. (PSYN-058)
Warning: The pin direction of 'C' pin on 'PCI3B' cell in the 'SP013D3_V1p2_typ' technology library is inconsistent with the same-name pin in the '/home/eda/lib/smic/SP013D3_V1p4/apollo/SP013D3_V1p2_8MT' physical library. No physical link for the logical lib cell. (PSYN-058)
Warning: The pin direction of 'PAD' pin on 'PCI3B' cell in the 'SP013D3_V1p2_typ' technology library is inconsistent with the same-name pin in the '/home/eda/lib/smic/SP013D3_V1p4/apollo/SP013D3_V1p2_8MT' physical library. No physical link for the logical lib cell. (PSYN-058)
Warning: The pin direction of 'OEN' pin on 'PBL16' cell in the 'SP013D3_V1p2_typ' technology library is inconsistent with the same-name pin in the '/home/eda/lib/smic/SP013D3_V1p4/apollo/SP013D3_V1p2_8MT' physical library. No physical link for the logical lib cell. (PSYN-058)
Warning: The pin direction of 'I' pin on 'PBL16' cell in the 'SP013D3_V1p2_typ' technology library is inconsistent with the same-name pin in the '/home/eda/lib/smic/SP013D3_V1p4/apollo/SP013D3_V1p2_8MT' physical library. No physical link for the logical lib cell. (PSYN-058)
Warning: The pin direction of 'C' pin on 'PBL16' cell in the 'SP013D3_V1p2_typ' technology library is inconsistent with the same-name pin in the '/home/eda/lib/smic/SP013D3_V1p4/apollo/SP013D3_V1p2_8MT' physical library. No physical link for the logical lib cell. (PSYN-058)
Warning: The pin direction of 'PAD' pin on 'PBL16' cell in the 'SP013D3_V1p2_typ' technology library is inconsistent with the same-name pin in the '/home/eda/lib/smic/SP013D3_V1p4/apollo/SP013D3_V1p2_8MT' physical library. No physical link for the logical lib cell. (PSYN-058)
Warning: The pin direction of 'OEN' pin on 'PBS16' cell in the 'SP013D3_V1p2_typ' technology library is inconsistent with the same-name pin in the '/home/eda/lib/smic/SP013D3_V1p4/apollo/SP013D3_V1p2_8MT' physical library. No physical link for the logical lib cell. (PSYN-058)
Warning: The pin direction of 'I' pin on 'PBS16' cell in the 'SP013D3_V1p2_typ' technology library is inconsistent with the same-name pin in the '/home/eda/lib/smic/SP013D3_V1p4/apollo/SP013D3_V1p2_8MT' physical library. No physical link for the logical lib cell. (PSYN-058)
Warning: The pin direction of 'C' pin on 'PBS16' cell in the 'SP013D3_V1p2_typ' technology library is inconsistent with the same-name pin in the '/home/eda/lib/smic/SP013D3_V1p4/apollo/SP013D3_V1p2_8MT' physical library. No physical link for the logical lib cell. (PSYN-058)
Warning: The pin direction of 'PAD' pin on 'PBS16' cell in the 'SP013D3_V1p2_typ' technology library is inconsistent with the same-name pin in the '/home/eda/lib/smic/SP013D3_V1p4/apollo/SP013D3_V1p2_8MT' physical library. No physical link for the logical lib cell. (PSYN-058)
Warning: The pin direction of 'OEN' pin on 'PBU16' cell in the 'SP013D3_V1p2_typ' technology library is inconsistent with the same-name pin in the '/home/eda/lib/smic/SP013D3_V1p4/apollo/SP013D3_V1p2_8MT' physical library. No physical link for the logical lib cell. (PSYN-058)
Warning: The pin direction of 'I' pin on 'PBU16' cell in the 'SP013D3_V1p2_typ' technology library is inconsistent with the same-name pin in the '/home/eda/lib/smic/SP013D3_V1p4/apollo/SP013D3_V1p2_8MT' physical library. No physical link for the logical lib cell. (PSYN-058)
Warning: The pin direction of 'C' pin on 'PBU16' cell in the 'SP013D3_V1p2_typ' technology library is inconsistent with the same-name pin in the '/home/eda/lib/smic/SP013D3_V1p4/apollo/SP013D3_V1p2_8MT' physical library. No physical link for the logical lib cell. (PSYN-058)
Warning: The pin direction of 'PAD' pin on 'PBU16' cell in the 'SP013D3_V1p2_typ' technology library is inconsistent with the same-name pin in the '/home/eda/lib/smic/SP013D3_V1p4/apollo/SP013D3_V1p2_8MT' physical library. No physical link for the logical lib cell. (PSYN-058)
Warning: The pin direction of 'OEN' pin on 'PBD16' cell in the 'SP013D3_V1p2_typ' technology library is inconsistent with the same-name pin in the '/home/eda/lib/smic/SP013D3_V1p4/apollo/SP013D3_V1p2_8MT' physical library. No physical link for the logical lib cell. (PSYN-058)
Warning: The pin direction of 'I' pin on 'PBD16' cell in the 'SP013D3_V1p2_typ' technology library is inconsistent with the same-name pin in the '/home/eda/lib/smic/SP013D3_V1p4/apollo/SP013D3_V1p2_8MT' physical library. No physical link for the logical lib cell. (PSYN-058)
Warning: The pin direction of 'C' pin on 'PBD16' cell in the 'SP013D3_V1p2_typ' technology library is inconsistent with the same-name pin in the '/home/eda/lib/smic/SP013D3_V1p4/apollo/SP013D3_V1p2_8MT' physical library. No physical link for the logical lib cell. (PSYN-058)
Warning: The pin direction of 'PAD' pin on 'PBD16' cell in the 'SP013D3_V1p2_typ' technology library is inconsistent with the same-name pin in the '/home/eda/lib/smic/SP013D3_V1p4/apollo/SP013D3_V1p2_8MT' physical library. No physical link for the logical lib cell. (PSYN-058)
Warning: The pin direction of 'I' pin on 'POL16' cell in the 'SP013D3_V1p2_typ' technology library is inconsistent with the same-name pin in the '/home/eda/lib/smic/SP013D3_V1p4/apollo/SP013D3_V1p2_8MT' physical library. No physical link for the logical lib cell. (PSYN-058)
Warning: The pin direction of 'PAD' pin on 'POL16' cell in the 'SP013D3_V1p2_typ' technology library is inconsistent with the same-name pin in the '/home/eda/lib/smic/SP013D3_V1p4/apollo/SP013D3_V1p2_8MT' physical library. No physical link for the logical lib cell. (PSYN-058)
Warning: The pin direction of 'OEN' pin on 'POT16' cell in the 'SP013D3_V1p2_typ' technology library is inconsistent with the same-name pin in the '/home/eda/lib/smic/SP013D3_V1p4/apollo/SP013D3_V1p2_8MT' physical library. No physical link for the logical lib cell. (PSYN-058)
Warning: The pin direction of 'I' pin on 'POT16' cell in the 'SP013D3_V1p2_typ' technology library is inconsistent with the same-name pin in the '/home/eda/lib/smic/SP013D3_V1p4/apollo/SP013D3_V1p2_8MT' physical library. No physical link for the logical lib cell. (PSYN-058)
Warning: The pin direction of 'PAD' pin on 'POT16' cell in the 'SP013D3_V1p2_typ' technology library is inconsistent with the same-name pin in the '/home/eda/lib/smic/SP013D3_V1p4/apollo/SP013D3_V1p2_8MT' physical library. No physical link for the logical lib cell. (PSYN-058)
Warning: The pin direction of 'OEN' pin on 'PBL24' cell in the 'SP013D3_V1p2_typ' technology library is inconsistent with the same-name pin in the '/home/eda/lib/smic/SP013D3_V1p4/apollo/SP013D3_V1p2_8MT' physical library. No physical link for the logical lib cell. (PSYN-058)
Warning: The pin direction of 'I' pin on 'PBL24' cell in the 'SP013D3_V1p2_typ' technology library is inconsistent with the same-name pin in the '/home/eda/lib/smic/SP013D3_V1p4/apollo/SP013D3_V1p2_8MT' physical library. No physical link for the logical lib cell. (PSYN-058)
Warning: The pin direction of 'C' pin on 'PBL24' cell in the 'SP013D3_V1p2_typ' technology library is inconsistent with the same-name pin in the '/home/eda/lib/smic/SP013D3_V1p4/apollo/SP013D3_V1p2_8MT' physical library. No physical link for the logical lib cell. (PSYN-058)
Warning: The pin direction of 'PAD' pin on 'PBL24' cell in the 'SP013D3_V1p2_typ' technology library is inconsistent with the same-name pin in the '/home/eda/lib/smic/SP013D3_V1p4/apollo/SP013D3_V1p2_8MT' physical library. No physical link for the logical lib cell. (PSYN-058)
Warning: The pin direction of 'OEN' pin on 'PBCD4' cell in the 'SP013D3_V1p2_typ' technology library is inconsistent with the same-name pin in the '/home/eda/lib/smic/SP013D3_V1p4/apollo/SP013D3_V1p2_8MT' physical library. No physical link for the logical lib cell. (PSYN-058)
Warning: The pin direction of 'I' pin on 'PBCD4' cell in the 'SP013D3_V1p2_typ' technology library is inconsistent with the same-name pin in the '/home/eda/lib/smic/SP013D3_V1p4/apollo/SP013D3_V1p2_8MT' physical library. No physical link for the logical lib cell. (PSYN-058)
Warning: The pin direction of 'REN' pin on 'PBCD4' cell in the 'SP013D3_V1p2_typ' technology library is inconsistent with the same-name pin in the '/home/eda/lib/smic/SP013D3_V1p4/apollo/SP013D3_V1p2_8MT' physical library. No physical link for the logical lib cell. (PSYN-058)
Warning: The pin direction of 'C' pin on 'PBCD4' cell in the 'SP013D3_V1p2_typ' technology library is inconsistent with the same-name pin in the '/home/eda/lib/smic/SP013D3_V1p4/apollo/SP013D3_V1p2_8MT' physical library. No physical link for the logical lib cell. (PSYN-058)
Warning: The pin direction of 'PAD' pin on 'PBCD4' cell in the 'SP013D3_V1p2_typ' technology library is inconsistent with the same-name pin in the '/home/eda/lib/smic/SP013D3_V1p4/apollo/SP013D3_V1p2_8MT' physical library. No physical link for the logical lib cell. (PSYN-058)
Warning: The pin direction of 'OEN' pin on 'PBCU4' cell in the 'SP013D3_V1p2_typ' technology library is inconsistent with the same-name pin in the '/home/eda/lib/smic/SP013D3_V1p4/apollo/SP013D3_V1p2_8MT' physical library. No physical link for the logical lib cell. (PSYN-058)
Warning: The pin direction of 'I' pin on 'PBCU4' cell in the 'SP013D3_V1p2_typ' technology library is inconsistent with the same-name pin in the '/home/eda/lib/smic/SP013D3_V1p4/apollo/SP013D3_V1p2_8MT' physical library. No physical link for the logical lib cell. (PSYN-058)
Warning: The pin direction of 'REN' pin on 'PBCU4' cell in the 'SP013D3_V1p2_typ' technology library is inconsistent with the same-name pin in the '/home/eda/lib/smic/SP013D3_V1p4/apollo/SP013D3_V1p2_8MT' physical library. No physical link for the logical lib cell. (PSYN-058)
Warning: The pin direction of 'C' pin on 'PBCU4' cell in the 'SP013D3_V1p2_typ' technology library is inconsistent with the same-name pin in the '/home/eda/lib/smic/SP013D3_V1p4/apollo/SP013D3_V1p2_8MT' physical library. No physical link for the logical lib cell. (PSYN-058)
Warning: The pin direction of 'PAD' pin on 'PBCU4' cell in the 'SP013D3_V1p2_typ' technology library is inconsistent with the same-name pin in the '/home/eda/lib/smic/SP013D3_V1p4/apollo/SP013D3_V1p2_8MT' physical library. No physical link for the logical lib cell. (PSYN-058)
Warning: The pin direction of 'OEN' pin on 'PBS24' cell in the 'SP013D3_V1p2_typ' technology library is inconsistent with the same-name pin in the '/home/eda/lib/smic/SP013D3_V1p4/apollo/SP013D3_V1p2_8MT' physical library. No physical link for the logical lib cell. (PSYN-058)
Warning: The pin direction of 'I' pin on 'PBS24' cell in the 'SP013D3_V1p2_typ' technology library is inconsistent with the same-name pin in the '/home/eda/lib/smic/SP013D3_V1p4/apollo/SP013D3_V1p2_8MT' physical library. No physical link for the logical lib cell. (PSYN-058)
Warning: The pin direction of 'C' pin on 'PBS24' cell in the 'SP013D3_V1p2_typ' technology library is inconsistent with the same-name pin in the '/home/eda/lib/smic/SP013D3_V1p4/apollo/SP013D3_V1p2_8MT' physical library. No physical link for the logical lib cell. (PSYN-058)
Warning: The pin direction of 'PAD' pin on 'PBS24' cell in the 'SP013D3_V1p2_typ' technology library is inconsistent with the same-name pin in the '/home/eda/lib/smic/SP013D3_V1p4/apollo/SP013D3_V1p2_8MT' physical library. No physical link for the logical lib cell. (PSYN-058)
Warning: The pin direction of 'OEN' pin on 'PBSD4' cell in the 'SP013D3_V1p2_typ' technology library is inconsistent with the same-name pin in the '/home/eda/lib/smic/SP013D3_V1p4/apollo/SP013D3_V1p2_8MT' physical library. No physical link for the logical lib cell. (PSYN-058)
Warning: The pin direction of 'I' pin on 'PBSD4' cell in the 'SP013D3_V1p2_typ' technology library is inconsistent with the same-name pin in the '/home/eda/lib/smic/SP013D3_V1p4/apollo/SP013D3_V1p2_8MT' physical library. No physical link for the logical lib cell. (PSYN-058)
Warning: The pin direction of 'C' pin on 'PBSD4' cell in the 'SP013D3_V1p2_typ' technology library is inconsistent with the same-name pin in the '/home/eda/lib/smic/SP013D3_V1p4/apollo/SP013D3_V1p2_8MT' physical library. No physical link for the logical lib cell. (PSYN-058)
Warning: The pin direction of 'PAD' pin on 'PBSD4' cell in the 'SP013D3_V1p2_typ' technology library is inconsistent with the same-name pin in the '/home/eda/lib/smic/SP013D3_V1p4/apollo/SP013D3_V1p2_8MT' physical library. No physical link for the logical lib cell. (PSYN-058)
Warning: The pin direction of 'OEN' pin on 'PBSU4' cell in the 'SP013D3_V1p2_typ' technology library is inconsistent with the same-name pin in the '/home/eda/lib/smic/SP013D3_V1p4/apollo/SP013D3_V1p2_8MT' physical library. No physical link for the logical lib cell. (PSYN-058)
Warning: The pin direction of 'I' pin on 'PBSU4' cell in the 'SP013D3_V1p2_typ' technology library is inconsistent with the same-name pin in the '/home/eda/lib/smic/SP013D3_V1p4/apollo/SP013D3_V1p2_8MT' physical library. No physical link for the logical lib cell. (PSYN-058)
Warning: The pin direction of 'C' pin on 'PBSU4' cell in the 'SP013D3_V1p2_typ' technology library is inconsistent with the same-name pin in the '/home/eda/lib/smic/SP013D3_V1p4/apollo/SP013D3_V1p2_8MT' physical library. No physical link for the logical lib cell. (PSYN-058)
Warning: The pin direction of 'PAD' pin on 'PBSU4' cell in the 'SP013D3_V1p2_typ' technology library is inconsistent with the same-name pin in the '/home/eda/lib/smic/SP013D3_V1p4/apollo/SP013D3_V1p2_8MT' physical library. No physical link for the logical lib cell. (PSYN-058)
Warning: The pin direction of 'OEN' pin on 'PBU24' cell in the 'SP013D3_V1p2_typ' technology library is inconsistent with the same-name pin in the '/home/eda/lib/smic/SP013D3_V1p4/apollo/SP013D3_V1p2_8MT' physical library. No physical link for the logical lib cell. (PSYN-058)
Warning: The pin direction of 'I' pin on 'PBU24' cell in the 'SP013D3_V1p2_typ' technology library is inconsistent with the same-name pin in the '/home/eda/lib/smic/SP013D3_V1p4/apollo/SP013D3_V1p2_8MT' physical library. No physical link for the logical lib cell. (PSYN-058)
Warning: The pin direction of 'C' pin on 'PBU24' cell in the 'SP013D3_V1p2_typ' technology library is inconsistent with the same-name pin in the '/home/eda/lib/smic/SP013D3_V1p4/apollo/SP013D3_V1p2_8MT' physical library. No physical link for the logical lib cell. (PSYN-058)
Warning: The pin direction of 'PAD' pin on 'PBU24' cell in the 'SP013D3_V1p2_typ' technology library is inconsistent with the same-name pin in the '/home/eda/lib/smic/SP013D3_V1p4/apollo/SP013D3_V1p2_8MT' physical library. No physical link for the logical lib cell. (PSYN-058)
Warning: The pin direction of 'OEN' pin on 'PBD24' cell in the 'SP013D3_V1p2_typ' technology library is inconsistent with the same-name pin in the '/home/eda/lib/smic/SP013D3_V1p4/apollo/SP013D3_V1p2_8MT' physical library. No physical link for the logical lib cell. (PSYN-058)
Warning: The pin direction of 'I' pin on 'PBD24' cell in the 'SP013D3_V1p2_typ' technology library is inconsistent with the same-name pin in the '/home/eda/lib/smic/SP013D3_V1p4/apollo/SP013D3_V1p2_8MT' physical library. No physical link for the logical lib cell. (PSYN-058)
Warning: The pin direction of 'C' pin on 'PBD24' cell in the 'SP013D3_V1p2_typ' technology library is inconsistent with the same-name pin in the '/home/eda/lib/smic/SP013D3_V1p4/apollo/SP013D3_V1p2_8MT' physical library. No physical link for the logical lib cell. (PSYN-058)
Warning: The pin direction of 'PAD' pin on 'PBD24' cell in the 'SP013D3_V1p2_typ' technology library is inconsistent with the same-name pin in the '/home/eda/lib/smic/SP013D3_V1p4/apollo/SP013D3_V1p2_8MT' physical library. No physical link for the logical lib cell. (PSYN-058)
Warning: The pin direction of 'I' pin on 'POL24' cell in the 'SP013D3_V1p2_typ' technology library is inconsistent with the same-name pin in the '/home/eda/lib/smic/SP013D3_V1p4/apollo/SP013D3_V1p2_8MT' physical library. No physical link for the logical lib cell. (PSYN-058)
Warning: The pin direction of 'PAD' pin on 'POL24' cell in the 'SP013D3_V1p2_typ' technology library is inconsistent with the same-name pin in the '/home/eda/lib/smic/SP013D3_V1p4/apollo/SP013D3_V1p2_8MT' physical library. No physical link for the logical lib cell. (PSYN-058)
Warning: The pin direction of 'OEN' pin on 'POT24' cell in the 'SP013D3_V1p2_typ' technology library is inconsistent with the same-name pin in the '/home/eda/lib/smic/SP013D3_V1p4/apollo/SP013D3_V1p2_8MT' physical library. No physical link for the logical lib cell. (PSYN-058)
Warning: The pin direction of 'I' pin on 'POT24' cell in the 'SP013D3_V1p2_typ' technology library is inconsistent with the same-name pin in the '/home/eda/lib/smic/SP013D3_V1p4/apollo/SP013D3_V1p2_8MT' physical library. No physical link for the logical lib cell. (PSYN-058)
Warning: The pin direction of 'PAD' pin on 'POT24' cell in the 'SP013D3_V1p2_typ' technology library is inconsistent with the same-name pin in the '/home/eda/lib/smic/SP013D3_V1p4/apollo/SP013D3_V1p2_8MT' physical library. No physical link for the logical lib cell. (PSYN-058)
Warning: The pin direction of 'VSS' pin on 'PVSS3' cell in the 'SP013D3_V1p2_typ' technology library is inconsistent with the same-name pin in the '/home/eda/lib/smic/SP013D3_V1p4/apollo/SP013D3_V1p2_8MT' physical library. No physical link for the logical lib cell. (PSYN-058)
Warning: The pin direction of 'XIN' pin on 'PXWE3' cell in the 'SP013D3_V1p2_typ' technology library is inconsistent with the same-name pin in the '/home/eda/lib/smic/SP013D3_V1p4/apollo/SP013D3_V1p2_8MT' physical library. No physical link for the logical lib cell. (PSYN-058)
Warning: The pin direction of 'E' pin on 'PXWE3' cell in the 'SP013D3_V1p2_typ' technology library is inconsistent with the same-name pin in the '/home/eda/lib/smic/SP013D3_V1p4/apollo/SP013D3_V1p2_8MT' physical library. No physical link for the logical lib cell. (PSYN-058)
Warning: The pin direction of 'XOUT' pin on 'PXWE3' cell in the 'SP013D3_V1p2_typ' technology library is inconsistent with the same-name pin in the '/home/eda/lib/smic/SP013D3_V1p4/apollo/SP013D3_V1p2_8MT' physical library. No physical link for the logical lib cell. (PSYN-058)
Warning: The pin direction of 'XC' pin on 'PXWE3' cell in the 'SP013D3_V1p2_typ' technology library is inconsistent with the same-name pin in the '/home/eda/lib/smic/SP013D3_V1p4/apollo/SP013D3_V1p2_8MT' physical library. No physical link for the logical lib cell. (PSYN-058)
Warning: The pin direction of 'OEN' pin on 'PBL12' cell in the 'SP013D3_V1p2_typ' technology library is inconsistent with the same-name pin in the '/home/eda/lib/smic/SP013D3_V1p4/apollo/SP013D3_V1p2_8MT' physical library. No physical link for the logical lib cell. (PSYN-058)
Warning: The pin direction of 'I' pin on 'PBL12' cell in the 'SP013D3_V1p2_typ' technology library is inconsistent with the same-name pin in the '/home/eda/lib/smic/SP013D3_V1p4/apollo/SP013D3_V1p2_8MT' physical library. No physical link for the logical lib cell. (PSYN-058)
Warning: The pin direction of 'C' pin on 'PBL12' cell in the 'SP013D3_V1p2_typ' technology library is inconsistent with the same-name pin in the '/home/eda/lib/smic/SP013D3_V1p4/apollo/SP013D3_V1p2_8MT' physical library. No physical link for the logical lib cell. (PSYN-058)
Warning: The pin direction of 'PAD' pin on 'PBL12' cell in the 'SP013D3_V1p2_typ' technology library is inconsistent with the same-name pin in the '/home/eda/lib/smic/SP013D3_V1p4/apollo/SP013D3_V1p2_8MT' physical library. No physical link for the logical lib cell. (PSYN-058)
Warning: The pin direction of 'OEN' pin on 'PBCD8' cell in the 'SP013D3_V1p2_typ' technology library is inconsistent with the same-name pin in the '/home/eda/lib/smic/SP013D3_V1p4/apollo/SP013D3_V1p2_8MT' physical library. No physical link for the logical lib cell. (PSYN-058)
Warning: The pin direction of 'I' pin on 'PBCD8' cell in the 'SP013D3_V1p2_typ' technology library is inconsistent with the same-name pin in the '/home/eda/lib/smic/SP013D3_V1p4/apollo/SP013D3_V1p2_8MT' physical library. No physical link for the logical lib cell. (PSYN-058)
Warning: The pin direction of 'REN' pin on 'PBCD8' cell in the 'SP013D3_V1p2_typ' technology library is inconsistent with the same-name pin in the '/home/eda/lib/smic/SP013D3_V1p4/apollo/SP013D3_V1p2_8MT' physical library. No physical link for the logical lib cell. (PSYN-058)
Warning: The pin direction of 'C' pin on 'PBCD8' cell in the 'SP013D3_V1p2_typ' technology library is inconsistent with the same-name pin in the '/home/eda/lib/smic/SP013D3_V1p4/apollo/SP013D3_V1p2_8MT' physical library. No physical link for the logical lib cell. (PSYN-058)
Warning: The pin direction of 'PAD' pin on 'PBCD8' cell in the 'SP013D3_V1p2_typ' technology library is inconsistent with the same-name pin in the '/home/eda/lib/smic/SP013D3_V1p4/apollo/SP013D3_V1p2_8MT' physical library. No physical link for the logical lib cell. (PSYN-058)
Warning: The pin direction of 'OEN' pin on 'PBCD2' cell in the 'SP013D3_V1p2_typ' technology library is inconsistent with the same-name pin in the '/home/eda/lib/smic/SP013D3_V1p4/apollo/SP013D3_V1p2_8MT' physical library. No physical link for the logical lib cell. (PSYN-058)
Warning: The pin direction of 'I' pin on 'PBCD2' cell in the 'SP013D3_V1p2_typ' technology library is inconsistent with the same-name pin in the '/home/eda/lib/smic/SP013D3_V1p4/apollo/SP013D3_V1p2_8MT' physical library. No physical link for the logical lib cell. (PSYN-058)
Warning: The pin direction of 'REN' pin on 'PBCD2' cell in the 'SP013D3_V1p2_typ' technology library is inconsistent with the same-name pin in the '/home/eda/lib/smic/SP013D3_V1p4/apollo/SP013D3_V1p2_8MT' physical library. No physical link for the logical lib cell. (PSYN-058)
Warning: The pin direction of 'C' pin on 'PBCD2' cell in the 'SP013D3_V1p2_typ' technology library is inconsistent with the same-name pin in the '/home/eda/lib/smic/SP013D3_V1p4/apollo/SP013D3_V1p2_8MT' physical library. No physical link for the logical lib cell. (PSYN-058)
Warning: The pin direction of 'PAD' pin on 'PBCD2' cell in the 'SP013D3_V1p2_typ' technology library is inconsistent with the same-name pin in the '/home/eda/lib/smic/SP013D3_V1p4/apollo/SP013D3_V1p2_8MT' physical library. No physical link for the logical lib cell. (PSYN-058)
Warning: The pin direction of 'OEN' pin on 'PBCU8' cell in the 'SP013D3_V1p2_typ' technology library is inconsistent with the same-name pin in the '/home/eda/lib/smic/SP013D3_V1p4/apollo/SP013D3_V1p2_8MT' physical library. No physical link for the logical lib cell. (PSYN-058)
Warning: The pin direction of 'I' pin on 'PBCU8' cell in the 'SP013D3_V1p2_typ' technology library is inconsistent with the same-name pin in the '/home/eda/lib/smic/SP013D3_V1p4/apollo/SP013D3_V1p2_8MT' physical library. No physical link for the logical lib cell. (PSYN-058)
Warning: The pin direction of 'REN' pin on 'PBCU8' cell in the 'SP013D3_V1p2_typ' technology library is inconsistent with the same-name pin in the '/home/eda/lib/smic/SP013D3_V1p4/apollo/SP013D3_V1p2_8MT' physical library. No physical link for the logical lib cell. (PSYN-058)
Warning: The pin direction of 'C' pin on 'PBCU8' cell in the 'SP013D3_V1p2_typ' technology library is inconsistent with the same-name pin in the '/home/eda/lib/smic/SP013D3_V1p4/apollo/SP013D3_V1p2_8MT' physical library. No physical link for the logical lib cell. (PSYN-058)
Warning: The pin direction of 'PAD' pin on 'PBCU8' cell in the 'SP013D3_V1p2_typ' technology library is inconsistent with the same-name pin in the '/home/eda/lib/smic/SP013D3_V1p4/apollo/SP013D3_V1p2_8MT' physical library. No physical link for the logical lib cell. (PSYN-058)
Warning: The pin direction of 'OEN' pin on 'PBCU2' cell in the 'SP013D3_V1p2_typ' technology library is inconsistent with the same-name pin in the '/home/eda/lib/smic/SP013D3_V1p4/apollo/SP013D3_V1p2_8MT' physical library. No physical link for the logical lib cell. (PSYN-058)
Warning: The pin direction of 'I' pin on 'PBCU2' cell in the 'SP013D3_V1p2_typ' technology library is inconsistent with the same-name pin in the '/home/eda/lib/smic/SP013D3_V1p4/apollo/SP013D3_V1p2_8MT' physical library. No physical link for the logical lib cell. (PSYN-058)
Warning: The pin direction of 'REN' pin on 'PBCU2' cell in the 'SP013D3_V1p2_typ' technology library is inconsistent with the same-name pin in the '/home/eda/lib/smic/SP013D3_V1p4/apollo/SP013D3_V1p2_8MT' physical library. No physical link for the logical lib cell. (PSYN-058)
Warning: The pin direction of 'C' pin on 'PBCU2' cell in the 'SP013D3_V1p2_typ' technology library is inconsistent with the same-name pin in the '/home/eda/lib/smic/SP013D3_V1p4/apollo/SP013D3_V1p2_8MT' physical library. No physical link for the logical lib cell. (PSYN-058)
Warning: The pin direction of 'PAD' pin on 'PBCU2' cell in the 'SP013D3_V1p2_typ' technology library is inconsistent with the same-name pin in the '/home/eda/lib/smic/SP013D3_V1p4/apollo/SP013D3_V1p2_8MT' physical library. No physical link for the logical lib cell. (PSYN-058)
Warning: The pin direction of 'OEN' pin on 'PBSL8' cell in the 'SP013D3_V1p2_typ' technology library is inconsistent with the same-name pin in the '/home/eda/lib/smic/SP013D3_V1p4/apollo/SP013D3_V1p2_8MT' physical library. No physical link for the logical lib cell. (PSYN-058)
Warning: The pin direction of 'I' pin on 'PBSL8' cell in the 'SP013D3_V1p2_typ' technology library is inconsistent with the same-name pin in the '/home/eda/lib/smic/SP013D3_V1p4/apollo/SP013D3_V1p2_8MT' physical library. No physical link for the logical lib cell. (PSYN-058)
Warning: The pin direction of 'C' pin on 'PBSL8' cell in the 'SP013D3_V1p2_typ' technology library is inconsistent with the same-name pin in the '/home/eda/lib/smic/SP013D3_V1p4/apollo/SP013D3_V1p2_8MT' physical library. No physical link for the logical lib cell. (PSYN-058)
Warning: The pin direction of 'PAD' pin on 'PBSL8' cell in the 'SP013D3_V1p2_typ' technology library is inconsistent with the same-name pin in the '/home/eda/lib/smic/SP013D3_V1p4/apollo/SP013D3_V1p2_8MT' physical library. No physical link for the logical lib cell. (PSYN-058)
Warning: The pin direction of 'OEN' pin on 'PBS12' cell in the 'SP013D3_V1p2_typ' technology library is inconsistent with the same-name pin in the '/home/eda/lib/smic/SP013D3_V1p4/apollo/SP013D3_V1p2_8MT' physical library. No physical link for the logical lib cell. (PSYN-058)
Warning: The pin direction of 'I' pin on 'PBS12' cell in the 'SP013D3_V1p2_typ' technology library is inconsistent with the same-name pin in the '/home/eda/lib/smic/SP013D3_V1p4/apollo/SP013D3_V1p2_8MT' physical library. No physical link for the logical lib cell. (PSYN-058)
Warning: The pin direction of 'C' pin on 'PBS12' cell in the 'SP013D3_V1p2_typ' technology library is inconsistent with the same-name pin in the '/home/eda/lib/smic/SP013D3_V1p4/apollo/SP013D3_V1p2_8MT' physical library. No physical link for the logical lib cell. (PSYN-058)
Warning: The pin direction of 'PAD' pin on 'PBS12' cell in the 'SP013D3_V1p2_typ' technology library is inconsistent with the same-name pin in the '/home/eda/lib/smic/SP013D3_V1p4/apollo/SP013D3_V1p2_8MT' physical library. No physical link for the logical lib cell. (PSYN-058)
Warning: The pin direction of 'OEN' pin on 'PBSD8' cell in the 'SP013D3_V1p2_typ' technology library is inconsistent with the same-name pin in the '/home/eda/lib/smic/SP013D3_V1p4/apollo/SP013D3_V1p2_8MT' physical library. No physical link for the logical lib cell. (PSYN-058)
Warning: The pin direction of 'I' pin on 'PBSD8' cell in the 'SP013D3_V1p2_typ' technology library is inconsistent with the same-name pin in the '/home/eda/lib/smic/SP013D3_V1p4/apollo/SP013D3_V1p2_8MT' physical library. No physical link for the logical lib cell. (PSYN-058)
Warning: The pin direction of 'C' pin on 'PBSD8' cell in the 'SP013D3_V1p2_typ' technology library is inconsistent with the same-name pin in the '/home/eda/lib/smic/SP013D3_V1p4/apollo/SP013D3_V1p2_8MT' physical library. No physical link for the logical lib cell. (PSYN-058)
Warning: The pin direction of 'PAD' pin on 'PBSD8' cell in the 'SP013D3_V1p2_typ' technology library is inconsistent with the same-name pin in the '/home/eda/lib/smic/SP013D3_V1p4/apollo/SP013D3_V1p2_8MT' physical library. No physical link for the logical lib cell. (PSYN-058)
Warning: The pin direction of 'OEN' pin on 'PBSD2' cell in the 'SP013D3_V1p2_typ' technology library is inconsistent with the same-name pin in the '/home/eda/lib/smic/SP013D3_V1p4/apollo/SP013D3_V1p2_8MT' physical library. No physical link for the logical lib cell. (PSYN-058)
Warning: The pin direction of 'I' pin on 'PBSD2' cell in the 'SP013D3_V1p2_typ' technology library is inconsistent with the same-name pin in the '/home/eda/lib/smic/SP013D3_V1p4/apollo/SP013D3_V1p2_8MT' physical library. No physical link for the logical lib cell. (PSYN-058)
Warning: The pin direction of 'C' pin on 'PBSD2' cell in the 'SP013D3_V1p2_typ' technology library is inconsistent with the same-name pin in the '/home/eda/lib/smic/SP013D3_V1p4/apollo/SP013D3_V1p2_8MT' physical library. No physical link for the logical lib cell. (PSYN-058)
Warning: The pin direction of 'PAD' pin on 'PBSD2' cell in the 'SP013D3_V1p2_typ' technology library is inconsistent with the same-name pin in the '/home/eda/lib/smic/SP013D3_V1p4/apollo/SP013D3_V1p2_8MT' physical library. No physical link for the logical lib cell. (PSYN-058)
Warning: The pin direction of 'OEN' pin on 'PBSU2' cell in the 'SP013D3_V1p2_typ' technology library is inconsistent with the same-name pin in the '/home/eda/lib/smic/SP013D3_V1p4/apollo/SP013D3_V1p2_8MT' physical library. No physical link for the logical lib cell. (PSYN-058)
Warning: The pin direction of 'I' pin on 'PBSU2' cell in the 'SP013D3_V1p2_typ' technology library is inconsistent with the same-name pin in the '/home/eda/lib/smic/SP013D3_V1p4/apollo/SP013D3_V1p2_8MT' physical library. No physical link for the logical lib cell. (PSYN-058)
Warning: The pin direction of 'C' pin on 'PBSU2' cell in the 'SP013D3_V1p2_typ' technology library is inconsistent with the same-name pin in the '/home/eda/lib/smic/SP013D3_V1p4/apollo/SP013D3_V1p2_8MT' physical library. No physical link for the logical lib cell. (PSYN-058)
Warning: The pin direction of 'PAD' pin on 'PBSU2' cell in the 'SP013D3_V1p2_typ' technology library is inconsistent with the same-name pin in the '/home/eda/lib/smic/SP013D3_V1p4/apollo/SP013D3_V1p2_8MT' physical library. No physical link for the logical lib cell. (PSYN-058)
Warning: The pin direction of 'OEN' pin on 'PBSU8' cell in the 'SP013D3_V1p2_typ' technology library is inconsistent with the same-name pin in the '/home/eda/lib/smic/SP013D3_V1p4/apollo/SP013D3_V1p2_8MT' physical library. No physical link for the logical lib cell. (PSYN-058)
Warning: The pin direction of 'I' pin on 'PBSU8' cell in the 'SP013D3_V1p2_typ' technology library is inconsistent with the same-name pin in the '/home/eda/lib/smic/SP013D3_V1p4/apollo/SP013D3_V1p2_8MT' physical library. No physical link for the logical lib cell. (PSYN-058)
Warning: The pin direction of 'C' pin on 'PBSU8' cell in the 'SP013D3_V1p2_typ' technology library is inconsistent with the same-name pin in the '/home/eda/lib/smic/SP013D3_V1p4/apollo/SP013D3_V1p2_8MT' physical library. No physical link for the logical lib cell. (PSYN-058)
Warning: The pin direction of 'PAD' pin on 'PBSU8' cell in the 'SP013D3_V1p2_typ' technology library is inconsistent with the same-name pin in the '/home/eda/lib/smic/SP013D3_V1p4/apollo/SP013D3_V1p2_8MT' physical library. No physical link for the logical lib cell. (PSYN-058)
Warning: The pin direction of 'OEN' pin on 'PBUL8' cell in the 'SP013D3_V1p2_typ' technology library is inconsistent with the same-name pin in the '/home/eda/lib/smic/SP013D3_V1p4/apollo/SP013D3_V1p2_8MT' physical library. No physical link for the logical lib cell. (PSYN-058)
Warning: The pin direction of 'I' pin on 'PBUL8' cell in the 'SP013D3_V1p2_typ' technology library is inconsistent with the same-name pin in the '/home/eda/lib/smic/SP013D3_V1p4/apollo/SP013D3_V1p2_8MT' physical library. No physical link for the logical lib cell. (PSYN-058)
Warning: The pin direction of 'C' pin on 'PBUL8' cell in the 'SP013D3_V1p2_typ' technology library is inconsistent with the same-name pin in the '/home/eda/lib/smic/SP013D3_V1p4/apollo/SP013D3_V1p2_8MT' physical library. No physical link for the logical lib cell. (PSYN-058)
Warning: The pin direction of 'PAD' pin on 'PBUL8' cell in the 'SP013D3_V1p2_typ' technology library is inconsistent with the same-name pin in the '/home/eda/lib/smic/SP013D3_V1p4/apollo/SP013D3_V1p2_8MT' physical library. No physical link for the logical lib cell. (PSYN-058)
Warning: The pin direction of 'OEN' pin on 'PBU12' cell in the 'SP013D3_V1p2_typ' technology library is inconsistent with the same-name pin in the '/home/eda/lib/smic/SP013D3_V1p4/apollo/SP013D3_V1p2_8MT' physical library. No physical link for the logical lib cell. (PSYN-058)
Warning: The pin direction of 'I' pin on 'PBU12' cell in the 'SP013D3_V1p2_typ' technology library is inconsistent with the same-name pin in the '/home/eda/lib/smic/SP013D3_V1p4/apollo/SP013D3_V1p2_8MT' physical library. No physical link for the logical lib cell. (PSYN-058)
Warning: The pin direction of 'C' pin on 'PBU12' cell in the 'SP013D3_V1p2_typ' technology library is inconsistent with the same-name pin in the '/home/eda/lib/smic/SP013D3_V1p4/apollo/SP013D3_V1p2_8MT' physical library. No physical link for the logical lib cell. (PSYN-058)
Warning: The pin direction of 'PAD' pin on 'PBU12' cell in the 'SP013D3_V1p2_typ' technology library is inconsistent with the same-name pin in the '/home/eda/lib/smic/SP013D3_V1p4/apollo/SP013D3_V1p2_8MT' physical library. No physical link for the logical lib cell. (PSYN-058)
Warning: The pin direction of 'OEN' pin on 'PBDL8' cell in the 'SP013D3_V1p2_typ' technology library is inconsistent with the same-name pin in the '/home/eda/lib/smic/SP013D3_V1p4/apollo/SP013D3_V1p2_8MT' physical library. No physical link for the logical lib cell. (PSYN-058)
Warning: The pin direction of 'I' pin on 'PBDL8' cell in the 'SP013D3_V1p2_typ' technology library is inconsistent with the same-name pin in the '/home/eda/lib/smic/SP013D3_V1p4/apollo/SP013D3_V1p2_8MT' physical library. No physical link for the logical lib cell. (PSYN-058)
Warning: The pin direction of 'C' pin on 'PBDL8' cell in the 'SP013D3_V1p2_typ' technology library is inconsistent with the same-name pin in the '/home/eda/lib/smic/SP013D3_V1p4/apollo/SP013D3_V1p2_8MT' physical library. No physical link for the logical lib cell. (PSYN-058)
Warning: The pin direction of 'PAD' pin on 'PBDL8' cell in the 'SP013D3_V1p2_typ' technology library is inconsistent with the same-name pin in the '/home/eda/lib/smic/SP013D3_V1p4/apollo/SP013D3_V1p2_8MT' physical library. No physical link for the logical lib cell. (PSYN-058)
Warning: The pin direction of 'OEN' pin on 'PBD12' cell in the 'SP013D3_V1p2_typ' technology library is inconsistent with the same-name pin in the '/home/eda/lib/smic/SP013D3_V1p4/apollo/SP013D3_V1p2_8MT' physical library. No physical link for the logical lib cell. (PSYN-058)
Warning: The pin direction of 'I' pin on 'PBD12' cell in the 'SP013D3_V1p2_typ' technology library is inconsistent with the same-name pin in the '/home/eda/lib/smic/SP013D3_V1p4/apollo/SP013D3_V1p2_8MT' physical library. No physical link for the logical lib cell. (PSYN-058)
Warning: The pin direction of 'C' pin on 'PBD12' cell in the 'SP013D3_V1p2_typ' technology library is inconsistent with the same-name pin in the '/home/eda/lib/smic/SP013D3_V1p4/apollo/SP013D3_V1p2_8MT' physical library. No physical link for the logical lib cell. (PSYN-058)
Warning: The pin direction of 'PAD' pin on 'PBD12' cell in the 'SP013D3_V1p2_typ' technology library is inconsistent with the same-name pin in the '/home/eda/lib/smic/SP013D3_V1p4/apollo/SP013D3_V1p2_8MT' physical library. No physical link for the logical lib cell. (PSYN-058)
Warning: The pin direction of 'I' pin on 'POL12' cell in the 'SP013D3_V1p2_typ' technology library is inconsistent with the same-name pin in the '/home/eda/lib/smic/SP013D3_V1p4/apollo/SP013D3_V1p2_8MT' physical library. No physical link for the logical lib cell. (PSYN-058)
Warning: The pin direction of 'PAD' pin on 'POL12' cell in the 'SP013D3_V1p2_typ' technology library is inconsistent with the same-name pin in the '/home/eda/lib/smic/SP013D3_V1p4/apollo/SP013D3_V1p2_8MT' physical library. No physical link for the logical lib cell. (PSYN-058)
Warning: The pin direction of 'OEN' pin on 'POTL8' cell in the 'SP013D3_V1p2_typ' technology library is inconsistent with the same-name pin in the '/home/eda/lib/smic/SP013D3_V1p4/apollo/SP013D3_V1p2_8MT' physical library. No physical link for the logical lib cell. (PSYN-058)
Warning: The pin direction of 'I' pin on 'POTL8' cell in the 'SP013D3_V1p2_typ' technology library is inconsistent with the same-name pin in the '/home/eda/lib/smic/SP013D3_V1p4/apollo/SP013D3_V1p2_8MT' physical library. No physical link for the logical lib cell. (PSYN-058)
Warning: The pin direction of 'PAD' pin on 'POTL8' cell in the 'SP013D3_V1p2_typ' technology library is inconsistent with the same-name pin in the '/home/eda/lib/smic/SP013D3_V1p4/apollo/SP013D3_V1p2_8MT' physical library. No physical link for the logical lib cell. (PSYN-058)
Warning: The pin direction of 'OEN' pin on 'POT12' cell in the 'SP013D3_V1p2_typ' technology library is inconsistent with the same-name pin in the '/home/eda/lib/smic/SP013D3_V1p4/apollo/SP013D3_V1p2_8MT' physical library. No physical link for the logical lib cell. (PSYN-058)
Warning: The pin direction of 'I' pin on 'POT12' cell in the 'SP013D3_V1p2_typ' technology library is inconsistent with the same-name pin in the '/home/eda/lib/smic/SP013D3_V1p4/apollo/SP013D3_V1p2_8MT' physical library. No physical link for the logical lib cell. (PSYN-058)
Warning: The pin direction of 'PAD' pin on 'POT12' cell in the 'SP013D3_V1p2_typ' technology library is inconsistent with the same-name pin in the '/home/eda/lib/smic/SP013D3_V1p4/apollo/SP013D3_V1p2_8MT' physical library. No physical link for the logical lib cell. (PSYN-058)
Warning: The pin direction of 'XIN' pin on 'PXWE2' cell in the 'SP013D3_V1p2_typ' technology library is inconsistent with the same-name pin in the '/home/eda/lib/smic/SP013D3_V1p4/apollo/SP013D3_V1p2_8MT' physical library. No physical link for the logical lib cell. (PSYN-058)
Warning: The pin direction of 'E' pin on 'PXWE2' cell in the 'SP013D3_V1p2_typ' technology library is inconsistent with the same-name pin in the '/home/eda/lib/smic/SP013D3_V1p4/apollo/SP013D3_V1p2_8MT' physical library. No physical link for the logical lib cell. (PSYN-058)
Warning: The pin direction of 'XOUT' pin on 'PXWE2' cell in the 'SP013D3_V1p2_typ' technology library is inconsistent with the same-name pin in the '/home/eda/lib/smic/SP013D3_V1p4/apollo/SP013D3_V1p2_8MT' physical library. No physical link for the logical lib cell. (PSYN-058)
Warning: The pin direction of 'XC' pin on 'PXWE2' cell in the 'SP013D3_V1p2_typ' technology library is inconsistent with the same-name pin in the '/home/eda/lib/smic/SP013D3_V1p4/apollo/SP013D3_V1p2_8MT' physical library. No physical link for the logical lib cell. (PSYN-058)
Warning: The pin direction of 'VSS' pin on 'PVSS1' cell in the 'SP013D3_V1p2_typ' technology library is inconsistent with the same-name pin in the '/home/eda/lib/smic/SP013D3_V1p4/apollo/SP013D3_V1p2_8MT' physical library. No physical link for the logical lib cell. (PSYN-058)
Warning: The pin direction of 'VDD' pin on 'PVDD1' cell in the 'SP013D3_V1p2_typ' technology library is inconsistent with the same-name pin in the '/home/eda/lib/smic/SP013D3_V1p4/apollo/SP013D3_V1p2_8MT' physical library. No physical link for the logical lib cell. (PSYN-058)
Warning: The pin direction of 'XIN' pin on 'PXWE1' cell in the 'SP013D3_V1p2_typ' technology library is inconsistent with the same-name pin in the '/home/eda/lib/smic/SP013D3_V1p4/apollo/SP013D3_V1p2_8MT' physical library. No physical link for the logical lib cell. (PSYN-058)
Warning: The pin direction of 'E' pin on 'PXWE1' cell in the 'SP013D3_V1p2_typ' technology library is inconsistent with the same-name pin in the '/home/eda/lib/smic/SP013D3_V1p4/apollo/SP013D3_V1p2_8MT' physical library. No physical link for the logical lib cell. (PSYN-058)
Warning: The pin direction of 'XOUT' pin on 'PXWE1' cell in the 'SP013D3_V1p2_typ' technology library is inconsistent with the same-name pin in the '/home/eda/lib/smic/SP013D3_V1p4/apollo/SP013D3_V1p2_8MT' physical library. No physical link for the logical lib cell. (PSYN-058)
Warning: The pin direction of 'XC' pin on 'PXWE1' cell in the 'SP013D3_V1p2_typ' technology library is inconsistent with the same-name pin in the '/home/eda/lib/smic/SP013D3_V1p4/apollo/SP013D3_V1p2_8MT' physical library. No physical link for the logical lib cell. (PSYN-058)
Warning: The pin direction of 'OEN' pin on 'PBCD16' cell in the 'SP013D3_V1p2_typ' technology library is inconsistent with the same-name pin in the '/home/eda/lib/smic/SP013D3_V1p4/apollo/SP013D3_V1p2_8MT' physical library. No physical link for the logical lib cell. (PSYN-058)
Warning: The pin direction of 'I' pin on 'PBCD16' cell in the 'SP013D3_V1p2_typ' technology library is inconsistent with the same-name pin in the '/home/eda/lib/smic/SP013D3_V1p4/apollo/SP013D3_V1p2_8MT' physical library. No physical link for the logical lib cell. (PSYN-058)
Warning: The pin direction of 'REN' pin on 'PBCD16' cell in the 'SP013D3_V1p2_typ' technology library is inconsistent with the same-name pin in the '/home/eda/lib/smic/SP013D3_V1p4/apollo/SP013D3_V1p2_8MT' physical library. No physical link for the logical lib cell. (PSYN-058)
Warning: The pin direction of 'C' pin on 'PBCD16' cell in the 'SP013D3_V1p2_typ' technology library is inconsistent with the same-name pin in the '/home/eda/lib/smic/SP013D3_V1p4/apollo/SP013D3_V1p2_8MT' physical library. No physical link for the logical lib cell. (PSYN-058)
Warning: The pin direction of 'PAD' pin on 'PBCD16' cell in the 'SP013D3_V1p2_typ' technology library is inconsistent with the same-name pin in the '/home/eda/lib/smic/SP013D3_V1p4/apollo/SP013D3_V1p2_8MT' physical library. No physical link for the logical lib cell. (PSYN-058)
Warning: The pin direction of 'OEN' pin on 'PBCU16' cell in the 'SP013D3_V1p2_typ' technology library is inconsistent with the same-name pin in the '/home/eda/lib/smic/SP013D3_V1p4/apollo/SP013D3_V1p2_8MT' physical library. No physical link for the logical lib cell. (PSYN-058)
Warning: The pin direction of 'I' pin on 'PBCU16' cell in the 'SP013D3_V1p2_typ' technology library is inconsistent with the same-name pin in the '/home/eda/lib/smic/SP013D3_V1p4/apollo/SP013D3_V1p2_8MT' physical library. No physical link for the logical lib cell. (PSYN-058)
Warning: The pin direction of 'REN' pin on 'PBCU16' cell in the 'SP013D3_V1p2_typ' technology library is inconsistent with the same-name pin in the '/home/eda/lib/smic/SP013D3_V1p4/apollo/SP013D3_V1p2_8MT' physical library. No physical link for the logical lib cell. (PSYN-058)
Warning: The pin direction of 'C' pin on 'PBCU16' cell in the 'SP013D3_V1p2_typ' technology library is inconsistent with the same-name pin in the '/home/eda/lib/smic/SP013D3_V1p4/apollo/SP013D3_V1p2_8MT' physical library. No physical link for the logical lib cell. (PSYN-058)
Warning: The pin direction of 'PAD' pin on 'PBCU16' cell in the 'SP013D3_V1p2_typ' technology library is inconsistent with the same-name pin in the '/home/eda/lib/smic/SP013D3_V1p4/apollo/SP013D3_V1p2_8MT' physical library. No physical link for the logical lib cell. (PSYN-058)
Warning: The pin direction of 'OEN' pin on 'PBSL16' cell in the 'SP013D3_V1p2_typ' technology library is inconsistent with the same-name pin in the '/home/eda/lib/smic/SP013D3_V1p4/apollo/SP013D3_V1p2_8MT' physical library. No physical link for the logical lib cell. (PSYN-058)
Warning: The pin direction of 'I' pin on 'PBSL16' cell in the 'SP013D3_V1p2_typ' technology library is inconsistent with the same-name pin in the '/home/eda/lib/smic/SP013D3_V1p4/apollo/SP013D3_V1p2_8MT' physical library. No physical link for the logical lib cell. (PSYN-058)
Warning: The pin direction of 'C' pin on 'PBSL16' cell in the 'SP013D3_V1p2_typ' technology library is inconsistent with the same-name pin in the '/home/eda/lib/smic/SP013D3_V1p4/apollo/SP013D3_V1p2_8MT' physical library. No physical link for the logical lib cell. (PSYN-058)
Warning: The pin direction of 'PAD' pin on 'PBSL16' cell in the 'SP013D3_V1p2_typ' technology library is inconsistent with the same-name pin in the '/home/eda/lib/smic/SP013D3_V1p4/apollo/SP013D3_V1p2_8MT' physical library. No physical link for the logical lib cell. (PSYN-058)
Warning: The pin direction of 'OEN' pin on 'PBSD16' cell in the 'SP013D3_V1p2_typ' technology library is inconsistent with the same-name pin in the '/home/eda/lib/smic/SP013D3_V1p4/apollo/SP013D3_V1p2_8MT' physical library. No physical link for the logical lib cell. (PSYN-058)
Warning: The pin direction of 'I' pin on 'PBSD16' cell in the 'SP013D3_V1p2_typ' technology library is inconsistent with the same-name pin in the '/home/eda/lib/smic/SP013D3_V1p4/apollo/SP013D3_V1p2_8MT' physical library. No physical link for the logical lib cell. (PSYN-058)
Warning: The pin direction of 'C' pin on 'PBSD16' cell in the 'SP013D3_V1p2_typ' technology library is inconsistent with the same-name pin in the '/home/eda/lib/smic/SP013D3_V1p4/apollo/SP013D3_V1p2_8MT' physical library. No physical link for the logical lib cell. (PSYN-058)
Warning: The pin direction of 'PAD' pin on 'PBSD16' cell in the 'SP013D3_V1p2_typ' technology library is inconsistent with the same-name pin in the '/home/eda/lib/smic/SP013D3_V1p4/apollo/SP013D3_V1p2_8MT' physical library. No physical link for the logical lib cell. (PSYN-058)
Warning: The pin direction of 'OEN' pin on 'PBSU16' cell in the 'SP013D3_V1p2_typ' technology library is inconsistent with the same-name pin in the '/home/eda/lib/smic/SP013D3_V1p4/apollo/SP013D3_V1p2_8MT' physical library. No physical link for the logical lib cell. (PSYN-058)
Warning: The pin direction of 'I' pin on 'PBSU16' cell in the 'SP013D3_V1p2_typ' technology library is inconsistent with the same-name pin in the '/home/eda/lib/smic/SP013D3_V1p4/apollo/SP013D3_V1p2_8MT' physical library. No physical link for the logical lib cell. (PSYN-058)
Warning: The pin direction of 'C' pin on 'PBSU16' cell in the 'SP013D3_V1p2_typ' technology library is inconsistent with the same-name pin in the '/home/eda/lib/smic/SP013D3_V1p4/apollo/SP013D3_V1p2_8MT' physical library. No physical link for the logical lib cell. (PSYN-058)
Warning: The pin direction of 'PAD' pin on 'PBSU16' cell in the 'SP013D3_V1p2_typ' technology library is inconsistent with the same-name pin in the '/home/eda/lib/smic/SP013D3_V1p4/apollo/SP013D3_V1p2_8MT' physical library. No physical link for the logical lib cell. (PSYN-058)
Warning: The pin direction of 'OEN' pin on 'PBUL16' cell in the 'SP013D3_V1p2_typ' technology library is inconsistent with the same-name pin in the '/home/eda/lib/smic/SP013D3_V1p4/apollo/SP013D3_V1p2_8MT' physical library. No physical link for the logical lib cell. (PSYN-058)
Warning: The pin direction of 'I' pin on 'PBUL16' cell in the 'SP013D3_V1p2_typ' technology library is inconsistent with the same-name pin in the '/home/eda/lib/smic/SP013D3_V1p4/apollo/SP013D3_V1p2_8MT' physical library. No physical link for the logical lib cell. (PSYN-058)
Warning: The pin direction of 'C' pin on 'PBUL16' cell in the 'SP013D3_V1p2_typ' technology library is inconsistent with the same-name pin in the '/home/eda/lib/smic/SP013D3_V1p4/apollo/SP013D3_V1p2_8MT' physical library. No physical link for the logical lib cell. (PSYN-058)
Warning: The pin direction of 'PAD' pin on 'PBUL16' cell in the 'SP013D3_V1p2_typ' technology library is inconsistent with the same-name pin in the '/home/eda/lib/smic/SP013D3_V1p4/apollo/SP013D3_V1p2_8MT' physical library. No physical link for the logical lib cell. (PSYN-058)
Warning: The pin direction of 'OEN' pin on 'PBDL16' cell in the 'SP013D3_V1p2_typ' technology library is inconsistent with the same-name pin in the '/home/eda/lib/smic/SP013D3_V1p4/apollo/SP013D3_V1p2_8MT' physical library. No physical link for the logical lib cell. (PSYN-058)
Warning: The pin direction of 'I' pin on 'PBDL16' cell in the 'SP013D3_V1p2_typ' technology library is inconsistent with the same-name pin in the '/home/eda/lib/smic/SP013D3_V1p4/apollo/SP013D3_V1p2_8MT' physical library. No physical link for the logical lib cell. (PSYN-058)
Warning: The pin direction of 'C' pin on 'PBDL16' cell in the 'SP013D3_V1p2_typ' technology library is inconsistent with the same-name pin in the '/home/eda/lib/smic/SP013D3_V1p4/apollo/SP013D3_V1p2_8MT' physical library. No physical link for the logical lib cell. (PSYN-058)
Warning: The pin direction of 'PAD' pin on 'PBDL16' cell in the 'SP013D3_V1p2_typ' technology library is inconsistent with the same-name pin in the '/home/eda/lib/smic/SP013D3_V1p4/apollo/SP013D3_V1p2_8MT' physical library. No physical link for the logical lib cell. (PSYN-058)
Warning: The pin direction of 'OEN' pin on 'POTL16' cell in the 'SP013D3_V1p2_typ' technology library is inconsistent with the same-name pin in the '/home/eda/lib/smic/SP013D3_V1p4/apollo/SP013D3_V1p2_8MT' physical library. No physical link for the logical lib cell. (PSYN-058)
Warning: The pin direction of 'I' pin on 'POTL16' cell in the 'SP013D3_V1p2_typ' technology library is inconsistent with the same-name pin in the '/home/eda/lib/smic/SP013D3_V1p4/apollo/SP013D3_V1p2_8MT' physical library. No physical link for the logical lib cell. (PSYN-058)
Warning: The pin direction of 'PAD' pin on 'POTL16' cell in the 'SP013D3_V1p2_typ' technology library is inconsistent with the same-name pin in the '/home/eda/lib/smic/SP013D3_V1p4/apollo/SP013D3_V1p2_8MT' physical library. No physical link for the logical lib cell. (PSYN-058)
Warning: The pin direction of 'OEN' pin on 'PCI6BS' cell in the 'SP013D3_V1p2_typ' technology library is inconsistent with the same-name pin in the '/home/eda/lib/smic/SP013D3_V1p4/apollo/SP013D3_V1p2_8MT' physical library. No physical link for the logical lib cell. (PSYN-058)
Warning: The pin direction of 'I' pin on 'PCI6BS' cell in the 'SP013D3_V1p2_typ' technology library is inconsistent with the same-name pin in the '/home/eda/lib/smic/SP013D3_V1p4/apollo/SP013D3_V1p2_8MT' physical library. No physical link for the logical lib cell. (PSYN-058)
Warning: The pin direction of 'C' pin on 'PCI6BS' cell in the 'SP013D3_V1p2_typ' technology library is inconsistent with the same-name pin in the '/home/eda/lib/smic/SP013D3_V1p4/apollo/SP013D3_V1p2_8MT' physical library. No physical link for the logical lib cell. (PSYN-058)
Warning: The pin direction of 'PAD' pin on 'PCI6BS' cell in the 'SP013D3_V1p2_typ' technology library is inconsistent with the same-name pin in the '/home/eda/lib/smic/SP013D3_V1p4/apollo/SP013D3_V1p2_8MT' physical library. No physical link for the logical lib cell. (PSYN-058)
Warning: The pin direction of 'OEN' pin on 'PCI3BS' cell in the 'SP013D3_V1p2_typ' technology library is inconsistent with the same-name pin in the '/home/eda/lib/smic/SP013D3_V1p4/apollo/SP013D3_V1p2_8MT' physical library. No physical link for the logical lib cell. (PSYN-058)
Warning: The pin direction of 'I' pin on 'PCI3BS' cell in the 'SP013D3_V1p2_typ' technology library is inconsistent with the same-name pin in the '/home/eda/lib/smic/SP013D3_V1p4/apollo/SP013D3_V1p2_8MT' physical library. No physical link for the logical lib cell. (PSYN-058)
Warning: The pin direction of 'C' pin on 'PCI3BS' cell in the 'SP013D3_V1p2_typ' technology library is inconsistent with the same-name pin in the '/home/eda/lib/smic/SP013D3_V1p4/apollo/SP013D3_V1p2_8MT' physical library. No physical link for the logical lib cell. (PSYN-058)
Warning: The pin direction of 'PAD' pin on 'PCI3BS' cell in the 'SP013D3_V1p2_typ' technology library is inconsistent with the same-name pin in the '/home/eda/lib/smic/SP013D3_V1p4/apollo/SP013D3_V1p2_8MT' physical library. No physical link for the logical lib cell. (PSYN-058)
Warning: The pin direction of 'OEN' pin on 'PBCD24' cell in the 'SP013D3_V1p2_typ' technology library is inconsistent with the same-name pin in the '/home/eda/lib/smic/SP013D3_V1p4/apollo/SP013D3_V1p2_8MT' physical library. No physical link for the logical lib cell. (PSYN-058)
Warning: The pin direction of 'I' pin on 'PBCD24' cell in the 'SP013D3_V1p2_typ' technology library is inconsistent with the same-name pin in the '/home/eda/lib/smic/SP013D3_V1p4/apollo/SP013D3_V1p2_8MT' physical library. No physical link for the logical lib cell. (PSYN-058)
Warning: The pin direction of 'REN' pin on 'PBCD24' cell in the 'SP013D3_V1p2_typ' technology library is inconsistent with the same-name pin in the '/home/eda/lib/smic/SP013D3_V1p4/apollo/SP013D3_V1p2_8MT' physical library. No physical link for the logical lib cell. (PSYN-058)
Warning: The pin direction of 'C' pin on 'PBCD24' cell in the 'SP013D3_V1p2_typ' technology library is inconsistent with the same-name pin in the '/home/eda/lib/smic/SP013D3_V1p4/apollo/SP013D3_V1p2_8MT' physical library. No physical link for the logical lib cell. (PSYN-058)
Warning: The pin direction of 'PAD' pin on 'PBCD24' cell in the 'SP013D3_V1p2_typ' technology library is inconsistent with the same-name pin in the '/home/eda/lib/smic/SP013D3_V1p4/apollo/SP013D3_V1p2_8MT' physical library. No physical link for the logical lib cell. (PSYN-058)
Warning: The pin direction of 'OEN' pin on 'PBCU24' cell in the 'SP013D3_V1p2_typ' technology library is inconsistent with the same-name pin in the '/home/eda/lib/smic/SP013D3_V1p4/apollo/SP013D3_V1p2_8MT' physical library. No physical link for the logical lib cell. (PSYN-058)
Warning: The pin direction of 'I' pin on 'PBCU24' cell in the 'SP013D3_V1p2_typ' technology library is inconsistent with the same-name pin in the '/home/eda/lib/smic/SP013D3_V1p4/apollo/SP013D3_V1p2_8MT' physical library. No physical link for the logical lib cell. (PSYN-058)
Warning: The pin direction of 'REN' pin on 'PBCU24' cell in the 'SP013D3_V1p2_typ' technology library is inconsistent with the same-name pin in the '/home/eda/lib/smic/SP013D3_V1p4/apollo/SP013D3_V1p2_8MT' physical library. No physical link for the logical lib cell. (PSYN-058)
Warning: The pin direction of 'C' pin on 'PBCU24' cell in the 'SP013D3_V1p2_typ' technology library is inconsistent with the same-name pin in the '/home/eda/lib/smic/SP013D3_V1p4/apollo/SP013D3_V1p2_8MT' physical library. No physical link for the logical lib cell. (PSYN-058)
Warning: The pin direction of 'PAD' pin on 'PBCU24' cell in the 'SP013D3_V1p2_typ' technology library is inconsistent with the same-name pin in the '/home/eda/lib/smic/SP013D3_V1p4/apollo/SP013D3_V1p2_8MT' physical library. No physical link for the logical lib cell. (PSYN-058)
Warning: The pin direction of 'OEN' pin on 'PBSL24' cell in the 'SP013D3_V1p2_typ' technology library is inconsistent with the same-name pin in the '/home/eda/lib/smic/SP013D3_V1p4/apollo/SP013D3_V1p2_8MT' physical library. No physical link for the logical lib cell. (PSYN-058)
Warning: The pin direction of 'I' pin on 'PBSL24' cell in the 'SP013D3_V1p2_typ' technology library is inconsistent with the same-name pin in the '/home/eda/lib/smic/SP013D3_V1p4/apollo/SP013D3_V1p2_8MT' physical library. No physical link for the logical lib cell. (PSYN-058)
Warning: The pin direction of 'C' pin on 'PBSL24' cell in the 'SP013D3_V1p2_typ' technology library is inconsistent with the same-name pin in the '/home/eda/lib/smic/SP013D3_V1p4/apollo/SP013D3_V1p2_8MT' physical library. No physical link for the logical lib cell. (PSYN-058)
Warning: The pin direction of 'PAD' pin on 'PBSL24' cell in the 'SP013D3_V1p2_typ' technology library is inconsistent with the same-name pin in the '/home/eda/lib/smic/SP013D3_V1p4/apollo/SP013D3_V1p2_8MT' physical library. No physical link for the logical lib cell. (PSYN-058)
Warning: The pin direction of 'OEN' pin on 'PBSD24' cell in the 'SP013D3_V1p2_typ' technology library is inconsistent with the same-name pin in the '/home/eda/lib/smic/SP013D3_V1p4/apollo/SP013D3_V1p2_8MT' physical library. No physical link for the logical lib cell. (PSYN-058)
Warning: The pin direction of 'I' pin on 'PBSD24' cell in the 'SP013D3_V1p2_typ' technology library is inconsistent with the same-name pin in the '/home/eda/lib/smic/SP013D3_V1p4/apollo/SP013D3_V1p2_8MT' physical library. No physical link for the logical lib cell. (PSYN-058)
Warning: The pin direction of 'C' pin on 'PBSD24' cell in the 'SP013D3_V1p2_typ' technology library is inconsistent with the same-name pin in the '/home/eda/lib/smic/SP013D3_V1p4/apollo/SP013D3_V1p2_8MT' physical library. No physical link for the logical lib cell. (PSYN-058)
Warning: The pin direction of 'PAD' pin on 'PBSD24' cell in the 'SP013D3_V1p2_typ' technology library is inconsistent with the same-name pin in the '/home/eda/lib/smic/SP013D3_V1p4/apollo/SP013D3_V1p2_8MT' physical library. No physical link for the logical lib cell. (PSYN-058)
Warning: The pin direction of 'OEN' pin on 'PBSU24' cell in the 'SP013D3_V1p2_typ' technology library is inconsistent with the same-name pin in the '/home/eda/lib/smic/SP013D3_V1p4/apollo/SP013D3_V1p2_8MT' physical library. No physical link for the logical lib cell. (PSYN-058)
Warning: The pin direction of 'I' pin on 'PBSU24' cell in the 'SP013D3_V1p2_typ' technology library is inconsistent with the same-name pin in the '/home/eda/lib/smic/SP013D3_V1p4/apollo/SP013D3_V1p2_8MT' physical library. No physical link for the logical lib cell. (PSYN-058)
Warning: The pin direction of 'C' pin on 'PBSU24' cell in the 'SP013D3_V1p2_typ' technology library is inconsistent with the same-name pin in the '/home/eda/lib/smic/SP013D3_V1p4/apollo/SP013D3_V1p2_8MT' physical library. No physical link for the logical lib cell. (PSYN-058)
Warning: The pin direction of 'PAD' pin on 'PBSU24' cell in the 'SP013D3_V1p2_typ' technology library is inconsistent with the same-name pin in the '/home/eda/lib/smic/SP013D3_V1p4/apollo/SP013D3_V1p2_8MT' physical library. No physical link for the logical lib cell. (PSYN-058)
Warning: The pin direction of 'OEN' pin on 'PBUL24' cell in the 'SP013D3_V1p2_typ' technology library is inconsistent with the same-name pin in the '/home/eda/lib/smic/SP013D3_V1p4/apollo/SP013D3_V1p2_8MT' physical library. No physical link for the logical lib cell. (PSYN-058)
Warning: The pin direction of 'I' pin on 'PBUL24' cell in the 'SP013D3_V1p2_typ' technology library is inconsistent with the same-name pin in the '/home/eda/lib/smic/SP013D3_V1p4/apollo/SP013D3_V1p2_8MT' physical library. No physical link for the logical lib cell. (PSYN-058)
Warning: The pin direction of 'C' pin on 'PBUL24' cell in the 'SP013D3_V1p2_typ' technology library is inconsistent with the same-name pin in the '/home/eda/lib/smic/SP013D3_V1p4/apollo/SP013D3_V1p2_8MT' physical library. No physical link for the logical lib cell. (PSYN-058)
Warning: The pin direction of 'PAD' pin on 'PBUL24' cell in the 'SP013D3_V1p2_typ' technology library is inconsistent with the same-name pin in the '/home/eda/lib/smic/SP013D3_V1p4/apollo/SP013D3_V1p2_8MT' physical library. No physical link for the logical lib cell. (PSYN-058)
Warning: The pin direction of 'OEN' pin on 'PBDL24' cell in the 'SP013D3_V1p2_typ' technology library is inconsistent with the same-name pin in the '/home/eda/lib/smic/SP013D3_V1p4/apollo/SP013D3_V1p2_8MT' physical library. No physical link for the logical lib cell. (PSYN-058)
Warning: The pin direction of 'I' pin on 'PBDL24' cell in the 'SP013D3_V1p2_typ' technology library is inconsistent with the same-name pin in the '/home/eda/lib/smic/SP013D3_V1p4/apollo/SP013D3_V1p2_8MT' physical library. No physical link for the logical lib cell. (PSYN-058)
Warning: The pin direction of 'C' pin on 'PBDL24' cell in the 'SP013D3_V1p2_typ' technology library is inconsistent with the same-name pin in the '/home/eda/lib/smic/SP013D3_V1p4/apollo/SP013D3_V1p2_8MT' physical library. No physical link for the logical lib cell. (PSYN-058)
Warning: The pin direction of 'PAD' pin on 'PBDL24' cell in the 'SP013D3_V1p2_typ' technology library is inconsistent with the same-name pin in the '/home/eda/lib/smic/SP013D3_V1p4/apollo/SP013D3_V1p2_8MT' physical library. No physical link for the logical lib cell. (PSYN-058)
Warning: The pin direction of 'OEN' pin on 'POTL24' cell in the 'SP013D3_V1p2_typ' technology library is inconsistent with the same-name pin in the '/home/eda/lib/smic/SP013D3_V1p4/apollo/SP013D3_V1p2_8MT' physical library. No physical link for the logical lib cell. (PSYN-058)
Warning: The pin direction of 'I' pin on 'POTL24' cell in the 'SP013D3_V1p2_typ' technology library is inconsistent with the same-name pin in the '/home/eda/lib/smic/SP013D3_V1p4/apollo/SP013D3_V1p2_8MT' physical library. No physical link for the logical lib cell. (PSYN-058)
Warning: The pin direction of 'PAD' pin on 'POTL24' cell in the 'SP013D3_V1p2_typ' technology library is inconsistent with the same-name pin in the '/home/eda/lib/smic/SP013D3_V1p4/apollo/SP013D3_V1p2_8MT' physical library. No physical link for the logical lib cell. (PSYN-058)
Warning: The pin direction of 'VDD1' pin on 'PDIODE' cell in the 'SP013D3_V1p2_typ' technology library is inconsistent with the same-name pin in the '/home/eda/lib/smic/SP013D3_V1p4/apollo/SP013D3_V1p2_8MT' physical library. No physical link for the logical lib cell. (PSYN-058)
Warning: The pin direction of 'VDD2' pin on 'PDIODE' cell in the 'SP013D3_V1p2_typ' technology library is inconsistent with the same-name pin in the '/home/eda/lib/smic/SP013D3_V1p4/apollo/SP013D3_V1p2_8MT' physical library. No physical link for the logical lib cell. (PSYN-058)
Warning: The pin direction of 'VSS1' pin on 'PDIODE' cell in the 'SP013D3_V1p2_typ' technology library is inconsistent with the same-name pin in the '/home/eda/lib/smic/SP013D3_V1p4/apollo/SP013D3_V1p2_8MT' physical library. No physical link for the logical lib cell. (PSYN-058)
Warning: The pin direction of 'VSS2' pin on 'PDIODE' cell in the 'SP013D3_V1p2_typ' technology library is inconsistent with the same-name pin in the '/home/eda/lib/smic/SP013D3_V1p4/apollo/SP013D3_V1p2_8MT' physical library. No physical link for the logical lib cell. (PSYN-058)
Warning: The pin direction of 'OEN' pin on 'PBCDL8' cell in the 'SP013D3_V1p2_typ' technology library is inconsistent with the same-name pin in the '/home/eda/lib/smic/SP013D3_V1p4/apollo/SP013D3_V1p2_8MT' physical library. No physical link for the logical lib cell. (PSYN-058)
Warning: The pin direction of 'I' pin on 'PBCDL8' cell in the 'SP013D3_V1p2_typ' technology library is inconsistent with the same-name pin in the '/home/eda/lib/smic/SP013D3_V1p4/apollo/SP013D3_V1p2_8MT' physical library. No physical link for the logical lib cell. (PSYN-058)
Warning: The pin direction of 'REN' pin on 'PBCDL8' cell in the 'SP013D3_V1p2_typ' technology library is inconsistent with the same-name pin in the '/home/eda/lib/smic/SP013D3_V1p4/apollo/SP013D3_V1p2_8MT' physical library. No physical link for the logical lib cell. (PSYN-058)
Warning: The pin direction of 'C' pin on 'PBCDL8' cell in the 'SP013D3_V1p2_typ' technology library is inconsistent with the same-name pin in the '/home/eda/lib/smic/SP013D3_V1p4/apollo/SP013D3_V1p2_8MT' physical library. No physical link for the logical lib cell. (PSYN-058)
Warning: The pin direction of 'PAD' pin on 'PBCDL8' cell in the 'SP013D3_V1p2_typ' technology library is inconsistent with the same-name pin in the '/home/eda/lib/smic/SP013D3_V1p4/apollo/SP013D3_V1p2_8MT' physical library. No physical link for the logical lib cell. (PSYN-058)
Warning: The pin direction of 'OEN' pin on 'PBCD12' cell in the 'SP013D3_V1p2_typ' technology library is inconsistent with the same-name pin in the '/home/eda/lib/smic/SP013D3_V1p4/apollo/SP013D3_V1p2_8MT' physical library. No physical link for the logical lib cell. (PSYN-058)
Warning: The pin direction of 'I' pin on 'PBCD12' cell in the 'SP013D3_V1p2_typ' technology library is inconsistent with the same-name pin in the '/home/eda/lib/smic/SP013D3_V1p4/apollo/SP013D3_V1p2_8MT' physical library. No physical link for the logical lib cell. (PSYN-058)
Warning: The pin direction of 'REN' pin on 'PBCD12' cell in the 'SP013D3_V1p2_typ' technology library is inconsistent with the same-name pin in the '/home/eda/lib/smic/SP013D3_V1p4/apollo/SP013D3_V1p2_8MT' physical library. No physical link for the logical lib cell. (PSYN-058)
Warning: The pin direction of 'C' pin on 'PBCD12' cell in the 'SP013D3_V1p2_typ' technology library is inconsistent with the same-name pin in the '/home/eda/lib/smic/SP013D3_V1p4/apollo/SP013D3_V1p2_8MT' physical library. No physical link for the logical lib cell. (PSYN-058)
Warning: The pin direction of 'PAD' pin on 'PBCD12' cell in the 'SP013D3_V1p2_typ' technology library is inconsistent with the same-name pin in the '/home/eda/lib/smic/SP013D3_V1p4/apollo/SP013D3_V1p2_8MT' physical library. No physical link for the logical lib cell. (PSYN-058)
Warning: The pin direction of 'OEN' pin on 'PBCUL8' cell in the 'SP013D3_V1p2_typ' technology library is inconsistent with the same-name pin in the '/home/eda/lib/smic/SP013D3_V1p4/apollo/SP013D3_V1p2_8MT' physical library. No physical link for the logical lib cell. (PSYN-058)
Warning: The pin direction of 'I' pin on 'PBCUL8' cell in the 'SP013D3_V1p2_typ' technology library is inconsistent with the same-name pin in the '/home/eda/lib/smic/SP013D3_V1p4/apollo/SP013D3_V1p2_8MT' physical library. No physical link for the logical lib cell. (PSYN-058)
Warning: The pin direction of 'REN' pin on 'PBCUL8' cell in the 'SP013D3_V1p2_typ' technology library is inconsistent with the same-name pin in the '/home/eda/lib/smic/SP013D3_V1p4/apollo/SP013D3_V1p2_8MT' physical library. No physical link for the logical lib cell. (PSYN-058)
Warning: The pin direction of 'C' pin on 'PBCUL8' cell in the 'SP013D3_V1p2_typ' technology library is inconsistent with the same-name pin in the '/home/eda/lib/smic/SP013D3_V1p4/apollo/SP013D3_V1p2_8MT' physical library. No physical link for the logical lib cell. (PSYN-058)
Warning: The pin direction of 'PAD' pin on 'PBCUL8' cell in the 'SP013D3_V1p2_typ' technology library is inconsistent with the same-name pin in the '/home/eda/lib/smic/SP013D3_V1p4/apollo/SP013D3_V1p2_8MT' physical library. No physical link for the logical lib cell. (PSYN-058)
Warning: The pin direction of 'OEN' pin on 'PBCU12' cell in the 'SP013D3_V1p2_typ' technology library is inconsistent with the same-name pin in the '/home/eda/lib/smic/SP013D3_V1p4/apollo/SP013D3_V1p2_8MT' physical library. No physical link for the logical lib cell. (PSYN-058)
Warning: The pin direction of 'I' pin on 'PBCU12' cell in the 'SP013D3_V1p2_typ' technology library is inconsistent with the same-name pin in the '/home/eda/lib/smic/SP013D3_V1p4/apollo/SP013D3_V1p2_8MT' physical library. No physical link for the logical lib cell. (PSYN-058)
Warning: The pin direction of 'REN' pin on 'PBCU12' cell in the 'SP013D3_V1p2_typ' technology library is inconsistent with the same-name pin in the '/home/eda/lib/smic/SP013D3_V1p4/apollo/SP013D3_V1p2_8MT' physical library. No physical link for the logical lib cell. (PSYN-058)
Warning: The pin direction of 'C' pin on 'PBCU12' cell in the 'SP013D3_V1p2_typ' technology library is inconsistent with the same-name pin in the '/home/eda/lib/smic/SP013D3_V1p4/apollo/SP013D3_V1p2_8MT' physical library. No physical link for the logical lib cell. (PSYN-058)
Warning: The pin direction of 'PAD' pin on 'PBCU12' cell in the 'SP013D3_V1p2_typ' technology library is inconsistent with the same-name pin in the '/home/eda/lib/smic/SP013D3_V1p4/apollo/SP013D3_V1p2_8MT' physical library. No physical link for the logical lib cell. (PSYN-058)
Warning: The pin direction of 'OEN' pin on 'PBSL12' cell in the 'SP013D3_V1p2_typ' technology library is inconsistent with the same-name pin in the '/home/eda/lib/smic/SP013D3_V1p4/apollo/SP013D3_V1p2_8MT' physical library. No physical link for the logical lib cell. (PSYN-058)
Warning: The pin direction of 'I' pin on 'PBSL12' cell in the 'SP013D3_V1p2_typ' technology library is inconsistent with the same-name pin in the '/home/eda/lib/smic/SP013D3_V1p4/apollo/SP013D3_V1p2_8MT' physical library. No physical link for the logical lib cell. (PSYN-058)
Warning: The pin direction of 'C' pin on 'PBSL12' cell in the 'SP013D3_V1p2_typ' technology library is inconsistent with the same-name pin in the '/home/eda/lib/smic/SP013D3_V1p4/apollo/SP013D3_V1p2_8MT' physical library. No physical link for the logical lib cell. (PSYN-058)
Warning: The pin direction of 'PAD' pin on 'PBSL12' cell in the 'SP013D3_V1p2_typ' technology library is inconsistent with the same-name pin in the '/home/eda/lib/smic/SP013D3_V1p4/apollo/SP013D3_V1p2_8MT' physical library. No physical link for the logical lib cell. (PSYN-058)
Warning: The pin direction of 'OEN' pin on 'PBSDL8' cell in the 'SP013D3_V1p2_typ' technology library is inconsistent with the same-name pin in the '/home/eda/lib/smic/SP013D3_V1p4/apollo/SP013D3_V1p2_8MT' physical library. No physical link for the logical lib cell. (PSYN-058)
Warning: The pin direction of 'I' pin on 'PBSDL8' cell in the 'SP013D3_V1p2_typ' technology library is inconsistent with the same-name pin in the '/home/eda/lib/smic/SP013D3_V1p4/apollo/SP013D3_V1p2_8MT' physical library. No physical link for the logical lib cell. (PSYN-058)
Warning: The pin direction of 'C' pin on 'PBSDL8' cell in the 'SP013D3_V1p2_typ' technology library is inconsistent with the same-name pin in the '/home/eda/lib/smic/SP013D3_V1p4/apollo/SP013D3_V1p2_8MT' physical library. No physical link for the logical lib cell. (PSYN-058)
Warning: The pin direction of 'PAD' pin on 'PBSDL8' cell in the 'SP013D3_V1p2_typ' technology library is inconsistent with the same-name pin in the '/home/eda/lib/smic/SP013D3_V1p4/apollo/SP013D3_V1p2_8MT' physical library. No physical link for the logical lib cell. (PSYN-058)
Warning: The pin direction of 'OEN' pin on 'PBSD12' cell in the 'SP013D3_V1p2_typ' technology library is inconsistent with the same-name pin in the '/home/eda/lib/smic/SP013D3_V1p4/apollo/SP013D3_V1p2_8MT' physical library. No physical link for the logical lib cell. (PSYN-058)
Warning: The pin direction of 'I' pin on 'PBSD12' cell in the 'SP013D3_V1p2_typ' technology library is inconsistent with the same-name pin in the '/home/eda/lib/smic/SP013D3_V1p4/apollo/SP013D3_V1p2_8MT' physical library. No physical link for the logical lib cell. (PSYN-058)
Warning: The pin direction of 'C' pin on 'PBSD12' cell in the 'SP013D3_V1p2_typ' technology library is inconsistent with the same-name pin in the '/home/eda/lib/smic/SP013D3_V1p4/apollo/SP013D3_V1p2_8MT' physical library. No physical link for the logical lib cell. (PSYN-058)
Warning: The pin direction of 'PAD' pin on 'PBSD12' cell in the 'SP013D3_V1p2_typ' technology library is inconsistent with the same-name pin in the '/home/eda/lib/smic/SP013D3_V1p4/apollo/SP013D3_V1p2_8MT' physical library. No physical link for the logical lib cell. (PSYN-058)
Warning: The pin direction of 'OEN' pin on 'PBSU12' cell in the 'SP013D3_V1p2_typ' technology library is inconsistent with the same-name pin in the '/home/eda/lib/smic/SP013D3_V1p4/apollo/SP013D3_V1p2_8MT' physical library. No physical link for the logical lib cell. (PSYN-058)
Warning: The pin direction of 'I' pin on 'PBSU12' cell in the 'SP013D3_V1p2_typ' technology library is inconsistent with the same-name pin in the '/home/eda/lib/smic/SP013D3_V1p4/apollo/SP013D3_V1p2_8MT' physical library. No physical link for the logical lib cell. (PSYN-058)
Warning: The pin direction of 'C' pin on 'PBSU12' cell in the 'SP013D3_V1p2_typ' technology library is inconsistent with the same-name pin in the '/home/eda/lib/smic/SP013D3_V1p4/apollo/SP013D3_V1p2_8MT' physical library. No physical link for the logical lib cell. (PSYN-058)
Warning: The pin direction of 'PAD' pin on 'PBSU12' cell in the 'SP013D3_V1p2_typ' technology library is inconsistent with the same-name pin in the '/home/eda/lib/smic/SP013D3_V1p4/apollo/SP013D3_V1p2_8MT' physical library. No physical link for the logical lib cell. (PSYN-058)
Warning: The pin direction of 'OEN' pin on 'PBSUL8' cell in the 'SP013D3_V1p2_typ' technology library is inconsistent with the same-name pin in the '/home/eda/lib/smic/SP013D3_V1p4/apollo/SP013D3_V1p2_8MT' physical library. No physical link for the logical lib cell. (PSYN-058)
Warning: The pin direction of 'I' pin on 'PBSUL8' cell in the 'SP013D3_V1p2_typ' technology library is inconsistent with the same-name pin in the '/home/eda/lib/smic/SP013D3_V1p4/apollo/SP013D3_V1p2_8MT' physical library. No physical link for the logical lib cell. (PSYN-058)
Warning: The pin direction of 'C' pin on 'PBSUL8' cell in the 'SP013D3_V1p2_typ' technology library is inconsistent with the same-name pin in the '/home/eda/lib/smic/SP013D3_V1p4/apollo/SP013D3_V1p2_8MT' physical library. No physical link for the logical lib cell. (PSYN-058)
Warning: The pin direction of 'PAD' pin on 'PBSUL8' cell in the 'SP013D3_V1p2_typ' technology library is inconsistent with the same-name pin in the '/home/eda/lib/smic/SP013D3_V1p4/apollo/SP013D3_V1p2_8MT' physical library. No physical link for the logical lib cell. (PSYN-058)
Warning: The pin direction of 'OEN' pin on 'PBUL12' cell in the 'SP013D3_V1p2_typ' technology library is inconsistent with the same-name pin in the '/home/eda/lib/smic/SP013D3_V1p4/apollo/SP013D3_V1p2_8MT' physical library. No physical link for the logical lib cell. (PSYN-058)
Warning: The pin direction of 'I' pin on 'PBUL12' cell in the 'SP013D3_V1p2_typ' technology library is inconsistent with the same-name pin in the '/home/eda/lib/smic/SP013D3_V1p4/apollo/SP013D3_V1p2_8MT' physical library. No physical link for the logical lib cell. (PSYN-058)
Warning: The pin direction of 'C' pin on 'PBUL12' cell in the 'SP013D3_V1p2_typ' technology library is inconsistent with the same-name pin in the '/home/eda/lib/smic/SP013D3_V1p4/apollo/SP013D3_V1p2_8MT' physical library. No physical link for the logical lib cell. (PSYN-058)
Warning: The pin direction of 'PAD' pin on 'PBUL12' cell in the 'SP013D3_V1p2_typ' technology library is inconsistent with the same-name pin in the '/home/eda/lib/smic/SP013D3_V1p4/apollo/SP013D3_V1p2_8MT' physical library. No physical link for the logical lib cell. (PSYN-058)
Warning: The pin direction of 'OEN' pin on 'PBDL12' cell in the 'SP013D3_V1p2_typ' technology library is inconsistent with the same-name pin in the '/home/eda/lib/smic/SP013D3_V1p4/apollo/SP013D3_V1p2_8MT' physical library. No physical link for the logical lib cell. (PSYN-058)
Warning: The pin direction of 'I' pin on 'PBDL12' cell in the 'SP013D3_V1p2_typ' technology library is inconsistent with the same-name pin in the '/home/eda/lib/smic/SP013D3_V1p4/apollo/SP013D3_V1p2_8MT' physical library. No physical link for the logical lib cell. (PSYN-058)
Warning: The pin direction of 'C' pin on 'PBDL12' cell in the 'SP013D3_V1p2_typ' technology library is inconsistent with the same-name pin in the '/home/eda/lib/smic/SP013D3_V1p4/apollo/SP013D3_V1p2_8MT' physical library. No physical link for the logical lib cell. (PSYN-058)
Warning: The pin direction of 'PAD' pin on 'PBDL12' cell in the 'SP013D3_V1p2_typ' technology library is inconsistent with the same-name pin in the '/home/eda/lib/smic/SP013D3_V1p4/apollo/SP013D3_V1p2_8MT' physical library. No physical link for the logical lib cell. (PSYN-058)
Warning: The pin direction of 'OEN' pin on 'POTL12' cell in the 'SP013D3_V1p2_typ' technology library is inconsistent with the same-name pin in the '/home/eda/lib/smic/SP013D3_V1p4/apollo/SP013D3_V1p2_8MT' physical library. No physical link for the logical lib cell. (PSYN-058)
Warning: The pin direction of 'I' pin on 'POTL12' cell in the 'SP013D3_V1p2_typ' technology library is inconsistent with the same-name pin in the '/home/eda/lib/smic/SP013D3_V1p4/apollo/SP013D3_V1p2_8MT' physical library. No physical link for the logical lib cell. (PSYN-058)
Warning: The pin direction of 'PAD' pin on 'POTL12' cell in the 'SP013D3_V1p2_typ' technology library is inconsistent with the same-name pin in the '/home/eda/lib/smic/SP013D3_V1p4/apollo/SP013D3_V1p2_8MT' physical library. No physical link for the logical lib cell. (PSYN-058)
Warning: The pin direction of 'OEN' pin on 'PBCDL16' cell in the 'SP013D3_V1p2_typ' technology library is inconsistent with the same-name pin in the '/home/eda/lib/smic/SP013D3_V1p4/apollo/SP013D3_V1p2_8MT' physical library. No physical link for the logical lib cell. (PSYN-058)
Warning: The pin direction of 'I' pin on 'PBCDL16' cell in the 'SP013D3_V1p2_typ' technology library is inconsistent with the same-name pin in the '/home/eda/lib/smic/SP013D3_V1p4/apollo/SP013D3_V1p2_8MT' physical library. No physical link for the logical lib cell. (PSYN-058)
Warning: The pin direction of 'REN' pin on 'PBCDL16' cell in the 'SP013D3_V1p2_typ' technology library is inconsistent with the same-name pin in the '/home/eda/lib/smic/SP013D3_V1p4/apollo/SP013D3_V1p2_8MT' physical library. No physical link for the logical lib cell. (PSYN-058)
Warning: The pin direction of 'C' pin on 'PBCDL16' cell in the 'SP013D3_V1p2_typ' technology library is inconsistent with the same-name pin in the '/home/eda/lib/smic/SP013D3_V1p4/apollo/SP013D3_V1p2_8MT' physical library. No physical link for the logical lib cell. (PSYN-058)
Warning: The pin direction of 'PAD' pin on 'PBCDL16' cell in the 'SP013D3_V1p2_typ' technology library is inconsistent with the same-name pin in the '/home/eda/lib/smic/SP013D3_V1p4/apollo/SP013D3_V1p2_8MT' physical library. No physical link for the logical lib cell. (PSYN-058)
Warning: The pin direction of 'OEN' pin on 'PBCUL16' cell in the 'SP013D3_V1p2_typ' technology library is inconsistent with the same-name pin in the '/home/eda/lib/smic/SP013D3_V1p4/apollo/SP013D3_V1p2_8MT' physical library. No physical link for the logical lib cell. (PSYN-058)
Warning: The pin direction of 'I' pin on 'PBCUL16' cell in the 'SP013D3_V1p2_typ' technology library is inconsistent with the same-name pin in the '/home/eda/lib/smic/SP013D3_V1p4/apollo/SP013D3_V1p2_8MT' physical library. No physical link for the logical lib cell. (PSYN-058)
Warning: The pin direction of 'REN' pin on 'PBCUL16' cell in the 'SP013D3_V1p2_typ' technology library is inconsistent with the same-name pin in the '/home/eda/lib/smic/SP013D3_V1p4/apollo/SP013D3_V1p2_8MT' physical library. No physical link for the logical lib cell. (PSYN-058)
Warning: The pin direction of 'C' pin on 'PBCUL16' cell in the 'SP013D3_V1p2_typ' technology library is inconsistent with the same-name pin in the '/home/eda/lib/smic/SP013D3_V1p4/apollo/SP013D3_V1p2_8MT' physical library. No physical link for the logical lib cell. (PSYN-058)
Warning: The pin direction of 'PAD' pin on 'PBCUL16' cell in the 'SP013D3_V1p2_typ' technology library is inconsistent with the same-name pin in the '/home/eda/lib/smic/SP013D3_V1p4/apollo/SP013D3_V1p2_8MT' physical library. No physical link for the logical lib cell. (PSYN-058)
Warning: The pin direction of 'OEN' pin on 'PBSDL16' cell in the 'SP013D3_V1p2_typ' technology library is inconsistent with the same-name pin in the '/home/eda/lib/smic/SP013D3_V1p4/apollo/SP013D3_V1p2_8MT' physical library. No physical link for the logical lib cell. (PSYN-058)
Warning: The pin direction of 'I' pin on 'PBSDL16' cell in the 'SP013D3_V1p2_typ' technology library is inconsistent with the same-name pin in the '/home/eda/lib/smic/SP013D3_V1p4/apollo/SP013D3_V1p2_8MT' physical library. No physical link for the logical lib cell. (PSYN-058)
Warning: The pin direction of 'C' pin on 'PBSDL16' cell in the 'SP013D3_V1p2_typ' technology library is inconsistent with the same-name pin in the '/home/eda/lib/smic/SP013D3_V1p4/apollo/SP013D3_V1p2_8MT' physical library. No physical link for the logical lib cell. (PSYN-058)
Warning: The pin direction of 'PAD' pin on 'PBSDL16' cell in the 'SP013D3_V1p2_typ' technology library is inconsistent with the same-name pin in the '/home/eda/lib/smic/SP013D3_V1p4/apollo/SP013D3_V1p2_8MT' physical library. No physical link for the logical lib cell. (PSYN-058)
Warning: The pin direction of 'OEN' pin on 'PBSUL16' cell in the 'SP013D3_V1p2_typ' technology library is inconsistent with the same-name pin in the '/home/eda/lib/smic/SP013D3_V1p4/apollo/SP013D3_V1p2_8MT' physical library. No physical link for the logical lib cell. (PSYN-058)
Warning: The pin direction of 'I' pin on 'PBSUL16' cell in the 'SP013D3_V1p2_typ' technology library is inconsistent with the same-name pin in the '/home/eda/lib/smic/SP013D3_V1p4/apollo/SP013D3_V1p2_8MT' physical library. No physical link for the logical lib cell. (PSYN-058)
Warning: The pin direction of 'C' pin on 'PBSUL16' cell in the 'SP013D3_V1p2_typ' technology library is inconsistent with the same-name pin in the '/home/eda/lib/smic/SP013D3_V1p4/apollo/SP013D3_V1p2_8MT' physical library. No physical link for the logical lib cell. (PSYN-058)
Warning: The pin direction of 'PAD' pin on 'PBSUL16' cell in the 'SP013D3_V1p2_typ' technology library is inconsistent with the same-name pin in the '/home/eda/lib/smic/SP013D3_V1p4/apollo/SP013D3_V1p2_8MT' physical library. No physical link for the logical lib cell. (PSYN-058)
Warning: The pin direction of 'OEN' pin on 'PBCDL24' cell in the 'SP013D3_V1p2_typ' technology library is inconsistent with the same-name pin in the '/home/eda/lib/smic/SP013D3_V1p4/apollo/SP013D3_V1p2_8MT' physical library. No physical link for the logical lib cell. (PSYN-058)
Warning: The pin direction of 'I' pin on 'PBCDL24' cell in the 'SP013D3_V1p2_typ' technology library is inconsistent with the same-name pin in the '/home/eda/lib/smic/SP013D3_V1p4/apollo/SP013D3_V1p2_8MT' physical library. No physical link for the logical lib cell. (PSYN-058)
Warning: The pin direction of 'REN' pin on 'PBCDL24' cell in the 'SP013D3_V1p2_typ' technology library is inconsistent with the same-name pin in the '/home/eda/lib/smic/SP013D3_V1p4/apollo/SP013D3_V1p2_8MT' physical library. No physical link for the logical lib cell. (PSYN-058)
Warning: The pin direction of 'C' pin on 'PBCDL24' cell in the 'SP013D3_V1p2_typ' technology library is inconsistent with the same-name pin in the '/home/eda/lib/smic/SP013D3_V1p4/apollo/SP013D3_V1p2_8MT' physical library. No physical link for the logical lib cell. (PSYN-058)
Warning: The pin direction of 'PAD' pin on 'PBCDL24' cell in the 'SP013D3_V1p2_typ' technology library is inconsistent with the same-name pin in the '/home/eda/lib/smic/SP013D3_V1p4/apollo/SP013D3_V1p2_8MT' physical library. No physical link for the logical lib cell. (PSYN-058)
Warning: The pin direction of 'OEN' pin on 'PBCUL24' cell in the 'SP013D3_V1p2_typ' technology library is inconsistent with the same-name pin in the '/home/eda/lib/smic/SP013D3_V1p4/apollo/SP013D3_V1p2_8MT' physical library. No physical link for the logical lib cell. (PSYN-058)
Warning: The pin direction of 'I' pin on 'PBCUL24' cell in the 'SP013D3_V1p2_typ' technology library is inconsistent with the same-name pin in the '/home/eda/lib/smic/SP013D3_V1p4/apollo/SP013D3_V1p2_8MT' physical library. No physical link for the logical lib cell. (PSYN-058)
Warning: The pin direction of 'REN' pin on 'PBCUL24' cell in the 'SP013D3_V1p2_typ' technology library is inconsistent with the same-name pin in the '/home/eda/lib/smic/SP013D3_V1p4/apollo/SP013D3_V1p2_8MT' physical library. No physical link for the logical lib cell. (PSYN-058)
Warning: The pin direction of 'C' pin on 'PBCUL24' cell in the 'SP013D3_V1p2_typ' technology library is inconsistent with the same-name pin in the '/home/eda/lib/smic/SP013D3_V1p4/apollo/SP013D3_V1p2_8MT' physical library. No physical link for the logical lib cell. (PSYN-058)
Warning: The pin direction of 'PAD' pin on 'PBCUL24' cell in the 'SP013D3_V1p2_typ' technology library is inconsistent with the same-name pin in the '/home/eda/lib/smic/SP013D3_V1p4/apollo/SP013D3_V1p2_8MT' physical library. No physical link for the logical lib cell. (PSYN-058)
Warning: The pin direction of 'OEN' pin on 'PBSDL24' cell in the 'SP013D3_V1p2_typ' technology library is inconsistent with the same-name pin in the '/home/eda/lib/smic/SP013D3_V1p4/apollo/SP013D3_V1p2_8MT' physical library. No physical link for the logical lib cell. (PSYN-058)
Warning: The pin direction of 'I' pin on 'PBSDL24' cell in the 'SP013D3_V1p2_typ' technology library is inconsistent with the same-name pin in the '/home/eda/lib/smic/SP013D3_V1p4/apollo/SP013D3_V1p2_8MT' physical library. No physical link for the logical lib cell. (PSYN-058)
Warning: The pin direction of 'C' pin on 'PBSDL24' cell in the 'SP013D3_V1p2_typ' technology library is inconsistent with the same-name pin in the '/home/eda/lib/smic/SP013D3_V1p4/apollo/SP013D3_V1p2_8MT' physical library. No physical link for the logical lib cell. (PSYN-058)
Warning: The pin direction of 'PAD' pin on 'PBSDL24' cell in the 'SP013D3_V1p2_typ' technology library is inconsistent with the same-name pin in the '/home/eda/lib/smic/SP013D3_V1p4/apollo/SP013D3_V1p2_8MT' physical library. No physical link for the logical lib cell. (PSYN-058)
Warning: The pin direction of 'OEN' pin on 'PBSUL24' cell in the 'SP013D3_V1p2_typ' technology library is inconsistent with the same-name pin in the '/home/eda/lib/smic/SP013D3_V1p4/apollo/SP013D3_V1p2_8MT' physical library. No physical link for the logical lib cell. (PSYN-058)
Warning: The pin direction of 'I' pin on 'PBSUL24' cell in the 'SP013D3_V1p2_typ' technology library is inconsistent with the same-name pin in the '/home/eda/lib/smic/SP013D3_V1p4/apollo/SP013D3_V1p2_8MT' physical library. No physical link for the logical lib cell. (PSYN-058)
Warning: The pin direction of 'C' pin on 'PBSUL24' cell in the 'SP013D3_V1p2_typ' technology library is inconsistent with the same-name pin in the '/home/eda/lib/smic/SP013D3_V1p4/apollo/SP013D3_V1p2_8MT' physical library. No physical link for the logical lib cell. (PSYN-058)
Warning: The pin direction of 'PAD' pin on 'PBSUL24' cell in the 'SP013D3_V1p2_typ' technology library is inconsistent with the same-name pin in the '/home/eda/lib/smic/SP013D3_V1p4/apollo/SP013D3_V1p2_8MT' physical library. No physical link for the logical lib cell. (PSYN-058)
Warning: The pin direction of 'VSS1' pin on 'PDIODE8' cell in the 'SP013D3_V1p2_typ' technology library is inconsistent with the same-name pin in the '/home/eda/lib/smic/SP013D3_V1p4/apollo/SP013D3_V1p2_8MT' physical library. No physical link for the logical lib cell. (PSYN-058)
Warning: The pin direction of 'VSS2' pin on 'PDIODE8' cell in the 'SP013D3_V1p2_typ' technology library is inconsistent with the same-name pin in the '/home/eda/lib/smic/SP013D3_V1p4/apollo/SP013D3_V1p2_8MT' physical library. No physical link for the logical lib cell. (PSYN-058)
Warning: The pin direction of 'OEN' pin on 'PBCDL12' cell in the 'SP013D3_V1p2_typ' technology library is inconsistent with the same-name pin in the '/home/eda/lib/smic/SP013D3_V1p4/apollo/SP013D3_V1p2_8MT' physical library. No physical link for the logical lib cell. (PSYN-058)
Warning: The pin direction of 'I' pin on 'PBCDL12' cell in the 'SP013D3_V1p2_typ' technology library is inconsistent with the same-name pin in the '/home/eda/lib/smic/SP013D3_V1p4/apollo/SP013D3_V1p2_8MT' physical library. No physical link for the logical lib cell. (PSYN-058)
Warning: The pin direction of 'REN' pin on 'PBCDL12' cell in the 'SP013D3_V1p2_typ' technology library is inconsistent with the same-name pin in the '/home/eda/lib/smic/SP013D3_V1p4/apollo/SP013D3_V1p2_8MT' physical library. No physical link for the logical lib cell. (PSYN-058)
Warning: The pin direction of 'C' pin on 'PBCDL12' cell in the 'SP013D3_V1p2_typ' technology library is inconsistent with the same-name pin in the '/home/eda/lib/smic/SP013D3_V1p4/apollo/SP013D3_V1p2_8MT' physical library. No physical link for the logical lib cell. (PSYN-058)
Warning: The pin direction of 'PAD' pin on 'PBCDL12' cell in the 'SP013D3_V1p2_typ' technology library is inconsistent with the same-name pin in the '/home/eda/lib/smic/SP013D3_V1p4/apollo/SP013D3_V1p2_8MT' physical library. No physical link for the logical lib cell. (PSYN-058)
Warning: The pin direction of 'OEN' pin on 'PBCUL12' cell in the 'SP013D3_V1p2_typ' technology library is inconsistent with the same-name pin in the '/home/eda/lib/smic/SP013D3_V1p4/apollo/SP013D3_V1p2_8MT' physical library. No physical link for the logical lib cell. (PSYN-058)
Warning: The pin direction of 'I' pin on 'PBCUL12' cell in the 'SP013D3_V1p2_typ' technology library is inconsistent with the same-name pin in the '/home/eda/lib/smic/SP013D3_V1p4/apollo/SP013D3_V1p2_8MT' physical library. No physical link for the logical lib cell. (PSYN-058)
Warning: The pin direction of 'REN' pin on 'PBCUL12' cell in the 'SP013D3_V1p2_typ' technology library is inconsistent with the same-name pin in the '/home/eda/lib/smic/SP013D3_V1p4/apollo/SP013D3_V1p2_8MT' physical library. No physical link for the logical lib cell. (PSYN-058)
Warning: The pin direction of 'C' pin on 'PBCUL12' cell in the 'SP013D3_V1p2_typ' technology library is inconsistent with the same-name pin in the '/home/eda/lib/smic/SP013D3_V1p4/apollo/SP013D3_V1p2_8MT' physical library. No physical link for the logical lib cell. (PSYN-058)
Warning: The pin direction of 'PAD' pin on 'PBCUL12' cell in the 'SP013D3_V1p2_typ' technology library is inconsistent with the same-name pin in the '/home/eda/lib/smic/SP013D3_V1p4/apollo/SP013D3_V1p2_8MT' physical library. No physical link for the logical lib cell. (PSYN-058)
Warning: The pin direction of 'OEN' pin on 'PBSDL12' cell in the 'SP013D3_V1p2_typ' technology library is inconsistent with the same-name pin in the '/home/eda/lib/smic/SP013D3_V1p4/apollo/SP013D3_V1p2_8MT' physical library. No physical link for the logical lib cell. (PSYN-058)
Warning: The pin direction of 'I' pin on 'PBSDL12' cell in the 'SP013D3_V1p2_typ' technology library is inconsistent with the same-name pin in the '/home/eda/lib/smic/SP013D3_V1p4/apollo/SP013D3_V1p2_8MT' physical library. No physical link for the logical lib cell. (PSYN-058)
Warning: The pin direction of 'C' pin on 'PBSDL12' cell in the 'SP013D3_V1p2_typ' technology library is inconsistent with the same-name pin in the '/home/eda/lib/smic/SP013D3_V1p4/apollo/SP013D3_V1p2_8MT' physical library. No physical link for the logical lib cell. (PSYN-058)
Warning: The pin direction of 'PAD' pin on 'PBSDL12' cell in the 'SP013D3_V1p2_typ' technology library is inconsistent with the same-name pin in the '/home/eda/lib/smic/SP013D3_V1p4/apollo/SP013D3_V1p2_8MT' physical library. No physical link for the logical lib cell. (PSYN-058)
Warning: The pin direction of 'OEN' pin on 'PBSUL12' cell in the 'SP013D3_V1p2_typ' technology library is inconsistent with the same-name pin in the '/home/eda/lib/smic/SP013D3_V1p4/apollo/SP013D3_V1p2_8MT' physical library. No physical link for the logical lib cell. (PSYN-058)
Warning: The pin direction of 'I' pin on 'PBSUL12' cell in the 'SP013D3_V1p2_typ' technology library is inconsistent with the same-name pin in the '/home/eda/lib/smic/SP013D3_V1p4/apollo/SP013D3_V1p2_8MT' physical library. No physical link for the logical lib cell. (PSYN-058)
Warning: The pin direction of 'C' pin on 'PBSUL12' cell in the 'SP013D3_V1p2_typ' technology library is inconsistent with the same-name pin in the '/home/eda/lib/smic/SP013D3_V1p4/apollo/SP013D3_V1p2_8MT' physical library. No physical link for the logical lib cell. (PSYN-058)
Warning: The pin direction of 'PAD' pin on 'PBSUL12' cell in the 'SP013D3_V1p2_typ' technology library is inconsistent with the same-name pin in the '/home/eda/lib/smic/SP013D3_V1p4/apollo/SP013D3_V1p2_8MT' physical library. No physical link for the logical lib cell. (PSYN-058)
Warning: The pin direction of 'VDD' pin on 'PVDD1CE' cell in the 'SP013D3_V1p2_typ' technology library is inconsistent with the same-name pin in the '/home/eda/lib/smic/SP013D3_V1p4/apollo/SP013D3_V1p2_8MT' physical library. No physical link for the logical lib cell. (PSYN-058)
Warning: The pin direction of 'VSS1' pin on 'P1DIODE8' cell in the 'SP013D3_V1p2_typ' technology library is inconsistent with the same-name pin in the '/home/eda/lib/smic/SP013D3_V1p4/apollo/SP013D3_V1p2_8MT' physical library. No physical link for the logical lib cell. (PSYN-058)
Warning: The pin direction of 'VSS2' pin on 'P1DIODE8' cell in the 'SP013D3_V1p2_typ' technology library is inconsistent with the same-name pin in the '/home/eda/lib/smic/SP013D3_V1p4/apollo/SP013D3_V1p2_8MT' physical library. No physical link for the logical lib cell. (PSYN-058)
Warning: The pin direction of 'VDD1' pin on 'P1DIODE' cell in the 'SP013D3_V1p2_typ' technology library is inconsistent with the same-name pin in the '/home/eda/lib/smic/SP013D3_V1p4/apollo/SP013D3_V1p2_8MT' physical library. No physical link for the logical lib cell. (PSYN-058)
Warning: The pin direction of 'VDD2' pin on 'P1DIODE' cell in the 'SP013D3_V1p2_typ' technology library is inconsistent with the same-name pin in the '/home/eda/lib/smic/SP013D3_V1p4/apollo/SP013D3_V1p2_8MT' physical library. No physical link for the logical lib cell. (PSYN-058)
Warning: The pin direction of 'VSS1' pin on 'P1DIODE' cell in the 'SP013D3_V1p2_typ' technology library is inconsistent with the same-name pin in the '/home/eda/lib/smic/SP013D3_V1p4/apollo/SP013D3_V1p2_8MT' physical library. No physical link for the logical lib cell. (PSYN-058)
Warning: The pin direction of 'VSS2' pin on 'P1DIODE' cell in the 'SP013D3_V1p2_typ' technology library is inconsistent with the same-name pin in the '/home/eda/lib/smic/SP013D3_V1p4/apollo/SP013D3_V1p2_8MT' physical library. No physical link for the logical lib cell. (PSYN-058)
Warning: The pin direction of 'SVSS1ANP' pin on 'PVSS1ANP' cell in the 'SP013D3_V1p2_typ' technology library is inconsistent with the same-name pin in the '/home/eda/lib/smic/SP013D3_V1p4/apollo/SP013D3_V1p2_8MT' physical library. No physical link for the logical lib cell. (PSYN-058)
Warning: The pin direction of 'SVDD1ANP' pin on 'PVDD1ANP' cell in the 'SP013D3_V1p2_typ' technology library is inconsistent with the same-name pin in the '/home/eda/lib/smic/SP013D3_V1p4/apollo/SP013D3_V1p2_8MT' physical library. No physical link for the logical lib cell. (PSYN-058)
Warning: The pin direction of 'VPP' pin on 'PVPP' cell in the 'SP013D3_V1p2_typ' technology library is inconsistent with the same-name pin in the '/home/eda/lib/smic/SP013D3_V1p4/apollo/SP013D3_V1p2_8MT' physical library. No physical link for the logical lib cell. (PSYN-058)
Warning: The pin direction of 'SVSS1CANP' pin on 'PVSS1CANP' cell in the 'SP013D3_V1p2_typ' technology library is inconsistent with the same-name pin in the '/home/eda/lib/smic/SP013D3_V1p4/apollo/SP013D3_V1p2_8MT' physical library. No physical link for the logical lib cell. (PSYN-058)
Warning: The pin direction of 'SVDD1CANP' pin on 'PVDD1CANP' cell in the 'SP013D3_V1p2_typ' technology library is inconsistent with the same-name pin in the '/home/eda/lib/smic/SP013D3_V1p4/apollo/SP013D3_V1p2_8MT' physical library. No physical link for the logical lib cell. (PSYN-058)
Warning: The 'PB12' cell in the 'SP013D3_V1p2_typ' technology library is being 
	marked as "dont_use". (PSYN-039)
Warning: The 'PB12' cell in the 'SP013D3_V1p2_typ' technology library does not 
	have corresponding physical cell description. (PSYN-024)
Warning: The 'PB16' cell in the 'SP013D3_V1p2_typ' technology library is being 
	marked as "dont_use". (PSYN-039)
Warning: The 'PB16' cell in the 'SP013D3_V1p2_typ' technology library does not 
	have corresponding physical cell description. (PSYN-024)
Warning: The 'PB2' cell in the 'SP013D3_V1p2_typ' technology library is being 
	marked as "dont_use". (PSYN-039)
Warning: The 'PB2' cell in the 'SP013D3_V1p2_typ' technology library does not 
	have corresponding physical cell description. (PSYN-024)
Warning: The 'PB24' cell in the 'SP013D3_V1p2_typ' technology library is being 
	marked as "dont_use". (PSYN-039)
Warning: The 'PB24' cell in the 'SP013D3_V1p2_typ' technology library does not 
	have corresponding physical cell description. (PSYN-024)
Warning: The 'PB4' cell in the 'SP013D3_V1p2_typ' technology library is being 
	marked as "dont_use". (PSYN-039)
Warning: The 'PB4' cell in the 'SP013D3_V1p2_typ' technology library does not 
	have corresponding physical cell description. (PSYN-024)
Warning: The 'PB8' cell in the 'SP013D3_V1p2_typ' technology library is being 
	marked as "dont_use". (PSYN-039)
Warning: The 'PB8' cell in the 'SP013D3_V1p2_typ' technology library does not 
	have corresponding physical cell description. (PSYN-024)
Warning: The 'PBCD12' cell in the 'SP013D3_V1p2_typ' technology library is being 
	marked as "dont_use". (PSYN-039)
Warning: The 'PBCD12' cell in the 'SP013D3_V1p2_typ' technology library does not 
	have corresponding physical cell description. (PSYN-024)
Warning: The 'PBCD16' cell in the 'SP013D3_V1p2_typ' technology library is being 
	marked as "dont_use". (PSYN-039)
Warning: The 'PBCD16' cell in the 'SP013D3_V1p2_typ' technology library does not 
	have corresponding physical cell description. (PSYN-024)
Warning: The 'PBCD2' cell in the 'SP013D3_V1p2_typ' technology library is being 
	marked as "dont_use". (PSYN-039)
Warning: The 'PBCD2' cell in the 'SP013D3_V1p2_typ' technology library does not 
	have corresponding physical cell description. (PSYN-024)
Warning: The 'PBCD24' cell in the 'SP013D3_V1p2_typ' technology library is being 
	marked as "dont_use". (PSYN-039)
Warning: The 'PBCD24' cell in the 'SP013D3_V1p2_typ' technology library does not 
	have corresponding physical cell description. (PSYN-024)
Warning: The 'PBCD4' cell in the 'SP013D3_V1p2_typ' technology library is being 
	marked as "dont_use". (PSYN-039)
Warning: The 'PBCD4' cell in the 'SP013D3_V1p2_typ' technology library does not 
	have corresponding physical cell description. (PSYN-024)
Warning: The 'PBCD8' cell in the 'SP013D3_V1p2_typ' technology library is being 
	marked as "dont_use". (PSYN-039)
Warning: The 'PBCD8' cell in the 'SP013D3_V1p2_typ' technology library does not 
	have corresponding physical cell description. (PSYN-024)
Warning: The 'PBCDL12' cell in the 'SP013D3_V1p2_typ' technology library is being 
	marked as "dont_use". (PSYN-039)
Warning: The 'PBCDL12' cell in the 'SP013D3_V1p2_typ' technology library does not 
	have corresponding physical cell description. (PSYN-024)
Warning: The 'PBCDL16' cell in the 'SP013D3_V1p2_typ' technology library is being 
	marked as "dont_use". (PSYN-039)
Warning: The 'PBCDL16' cell in the 'SP013D3_V1p2_typ' technology library does not 
	have corresponding physical cell description. (PSYN-024)
Warning: The 'PBCDL24' cell in the 'SP013D3_V1p2_typ' technology library is being 
	marked as "dont_use". (PSYN-039)
Warning: The 'PBCDL24' cell in the 'SP013D3_V1p2_typ' technology library does not 
	have corresponding physical cell description. (PSYN-024)
Warning: The 'PBCDL8' cell in the 'SP013D3_V1p2_typ' technology library is being 
	marked as "dont_use". (PSYN-039)
Warning: The 'PBCDL8' cell in the 'SP013D3_V1p2_typ' technology library does not 
	have corresponding physical cell description. (PSYN-024)
Warning: The 'PBCU12' cell in the 'SP013D3_V1p2_typ' technology library is being 
	marked as "dont_use". (PSYN-039)
Warning: The 'PBCU12' cell in the 'SP013D3_V1p2_typ' technology library does not 
	have corresponding physical cell description. (PSYN-024)
Warning: The 'PBCU16' cell in the 'SP013D3_V1p2_typ' technology library is being 
	marked as "dont_use". (PSYN-039)
Warning: The 'PBCU16' cell in the 'SP013D3_V1p2_typ' technology library does not 
	have corresponding physical cell description. (PSYN-024)
Warning: The 'PBCU2' cell in the 'SP013D3_V1p2_typ' technology library is being 
	marked as "dont_use". (PSYN-039)
Warning: The 'PBCU2' cell in the 'SP013D3_V1p2_typ' technology library does not 
	have corresponding physical cell description. (PSYN-024)
Warning: The 'PBCU24' cell in the 'SP013D3_V1p2_typ' technology library is being 
	marked as "dont_use". (PSYN-039)
Warning: The 'PBCU24' cell in the 'SP013D3_V1p2_typ' technology library does not 
	have corresponding physical cell description. (PSYN-024)
Warning: The 'PBCU4' cell in the 'SP013D3_V1p2_typ' technology library is being 
	marked as "dont_use". (PSYN-039)
Warning: The 'PBCU4' cell in the 'SP013D3_V1p2_typ' technology library does not 
	have corresponding physical cell description. (PSYN-024)
Warning: The 'PBCU8' cell in the 'SP013D3_V1p2_typ' technology library is being 
	marked as "dont_use". (PSYN-039)
Warning: The 'PBCU8' cell in the 'SP013D3_V1p2_typ' technology library does not 
	have corresponding physical cell description. (PSYN-024)
Warning: The 'PBCUL12' cell in the 'SP013D3_V1p2_typ' technology library is being 
	marked as "dont_use". (PSYN-039)
Warning: The 'PBCUL12' cell in the 'SP013D3_V1p2_typ' technology library does not 
	have corresponding physical cell description. (PSYN-024)
Warning: The 'PBCUL16' cell in the 'SP013D3_V1p2_typ' technology library is being 
	marked as "dont_use". (PSYN-039)
Warning: The 'PBCUL16' cell in the 'SP013D3_V1p2_typ' technology library does not 
	have corresponding physical cell description. (PSYN-024)
Warning: The 'PBCUL24' cell in the 'SP013D3_V1p2_typ' technology library is being 
	marked as "dont_use". (PSYN-039)
Warning: The 'PBCUL24' cell in the 'SP013D3_V1p2_typ' technology library does not 
	have corresponding physical cell description. (PSYN-024)
Warning: The 'PBCUL8' cell in the 'SP013D3_V1p2_typ' technology library is being 
	marked as "dont_use". (PSYN-039)
Warning: The 'PBCUL8' cell in the 'SP013D3_V1p2_typ' technology library does not 
	have corresponding physical cell description. (PSYN-024)
Warning: The 'PBD12' cell in the 'SP013D3_V1p2_typ' technology library is being 
	marked as "dont_use". (PSYN-039)
Warning: The 'PBD12' cell in the 'SP013D3_V1p2_typ' technology library does not 
	have corresponding physical cell description. (PSYN-024)
Warning: The 'PBD16' cell in the 'SP013D3_V1p2_typ' technology library is being 
	marked as "dont_use". (PSYN-039)
Warning: The 'PBD16' cell in the 'SP013D3_V1p2_typ' technology library does not 
	have corresponding physical cell description. (PSYN-024)
Warning: The 'PBD2' cell in the 'SP013D3_V1p2_typ' technology library is being 
	marked as "dont_use". (PSYN-039)
Warning: The 'PBD2' cell in the 'SP013D3_V1p2_typ' technology library does not 
	have corresponding physical cell description. (PSYN-024)
Warning: The 'PBD24' cell in the 'SP013D3_V1p2_typ' technology library is being 
	marked as "dont_use". (PSYN-039)
Warning: The 'PBD24' cell in the 'SP013D3_V1p2_typ' technology library does not 
	have corresponding physical cell description. (PSYN-024)
Warning: The 'PBD4' cell in the 'SP013D3_V1p2_typ' technology library is being 
	marked as "dont_use". (PSYN-039)
Warning: The 'PBD4' cell in the 'SP013D3_V1p2_typ' technology library does not 
	have corresponding physical cell description. (PSYN-024)
Warning: The 'PBD8' cell in the 'SP013D3_V1p2_typ' technology library is being 
	marked as "dont_use". (PSYN-039)
Warning: The 'PBD8' cell in the 'SP013D3_V1p2_typ' technology library does not 
	have corresponding physical cell description. (PSYN-024)
Warning: The 'PBDL12' cell in the 'SP013D3_V1p2_typ' technology library is being 
	marked as "dont_use". (PSYN-039)
Warning: The 'PBDL12' cell in the 'SP013D3_V1p2_typ' technology library does not 
	have corresponding physical cell description. (PSYN-024)
Warning: The 'PBDL16' cell in the 'SP013D3_V1p2_typ' technology library is being 
	marked as "dont_use". (PSYN-039)
Warning: The 'PBDL16' cell in the 'SP013D3_V1p2_typ' technology library does not 
	have corresponding physical cell description. (PSYN-024)
Warning: The 'PBDL24' cell in the 'SP013D3_V1p2_typ' technology library is being 
	marked as "dont_use". (PSYN-039)
Warning: The 'PBDL24' cell in the 'SP013D3_V1p2_typ' technology library does not 
	have corresponding physical cell description. (PSYN-024)
Warning: The 'PBDL8' cell in the 'SP013D3_V1p2_typ' technology library is being 
	marked as "dont_use". (PSYN-039)
Warning: The 'PBDL8' cell in the 'SP013D3_V1p2_typ' technology library does not 
	have corresponding physical cell description. (PSYN-024)
Warning: The 'PBL12' cell in the 'SP013D3_V1p2_typ' technology library is being 
	marked as "dont_use". (PSYN-039)
Warning: The 'PBL12' cell in the 'SP013D3_V1p2_typ' technology library does not 
	have corresponding physical cell description. (PSYN-024)
Warning: The 'PBL16' cell in the 'SP013D3_V1p2_typ' technology library is being 
	marked as "dont_use". (PSYN-039)
Warning: The 'PBL16' cell in the 'SP013D3_V1p2_typ' technology library does not 
	have corresponding physical cell description. (PSYN-024)
Warning: The 'PBL24' cell in the 'SP013D3_V1p2_typ' technology library is being 
	marked as "dont_use". (PSYN-039)
Warning: The 'PBL24' cell in the 'SP013D3_V1p2_typ' technology library does not 
	have corresponding physical cell description. (PSYN-024)
Warning: The 'PBL8' cell in the 'SP013D3_V1p2_typ' technology library is being 
	marked as "dont_use". (PSYN-039)
Warning: The 'PBL8' cell in the 'SP013D3_V1p2_typ' technology library does not 
	have corresponding physical cell description. (PSYN-024)
Warning: The 'PBS12' cell in the 'SP013D3_V1p2_typ' technology library is being 
	marked as "dont_use". (PSYN-039)
Warning: The 'PBS12' cell in the 'SP013D3_V1p2_typ' technology library does not 
	have corresponding physical cell description. (PSYN-024)
Warning: The 'PBS16' cell in the 'SP013D3_V1p2_typ' technology library is being 
	marked as "dont_use". (PSYN-039)
Warning: The 'PBS16' cell in the 'SP013D3_V1p2_typ' technology library does not 
	have corresponding physical cell description. (PSYN-024)
Warning: The 'PBS2' cell in the 'SP013D3_V1p2_typ' technology library is being 
	marked as "dont_use". (PSYN-039)
Warning: The 'PBS2' cell in the 'SP013D3_V1p2_typ' technology library does not 
	have corresponding physical cell description. (PSYN-024)
Warning: The 'PBS24' cell in the 'SP013D3_V1p2_typ' technology library is being 
	marked as "dont_use". (PSYN-039)
Warning: The 'PBS24' cell in the 'SP013D3_V1p2_typ' technology library does not 
	have corresponding physical cell description. (PSYN-024)
Warning: The 'PBS4' cell in the 'SP013D3_V1p2_typ' technology library is being 
	marked as "dont_use". (PSYN-039)
Warning: The 'PBS4' cell in the 'SP013D3_V1p2_typ' technology library does not 
	have corresponding physical cell description. (PSYN-024)
Warning: The 'PBS8' cell in the 'SP013D3_V1p2_typ' technology library is being 
	marked as "dont_use". (PSYN-039)
Warning: The 'PBS8' cell in the 'SP013D3_V1p2_typ' technology library does not 
	have corresponding physical cell description. (PSYN-024)
Warning: The 'PBSD12' cell in the 'SP013D3_V1p2_typ' technology library is being 
	marked as "dont_use". (PSYN-039)
Warning: The 'PBSD12' cell in the 'SP013D3_V1p2_typ' technology library does not 
	have corresponding physical cell description. (PSYN-024)
Warning: The 'PBSD16' cell in the 'SP013D3_V1p2_typ' technology library is being 
	marked as "dont_use". (PSYN-039)
Warning: The 'PBSD16' cell in the 'SP013D3_V1p2_typ' technology library does not 
	have corresponding physical cell description. (PSYN-024)
Warning: The 'PBSD2' cell in the 'SP013D3_V1p2_typ' technology library is being 
	marked as "dont_use". (PSYN-039)
Warning: The 'PBSD2' cell in the 'SP013D3_V1p2_typ' technology library does not 
	have corresponding physical cell description. (PSYN-024)
Warning: The 'PBSD24' cell in the 'SP013D3_V1p2_typ' technology library is being 
	marked as "dont_use". (PSYN-039)
Warning: The 'PBSD24' cell in the 'SP013D3_V1p2_typ' technology library does not 
	have corresponding physical cell description. (PSYN-024)
Warning: The 'PBSD4' cell in the 'SP013D3_V1p2_typ' technology library is being 
	marked as "dont_use". (PSYN-039)
Warning: The 'PBSD4' cell in the 'SP013D3_V1p2_typ' technology library does not 
	have corresponding physical cell description. (PSYN-024)
Warning: The 'PBSD8' cell in the 'SP013D3_V1p2_typ' technology library is being 
	marked as "dont_use". (PSYN-039)
Warning: The 'PBSD8' cell in the 'SP013D3_V1p2_typ' technology library does not 
	have corresponding physical cell description. (PSYN-024)
Warning: The 'PBSDL12' cell in the 'SP013D3_V1p2_typ' technology library is being 
	marked as "dont_use". (PSYN-039)
Warning: The 'PBSDL12' cell in the 'SP013D3_V1p2_typ' technology library does not 
	have corresponding physical cell description. (PSYN-024)
Warning: The 'PBSDL16' cell in the 'SP013D3_V1p2_typ' technology library is being 
	marked as "dont_use". (PSYN-039)
Warning: The 'PBSDL16' cell in the 'SP013D3_V1p2_typ' technology library does not 
	have corresponding physical cell description. (PSYN-024)
Warning: The 'PBSDL24' cell in the 'SP013D3_V1p2_typ' technology library is being 
	marked as "dont_use". (PSYN-039)
Warning: The 'PBSDL24' cell in the 'SP013D3_V1p2_typ' technology library does not 
	have corresponding physical cell description. (PSYN-024)
Warning: The 'PBSDL8' cell in the 'SP013D3_V1p2_typ' technology library is being 
	marked as "dont_use". (PSYN-039)
Warning: The 'PBSDL8' cell in the 'SP013D3_V1p2_typ' technology library does not 
	have corresponding physical cell description. (PSYN-024)
Warning: The 'PBSL12' cell in the 'SP013D3_V1p2_typ' technology library is being 
	marked as "dont_use". (PSYN-039)
Warning: The 'PBSL12' cell in the 'SP013D3_V1p2_typ' technology library does not 
	have corresponding physical cell description. (PSYN-024)
Warning: The 'PBSL16' cell in the 'SP013D3_V1p2_typ' technology library is being 
	marked as "dont_use". (PSYN-039)
Warning: The 'PBSL16' cell in the 'SP013D3_V1p2_typ' technology library does not 
	have corresponding physical cell description. (PSYN-024)
Warning: The 'PBSL24' cell in the 'SP013D3_V1p2_typ' technology library is being 
	marked as "dont_use". (PSYN-039)
Warning: The 'PBSL24' cell in the 'SP013D3_V1p2_typ' technology library does not 
	have corresponding physical cell description. (PSYN-024)
Warning: The 'PBSL8' cell in the 'SP013D3_V1p2_typ' technology library is being 
	marked as "dont_use". (PSYN-039)
Warning: The 'PBSL8' cell in the 'SP013D3_V1p2_typ' technology library does not 
	have corresponding physical cell description. (PSYN-024)
Warning: The 'PBSU12' cell in the 'SP013D3_V1p2_typ' technology library is being 
	marked as "dont_use". (PSYN-039)
Warning: The 'PBSU12' cell in the 'SP013D3_V1p2_typ' technology library does not 
	have corresponding physical cell description. (PSYN-024)
Warning: The 'PBSU16' cell in the 'SP013D3_V1p2_typ' technology library is being 
	marked as "dont_use". (PSYN-039)
Warning: The 'PBSU16' cell in the 'SP013D3_V1p2_typ' technology library does not 
	have corresponding physical cell description. (PSYN-024)
Warning: The 'PBSU2' cell in the 'SP013D3_V1p2_typ' technology library is being 
	marked as "dont_use". (PSYN-039)
Warning: The 'PBSU2' cell in the 'SP013D3_V1p2_typ' technology library does not 
	have corresponding physical cell description. (PSYN-024)
Warning: The 'PBSU24' cell in the 'SP013D3_V1p2_typ' technology library is being 
	marked as "dont_use". (PSYN-039)
Warning: The 'PBSU24' cell in the 'SP013D3_V1p2_typ' technology library does not 
	have corresponding physical cell description. (PSYN-024)
Warning: The 'PBSU4' cell in the 'SP013D3_V1p2_typ' technology library is being 
	marked as "dont_use". (PSYN-039)
Warning: The 'PBSU4' cell in the 'SP013D3_V1p2_typ' technology library does not 
	have corresponding physical cell description. (PSYN-024)
Warning: The 'PBSU8' cell in the 'SP013D3_V1p2_typ' technology library is being 
	marked as "dont_use". (PSYN-039)
Warning: The 'PBSU8' cell in the 'SP013D3_V1p2_typ' technology library does not 
	have corresponding physical cell description. (PSYN-024)
Warning: The 'PBSUL12' cell in the 'SP013D3_V1p2_typ' technology library is being 
	marked as "dont_use". (PSYN-039)
Warning: The 'PBSUL12' cell in the 'SP013D3_V1p2_typ' technology library does not 
	have corresponding physical cell description. (PSYN-024)
Warning: The 'PBSUL16' cell in the 'SP013D3_V1p2_typ' technology library is being 
	marked as "dont_use". (PSYN-039)
Warning: The 'PBSUL16' cell in the 'SP013D3_V1p2_typ' technology library does not 
	have corresponding physical cell description. (PSYN-024)
Warning: The 'PBSUL24' cell in the 'SP013D3_V1p2_typ' technology library is being 
	marked as "dont_use". (PSYN-039)
Warning: The 'PBSUL24' cell in the 'SP013D3_V1p2_typ' technology library does not 
	have corresponding physical cell description. (PSYN-024)
Warning: The 'PBSUL8' cell in the 'SP013D3_V1p2_typ' technology library is being 
	marked as "dont_use". (PSYN-039)
Warning: The 'PBSUL8' cell in the 'SP013D3_V1p2_typ' technology library does not 
	have corresponding physical cell description. (PSYN-024)
Warning: The 'PBU12' cell in the 'SP013D3_V1p2_typ' technology library is being 
	marked as "dont_use". (PSYN-039)
Warning: The 'PBU12' cell in the 'SP013D3_V1p2_typ' technology library does not 
	have corresponding physical cell description. (PSYN-024)
Warning: The 'PBU16' cell in the 'SP013D3_V1p2_typ' technology library is being 
	marked as "dont_use". (PSYN-039)
Warning: The 'PBU16' cell in the 'SP013D3_V1p2_typ' technology library does not 
	have corresponding physical cell description. (PSYN-024)
Warning: The 'PBU2' cell in the 'SP013D3_V1p2_typ' technology library is being 
	marked as "dont_use". (PSYN-039)
Warning: The 'PBU2' cell in the 'SP013D3_V1p2_typ' technology library does not 
	have corresponding physical cell description. (PSYN-024)
Warning: The 'PBU24' cell in the 'SP013D3_V1p2_typ' technology library is being 
	marked as "dont_use". (PSYN-039)
Warning: The 'PBU24' cell in the 'SP013D3_V1p2_typ' technology library does not 
	have corresponding physical cell description. (PSYN-024)
Warning: The 'PBU4' cell in the 'SP013D3_V1p2_typ' technology library is being 
	marked as "dont_use". (PSYN-039)
Warning: The 'PBU4' cell in the 'SP013D3_V1p2_typ' technology library does not 
	have corresponding physical cell description. (PSYN-024)
Warning: The 'PBU8' cell in the 'SP013D3_V1p2_typ' technology library is being 
	marked as "dont_use". (PSYN-039)
Warning: The 'PBU8' cell in the 'SP013D3_V1p2_typ' technology library does not 
	have corresponding physical cell description. (PSYN-024)
Warning: The 'PBUL12' cell in the 'SP013D3_V1p2_typ' technology library is being 
	marked as "dont_use". (PSYN-039)
Warning: The 'PBUL12' cell in the 'SP013D3_V1p2_typ' technology library does not 
	have corresponding physical cell description. (PSYN-024)
Warning: The 'PBUL16' cell in the 'SP013D3_V1p2_typ' technology library is being 
	marked as "dont_use". (PSYN-039)
Warning: The 'PBUL16' cell in the 'SP013D3_V1p2_typ' technology library does not 
	have corresponding physical cell description. (PSYN-024)
Warning: The 'PBUL24' cell in the 'SP013D3_V1p2_typ' technology library is being 
	marked as "dont_use". (PSYN-039)
Warning: The 'PBUL24' cell in the 'SP013D3_V1p2_typ' technology library does not 
	have corresponding physical cell description. (PSYN-024)
Warning: The 'PBUL8' cell in the 'SP013D3_V1p2_typ' technology library is being 
	marked as "dont_use". (PSYN-039)
Warning: The 'PBUL8' cell in the 'SP013D3_V1p2_typ' technology library does not 
	have corresponding physical cell description. (PSYN-024)
Warning: The 'PI' cell in the 'SP013D3_V1p2_typ' technology library is being 
	marked as "dont_use". (PSYN-039)
Warning: The 'PI' cell in the 'SP013D3_V1p2_typ' technology library does not 
	have corresponding physical cell description. (PSYN-024)
Warning: The 'PICD' cell in the 'SP013D3_V1p2_typ' technology library is being 
	marked as "dont_use". (PSYN-039)
Warning: The 'PICD' cell in the 'SP013D3_V1p2_typ' technology library does not 
	have corresponding physical cell description. (PSYN-024)
Warning: The 'PICU' cell in the 'SP013D3_V1p2_typ' technology library is being 
	marked as "dont_use". (PSYN-039)
Warning: The 'PICU' cell in the 'SP013D3_V1p2_typ' technology library does not 
	have corresponding physical cell description. (PSYN-024)
Warning: The 'PID' cell in the 'SP013D3_V1p2_typ' technology library is being 
	marked as "dont_use". (PSYN-039)
Warning: The 'PID' cell in the 'SP013D3_V1p2_typ' technology library does not 
	have corresponding physical cell description. (PSYN-024)
Warning: The 'PIS' cell in the 'SP013D3_V1p2_typ' technology library is being 
	marked as "dont_use". (PSYN-039)
Warning: The 'PIS' cell in the 'SP013D3_V1p2_typ' technology library does not 
	have corresponding physical cell description. (PSYN-024)
Warning: The 'PISD' cell in the 'SP013D3_V1p2_typ' technology library is being 
	marked as "dont_use". (PSYN-039)
Warning: The 'PISD' cell in the 'SP013D3_V1p2_typ' technology library does not 
	have corresponding physical cell description. (PSYN-024)
Warning: The 'PISU' cell in the 'SP013D3_V1p2_typ' technology library is being 
	marked as "dont_use". (PSYN-039)
Warning: The 'PISU' cell in the 'SP013D3_V1p2_typ' technology library does not 
	have corresponding physical cell description. (PSYN-024)
Warning: The 'PIU' cell in the 'SP013D3_V1p2_typ' technology library is being 
	marked as "dont_use". (PSYN-039)
Warning: The 'PIU' cell in the 'SP013D3_V1p2_typ' technology library does not 
	have corresponding physical cell description. (PSYN-024)
Warning: The 'PO12' cell in the 'SP013D3_V1p2_typ' technology library is being 
	marked as "dont_use". (PSYN-039)
Warning: The 'PO12' cell in the 'SP013D3_V1p2_typ' technology library does not 
	have corresponding physical cell description. (PSYN-024)
Warning: The 'PO16' cell in the 'SP013D3_V1p2_typ' technology library is being 
	marked as "dont_use". (PSYN-039)
Warning: The 'PO16' cell in the 'SP013D3_V1p2_typ' technology library does not 
	have corresponding physical cell description. (PSYN-024)
Warning: The 'PO2' cell in the 'SP013D3_V1p2_typ' technology library is being 
	marked as "dont_use". (PSYN-039)
Warning: The 'PO2' cell in the 'SP013D3_V1p2_typ' technology library does not 
	have corresponding physical cell description. (PSYN-024)
Warning: The 'PO24' cell in the 'SP013D3_V1p2_typ' technology library is being 
	marked as "dont_use". (PSYN-039)
Warning: The 'PO24' cell in the 'SP013D3_V1p2_typ' technology library does not 
	have corresponding physical cell description. (PSYN-024)
Warning: The 'PO4' cell in the 'SP013D3_V1p2_typ' technology library is being 
	marked as "dont_use". (PSYN-039)
Warning: The 'PO4' cell in the 'SP013D3_V1p2_typ' technology library does not 
	have corresponding physical cell description. (PSYN-024)
Warning: The 'PO8' cell in the 'SP013D3_V1p2_typ' technology library is being 
	marked as "dont_use". (PSYN-039)
Warning: The 'PO8' cell in the 'SP013D3_V1p2_typ' technology library does not 
	have corresponding physical cell description. (PSYN-024)
Warning: The 'POL12' cell in the 'SP013D3_V1p2_typ' technology library is being 
	marked as "dont_use". (PSYN-039)
Warning: The 'POL12' cell in the 'SP013D3_V1p2_typ' technology library does not 
	have corresponding physical cell description. (PSYN-024)
Warning: The 'POL16' cell in the 'SP013D3_V1p2_typ' technology library is being 
	marked as "dont_use". (PSYN-039)
Warning: The 'POL16' cell in the 'SP013D3_V1p2_typ' technology library does not 
	have corresponding physical cell description. (PSYN-024)
Warning: The 'POL24' cell in the 'SP013D3_V1p2_typ' technology library is being 
	marked as "dont_use". (PSYN-039)
Warning: The 'POL24' cell in the 'SP013D3_V1p2_typ' technology library does not 
	have corresponding physical cell description. (PSYN-024)
Warning: The 'POL8' cell in the 'SP013D3_V1p2_typ' technology library is being 
	marked as "dont_use". (PSYN-039)
Warning: The 'POL8' cell in the 'SP013D3_V1p2_typ' technology library does not 
	have corresponding physical cell description. (PSYN-024)
Warning: The 'POT12' cell in the 'SP013D3_V1p2_typ' technology library is being 
	marked as "dont_use". (PSYN-039)
Warning: The 'POT12' cell in the 'SP013D3_V1p2_typ' technology library does not 
	have corresponding physical cell description. (PSYN-024)
Warning: The 'POT16' cell in the 'SP013D3_V1p2_typ' technology library is being 
	marked as "dont_use". (PSYN-039)
Warning: The 'POT16' cell in the 'SP013D3_V1p2_typ' technology library does not 
	have corresponding physical cell description. (PSYN-024)
Warning: The 'POT2' cell in the 'SP013D3_V1p2_typ' technology library is being 
	marked as "dont_use". (PSYN-039)
Warning: The 'POT2' cell in the 'SP013D3_V1p2_typ' technology library does not 
	have corresponding physical cell description. (PSYN-024)
Warning: The 'POT24' cell in the 'SP013D3_V1p2_typ' technology library is being 
	marked as "dont_use". (PSYN-039)
Warning: The 'POT24' cell in the 'SP013D3_V1p2_typ' technology library does not 
	have corresponding physical cell description. (PSYN-024)
Warning: The 'POT4' cell in the 'SP013D3_V1p2_typ' technology library is being 
	marked as "dont_use". (PSYN-039)
Warning: The 'POT4' cell in the 'SP013D3_V1p2_typ' technology library does not 
	have corresponding physical cell description. (PSYN-024)
Warning: The 'POT8' cell in the 'SP013D3_V1p2_typ' technology library is being 
	marked as "dont_use". (PSYN-039)
Warning: The 'POT8' cell in the 'SP013D3_V1p2_typ' technology library does not 
	have corresponding physical cell description. (PSYN-024)
Warning: The 'POTL12' cell in the 'SP013D3_V1p2_typ' technology library is being 
	marked as "dont_use". (PSYN-039)
Warning: The 'POTL12' cell in the 'SP013D3_V1p2_typ' technology library does not 
	have corresponding physical cell description. (PSYN-024)
Warning: The 'POTL16' cell in the 'SP013D3_V1p2_typ' technology library is being 
	marked as "dont_use". (PSYN-039)
Warning: The 'POTL16' cell in the 'SP013D3_V1p2_typ' technology library does not 
	have corresponding physical cell description. (PSYN-024)
Warning: The 'POTL24' cell in the 'SP013D3_V1p2_typ' technology library is being 
	marked as "dont_use". (PSYN-039)
Warning: The 'POTL24' cell in the 'SP013D3_V1p2_typ' technology library does not 
	have corresponding physical cell description. (PSYN-024)
Warning: The 'POTL8' cell in the 'SP013D3_V1p2_typ' technology library is being 
	marked as "dont_use". (PSYN-039)
Warning: The 'POTL8' cell in the 'SP013D3_V1p2_typ' technology library does not 
	have corresponding physical cell description. (PSYN-024)
Warning: The 'PX1' cell in the 'SP013D3_V1p2_typ' technology library is being 
	marked as "dont_use". (PSYN-039)
Warning: The 'PX1' cell in the 'SP013D3_V1p2_typ' technology library does not 
	have corresponding physical cell description. (PSYN-024)
Warning: The 'PX2' cell in the 'SP013D3_V1p2_typ' technology library is being 
	marked as "dont_use". (PSYN-039)
Warning: The 'PX2' cell in the 'SP013D3_V1p2_typ' technology library does not 
	have corresponding physical cell description. (PSYN-024)
Warning: The 'PX3' cell in the 'SP013D3_V1p2_typ' technology library is being 
	marked as "dont_use". (PSYN-039)
Warning: The 'PX3' cell in the 'SP013D3_V1p2_typ' technology library does not 
	have corresponding physical cell description. (PSYN-024)
Warning: The 'PXWE1' cell in the 'SP013D3_V1p2_typ' technology library is being 
	marked as "dont_use". (PSYN-039)
Warning: The 'PXWE1' cell in the 'SP013D3_V1p2_typ' technology library does not 
	have corresponding physical cell description. (PSYN-024)
Warning: The 'PXWE2' cell in the 'SP013D3_V1p2_typ' technology library is being 
	marked as "dont_use". (PSYN-039)
Warning: The 'PXWE2' cell in the 'SP013D3_V1p2_typ' technology library does not 
	have corresponding physical cell description. (PSYN-024)
Warning: The 'PXWE3' cell in the 'SP013D3_V1p2_typ' technology library is being 
	marked as "dont_use". (PSYN-039)
Warning: The 'PXWE3' cell in the 'SP013D3_V1p2_typ' technology library does not 
	have corresponding physical cell description. (PSYN-024)
Warning: The 'PCI3B' cell in the 'SP013D3_V1p2_typ' technology library is being 
	marked as "dont_use". (PSYN-039)
Warning: The 'PCI3B' cell in the 'SP013D3_V1p2_typ' technology library does not 
	have corresponding physical cell description. (PSYN-024)
Warning: The 'PCI3BS' cell in the 'SP013D3_V1p2_typ' technology library is being 
	marked as "dont_use". (PSYN-039)
Warning: The 'PCI3BS' cell in the 'SP013D3_V1p2_typ' technology library does not 
	have corresponding physical cell description. (PSYN-024)
Warning: The 'PCI6B' cell in the 'SP013D3_V1p2_typ' technology library is being 
	marked as "dont_use". (PSYN-039)
Warning: The 'PCI6B' cell in the 'SP013D3_V1p2_typ' technology library does not 
	have corresponding physical cell description. (PSYN-024)
Warning: The 'PCI6BS' cell in the 'SP013D3_V1p2_typ' technology library is being 
	marked as "dont_use". (PSYN-039)
Warning: The 'PCI6BS' cell in the 'SP013D3_V1p2_typ' technology library does not 
	have corresponding physical cell description. (PSYN-024)
Warning: The 'PANA3AP' cell in the 'SP013D3_V1p2_typ' technology library is being 
	marked as "dont_use". (PSYN-039)
Warning: The 'PANA3AP' cell in the 'SP013D3_V1p2_typ' technology library does not 
	have corresponding physical cell description. (PSYN-024)
Warning: The 'PANA1AP' cell in the 'SP013D3_V1p2_typ' technology library is being 
	marked as "dont_use". (PSYN-039)
Warning: The 'PANA1AP' cell in the 'SP013D3_V1p2_typ' technology library does not 
	have corresponding physical cell description. (PSYN-024)
Warning: The 'PANA1AP1' cell in the 'SP013D3_V1p2_typ' technology library is being 
	marked as "dont_use". (PSYN-039)
Warning: The 'PANA1AP1' cell in the 'SP013D3_V1p2_typ' technology library does not 
	have corresponding physical cell description. (PSYN-024)
Warning: The 'PANA2AP' cell in the 'SP013D3_V1p2_typ' technology library is being 
	marked as "dont_use". (PSYN-039)
Warning: The 'PANA2AP' cell in the 'SP013D3_V1p2_typ' technology library does not 
	have corresponding physical cell description. (PSYN-024)
Warning: The 'PANA2AP1' cell in the 'SP013D3_V1p2_typ' technology library is being 
	marked as "dont_use". (PSYN-039)
Warning: The 'PANA2AP1' cell in the 'SP013D3_V1p2_typ' technology library does not 
	have corresponding physical cell description. (PSYN-024)
Warning: The 'PANA4AP' cell in the 'SP013D3_V1p2_typ' technology library is being 
	marked as "dont_use". (PSYN-039)
Warning: The 'PANA4AP' cell in the 'SP013D3_V1p2_typ' technology library does not 
	have corresponding physical cell description. (PSYN-024)
Warning: The 'PDIODE' cell in the 'SP013D3_V1p2_typ' technology library is being 
	marked as "dont_use". (PSYN-039)
Warning: The 'PDIODE' cell in the 'SP013D3_V1p2_typ' technology library does not 
	have corresponding physical cell description. (PSYN-024)
Warning: The 'PDIODE8' cell in the 'SP013D3_V1p2_typ' technology library is being 
	marked as "dont_use". (PSYN-039)
Warning: The 'PDIODE8' cell in the 'SP013D3_V1p2_typ' technology library does not 
	have corresponding physical cell description. (PSYN-024)
Warning: The 'PVDD1' cell in the 'SP013D3_V1p2_typ' technology library is being 
	marked as "dont_use". (PSYN-039)
Warning: The 'PVDD1' cell in the 'SP013D3_V1p2_typ' technology library does not 
	have corresponding physical cell description. (PSYN-024)
Warning: The 'PVDD1AP' cell in the 'SP013D3_V1p2_typ' technology library is being 
	marked as "dont_use". (PSYN-039)
Warning: The 'PVDD1AP' cell in the 'SP013D3_V1p2_typ' technology library does not 
	have corresponding physical cell description. (PSYN-024)
Warning: The 'PVDD1AP1' cell in the 'SP013D3_V1p2_typ' technology library is being 
	marked as "dont_use". (PSYN-039)
Warning: The 'PVDD1AP1' cell in the 'SP013D3_V1p2_typ' technology library does not 
	have corresponding physical cell description. (PSYN-024)
Warning: The 'PVDD1ANP' cell in the 'SP013D3_V1p2_typ' technology library is being 
	marked as "dont_use". (PSYN-039)
Warning: The 'PVDD1ANP' cell in the 'SP013D3_V1p2_typ' technology library does not 
	have corresponding physical cell description. (PSYN-024)
Warning: The 'PVDD1CANP' cell in the 'SP013D3_V1p2_typ' technology library is being 
	marked as "dont_use". (PSYN-039)
Warning: The 'PVDD1CANP' cell in the 'SP013D3_V1p2_typ' technology library does not 
	have corresponding physical cell description. (PSYN-024)
Warning: The 'PVDD1CAP' cell in the 'SP013D3_V1p2_typ' technology library is being 
	marked as "dont_use". (PSYN-039)
Warning: The 'PVDD1CAP' cell in the 'SP013D3_V1p2_typ' technology library does not 
	have corresponding physical cell description. (PSYN-024)
Warning: The 'PVDD1CAP1' cell in the 'SP013D3_V1p2_typ' technology library is being 
	marked as "dont_use". (PSYN-039)
Warning: The 'PVDD1CAP1' cell in the 'SP013D3_V1p2_typ' technology library does not 
	have corresponding physical cell description. (PSYN-024)
Warning: The 'PVDD3AP' cell in the 'SP013D3_V1p2_typ' technology library is being 
	marked as "dont_use". (PSYN-039)
Warning: The 'PVDD3AP' cell in the 'SP013D3_V1p2_typ' technology library does not 
	have corresponding physical cell description. (PSYN-024)
Warning: The 'PVDD3CAP' cell in the 'SP013D3_V1p2_typ' technology library is being 
	marked as "dont_use". (PSYN-039)
Warning: The 'PVDD3CAP' cell in the 'SP013D3_V1p2_typ' technology library does not 
	have corresponding physical cell description. (PSYN-024)
Warning: The 'PVSS1' cell in the 'SP013D3_V1p2_typ' technology library is being 
	marked as "dont_use". (PSYN-039)
Warning: The 'PVSS1' cell in the 'SP013D3_V1p2_typ' technology library does not 
	have corresponding physical cell description. (PSYN-024)
Warning: The 'PVSS1AP' cell in the 'SP013D3_V1p2_typ' technology library is being 
	marked as "dont_use". (PSYN-039)
Warning: The 'PVSS1AP' cell in the 'SP013D3_V1p2_typ' technology library does not 
	have corresponding physical cell description. (PSYN-024)
Warning: The 'PVSS1AP1' cell in the 'SP013D3_V1p2_typ' technology library is being 
	marked as "dont_use". (PSYN-039)
Warning: The 'PVSS1AP1' cell in the 'SP013D3_V1p2_typ' technology library does not 
	have corresponding physical cell description. (PSYN-024)
Warning: The 'PVSS1CANP' cell in the 'SP013D3_V1p2_typ' technology library is being 
	marked as "dont_use". (PSYN-039)
Warning: The 'PVSS1CANP' cell in the 'SP013D3_V1p2_typ' technology library does not 
	have corresponding physical cell description. (PSYN-024)
Warning: The 'PVSS1CAP' cell in the 'SP013D3_V1p2_typ' technology library is being 
	marked as "dont_use". (PSYN-039)
Warning: The 'PVSS1CAP' cell in the 'SP013D3_V1p2_typ' technology library does not 
	have corresponding physical cell description. (PSYN-024)
Warning: The 'PVSS1ANP' cell in the 'SP013D3_V1p2_typ' technology library is being 
	marked as "dont_use". (PSYN-039)
Warning: The 'PVSS1ANP' cell in the 'SP013D3_V1p2_typ' technology library does not 
	have corresponding physical cell description. (PSYN-024)
Warning: The 'PVSS1CAP1' cell in the 'SP013D3_V1p2_typ' technology library is being 
	marked as "dont_use". (PSYN-039)
Warning: The 'PVSS1CAP1' cell in the 'SP013D3_V1p2_typ' technology library does not 
	have corresponding physical cell description. (PSYN-024)
Warning: The 'PVSS3' cell in the 'SP013D3_V1p2_typ' technology library is being 
	marked as "dont_use". (PSYN-039)
Warning: The 'PVSS3' cell in the 'SP013D3_V1p2_typ' technology library does not 
	have corresponding physical cell description. (PSYN-024)
Warning: The 'PVSS3AP' cell in the 'SP013D3_V1p2_typ' technology library is being 
	marked as "dont_use". (PSYN-039)
Warning: The 'PVSS3AP' cell in the 'SP013D3_V1p2_typ' technology library does not 
	have corresponding physical cell description. (PSYN-024)
Warning: The 'PVSS3CAP' cell in the 'SP013D3_V1p2_typ' technology library is being 
	marked as "dont_use". (PSYN-039)
Warning: The 'PVSS3CAP' cell in the 'SP013D3_V1p2_typ' technology library does not 
	have corresponding physical cell description. (PSYN-024)
Warning: The 'PVPP' cell in the 'SP013D3_V1p2_typ' technology library is being 
	marked as "dont_use". (PSYN-039)
Warning: The 'PVPP' cell in the 'SP013D3_V1p2_typ' technology library does not 
	have corresponding physical cell description. (PSYN-024)
Warning: The 'P1DIODE' cell in the 'SP013D3_V1p2_typ' technology library is being 
	marked as "dont_use". (PSYN-039)
Warning: The 'P1DIODE' cell in the 'SP013D3_V1p2_typ' technology library does not 
	have corresponding physical cell description. (PSYN-024)
Warning: The 'P1DIODE8' cell in the 'SP013D3_V1p2_typ' technology library is being 
	marked as "dont_use". (PSYN-039)
Warning: The 'P1DIODE8' cell in the 'SP013D3_V1p2_typ' technology library does not 
	have corresponding physical cell description. (PSYN-024)
Warning: The 'PVDD1CE' cell in the 'SP013D3_V1p2_typ' technology library is being 
	marked as "dont_use". (PSYN-039)
Warning: The 'PVDD1CE' cell in the 'SP013D3_V1p2_typ' technology library does not 
	have corresponding physical cell description. (PSYN-024)
Warning: Cell PVDD1CE has no orientation; check FRAM library library /home/eda/lib/smic/SP013D3_V1p4/apollo/SP013D3_V1p2_8MT cell symmetry.  (PSYN-650)
Warning: Cell PVDD1CE orientation is set to the default. (PSYN-651)
Warning: Cell P1DIODE8 has no orientation; check FRAM library library /home/eda/lib/smic/SP013D3_V1p4/apollo/SP013D3_V1p2_8MT cell symmetry.  (PSYN-650)
Warning: Cell P1DIODE8 orientation is set to the default. (PSYN-651)
Warning: Cell P1DIODE has no orientation; check FRAM library library /home/eda/lib/smic/SP013D3_V1p4/apollo/SP013D3_V1p2_8MT cell symmetry.  (PSYN-650)
Warning: Cell P1DIODE orientation is set to the default. (PSYN-651)
Warning: Cell PVPP has no orientation; check FRAM library library /home/eda/lib/smic/SP013D3_V1p4/apollo/SP013D3_V1p2_8MT cell symmetry.  (PSYN-650)
Warning: Cell PVPP orientation is set to the default. (PSYN-651)
Warning: Cell PVSS3CAP has no orientation; check FRAM library library /home/eda/lib/smic/SP013D3_V1p4/apollo/SP013D3_V1p2_8MT cell symmetry.  (PSYN-650)
Warning: Cell PVSS3CAP orientation is set to the default. (PSYN-651)
Warning: Cell PVSS3AP has no orientation; check FRAM library library /home/eda/lib/smic/SP013D3_V1p4/apollo/SP013D3_V1p2_8MT cell symmetry.  (PSYN-650)
Warning: Cell PVSS3AP orientation is set to the default. (PSYN-651)
Warning: Cell PVSS3 has no orientation; check FRAM library library /home/eda/lib/smic/SP013D3_V1p4/apollo/SP013D3_V1p2_8MT cell symmetry.  (PSYN-650)
Warning: Cell PVSS3 orientation is set to the default. (PSYN-651)
Warning: Cell PVSS1CAP1 has no orientation; check FRAM library library /home/eda/lib/smic/SP013D3_V1p4/apollo/SP013D3_V1p2_8MT cell symmetry.  (PSYN-650)
Warning: Cell PVSS1CAP1 orientation is set to the default. (PSYN-651)
Warning: Cell PVSS1ANP has no orientation; check FRAM library library /home/eda/lib/smic/SP013D3_V1p4/apollo/SP013D3_V1p2_8MT cell symmetry.  (PSYN-650)
Warning: Cell PVSS1ANP orientation is set to the default. (PSYN-651)
Warning: Cell PVSS1CAP has no orientation; check FRAM library library /home/eda/lib/smic/SP013D3_V1p4/apollo/SP013D3_V1p2_8MT cell symmetry.  (PSYN-650)
Warning: Cell PVSS1CAP orientation is set to the default. (PSYN-651)
Warning: Cell PVSS1CANP has no orientation; check FRAM library library /home/eda/lib/smic/SP013D3_V1p4/apollo/SP013D3_V1p2_8MT cell symmetry.  (PSYN-650)
Warning: Cell PVSS1CANP orientation is set to the default. (PSYN-651)
Warning: Cell PVSS1AP1 has no orientation; check FRAM library library /home/eda/lib/smic/SP013D3_V1p4/apollo/SP013D3_V1p2_8MT cell symmetry.  (PSYN-650)
Warning: Cell PVSS1AP1 orientation is set to the default. (PSYN-651)
Warning: Cell PVSS1AP has no orientation; check FRAM library library /home/eda/lib/smic/SP013D3_V1p4/apollo/SP013D3_V1p2_8MT cell symmetry.  (PSYN-650)
Warning: Cell PVSS1AP orientation is set to the default. (PSYN-651)
Warning: Cell PVSS1 has no orientation; check FRAM library library /home/eda/lib/smic/SP013D3_V1p4/apollo/SP013D3_V1p2_8MT cell symmetry.  (PSYN-650)
Warning: Cell PVSS1 orientation is set to the default. (PSYN-651)
Warning: Cell PVDD3CAP has no orientation; check FRAM library library /home/eda/lib/smic/SP013D3_V1p4/apollo/SP013D3_V1p2_8MT cell symmetry.  (PSYN-650)
Warning: Cell PVDD3CAP orientation is set to the default. (PSYN-651)
Warning: Cell PVDD3AP has no orientation; check FRAM library library /home/eda/lib/smic/SP013D3_V1p4/apollo/SP013D3_V1p2_8MT cell symmetry.  (PSYN-650)
Warning: Cell PVDD3AP orientation is set to the default. (PSYN-651)
Warning: Cell PVDD1CAP1 has no orientation; check FRAM library library /home/eda/lib/smic/SP013D3_V1p4/apollo/SP013D3_V1p2_8MT cell symmetry.  (PSYN-650)
Warning: Cell PVDD1CAP1 orientation is set to the default. (PSYN-651)
Warning: Cell PVDD1CAP has no orientation; check FRAM library library /home/eda/lib/smic/SP013D3_V1p4/apollo/SP013D3_V1p2_8MT cell symmetry.  (PSYN-650)
Warning: Cell PVDD1CAP orientation is set to the default. (PSYN-651)
Warning: Cell PVDD1CANP has no orientation; check FRAM library library /home/eda/lib/smic/SP013D3_V1p4/apollo/SP013D3_V1p2_8MT cell symmetry.  (PSYN-650)
Warning: Cell PVDD1CANP orientation is set to the default. (PSYN-651)
Warning: Cell PVDD1ANP has no orientation; check FRAM library library /home/eda/lib/smic/SP013D3_V1p4/apollo/SP013D3_V1p2_8MT cell symmetry.  (PSYN-650)
Warning: Cell PVDD1ANP orientation is set to the default. (PSYN-651)
Warning: Cell PVDD1AP1 has no orientation; check FRAM library library /home/eda/lib/smic/SP013D3_V1p4/apollo/SP013D3_V1p2_8MT cell symmetry.  (PSYN-650)
Warning: Cell PVDD1AP1 orientation is set to the default. (PSYN-651)
Warning: Cell PVDD1AP has no orientation; check FRAM library library /home/eda/lib/smic/SP013D3_V1p4/apollo/SP013D3_V1p2_8MT cell symmetry.  (PSYN-650)
Warning: Cell PVDD1AP orientation is set to the default. (PSYN-651)
Warning: Cell PVDD1 has no orientation; check FRAM library library /home/eda/lib/smic/SP013D3_V1p4/apollo/SP013D3_V1p2_8MT cell symmetry.  (PSYN-650)
Warning: Cell PVDD1 orientation is set to the default. (PSYN-651)
Warning: Cell PDIODE8 has no orientation; check FRAM library library /home/eda/lib/smic/SP013D3_V1p4/apollo/SP013D3_V1p2_8MT cell symmetry.  (PSYN-650)
Warning: Cell PDIODE8 orientation is set to the default. (PSYN-651)
Warning: Cell PDIODE has no orientation; check FRAM library library /home/eda/lib/smic/SP013D3_V1p4/apollo/SP013D3_V1p2_8MT cell symmetry.  (PSYN-650)
Warning: Cell PDIODE orientation is set to the default. (PSYN-651)
Warning: Cell PANA4AP has no orientation; check FRAM library library /home/eda/lib/smic/SP013D3_V1p4/apollo/SP013D3_V1p2_8MT cell symmetry.  (PSYN-650)
Warning: Cell PANA4AP orientation is set to the default. (PSYN-651)
Warning: Cell PANA2AP1 has no orientation; check FRAM library library /home/eda/lib/smic/SP013D3_V1p4/apollo/SP013D3_V1p2_8MT cell symmetry.  (PSYN-650)
Warning: Cell PANA2AP1 orientation is set to the default. (PSYN-651)
Warning: Cell PANA2AP has no orientation; check FRAM library library /home/eda/lib/smic/SP013D3_V1p4/apollo/SP013D3_V1p2_8MT cell symmetry.  (PSYN-650)
Warning: Cell PANA2AP orientation is set to the default. (PSYN-651)
Warning: Cell PANA1AP1 has no orientation; check FRAM library library /home/eda/lib/smic/SP013D3_V1p4/apollo/SP013D3_V1p2_8MT cell symmetry.  (PSYN-650)
Warning: Cell PANA1AP1 orientation is set to the default. (PSYN-651)
Warning: Cell PANA1AP has no orientation; check FRAM library library /home/eda/lib/smic/SP013D3_V1p4/apollo/SP013D3_V1p2_8MT cell symmetry.  (PSYN-650)
Warning: Cell PANA1AP orientation is set to the default. (PSYN-651)
Warning: Cell PANA3AP has no orientation; check FRAM library library /home/eda/lib/smic/SP013D3_V1p4/apollo/SP013D3_V1p2_8MT cell symmetry.  (PSYN-650)
Warning: Cell PANA3AP orientation is set to the default. (PSYN-651)
Warning: Cell PCI6BS has no orientation; check FRAM library library /home/eda/lib/smic/SP013D3_V1p4/apollo/SP013D3_V1p2_8MT cell symmetry.  (PSYN-650)
Warning: Cell PCI6BS orientation is set to the default. (PSYN-651)
Warning: Cell PCI6B has no orientation; check FRAM library library /home/eda/lib/smic/SP013D3_V1p4/apollo/SP013D3_V1p2_8MT cell symmetry.  (PSYN-650)
Warning: Cell PCI6B orientation is set to the default. (PSYN-651)
Warning: Cell PCI3BS has no orientation; check FRAM library library /home/eda/lib/smic/SP013D3_V1p4/apollo/SP013D3_V1p2_8MT cell symmetry.  (PSYN-650)
Warning: Cell PCI3BS orientation is set to the default. (PSYN-651)
Warning: Cell PCI3B has no orientation; check FRAM library library /home/eda/lib/smic/SP013D3_V1p4/apollo/SP013D3_V1p2_8MT cell symmetry.  (PSYN-650)
Warning: Cell PCI3B orientation is set to the default. (PSYN-651)
Warning: Cell PXWE3 has no orientation; check FRAM library library /home/eda/lib/smic/SP013D3_V1p4/apollo/SP013D3_V1p2_8MT cell symmetry.  (PSYN-650)
Warning: Cell PXWE3 orientation is set to the default. (PSYN-651)
Warning: Cell PXWE2 has no orientation; check FRAM library library /home/eda/lib/smic/SP013D3_V1p4/apollo/SP013D3_V1p2_8MT cell symmetry.  (PSYN-650)
Warning: Cell PXWE2 orientation is set to the default. (PSYN-651)
Warning: Cell PXWE1 has no orientation; check FRAM library library /home/eda/lib/smic/SP013D3_V1p4/apollo/SP013D3_V1p2_8MT cell symmetry.  (PSYN-650)
Warning: Cell PXWE1 orientation is set to the default. (PSYN-651)
Warning: Cell PX3 has no orientation; check FRAM library library /home/eda/lib/smic/SP013D3_V1p4/apollo/SP013D3_V1p2_8MT cell symmetry.  (PSYN-650)
Warning: Cell PX3 orientation is set to the default. (PSYN-651)
Warning: Cell PX2 has no orientation; check FRAM library library /home/eda/lib/smic/SP013D3_V1p4/apollo/SP013D3_V1p2_8MT cell symmetry.  (PSYN-650)
Warning: Cell PX2 orientation is set to the default. (PSYN-651)
Warning: Cell PX1 has no orientation; check FRAM library library /home/eda/lib/smic/SP013D3_V1p4/apollo/SP013D3_V1p2_8MT cell symmetry.  (PSYN-650)
Warning: Cell PX1 orientation is set to the default. (PSYN-651)
Warning: Cell POTL8 has no orientation; check FRAM library library /home/eda/lib/smic/SP013D3_V1p4/apollo/SP013D3_V1p2_8MT cell symmetry.  (PSYN-650)
Warning: Cell POTL8 orientation is set to the default. (PSYN-651)
Warning: Cell POTL24 has no orientation; check FRAM library library /home/eda/lib/smic/SP013D3_V1p4/apollo/SP013D3_V1p2_8MT cell symmetry.  (PSYN-650)
Warning: Cell POTL24 orientation is set to the default. (PSYN-651)
Warning: Cell POTL16 has no orientation; check FRAM library library /home/eda/lib/smic/SP013D3_V1p4/apollo/SP013D3_V1p2_8MT cell symmetry.  (PSYN-650)
Warning: Cell POTL16 orientation is set to the default. (PSYN-651)
Warning: Cell POTL12 has no orientation; check FRAM library library /home/eda/lib/smic/SP013D3_V1p4/apollo/SP013D3_V1p2_8MT cell symmetry.  (PSYN-650)
Warning: Cell POTL12 orientation is set to the default. (PSYN-651)
Warning: Cell POT8 has no orientation; check FRAM library library /home/eda/lib/smic/SP013D3_V1p4/apollo/SP013D3_V1p2_8MT cell symmetry.  (PSYN-650)
Warning: Cell POT8 orientation is set to the default. (PSYN-651)
Warning: Cell POT4 has no orientation; check FRAM library library /home/eda/lib/smic/SP013D3_V1p4/apollo/SP013D3_V1p2_8MT cell symmetry.  (PSYN-650)
Warning: Cell POT4 orientation is set to the default. (PSYN-651)
Warning: Cell POT24 has no orientation; check FRAM library library /home/eda/lib/smic/SP013D3_V1p4/apollo/SP013D3_V1p2_8MT cell symmetry.  (PSYN-650)
Warning: Cell POT24 orientation is set to the default. (PSYN-651)
Warning: Cell POT2 has no orientation; check FRAM library library /home/eda/lib/smic/SP013D3_V1p4/apollo/SP013D3_V1p2_8MT cell symmetry.  (PSYN-650)
Warning: Cell POT2 orientation is set to the default. (PSYN-651)
Warning: Cell POT16 has no orientation; check FRAM library library /home/eda/lib/smic/SP013D3_V1p4/apollo/SP013D3_V1p2_8MT cell symmetry.  (PSYN-650)
Warning: Cell POT16 orientation is set to the default. (PSYN-651)
Warning: Cell POT12 has no orientation; check FRAM library library /home/eda/lib/smic/SP013D3_V1p4/apollo/SP013D3_V1p2_8MT cell symmetry.  (PSYN-650)
Warning: Cell POT12 orientation is set to the default. (PSYN-651)
Warning: Cell POL8 has no orientation; check FRAM library library /home/eda/lib/smic/SP013D3_V1p4/apollo/SP013D3_V1p2_8MT cell symmetry.  (PSYN-650)
Warning: Cell POL8 orientation is set to the default. (PSYN-651)
Warning: Cell POL24 has no orientation; check FRAM library library /home/eda/lib/smic/SP013D3_V1p4/apollo/SP013D3_V1p2_8MT cell symmetry.  (PSYN-650)
Warning: Cell POL24 orientation is set to the default. (PSYN-651)
Warning: Cell POL16 has no orientation; check FRAM library library /home/eda/lib/smic/SP013D3_V1p4/apollo/SP013D3_V1p2_8MT cell symmetry.  (PSYN-650)
Warning: Cell POL16 orientation is set to the default. (PSYN-651)
Warning: Cell POL12 has no orientation; check FRAM library library /home/eda/lib/smic/SP013D3_V1p4/apollo/SP013D3_V1p2_8MT cell symmetry.  (PSYN-650)
Warning: Cell POL12 orientation is set to the default. (PSYN-651)
Warning: Cell PO8 has no orientation; check FRAM library library /home/eda/lib/smic/SP013D3_V1p4/apollo/SP013D3_V1p2_8MT cell symmetry.  (PSYN-650)
Warning: Cell PO8 orientation is set to the default. (PSYN-651)
Warning: Cell PO4 has no orientation; check FRAM library library /home/eda/lib/smic/SP013D3_V1p4/apollo/SP013D3_V1p2_8MT cell symmetry.  (PSYN-650)
Warning: Cell PO4 orientation is set to the default. (PSYN-651)
Warning: Cell PO24 has no orientation; check FRAM library library /home/eda/lib/smic/SP013D3_V1p4/apollo/SP013D3_V1p2_8MT cell symmetry.  (PSYN-650)
Warning: Cell PO24 orientation is set to the default. (PSYN-651)
Warning: Cell PO2 has no orientation; check FRAM library library /home/eda/lib/smic/SP013D3_V1p4/apollo/SP013D3_V1p2_8MT cell symmetry.  (PSYN-650)
Warning: Cell PO2 orientation is set to the default. (PSYN-651)
Warning: Cell PO16 has no orientation; check FRAM library library /home/eda/lib/smic/SP013D3_V1p4/apollo/SP013D3_V1p2_8MT cell symmetry.  (PSYN-650)
Warning: Cell PO16 orientation is set to the default. (PSYN-651)
Warning: Cell PO12 has no orientation; check FRAM library library /home/eda/lib/smic/SP013D3_V1p4/apollo/SP013D3_V1p2_8MT cell symmetry.  (PSYN-650)
Warning: Cell PO12 orientation is set to the default. (PSYN-651)
Warning: Cell PIU has no orientation; check FRAM library library /home/eda/lib/smic/SP013D3_V1p4/apollo/SP013D3_V1p2_8MT cell symmetry.  (PSYN-650)
Warning: Cell PIU orientation is set to the default. (PSYN-651)
Warning: Cell PISU has no orientation; check FRAM library library /home/eda/lib/smic/SP013D3_V1p4/apollo/SP013D3_V1p2_8MT cell symmetry.  (PSYN-650)
Warning: Cell PISU orientation is set to the default. (PSYN-651)
Warning: Cell PISD has no orientation; check FRAM library library /home/eda/lib/smic/SP013D3_V1p4/apollo/SP013D3_V1p2_8MT cell symmetry.  (PSYN-650)
Warning: Cell PISD orientation is set to the default. (PSYN-651)
Warning: Cell PIS has no orientation; check FRAM library library /home/eda/lib/smic/SP013D3_V1p4/apollo/SP013D3_V1p2_8MT cell symmetry.  (PSYN-650)
Warning: Cell PIS orientation is set to the default. (PSYN-651)
Warning: Cell PID has no orientation; check FRAM library library /home/eda/lib/smic/SP013D3_V1p4/apollo/SP013D3_V1p2_8MT cell symmetry.  (PSYN-650)
Warning: Cell PID orientation is set to the default. (PSYN-651)
Warning: Cell PICU has no orientation; check FRAM library library /home/eda/lib/smic/SP013D3_V1p4/apollo/SP013D3_V1p2_8MT cell symmetry.  (PSYN-650)
Warning: Cell PICU orientation is set to the default. (PSYN-651)
Warning: Cell PICD has no orientation; check FRAM library library /home/eda/lib/smic/SP013D3_V1p4/apollo/SP013D3_V1p2_8MT cell symmetry.  (PSYN-650)
Warning: Cell PICD orientation is set to the default. (PSYN-651)
Warning: Cell PI has no orientation; check FRAM library library /home/eda/lib/smic/SP013D3_V1p4/apollo/SP013D3_V1p2_8MT cell symmetry.  (PSYN-650)
Warning: Cell PI orientation is set to the default. (PSYN-651)
Warning: Cell PBUL8 has no orientation; check FRAM library library /home/eda/lib/smic/SP013D3_V1p4/apollo/SP013D3_V1p2_8MT cell symmetry.  (PSYN-650)
Warning: Cell PBUL8 orientation is set to the default. (PSYN-651)
Warning: Cell PBUL24 has no orientation; check FRAM library library /home/eda/lib/smic/SP013D3_V1p4/apollo/SP013D3_V1p2_8MT cell symmetry.  (PSYN-650)
Warning: Cell PBUL24 orientation is set to the default. (PSYN-651)
Warning: Cell PBUL16 has no orientation; check FRAM library library /home/eda/lib/smic/SP013D3_V1p4/apollo/SP013D3_V1p2_8MT cell symmetry.  (PSYN-650)
Warning: Cell PBUL16 orientation is set to the default. (PSYN-651)
Warning: Cell PBUL12 has no orientation; check FRAM library library /home/eda/lib/smic/SP013D3_V1p4/apollo/SP013D3_V1p2_8MT cell symmetry.  (PSYN-650)
Warning: Cell PBUL12 orientation is set to the default. (PSYN-651)
Warning: Cell PBU8 has no orientation; check FRAM library library /home/eda/lib/smic/SP013D3_V1p4/apollo/SP013D3_V1p2_8MT cell symmetry.  (PSYN-650)
Warning: Cell PBU8 orientation is set to the default. (PSYN-651)
Warning: Cell PBU4 has no orientation; check FRAM library library /home/eda/lib/smic/SP013D3_V1p4/apollo/SP013D3_V1p2_8MT cell symmetry.  (PSYN-650)
Warning: Cell PBU4 orientation is set to the default. (PSYN-651)
Warning: Cell PBU24 has no orientation; check FRAM library library /home/eda/lib/smic/SP013D3_V1p4/apollo/SP013D3_V1p2_8MT cell symmetry.  (PSYN-650)
Warning: Cell PBU24 orientation is set to the default. (PSYN-651)
Warning: Cell PBU2 has no orientation; check FRAM library library /home/eda/lib/smic/SP013D3_V1p4/apollo/SP013D3_V1p2_8MT cell symmetry.  (PSYN-650)
Warning: Cell PBU2 orientation is set to the default. (PSYN-651)
Warning: Cell PBU16 has no orientation; check FRAM library library /home/eda/lib/smic/SP013D3_V1p4/apollo/SP013D3_V1p2_8MT cell symmetry.  (PSYN-650)
Warning: Cell PBU16 orientation is set to the default. (PSYN-651)
Warning: Cell PBU12 has no orientation; check FRAM library library /home/eda/lib/smic/SP013D3_V1p4/apollo/SP013D3_V1p2_8MT cell symmetry.  (PSYN-650)
Warning: Cell PBU12 orientation is set to the default. (PSYN-651)
Warning: Cell PBSUL8 has no orientation; check FRAM library library /home/eda/lib/smic/SP013D3_V1p4/apollo/SP013D3_V1p2_8MT cell symmetry.  (PSYN-650)
Warning: Cell PBSUL8 orientation is set to the default. (PSYN-651)
Warning: Cell PBSUL24 has no orientation; check FRAM library library /home/eda/lib/smic/SP013D3_V1p4/apollo/SP013D3_V1p2_8MT cell symmetry.  (PSYN-650)
Warning: Cell PBSUL24 orientation is set to the default. (PSYN-651)
Warning: Cell PBSUL16 has no orientation; check FRAM library library /home/eda/lib/smic/SP013D3_V1p4/apollo/SP013D3_V1p2_8MT cell symmetry.  (PSYN-650)
Warning: Cell PBSUL16 orientation is set to the default. (PSYN-651)
Warning: Cell PBSUL12 has no orientation; check FRAM library library /home/eda/lib/smic/SP013D3_V1p4/apollo/SP013D3_V1p2_8MT cell symmetry.  (PSYN-650)
Warning: Cell PBSUL12 orientation is set to the default. (PSYN-651)
Warning: Cell PBSU8 has no orientation; check FRAM library library /home/eda/lib/smic/SP013D3_V1p4/apollo/SP013D3_V1p2_8MT cell symmetry.  (PSYN-650)
Warning: Cell PBSU8 orientation is set to the default. (PSYN-651)
Warning: Cell PBSU4 has no orientation; check FRAM library library /home/eda/lib/smic/SP013D3_V1p4/apollo/SP013D3_V1p2_8MT cell symmetry.  (PSYN-650)
Warning: Cell PBSU4 orientation is set to the default. (PSYN-651)
Warning: Cell PBSU24 has no orientation; check FRAM library library /home/eda/lib/smic/SP013D3_V1p4/apollo/SP013D3_V1p2_8MT cell symmetry.  (PSYN-650)
Warning: Cell PBSU24 orientation is set to the default. (PSYN-651)
Warning: Cell PBSU2 has no orientation; check FRAM library library /home/eda/lib/smic/SP013D3_V1p4/apollo/SP013D3_V1p2_8MT cell symmetry.  (PSYN-650)
Warning: Cell PBSU2 orientation is set to the default. (PSYN-651)
Warning: Cell PBSU16 has no orientation; check FRAM library library /home/eda/lib/smic/SP013D3_V1p4/apollo/SP013D3_V1p2_8MT cell symmetry.  (PSYN-650)
Warning: Cell PBSU16 orientation is set to the default. (PSYN-651)
Warning: Cell PBSU12 has no orientation; check FRAM library library /home/eda/lib/smic/SP013D3_V1p4/apollo/SP013D3_V1p2_8MT cell symmetry.  (PSYN-650)
Warning: Cell PBSU12 orientation is set to the default. (PSYN-651)
Warning: Cell PBSL8 has no orientation; check FRAM library library /home/eda/lib/smic/SP013D3_V1p4/apollo/SP013D3_V1p2_8MT cell symmetry.  (PSYN-650)
Warning: Cell PBSL8 orientation is set to the default. (PSYN-651)
Warning: Cell PBSL24 has no orientation; check FRAM library library /home/eda/lib/smic/SP013D3_V1p4/apollo/SP013D3_V1p2_8MT cell symmetry.  (PSYN-650)
Warning: Cell PBSL24 orientation is set to the default. (PSYN-651)
Warning: Cell PBSL16 has no orientation; check FRAM library library /home/eda/lib/smic/SP013D3_V1p4/apollo/SP013D3_V1p2_8MT cell symmetry.  (PSYN-650)
Warning: Cell PBSL16 orientation is set to the default. (PSYN-651)
Warning: Cell PBSL12 has no orientation; check FRAM library library /home/eda/lib/smic/SP013D3_V1p4/apollo/SP013D3_V1p2_8MT cell symmetry.  (PSYN-650)
Warning: Cell PBSL12 orientation is set to the default. (PSYN-651)
Warning: Cell PBSDL8 has no orientation; check FRAM library library /home/eda/lib/smic/SP013D3_V1p4/apollo/SP013D3_V1p2_8MT cell symmetry.  (PSYN-650)
Warning: Cell PBSDL8 orientation is set to the default. (PSYN-651)
Warning: Cell PBSDL24 has no orientation; check FRAM library library /home/eda/lib/smic/SP013D3_V1p4/apollo/SP013D3_V1p2_8MT cell symmetry.  (PSYN-650)
Warning: Cell PBSDL24 orientation is set to the default. (PSYN-651)
Warning: Cell PBSDL16 has no orientation; check FRAM library library /home/eda/lib/smic/SP013D3_V1p4/apollo/SP013D3_V1p2_8MT cell symmetry.  (PSYN-650)
Warning: Cell PBSDL16 orientation is set to the default. (PSYN-651)
Warning: Cell PBSDL12 has no orientation; check FRAM library library /home/eda/lib/smic/SP013D3_V1p4/apollo/SP013D3_V1p2_8MT cell symmetry.  (PSYN-650)
Warning: Cell PBSDL12 orientation is set to the default. (PSYN-651)
Warning: Cell PBSD8 has no orientation; check FRAM library library /home/eda/lib/smic/SP013D3_V1p4/apollo/SP013D3_V1p2_8MT cell symmetry.  (PSYN-650)
Warning: Cell PBSD8 orientation is set to the default. (PSYN-651)
Warning: Cell PBSD4 has no orientation; check FRAM library library /home/eda/lib/smic/SP013D3_V1p4/apollo/SP013D3_V1p2_8MT cell symmetry.  (PSYN-650)
Warning: Cell PBSD4 orientation is set to the default. (PSYN-651)
Warning: Cell PBSD24 has no orientation; check FRAM library library /home/eda/lib/smic/SP013D3_V1p4/apollo/SP013D3_V1p2_8MT cell symmetry.  (PSYN-650)
Warning: Cell PBSD24 orientation is set to the default. (PSYN-651)
Warning: Cell PBSD2 has no orientation; check FRAM library library /home/eda/lib/smic/SP013D3_V1p4/apollo/SP013D3_V1p2_8MT cell symmetry.  (PSYN-650)
Warning: Cell PBSD2 orientation is set to the default. (PSYN-651)
Warning: Cell PBSD16 has no orientation; check FRAM library library /home/eda/lib/smic/SP013D3_V1p4/apollo/SP013D3_V1p2_8MT cell symmetry.  (PSYN-650)
Warning: Cell PBSD16 orientation is set to the default. (PSYN-651)
Warning: Cell PBSD12 has no orientation; check FRAM library library /home/eda/lib/smic/SP013D3_V1p4/apollo/SP013D3_V1p2_8MT cell symmetry.  (PSYN-650)
Warning: Cell PBSD12 orientation is set to the default. (PSYN-651)
Warning: Cell PBS8 has no orientation; check FRAM library library /home/eda/lib/smic/SP013D3_V1p4/apollo/SP013D3_V1p2_8MT cell symmetry.  (PSYN-650)
Warning: Cell PBS8 orientation is set to the default. (PSYN-651)
Warning: Cell PBS4 has no orientation; check FRAM library library /home/eda/lib/smic/SP013D3_V1p4/apollo/SP013D3_V1p2_8MT cell symmetry.  (PSYN-650)
Warning: Cell PBS4 orientation is set to the default. (PSYN-651)
Warning: Cell PBS24 has no orientation; check FRAM library library /home/eda/lib/smic/SP013D3_V1p4/apollo/SP013D3_V1p2_8MT cell symmetry.  (PSYN-650)
Warning: Cell PBS24 orientation is set to the default. (PSYN-651)
Warning: Cell PBS2 has no orientation; check FRAM library library /home/eda/lib/smic/SP013D3_V1p4/apollo/SP013D3_V1p2_8MT cell symmetry.  (PSYN-650)
Warning: Cell PBS2 orientation is set to the default. (PSYN-651)
Warning: Cell PBS16 has no orientation; check FRAM library library /home/eda/lib/smic/SP013D3_V1p4/apollo/SP013D3_V1p2_8MT cell symmetry.  (PSYN-650)
Warning: Cell PBS16 orientation is set to the default. (PSYN-651)
Warning: Cell PBS12 has no orientation; check FRAM library library /home/eda/lib/smic/SP013D3_V1p4/apollo/SP013D3_V1p2_8MT cell symmetry.  (PSYN-650)
Warning: Cell PBS12 orientation is set to the default. (PSYN-651)
Warning: Cell PBL8 has no orientation; check FRAM library library /home/eda/lib/smic/SP013D3_V1p4/apollo/SP013D3_V1p2_8MT cell symmetry.  (PSYN-650)
Warning: Cell PBL8 orientation is set to the default. (PSYN-651)
Warning: Cell PBL24 has no orientation; check FRAM library library /home/eda/lib/smic/SP013D3_V1p4/apollo/SP013D3_V1p2_8MT cell symmetry.  (PSYN-650)
Warning: Cell PBL24 orientation is set to the default. (PSYN-651)
Warning: Cell PBL16 has no orientation; check FRAM library library /home/eda/lib/smic/SP013D3_V1p4/apollo/SP013D3_V1p2_8MT cell symmetry.  (PSYN-650)
Warning: Cell PBL16 orientation is set to the default. (PSYN-651)
Warning: Cell PBL12 has no orientation; check FRAM library library /home/eda/lib/smic/SP013D3_V1p4/apollo/SP013D3_V1p2_8MT cell symmetry.  (PSYN-650)
Warning: Cell PBL12 orientation is set to the default. (PSYN-651)
Warning: Cell PBDL8 has no orientation; check FRAM library library /home/eda/lib/smic/SP013D3_V1p4/apollo/SP013D3_V1p2_8MT cell symmetry.  (PSYN-650)
Warning: Cell PBDL8 orientation is set to the default. (PSYN-651)
Warning: Cell PBDL24 has no orientation; check FRAM library library /home/eda/lib/smic/SP013D3_V1p4/apollo/SP013D3_V1p2_8MT cell symmetry.  (PSYN-650)
Warning: Cell PBDL24 orientation is set to the default. (PSYN-651)
Warning: Cell PBDL16 has no orientation; check FRAM library library /home/eda/lib/smic/SP013D3_V1p4/apollo/SP013D3_V1p2_8MT cell symmetry.  (PSYN-650)
Warning: Cell PBDL16 orientation is set to the default. (PSYN-651)
Warning: Cell PBDL12 has no orientation; check FRAM library library /home/eda/lib/smic/SP013D3_V1p4/apollo/SP013D3_V1p2_8MT cell symmetry.  (PSYN-650)
Warning: Cell PBDL12 orientation is set to the default. (PSYN-651)
Warning: Cell PBD8 has no orientation; check FRAM library library /home/eda/lib/smic/SP013D3_V1p4/apollo/SP013D3_V1p2_8MT cell symmetry.  (PSYN-650)
Warning: Cell PBD8 orientation is set to the default. (PSYN-651)
Warning: Cell PBD4 has no orientation; check FRAM library library /home/eda/lib/smic/SP013D3_V1p4/apollo/SP013D3_V1p2_8MT cell symmetry.  (PSYN-650)
Warning: Cell PBD4 orientation is set to the default. (PSYN-651)
Warning: Cell PBD24 has no orientation; check FRAM library library /home/eda/lib/smic/SP013D3_V1p4/apollo/SP013D3_V1p2_8MT cell symmetry.  (PSYN-650)
Warning: Cell PBD24 orientation is set to the default. (PSYN-651)
Warning: Cell PBD2 has no orientation; check FRAM library library /home/eda/lib/smic/SP013D3_V1p4/apollo/SP013D3_V1p2_8MT cell symmetry.  (PSYN-650)
Warning: Cell PBD2 orientation is set to the default. (PSYN-651)
Warning: Cell PBD16 has no orientation; check FRAM library library /home/eda/lib/smic/SP013D3_V1p4/apollo/SP013D3_V1p2_8MT cell symmetry.  (PSYN-650)
Warning: Cell PBD16 orientation is set to the default. (PSYN-651)
Warning: Cell PBD12 has no orientation; check FRAM library library /home/eda/lib/smic/SP013D3_V1p4/apollo/SP013D3_V1p2_8MT cell symmetry.  (PSYN-650)
Warning: Cell PBD12 orientation is set to the default. (PSYN-651)
Warning: Cell PBCUL8 has no orientation; check FRAM library library /home/eda/lib/smic/SP013D3_V1p4/apollo/SP013D3_V1p2_8MT cell symmetry.  (PSYN-650)
Warning: Cell PBCUL8 orientation is set to the default. (PSYN-651)
Warning: Cell PBCUL24 has no orientation; check FRAM library library /home/eda/lib/smic/SP013D3_V1p4/apollo/SP013D3_V1p2_8MT cell symmetry.  (PSYN-650)
Warning: Cell PBCUL24 orientation is set to the default. (PSYN-651)
Warning: Cell PBCUL16 has no orientation; check FRAM library library /home/eda/lib/smic/SP013D3_V1p4/apollo/SP013D3_V1p2_8MT cell symmetry.  (PSYN-650)
Warning: Cell PBCUL16 orientation is set to the default. (PSYN-651)
Warning: Cell PBCUL12 has no orientation; check FRAM library library /home/eda/lib/smic/SP013D3_V1p4/apollo/SP013D3_V1p2_8MT cell symmetry.  (PSYN-650)
Warning: Cell PBCUL12 orientation is set to the default. (PSYN-651)
Warning: Cell PBCU8 has no orientation; check FRAM library library /home/eda/lib/smic/SP013D3_V1p4/apollo/SP013D3_V1p2_8MT cell symmetry.  (PSYN-650)
Warning: Cell PBCU8 orientation is set to the default. (PSYN-651)
Warning: Cell PBCU4 has no orientation; check FRAM library library /home/eda/lib/smic/SP013D3_V1p4/apollo/SP013D3_V1p2_8MT cell symmetry.  (PSYN-650)
Warning: Cell PBCU4 orientation is set to the default. (PSYN-651)
Warning: Cell PBCU24 has no orientation; check FRAM library library /home/eda/lib/smic/SP013D3_V1p4/apollo/SP013D3_V1p2_8MT cell symmetry.  (PSYN-650)
Warning: Cell PBCU24 orientation is set to the default. (PSYN-651)
Warning: Cell PBCU2 has no orientation; check FRAM library library /home/eda/lib/smic/SP013D3_V1p4/apollo/SP013D3_V1p2_8MT cell symmetry.  (PSYN-650)
Warning: Cell PBCU2 orientation is set to the default. (PSYN-651)
Warning: Cell PBCU16 has no orientation; check FRAM library library /home/eda/lib/smic/SP013D3_V1p4/apollo/SP013D3_V1p2_8MT cell symmetry.  (PSYN-650)
Warning: Cell PBCU16 orientation is set to the default. (PSYN-651)
Warning: Cell PBCU12 has no orientation; check FRAM library library /home/eda/lib/smic/SP013D3_V1p4/apollo/SP013D3_V1p2_8MT cell symmetry.  (PSYN-650)
Warning: Cell PBCU12 orientation is set to the default. (PSYN-651)
Warning: Cell PBCDL8 has no orientation; check FRAM library library /home/eda/lib/smic/SP013D3_V1p4/apollo/SP013D3_V1p2_8MT cell symmetry.  (PSYN-650)
Warning: Cell PBCDL8 orientation is set to the default. (PSYN-651)
Warning: Cell PBCDL24 has no orientation; check FRAM library library /home/eda/lib/smic/SP013D3_V1p4/apollo/SP013D3_V1p2_8MT cell symmetry.  (PSYN-650)
Warning: Cell PBCDL24 orientation is set to the default. (PSYN-651)
Warning: Cell PBCDL16 has no orientation; check FRAM library library /home/eda/lib/smic/SP013D3_V1p4/apollo/SP013D3_V1p2_8MT cell symmetry.  (PSYN-650)
Warning: Cell PBCDL16 orientation is set to the default. (PSYN-651)
Warning: Cell PBCDL12 has no orientation; check FRAM library library /home/eda/lib/smic/SP013D3_V1p4/apollo/SP013D3_V1p2_8MT cell symmetry.  (PSYN-650)
Warning: Cell PBCDL12 orientation is set to the default. (PSYN-651)
Warning: Cell PBCD8 has no orientation; check FRAM library library /home/eda/lib/smic/SP013D3_V1p4/apollo/SP013D3_V1p2_8MT cell symmetry.  (PSYN-650)
Warning: Cell PBCD8 orientation is set to the default. (PSYN-651)
Warning: Cell PBCD4 has no orientation; check FRAM library library /home/eda/lib/smic/SP013D3_V1p4/apollo/SP013D3_V1p2_8MT cell symmetry.  (PSYN-650)
Warning: Cell PBCD4 orientation is set to the default. (PSYN-651)
Warning: Cell PBCD24 has no orientation; check FRAM library library /home/eda/lib/smic/SP013D3_V1p4/apollo/SP013D3_V1p2_8MT cell symmetry.  (PSYN-650)
Warning: Cell PBCD24 orientation is set to the default. (PSYN-651)
Warning: Cell PBCD2 has no orientation; check FRAM library library /home/eda/lib/smic/SP013D3_V1p4/apollo/SP013D3_V1p2_8MT cell symmetry.  (PSYN-650)
Warning: Cell PBCD2 orientation is set to the default. (PSYN-651)
Warning: Cell PBCD16 has no orientation; check FRAM library library /home/eda/lib/smic/SP013D3_V1p4/apollo/SP013D3_V1p2_8MT cell symmetry.  (PSYN-650)
Warning: Cell PBCD16 orientation is set to the default. (PSYN-651)
Warning: Cell PBCD12 has no orientation; check FRAM library library /home/eda/lib/smic/SP013D3_V1p4/apollo/SP013D3_V1p2_8MT cell symmetry.  (PSYN-650)
Warning: Cell PBCD12 orientation is set to the default. (PSYN-651)
Warning: Cell PB8 has no orientation; check FRAM library library /home/eda/lib/smic/SP013D3_V1p4/apollo/SP013D3_V1p2_8MT cell symmetry.  (PSYN-650)
Warning: Cell PB8 orientation is set to the default. (PSYN-651)
Warning: Cell PB4 has no orientation; check FRAM library library /home/eda/lib/smic/SP013D3_V1p4/apollo/SP013D3_V1p2_8MT cell symmetry.  (PSYN-650)
Warning: Cell PB4 orientation is set to the default. (PSYN-651)
Warning: Cell PB24 has no orientation; check FRAM library library /home/eda/lib/smic/SP013D3_V1p4/apollo/SP013D3_V1p2_8MT cell symmetry.  (PSYN-650)
Warning: Cell PB24 orientation is set to the default. (PSYN-651)
Warning: Cell PB2 has no orientation; check FRAM library library /home/eda/lib/smic/SP013D3_V1p4/apollo/SP013D3_V1p2_8MT cell symmetry.  (PSYN-650)
Warning: Cell PB2 orientation is set to the default. (PSYN-651)
Warning: Cell PB16 has no orientation; check FRAM library library /home/eda/lib/smic/SP013D3_V1p4/apollo/SP013D3_V1p2_8MT cell symmetry.  (PSYN-650)
Warning: Cell PB16 orientation is set to the default. (PSYN-651)
Warning: Cell PB12 has no orientation; check FRAM library library /home/eda/lib/smic/SP013D3_V1p4/apollo/SP013D3_V1p2_8MT cell symmetry.  (PSYN-650)
Warning: Cell PB12 orientation is set to the default. (PSYN-651)

  Linking design 'control_pad'
  Using the following designs and libraries:
  --------------------------------------------------------------------------
  control_pad                 control_pad.CEL
  typical_1v2c25 (library)    /home/eda/lib/smic/aci/sc-x/synopsys/typical_1v2c25.db
  SP013D3_V1p2_typ (library)  /home/eda/lib/smic/SP013D3_V1p4/syn/SP013D3_V1p2_typ.db

# GUI Debug: Building dc from empty. -- Time: 862ms
Warning: No uniquify allowed on design with Milkyway already written in IC Compiler. (MWDC-030)
Information: Performing CEL netlist consistency check. (MWDC-118)
Information: CEL consistency check PASSED. (MWDC-119)
Information: Saved design named control_pad. (UIG-5)
1
set_tlu_plus_files -max_tluplus SmicSPM4PR8R_starRCXT013_log_mixRF_p1mt8_cell_max_1233_9k_1f.tluplus -tech2itf_map SmicSPM4PR8R_013_log_mixRF_p1mt8_cell_max_1233_9k_1f.map 
1
################################################################# 
#connect to supply nets
################################################################# 
derive_pg_connection -create_net; # first create P/G nets defined in UPF FILE 
Warning: The trip points for the library named SP013D3_V1p2_typ differ from those in the library named typical_1v2c25. (TIM-164)
Warning: Reference TLATNTSCAX8 contains internal pins with clock attribute. (TIM-103)
Warning: Reference TLATNTSCAX6 contains internal pins with clock attribute. (TIM-103)
Warning: Reference TLATNTSCAX4 contains internal pins with clock attribute. (TIM-103)
Warning: Reference TLATNTSCAX3 contains internal pins with clock attribute. (TIM-103)
Warning: Reference TLATNTSCAX20 contains internal pins with clock attribute. (TIM-103)
Warning: Reference TLATNTSCAX2 contains internal pins with clock attribute. (TIM-103)
Warning: Reference TLATNTSCAX16 contains internal pins with clock attribute. (TIM-103)
Warning: Reference TLATNTSCAX12 contains internal pins with clock attribute. (TIM-103)
Warning: Reference TLATNCAX8 contains internal pins with clock attribute. (TIM-103)
Warning: Reference TLATNCAX6 contains internal pins with clock attribute. (TIM-103)
Warning: Reference TLATNCAX4 contains internal pins with clock attribute. (TIM-103)
Warning: Reference TLATNCAX3 contains internal pins with clock attribute. (TIM-103)
Warning: Reference TLATNCAX20 contains internal pins with clock attribute. (TIM-103)
Warning: Reference TLATNCAX2 contains internal pins with clock attribute. (TIM-103)
Warning: Reference TLATNCAX16 contains internal pins with clock attribute. (TIM-103)
Warning: Reference TLATNCAX12 contains internal pins with clock attribute. (TIM-103)
Information: Total 0 power/ground net(s) have been created.
1
derive_pg_connection -power_net VDD -power_pin VDD -ground_net VSS -ground_pin VSS ; 
Information: connected 27 power ports and 27 ground ports
1
# Connect P/G Pins to supply nets, 
derive_pg_connection -power_net VDD -ground_net VSS -create_ports top -tie; 
Information: top power port VDD created
Information: top ground port VSS created
reconnected total 0 tie highs and 0 tie lows
1
check_mv_design 
Information: linking reference library : /home/eda/lib/smic/aci/sc-x/apollo/smic13g. (PSYN-878)
Information: linking reference library : /home/eda/lib/smic/SP013D3_V1p4/apollo/SP013D3_V1p2_8MT. (PSYN-878)
Warning: The pin direction of 'PAD' pin on 'PANA4AP' cell in the 'SP013D3_V1p2_typ' technology library is inconsistent with the same-name pin in the '/home/eda/lib/smic/SP013D3_V1p4/apollo/SP013D3_V1p2_8MT' physical library. No physical link for the logical lib cell. (PSYN-058)
Warning: The pin direction of 'PAD' pin on 'PANA3AP' cell in the 'SP013D3_V1p2_typ' technology library is inconsistent with the same-name pin in the '/home/eda/lib/smic/SP013D3_V1p4/apollo/SP013D3_V1p2_8MT' physical library. No physical link for the logical lib cell. (PSYN-058)
Warning: The pin direction of 'SVDD1AP' pin on 'PVDD1AP' cell in the 'SP013D3_V1p2_typ' technology library is inconsistent with the same-name pin in the '/home/eda/lib/smic/SP013D3_V1p4/apollo/SP013D3_V1p2_8MT' physical library. No physical link for the logical lib cell. (PSYN-058)
Warning: The pin direction of 'SAVDD' pin on 'PVDD3AP' cell in the 'SP013D3_V1p2_typ' technology library is inconsistent with the same-name pin in the '/home/eda/lib/smic/SP013D3_V1p4/apollo/SP013D3_V1p2_8MT' physical library. No physical link for the logical lib cell. (PSYN-058)
Warning: The pin direction of 'SAVSS' pin on 'PVSS3AP' cell in the 'SP013D3_V1p2_typ' technology library is inconsistent with the same-name pin in the '/home/eda/lib/smic/SP013D3_V1p4/apollo/SP013D3_V1p2_8MT' physical library. No physical link for the logical lib cell. (PSYN-058)
Warning: The pin direction of 'SVSS1AP' pin on 'PVSS1AP' cell in the 'SP013D3_V1p2_typ' technology library is inconsistent with the same-name pin in the '/home/eda/lib/smic/SP013D3_V1p4/apollo/SP013D3_V1p2_8MT' physical library. No physical link for the logical lib cell. (PSYN-058)
Warning: The pin direction of 'PAD' pin on 'PANA1AP' cell in the 'SP013D3_V1p2_typ' technology library is inconsistent with the same-name pin in the '/home/eda/lib/smic/SP013D3_V1p4/apollo/SP013D3_V1p2_8MT' physical library. No physical link for the logical lib cell. (PSYN-058)
Warning: The pin direction of 'PAD' pin on 'PANA2AP' cell in the 'SP013D3_V1p2_typ' technology library is inconsistent with the same-name pin in the '/home/eda/lib/smic/SP013D3_V1p4/apollo/SP013D3_V1p2_8MT' physical library. No physical link for the logical lib cell. (PSYN-058)
Warning: The pin direction of 'SVDD1CAP' pin on 'PVDD1CAP' cell in the 'SP013D3_V1p2_typ' technology library is inconsistent with the same-name pin in the '/home/eda/lib/smic/SP013D3_V1p4/apollo/SP013D3_V1p2_8MT' physical library. No physical link for the logical lib cell. (PSYN-058)
Warning: The pin direction of 'SAVDD' pin on 'PVDD3CAP' cell in the 'SP013D3_V1p2_typ' technology library is inconsistent with the same-name pin in the '/home/eda/lib/smic/SP013D3_V1p4/apollo/SP013D3_V1p2_8MT' physical library. No physical link for the logical lib cell. (PSYN-058)
Warning: The pin direction of 'SVSS1CAP' pin on 'PVSS1CAP' cell in the 'SP013D3_V1p2_typ' technology library is inconsistent with the same-name pin in the '/home/eda/lib/smic/SP013D3_V1p4/apollo/SP013D3_V1p2_8MT' physical library. No physical link for the logical lib cell. (PSYN-058)
Warning: The pin direction of 'SAVSS' pin on 'PVSS3CAP' cell in the 'SP013D3_V1p2_typ' technology library is inconsistent with the same-name pin in the '/home/eda/lib/smic/SP013D3_V1p4/apollo/SP013D3_V1p2_8MT' physical library. No physical link for the logical lib cell. (PSYN-058)
Warning: The pin direction of 'SVDD1AP1' pin on 'PVDD1AP1' cell in the 'SP013D3_V1p2_typ' technology library is inconsistent with the same-name pin in the '/home/eda/lib/smic/SP013D3_V1p4/apollo/SP013D3_V1p2_8MT' physical library. No physical link for the logical lib cell. (PSYN-058)
Warning: The pin direction of 'SVSS1AP1' pin on 'PVSS1AP1' cell in the 'SP013D3_V1p2_typ' technology library is inconsistent with the same-name pin in the '/home/eda/lib/smic/SP013D3_V1p4/apollo/SP013D3_V1p2_8MT' physical library. No physical link for the logical lib cell. (PSYN-058)
Warning: The pin direction of 'PAD' pin on 'PANA1AP1' cell in the 'SP013D3_V1p2_typ' technology library is inconsistent with the same-name pin in the '/home/eda/lib/smic/SP013D3_V1p4/apollo/SP013D3_V1p2_8MT' physical library. No physical link for the logical lib cell. (PSYN-058)
Warning: The pin direction of 'PAD' pin on 'PANA2AP1' cell in the 'SP013D3_V1p2_typ' technology library is inconsistent with the same-name pin in the '/home/eda/lib/smic/SP013D3_V1p4/apollo/SP013D3_V1p2_8MT' physical library. No physical link for the logical lib cell. (PSYN-058)
Warning: The pin direction of 'SVDD1CAP1' pin on 'PVDD1CAP1' cell in the 'SP013D3_V1p2_typ' technology library is inconsistent with the same-name pin in the '/home/eda/lib/smic/SP013D3_V1p4/apollo/SP013D3_V1p2_8MT' physical library. No physical link for the logical lib cell. (PSYN-058)
Warning: The pin direction of 'SVSS1CAP1' pin on 'PVSS1CAP1' cell in the 'SP013D3_V1p2_typ' technology library is inconsistent with the same-name pin in the '/home/eda/lib/smic/SP013D3_V1p4/apollo/SP013D3_V1p2_8MT' physical library. No physical link for the logical lib cell. (PSYN-058)
Warning: The pin direction of 'PAD' pin on 'PI' cell in the 'SP013D3_V1p2_typ' technology library is inconsistent with the same-name pin in the '/home/eda/lib/smic/SP013D3_V1p4/apollo/SP013D3_V1p2_8MT' physical library. No physical link for the logical lib cell. (PSYN-058)
Warning: The pin direction of 'C' pin on 'PI' cell in the 'SP013D3_V1p2_typ' technology library is inconsistent with the same-name pin in the '/home/eda/lib/smic/SP013D3_V1p4/apollo/SP013D3_V1p2_8MT' physical library. No physical link for the logical lib cell. (PSYN-058)
Warning: The pin direction of 'PAD' pin on 'PIS' cell in the 'SP013D3_V1p2_typ' technology library is inconsistent with the same-name pin in the '/home/eda/lib/smic/SP013D3_V1p4/apollo/SP013D3_V1p2_8MT' physical library. No physical link for the logical lib cell. (PSYN-058)
Warning: The pin direction of 'C' pin on 'PIS' cell in the 'SP013D3_V1p2_typ' technology library is inconsistent with the same-name pin in the '/home/eda/lib/smic/SP013D3_V1p4/apollo/SP013D3_V1p2_8MT' physical library. No physical link for the logical lib cell. (PSYN-058)
Warning: The pin direction of 'OEN' pin on 'PB4' cell in the 'SP013D3_V1p2_typ' technology library is inconsistent with the same-name pin in the '/home/eda/lib/smic/SP013D3_V1p4/apollo/SP013D3_V1p2_8MT' physical library. No physical link for the logical lib cell. (PSYN-058)
Warning: The pin direction of 'I' pin on 'PB4' cell in the 'SP013D3_V1p2_typ' technology library is inconsistent with the same-name pin in the '/home/eda/lib/smic/SP013D3_V1p4/apollo/SP013D3_V1p2_8MT' physical library. No physical link for the logical lib cell. (PSYN-058)
Warning: The pin direction of 'C' pin on 'PB4' cell in the 'SP013D3_V1p2_typ' technology library is inconsistent with the same-name pin in the '/home/eda/lib/smic/SP013D3_V1p4/apollo/SP013D3_V1p2_8MT' physical library. No physical link for the logical lib cell. (PSYN-058)
Warning: The pin direction of 'PAD' pin on 'PB4' cell in the 'SP013D3_V1p2_typ' technology library is inconsistent with the same-name pin in the '/home/eda/lib/smic/SP013D3_V1p4/apollo/SP013D3_V1p2_8MT' physical library. No physical link for the logical lib cell. (PSYN-058)
Warning: The pin direction of 'I' pin on 'PO4' cell in the 'SP013D3_V1p2_typ' technology library is inconsistent with the same-name pin in the '/home/eda/lib/smic/SP013D3_V1p4/apollo/SP013D3_V1p2_8MT' physical library. No physical link for the logical lib cell. (PSYN-058)
Warning: The pin direction of 'PAD' pin on 'PO4' cell in the 'SP013D3_V1p2_typ' technology library is inconsistent with the same-name pin in the '/home/eda/lib/smic/SP013D3_V1p4/apollo/SP013D3_V1p2_8MT' physical library. No physical link for the logical lib cell. (PSYN-058)
Warning: The pin direction of 'XIN' pin on 'PX3' cell in the 'SP013D3_V1p2_typ' technology library is inconsistent with the same-name pin in the '/home/eda/lib/smic/SP013D3_V1p4/apollo/SP013D3_V1p2_8MT' physical library. No physical link for the logical lib cell. (PSYN-058)
Warning: The pin direction of 'XOUT' pin on 'PX3' cell in the 'SP013D3_V1p2_typ' technology library is inconsistent with the same-name pin in the '/home/eda/lib/smic/SP013D3_V1p4/apollo/SP013D3_V1p2_8MT' physical library. No physical link for the logical lib cell. (PSYN-058)
Warning: The pin direction of 'XC' pin on 'PX3' cell in the 'SP013D3_V1p2_typ' technology library is inconsistent with the same-name pin in the '/home/eda/lib/smic/SP013D3_V1p4/apollo/SP013D3_V1p2_8MT' physical library. No physical link for the logical lib cell. (PSYN-058)
Warning: The pin direction of 'OEN' pin on 'PB2' cell in the 'SP013D3_V1p2_typ' technology library is inconsistent with the same-name pin in the '/home/eda/lib/smic/SP013D3_V1p4/apollo/SP013D3_V1p2_8MT' physical library. No physical link for the logical lib cell. (PSYN-058)
Warning: The pin direction of 'I' pin on 'PB2' cell in the 'SP013D3_V1p2_typ' technology library is inconsistent with the same-name pin in the '/home/eda/lib/smic/SP013D3_V1p4/apollo/SP013D3_V1p2_8MT' physical library. No physical link for the logical lib cell. (PSYN-058)
Warning: The pin direction of 'C' pin on 'PB2' cell in the 'SP013D3_V1p2_typ' technology library is inconsistent with the same-name pin in the '/home/eda/lib/smic/SP013D3_V1p4/apollo/SP013D3_V1p2_8MT' physical library. No physical link for the logical lib cell. (PSYN-058)
Warning: The pin direction of 'PAD' pin on 'PB2' cell in the 'SP013D3_V1p2_typ' technology library is inconsistent with the same-name pin in the '/home/eda/lib/smic/SP013D3_V1p4/apollo/SP013D3_V1p2_8MT' physical library. No physical link for the logical lib cell. (PSYN-058)
Warning: The pin direction of 'OEN' pin on 'PB8' cell in the 'SP013D3_V1p2_typ' technology library is inconsistent with the same-name pin in the '/home/eda/lib/smic/SP013D3_V1p4/apollo/SP013D3_V1p2_8MT' physical library. No physical link for the logical lib cell. (PSYN-058)
Warning: The pin direction of 'I' pin on 'PB8' cell in the 'SP013D3_V1p2_typ' technology library is inconsistent with the same-name pin in the '/home/eda/lib/smic/SP013D3_V1p4/apollo/SP013D3_V1p2_8MT' physical library. No physical link for the logical lib cell. (PSYN-058)
Warning: The pin direction of 'C' pin on 'PB8' cell in the 'SP013D3_V1p2_typ' technology library is inconsistent with the same-name pin in the '/home/eda/lib/smic/SP013D3_V1p4/apollo/SP013D3_V1p2_8MT' physical library. No physical link for the logical lib cell. (PSYN-058)
Warning: The pin direction of 'PAD' pin on 'PB8' cell in the 'SP013D3_V1p2_typ' technology library is inconsistent with the same-name pin in the '/home/eda/lib/smic/SP013D3_V1p4/apollo/SP013D3_V1p2_8MT' physical library. No physical link for the logical lib cell. (PSYN-058)
Warning: The pin direction of 'I' pin on 'PO8' cell in the 'SP013D3_V1p2_typ' technology library is inconsistent with the same-name pin in the '/home/eda/lib/smic/SP013D3_V1p4/apollo/SP013D3_V1p2_8MT' physical library. No physical link for the logical lib cell. (PSYN-058)
Warning: The pin direction of 'PAD' pin on 'PO8' cell in the 'SP013D3_V1p2_typ' technology library is inconsistent with the same-name pin in the '/home/eda/lib/smic/SP013D3_V1p4/apollo/SP013D3_V1p2_8MT' physical library. No physical link for the logical lib cell. (PSYN-058)
Warning: The pin direction of 'I' pin on 'PO2' cell in the 'SP013D3_V1p2_typ' technology library is inconsistent with the same-name pin in the '/home/eda/lib/smic/SP013D3_V1p4/apollo/SP013D3_V1p2_8MT' physical library. No physical link for the logical lib cell. (PSYN-058)
Warning: The pin direction of 'PAD' pin on 'PO2' cell in the 'SP013D3_V1p2_typ' technology library is inconsistent with the same-name pin in the '/home/eda/lib/smic/SP013D3_V1p4/apollo/SP013D3_V1p2_8MT' physical library. No physical link for the logical lib cell. (PSYN-058)
Warning: The pin direction of 'PAD' pin on 'PID' cell in the 'SP013D3_V1p2_typ' technology library is inconsistent with the same-name pin in the '/home/eda/lib/smic/SP013D3_V1p4/apollo/SP013D3_V1p2_8MT' physical library. No physical link for the logical lib cell. (PSYN-058)
Warning: The pin direction of 'C' pin on 'PID' cell in the 'SP013D3_V1p2_typ' technology library is inconsistent with the same-name pin in the '/home/eda/lib/smic/SP013D3_V1p4/apollo/SP013D3_V1p2_8MT' physical library. No physical link for the logical lib cell. (PSYN-058)
Warning: The pin direction of 'XIN' pin on 'PX2' cell in the 'SP013D3_V1p2_typ' technology library is inconsistent with the same-name pin in the '/home/eda/lib/smic/SP013D3_V1p4/apollo/SP013D3_V1p2_8MT' physical library. No physical link for the logical lib cell. (PSYN-058)
Warning: The pin direction of 'XOUT' pin on 'PX2' cell in the 'SP013D3_V1p2_typ' technology library is inconsistent with the same-name pin in the '/home/eda/lib/smic/SP013D3_V1p4/apollo/SP013D3_V1p2_8MT' physical library. No physical link for the logical lib cell. (PSYN-058)
Warning: The pin direction of 'XC' pin on 'PX2' cell in the 'SP013D3_V1p2_typ' technology library is inconsistent with the same-name pin in the '/home/eda/lib/smic/SP013D3_V1p4/apollo/SP013D3_V1p2_8MT' physical library. No physical link for the logical lib cell. (PSYN-058)
Warning: The pin direction of 'PAD' pin on 'PIU' cell in the 'SP013D3_V1p2_typ' technology library is inconsistent with the same-name pin in the '/home/eda/lib/smic/SP013D3_V1p4/apollo/SP013D3_V1p2_8MT' physical library. No physical link for the logical lib cell. (PSYN-058)
Warning: The pin direction of 'C' pin on 'PIU' cell in the 'SP013D3_V1p2_typ' technology library is inconsistent with the same-name pin in the '/home/eda/lib/smic/SP013D3_V1p4/apollo/SP013D3_V1p2_8MT' physical library. No physical link for the logical lib cell. (PSYN-058)
Warning: The pin direction of 'XIN' pin on 'PX1' cell in the 'SP013D3_V1p2_typ' technology library is inconsistent with the same-name pin in the '/home/eda/lib/smic/SP013D3_V1p4/apollo/SP013D3_V1p2_8MT' physical library. No physical link for the logical lib cell. (PSYN-058)
Warning: The pin direction of 'XOUT' pin on 'PX1' cell in the 'SP013D3_V1p2_typ' technology library is inconsistent with the same-name pin in the '/home/eda/lib/smic/SP013D3_V1p4/apollo/SP013D3_V1p2_8MT' physical library. No physical link for the logical lib cell. (PSYN-058)
Warning: The pin direction of 'XC' pin on 'PX1' cell in the 'SP013D3_V1p2_typ' technology library is inconsistent with the same-name pin in the '/home/eda/lib/smic/SP013D3_V1p4/apollo/SP013D3_V1p2_8MT' physical library. No physical link for the logical lib cell. (PSYN-058)
Warning: The pin direction of 'OEN' pin on 'PB16' cell in the 'SP013D3_V1p2_typ' technology library is inconsistent with the same-name pin in the '/home/eda/lib/smic/SP013D3_V1p4/apollo/SP013D3_V1p2_8MT' physical library. No physical link for the logical lib cell. (PSYN-058)
Warning: The pin direction of 'I' pin on 'PB16' cell in the 'SP013D3_V1p2_typ' technology library is inconsistent with the same-name pin in the '/home/eda/lib/smic/SP013D3_V1p4/apollo/SP013D3_V1p2_8MT' physical library. No physical link for the logical lib cell. (PSYN-058)
Warning: The pin direction of 'C' pin on 'PB16' cell in the 'SP013D3_V1p2_typ' technology library is inconsistent with the same-name pin in the '/home/eda/lib/smic/SP013D3_V1p4/apollo/SP013D3_V1p2_8MT' physical library. No physical link for the logical lib cell. (PSYN-058)
Warning: The pin direction of 'PAD' pin on 'PB16' cell in the 'SP013D3_V1p2_typ' technology library is inconsistent with the same-name pin in the '/home/eda/lib/smic/SP013D3_V1p4/apollo/SP013D3_V1p2_8MT' physical library. No physical link for the logical lib cell. (PSYN-058)
Warning: The pin direction of 'I' pin on 'PO16' cell in the 'SP013D3_V1p2_typ' technology library is inconsistent with the same-name pin in the '/home/eda/lib/smic/SP013D3_V1p4/apollo/SP013D3_V1p2_8MT' physical library. No physical link for the logical lib cell. (PSYN-058)
Warning: The pin direction of 'PAD' pin on 'PO16' cell in the 'SP013D3_V1p2_typ' technology library is inconsistent with the same-name pin in the '/home/eda/lib/smic/SP013D3_V1p4/apollo/SP013D3_V1p2_8MT' physical library. No physical link for the logical lib cell. (PSYN-058)
Warning: The pin direction of 'OEN' pin on 'PB24' cell in the 'SP013D3_V1p2_typ' technology library is inconsistent with the same-name pin in the '/home/eda/lib/smic/SP013D3_V1p4/apollo/SP013D3_V1p2_8MT' physical library. No physical link for the logical lib cell. (PSYN-058)
Warning: The pin direction of 'I' pin on 'PB24' cell in the 'SP013D3_V1p2_typ' technology library is inconsistent with the same-name pin in the '/home/eda/lib/smic/SP013D3_V1p4/apollo/SP013D3_V1p2_8MT' physical library. No physical link for the logical lib cell. (PSYN-058)
Warning: The pin direction of 'C' pin on 'PB24' cell in the 'SP013D3_V1p2_typ' technology library is inconsistent with the same-name pin in the '/home/eda/lib/smic/SP013D3_V1p4/apollo/SP013D3_V1p2_8MT' physical library. No physical link for the logical lib cell. (PSYN-058)
Warning: The pin direction of 'PAD' pin on 'PB24' cell in the 'SP013D3_V1p2_typ' technology library is inconsistent with the same-name pin in the '/home/eda/lib/smic/SP013D3_V1p4/apollo/SP013D3_V1p2_8MT' physical library. No physical link for the logical lib cell. (PSYN-058)
Warning: The pin direction of 'OEN' pin on 'PBS4' cell in the 'SP013D3_V1p2_typ' technology library is inconsistent with the same-name pin in the '/home/eda/lib/smic/SP013D3_V1p4/apollo/SP013D3_V1p2_8MT' physical library. No physical link for the logical lib cell. (PSYN-058)
Warning: The pin direction of 'I' pin on 'PBS4' cell in the 'SP013D3_V1p2_typ' technology library is inconsistent with the same-name pin in the '/home/eda/lib/smic/SP013D3_V1p4/apollo/SP013D3_V1p2_8MT' physical library. No physical link for the logical lib cell. (PSYN-058)
Warning: The pin direction of 'C' pin on 'PBS4' cell in the 'SP013D3_V1p2_typ' technology library is inconsistent with the same-name pin in the '/home/eda/lib/smic/SP013D3_V1p4/apollo/SP013D3_V1p2_8MT' physical library. No physical link for the logical lib cell. (PSYN-058)
Warning: The pin direction of 'PAD' pin on 'PBS4' cell in the 'SP013D3_V1p2_typ' technology library is inconsistent with the same-name pin in the '/home/eda/lib/smic/SP013D3_V1p4/apollo/SP013D3_V1p2_8MT' physical library. No physical link for the logical lib cell. (PSYN-058)
Warning: The pin direction of 'OEN' pin on 'PBU4' cell in the 'SP013D3_V1p2_typ' technology library is inconsistent with the same-name pin in the '/home/eda/lib/smic/SP013D3_V1p4/apollo/SP013D3_V1p2_8MT' physical library. No physical link for the logical lib cell. (PSYN-058)
Warning: The pin direction of 'I' pin on 'PBU4' cell in the 'SP013D3_V1p2_typ' technology library is inconsistent with the same-name pin in the '/home/eda/lib/smic/SP013D3_V1p4/apollo/SP013D3_V1p2_8MT' physical library. No physical link for the logical lib cell. (PSYN-058)
Warning: The pin direction of 'C' pin on 'PBU4' cell in the 'SP013D3_V1p2_typ' technology library is inconsistent with the same-name pin in the '/home/eda/lib/smic/SP013D3_V1p4/apollo/SP013D3_V1p2_8MT' physical library. No physical link for the logical lib cell. (PSYN-058)
Warning: The pin direction of 'PAD' pin on 'PBU4' cell in the 'SP013D3_V1p2_typ' technology library is inconsistent with the same-name pin in the '/home/eda/lib/smic/SP013D3_V1p4/apollo/SP013D3_V1p2_8MT' physical library. No physical link for the logical lib cell. (PSYN-058)
Warning: The pin direction of 'OEN' pin on 'PBD4' cell in the 'SP013D3_V1p2_typ' technology library is inconsistent with the same-name pin in the '/home/eda/lib/smic/SP013D3_V1p4/apollo/SP013D3_V1p2_8MT' physical library. No physical link for the logical lib cell. (PSYN-058)
Warning: The pin direction of 'I' pin on 'PBD4' cell in the 'SP013D3_V1p2_typ' technology library is inconsistent with the same-name pin in the '/home/eda/lib/smic/SP013D3_V1p4/apollo/SP013D3_V1p2_8MT' physical library. No physical link for the logical lib cell. (PSYN-058)
Warning: The pin direction of 'C' pin on 'PBD4' cell in the 'SP013D3_V1p2_typ' technology library is inconsistent with the same-name pin in the '/home/eda/lib/smic/SP013D3_V1p4/apollo/SP013D3_V1p2_8MT' physical library. No physical link for the logical lib cell. (PSYN-058)
Warning: The pin direction of 'PAD' pin on 'PBD4' cell in the 'SP013D3_V1p2_typ' technology library is inconsistent with the same-name pin in the '/home/eda/lib/smic/SP013D3_V1p4/apollo/SP013D3_V1p2_8MT' physical library. No physical link for the logical lib cell. (PSYN-058)
Warning: The pin direction of 'I' pin on 'PO24' cell in the 'SP013D3_V1p2_typ' technology library is inconsistent with the same-name pin in the '/home/eda/lib/smic/SP013D3_V1p4/apollo/SP013D3_V1p2_8MT' physical library. No physical link for the logical lib cell. (PSYN-058)
Warning: The pin direction of 'PAD' pin on 'PO24' cell in the 'SP013D3_V1p2_typ' technology library is inconsistent with the same-name pin in the '/home/eda/lib/smic/SP013D3_V1p4/apollo/SP013D3_V1p2_8MT' physical library. No physical link for the logical lib cell. (PSYN-058)
Warning: The pin direction of 'OEN' pin on 'POT4' cell in the 'SP013D3_V1p2_typ' technology library is inconsistent with the same-name pin in the '/home/eda/lib/smic/SP013D3_V1p4/apollo/SP013D3_V1p2_8MT' physical library. No physical link for the logical lib cell. (PSYN-058)
Warning: The pin direction of 'I' pin on 'POT4' cell in the 'SP013D3_V1p2_typ' technology library is inconsistent with the same-name pin in the '/home/eda/lib/smic/SP013D3_V1p4/apollo/SP013D3_V1p2_8MT' physical library. No physical link for the logical lib cell. (PSYN-058)
Warning: The pin direction of 'PAD' pin on 'POT4' cell in the 'SP013D3_V1p2_typ' technology library is inconsistent with the same-name pin in the '/home/eda/lib/smic/SP013D3_V1p4/apollo/SP013D3_V1p2_8MT' physical library. No physical link for the logical lib cell. (PSYN-058)
Warning: The pin direction of 'OEN' pin on 'PB12' cell in the 'SP013D3_V1p2_typ' technology library is inconsistent with the same-name pin in the '/home/eda/lib/smic/SP013D3_V1p4/apollo/SP013D3_V1p2_8MT' physical library. No physical link for the logical lib cell. (PSYN-058)
Warning: The pin direction of 'I' pin on 'PB12' cell in the 'SP013D3_V1p2_typ' technology library is inconsistent with the same-name pin in the '/home/eda/lib/smic/SP013D3_V1p4/apollo/SP013D3_V1p2_8MT' physical library. No physical link for the logical lib cell. (PSYN-058)
Warning: The pin direction of 'C' pin on 'PB12' cell in the 'SP013D3_V1p2_typ' technology library is inconsistent with the same-name pin in the '/home/eda/lib/smic/SP013D3_V1p4/apollo/SP013D3_V1p2_8MT' physical library. No physical link for the logical lib cell. (PSYN-058)
Warning: The pin direction of 'PAD' pin on 'PB12' cell in the 'SP013D3_V1p2_typ' technology library is inconsistent with the same-name pin in the '/home/eda/lib/smic/SP013D3_V1p4/apollo/SP013D3_V1p2_8MT' physical library. No physical link for the logical lib cell. (PSYN-058)
Warning: The pin direction of 'OEN' pin on 'PBL8' cell in the 'SP013D3_V1p2_typ' technology library is inconsistent with the same-name pin in the '/home/eda/lib/smic/SP013D3_V1p4/apollo/SP013D3_V1p2_8MT' physical library. No physical link for the logical lib cell. (PSYN-058)
Warning: The pin direction of 'I' pin on 'PBL8' cell in the 'SP013D3_V1p2_typ' technology library is inconsistent with the same-name pin in the '/home/eda/lib/smic/SP013D3_V1p4/apollo/SP013D3_V1p2_8MT' physical library. No physical link for the logical lib cell. (PSYN-058)
Warning: The pin direction of 'C' pin on 'PBL8' cell in the 'SP013D3_V1p2_typ' technology library is inconsistent with the same-name pin in the '/home/eda/lib/smic/SP013D3_V1p4/apollo/SP013D3_V1p2_8MT' physical library. No physical link for the logical lib cell. (PSYN-058)
Warning: The pin direction of 'PAD' pin on 'PBL8' cell in the 'SP013D3_V1p2_typ' technology library is inconsistent with the same-name pin in the '/home/eda/lib/smic/SP013D3_V1p4/apollo/SP013D3_V1p2_8MT' physical library. No physical link for the logical lib cell. (PSYN-058)
Warning: The pin direction of 'OEN' pin on 'PBS8' cell in the 'SP013D3_V1p2_typ' technology library is inconsistent with the same-name pin in the '/home/eda/lib/smic/SP013D3_V1p4/apollo/SP013D3_V1p2_8MT' physical library. No physical link for the logical lib cell. (PSYN-058)
Warning: The pin direction of 'I' pin on 'PBS8' cell in the 'SP013D3_V1p2_typ' technology library is inconsistent with the same-name pin in the '/home/eda/lib/smic/SP013D3_V1p4/apollo/SP013D3_V1p2_8MT' physical library. No physical link for the logical lib cell. (PSYN-058)
Warning: The pin direction of 'C' pin on 'PBS8' cell in the 'SP013D3_V1p2_typ' technology library is inconsistent with the same-name pin in the '/home/eda/lib/smic/SP013D3_V1p4/apollo/SP013D3_V1p2_8MT' physical library. No physical link for the logical lib cell. (PSYN-058)
Warning: The pin direction of 'PAD' pin on 'PBS8' cell in the 'SP013D3_V1p2_typ' technology library is inconsistent with the same-name pin in the '/home/eda/lib/smic/SP013D3_V1p4/apollo/SP013D3_V1p2_8MT' physical library. No physical link for the logical lib cell. (PSYN-058)
Warning: The pin direction of 'OEN' pin on 'PBS2' cell in the 'SP013D3_V1p2_typ' technology library is inconsistent with the same-name pin in the '/home/eda/lib/smic/SP013D3_V1p4/apollo/SP013D3_V1p2_8MT' physical library. No physical link for the logical lib cell. (PSYN-058)
Warning: The pin direction of 'I' pin on 'PBS2' cell in the 'SP013D3_V1p2_typ' technology library is inconsistent with the same-name pin in the '/home/eda/lib/smic/SP013D3_V1p4/apollo/SP013D3_V1p2_8MT' physical library. No physical link for the logical lib cell. (PSYN-058)
Warning: The pin direction of 'C' pin on 'PBS2' cell in the 'SP013D3_V1p2_typ' technology library is inconsistent with the same-name pin in the '/home/eda/lib/smic/SP013D3_V1p4/apollo/SP013D3_V1p2_8MT' physical library. No physical link for the logical lib cell. (PSYN-058)
Warning: The pin direction of 'PAD' pin on 'PBS2' cell in the 'SP013D3_V1p2_typ' technology library is inconsistent with the same-name pin in the '/home/eda/lib/smic/SP013D3_V1p4/apollo/SP013D3_V1p2_8MT' physical library. No physical link for the logical lib cell. (PSYN-058)
Warning: The pin direction of 'OEN' pin on 'PBU8' cell in the 'SP013D3_V1p2_typ' technology library is inconsistent with the same-name pin in the '/home/eda/lib/smic/SP013D3_V1p4/apollo/SP013D3_V1p2_8MT' physical library. No physical link for the logical lib cell. (PSYN-058)
Warning: The pin direction of 'I' pin on 'PBU8' cell in the 'SP013D3_V1p2_typ' technology library is inconsistent with the same-name pin in the '/home/eda/lib/smic/SP013D3_V1p4/apollo/SP013D3_V1p2_8MT' physical library. No physical link for the logical lib cell. (PSYN-058)
Warning: The pin direction of 'C' pin on 'PBU8' cell in the 'SP013D3_V1p2_typ' technology library is inconsistent with the same-name pin in the '/home/eda/lib/smic/SP013D3_V1p4/apollo/SP013D3_V1p2_8MT' physical library. No physical link for the logical lib cell. (PSYN-058)
Warning: The pin direction of 'PAD' pin on 'PBU8' cell in the 'SP013D3_V1p2_typ' technology library is inconsistent with the same-name pin in the '/home/eda/lib/smic/SP013D3_V1p4/apollo/SP013D3_V1p2_8MT' physical library. No physical link for the logical lib cell. (PSYN-058)
Warning: The pin direction of 'OEN' pin on 'PBU2' cell in the 'SP013D3_V1p2_typ' technology library is inconsistent with the same-name pin in the '/home/eda/lib/smic/SP013D3_V1p4/apollo/SP013D3_V1p2_8MT' physical library. No physical link for the logical lib cell. (PSYN-058)
Warning: The pin direction of 'I' pin on 'PBU2' cell in the 'SP013D3_V1p2_typ' technology library is inconsistent with the same-name pin in the '/home/eda/lib/smic/SP013D3_V1p4/apollo/SP013D3_V1p2_8MT' physical library. No physical link for the logical lib cell. (PSYN-058)
Warning: The pin direction of 'C' pin on 'PBU2' cell in the 'SP013D3_V1p2_typ' technology library is inconsistent with the same-name pin in the '/home/eda/lib/smic/SP013D3_V1p4/apollo/SP013D3_V1p2_8MT' physical library. No physical link for the logical lib cell. (PSYN-058)
Warning: The pin direction of 'PAD' pin on 'PBU2' cell in the 'SP013D3_V1p2_typ' technology library is inconsistent with the same-name pin in the '/home/eda/lib/smic/SP013D3_V1p4/apollo/SP013D3_V1p2_8MT' physical library. No physical link for the logical lib cell. (PSYN-058)
Warning: The pin direction of 'OEN' pin on 'PBD8' cell in the 'SP013D3_V1p2_typ' technology library is inconsistent with the same-name pin in the '/home/eda/lib/smic/SP013D3_V1p4/apollo/SP013D3_V1p2_8MT' physical library. No physical link for the logical lib cell. (PSYN-058)
Warning: The pin direction of 'I' pin on 'PBD8' cell in the 'SP013D3_V1p2_typ' technology library is inconsistent with the same-name pin in the '/home/eda/lib/smic/SP013D3_V1p4/apollo/SP013D3_V1p2_8MT' physical library. No physical link for the logical lib cell. (PSYN-058)
Warning: The pin direction of 'C' pin on 'PBD8' cell in the 'SP013D3_V1p2_typ' technology library is inconsistent with the same-name pin in the '/home/eda/lib/smic/SP013D3_V1p4/apollo/SP013D3_V1p2_8MT' physical library. No physical link for the logical lib cell. (PSYN-058)
Warning: The pin direction of 'PAD' pin on 'PBD8' cell in the 'SP013D3_V1p2_typ' technology library is inconsistent with the same-name pin in the '/home/eda/lib/smic/SP013D3_V1p4/apollo/SP013D3_V1p2_8MT' physical library. No physical link for the logical lib cell. (PSYN-058)
Warning: The pin direction of 'OEN' pin on 'PBD2' cell in the 'SP013D3_V1p2_typ' technology library is inconsistent with the same-name pin in the '/home/eda/lib/smic/SP013D3_V1p4/apollo/SP013D3_V1p2_8MT' physical library. No physical link for the logical lib cell. (PSYN-058)
Warning: The pin direction of 'I' pin on 'PBD2' cell in the 'SP013D3_V1p2_typ' technology library is inconsistent with the same-name pin in the '/home/eda/lib/smic/SP013D3_V1p4/apollo/SP013D3_V1p2_8MT' physical library. No physical link for the logical lib cell. (PSYN-058)
Warning: The pin direction of 'C' pin on 'PBD2' cell in the 'SP013D3_V1p2_typ' technology library is inconsistent with the same-name pin in the '/home/eda/lib/smic/SP013D3_V1p4/apollo/SP013D3_V1p2_8MT' physical library. No physical link for the logical lib cell. (PSYN-058)
Warning: The pin direction of 'PAD' pin on 'PBD2' cell in the 'SP013D3_V1p2_typ' technology library is inconsistent with the same-name pin in the '/home/eda/lib/smic/SP013D3_V1p4/apollo/SP013D3_V1p2_8MT' physical library. No physical link for the logical lib cell. (PSYN-058)
Warning: The pin direction of 'I' pin on 'POL8' cell in the 'SP013D3_V1p2_typ' technology library is inconsistent with the same-name pin in the '/home/eda/lib/smic/SP013D3_V1p4/apollo/SP013D3_V1p2_8MT' physical library. No physical link for the logical lib cell. (PSYN-058)
Warning: The pin direction of 'PAD' pin on 'POL8' cell in the 'SP013D3_V1p2_typ' technology library is inconsistent with the same-name pin in the '/home/eda/lib/smic/SP013D3_V1p4/apollo/SP013D3_V1p2_8MT' physical library. No physical link for the logical lib cell. (PSYN-058)
Warning: The pin direction of 'I' pin on 'PO12' cell in the 'SP013D3_V1p2_typ' technology library is inconsistent with the same-name pin in the '/home/eda/lib/smic/SP013D3_V1p4/apollo/SP013D3_V1p2_8MT' physical library. No physical link for the logical lib cell. (PSYN-058)
Warning: The pin direction of 'PAD' pin on 'PO12' cell in the 'SP013D3_V1p2_typ' technology library is inconsistent with the same-name pin in the '/home/eda/lib/smic/SP013D3_V1p4/apollo/SP013D3_V1p2_8MT' physical library. No physical link for the logical lib cell. (PSYN-058)
Warning: The pin direction of 'OEN' pin on 'POT8' cell in the 'SP013D3_V1p2_typ' technology library is inconsistent with the same-name pin in the '/home/eda/lib/smic/SP013D3_V1p4/apollo/SP013D3_V1p2_8MT' physical library. No physical link for the logical lib cell. (PSYN-058)
Warning: The pin direction of 'I' pin on 'POT8' cell in the 'SP013D3_V1p2_typ' technology library is inconsistent with the same-name pin in the '/home/eda/lib/smic/SP013D3_V1p4/apollo/SP013D3_V1p2_8MT' physical library. No physical link for the logical lib cell. (PSYN-058)
Warning: The pin direction of 'PAD' pin on 'POT8' cell in the 'SP013D3_V1p2_typ' technology library is inconsistent with the same-name pin in the '/home/eda/lib/smic/SP013D3_V1p4/apollo/SP013D3_V1p2_8MT' physical library. No physical link for the logical lib cell. (PSYN-058)
Warning: The pin direction of 'OEN' pin on 'POT2' cell in the 'SP013D3_V1p2_typ' technology library is inconsistent with the same-name pin in the '/home/eda/lib/smic/SP013D3_V1p4/apollo/SP013D3_V1p2_8MT' physical library. No physical link for the logical lib cell. (PSYN-058)
Warning: The pin direction of 'I' pin on 'POT2' cell in the 'SP013D3_V1p2_typ' technology library is inconsistent with the same-name pin in the '/home/eda/lib/smic/SP013D3_V1p4/apollo/SP013D3_V1p2_8MT' physical library. No physical link for the logical lib cell. (PSYN-058)
Warning: The pin direction of 'PAD' pin on 'POT2' cell in the 'SP013D3_V1p2_typ' technology library is inconsistent with the same-name pin in the '/home/eda/lib/smic/SP013D3_V1p4/apollo/SP013D3_V1p2_8MT' physical library. No physical link for the logical lib cell. (PSYN-058)
Warning: The pin direction of 'PAD' pin on 'PICD' cell in the 'SP013D3_V1p2_typ' technology library is inconsistent with the same-name pin in the '/home/eda/lib/smic/SP013D3_V1p4/apollo/SP013D3_V1p2_8MT' physical library. No physical link for the logical lib cell. (PSYN-058)
Warning: The pin direction of 'REN' pin on 'PICD' cell in the 'SP013D3_V1p2_typ' technology library is inconsistent with the same-name pin in the '/home/eda/lib/smic/SP013D3_V1p4/apollo/SP013D3_V1p2_8MT' physical library. No physical link for the logical lib cell. (PSYN-058)
Warning: The pin direction of 'C' pin on 'PICD' cell in the 'SP013D3_V1p2_typ' technology library is inconsistent with the same-name pin in the '/home/eda/lib/smic/SP013D3_V1p4/apollo/SP013D3_V1p2_8MT' physical library. No physical link for the logical lib cell. (PSYN-058)
Warning: The pin direction of 'PAD' pin on 'PISD' cell in the 'SP013D3_V1p2_typ' technology library is inconsistent with the same-name pin in the '/home/eda/lib/smic/SP013D3_V1p4/apollo/SP013D3_V1p2_8MT' physical library. No physical link for the logical lib cell. (PSYN-058)
Warning: The pin direction of 'C' pin on 'PISD' cell in the 'SP013D3_V1p2_typ' technology library is inconsistent with the same-name pin in the '/home/eda/lib/smic/SP013D3_V1p4/apollo/SP013D3_V1p2_8MT' physical library. No physical link for the logical lib cell. (PSYN-058)
Warning: The pin direction of 'PAD' pin on 'PICU' cell in the 'SP013D3_V1p2_typ' technology library is inconsistent with the same-name pin in the '/home/eda/lib/smic/SP013D3_V1p4/apollo/SP013D3_V1p2_8MT' physical library. No physical link for the logical lib cell. (PSYN-058)
Warning: The pin direction of 'REN' pin on 'PICU' cell in the 'SP013D3_V1p2_typ' technology library is inconsistent with the same-name pin in the '/home/eda/lib/smic/SP013D3_V1p4/apollo/SP013D3_V1p2_8MT' physical library. No physical link for the logical lib cell. (PSYN-058)
Warning: The pin direction of 'C' pin on 'PICU' cell in the 'SP013D3_V1p2_typ' technology library is inconsistent with the same-name pin in the '/home/eda/lib/smic/SP013D3_V1p4/apollo/SP013D3_V1p2_8MT' physical library. No physical link for the logical lib cell. (PSYN-058)
Warning: The pin direction of 'PAD' pin on 'PISU' cell in the 'SP013D3_V1p2_typ' technology library is inconsistent with the same-name pin in the '/home/eda/lib/smic/SP013D3_V1p4/apollo/SP013D3_V1p2_8MT' physical library. No physical link for the logical lib cell. (PSYN-058)
Warning: The pin direction of 'C' pin on 'PISU' cell in the 'SP013D3_V1p2_typ' technology library is inconsistent with the same-name pin in the '/home/eda/lib/smic/SP013D3_V1p4/apollo/SP013D3_V1p2_8MT' physical library. No physical link for the logical lib cell. (PSYN-058)
Warning: The pin direction of 'OEN' pin on 'PCI6B' cell in the 'SP013D3_V1p2_typ' technology library is inconsistent with the same-name pin in the '/home/eda/lib/smic/SP013D3_V1p4/apollo/SP013D3_V1p2_8MT' physical library. No physical link for the logical lib cell. (PSYN-058)
Warning: The pin direction of 'I' pin on 'PCI6B' cell in the 'SP013D3_V1p2_typ' technology library is inconsistent with the same-name pin in the '/home/eda/lib/smic/SP013D3_V1p4/apollo/SP013D3_V1p2_8MT' physical library. No physical link for the logical lib cell. (PSYN-058)
Warning: The pin direction of 'C' pin on 'PCI6B' cell in the 'SP013D3_V1p2_typ' technology library is inconsistent with the same-name pin in the '/home/eda/lib/smic/SP013D3_V1p4/apollo/SP013D3_V1p2_8MT' physical library. No physical link for the logical lib cell. (PSYN-058)
Warning: The pin direction of 'PAD' pin on 'PCI6B' cell in the 'SP013D3_V1p2_typ' technology library is inconsistent with the same-name pin in the '/home/eda/lib/smic/SP013D3_V1p4/apollo/SP013D3_V1p2_8MT' physical library. No physical link for the logical lib cell. (PSYN-058)
Warning: The pin direction of 'OEN' pin on 'PCI3B' cell in the 'SP013D3_V1p2_typ' technology library is inconsistent with the same-name pin in the '/home/eda/lib/smic/SP013D3_V1p4/apollo/SP013D3_V1p2_8MT' physical library. No physical link for the logical lib cell. (PSYN-058)
Warning: The pin direction of 'I' pin on 'PCI3B' cell in the 'SP013D3_V1p2_typ' technology library is inconsistent with the same-name pin in the '/home/eda/lib/smic/SP013D3_V1p4/apollo/SP013D3_V1p2_8MT' physical library. No physical link for the logical lib cell. (PSYN-058)
Warning: The pin direction of 'C' pin on 'PCI3B' cell in the 'SP013D3_V1p2_typ' technology library is inconsistent with the same-name pin in the '/home/eda/lib/smic/SP013D3_V1p4/apollo/SP013D3_V1p2_8MT' physical library. No physical link for the logical lib cell. (PSYN-058)
Warning: The pin direction of 'PAD' pin on 'PCI3B' cell in the 'SP013D3_V1p2_typ' technology library is inconsistent with the same-name pin in the '/home/eda/lib/smic/SP013D3_V1p4/apollo/SP013D3_V1p2_8MT' physical library. No physical link for the logical lib cell. (PSYN-058)
Warning: The pin direction of 'OEN' pin on 'PBL16' cell in the 'SP013D3_V1p2_typ' technology library is inconsistent with the same-name pin in the '/home/eda/lib/smic/SP013D3_V1p4/apollo/SP013D3_V1p2_8MT' physical library. No physical link for the logical lib cell. (PSYN-058)
Warning: The pin direction of 'I' pin on 'PBL16' cell in the 'SP013D3_V1p2_typ' technology library is inconsistent with the same-name pin in the '/home/eda/lib/smic/SP013D3_V1p4/apollo/SP013D3_V1p2_8MT' physical library. No physical link for the logical lib cell. (PSYN-058)
Warning: The pin direction of 'C' pin on 'PBL16' cell in the 'SP013D3_V1p2_typ' technology library is inconsistent with the same-name pin in the '/home/eda/lib/smic/SP013D3_V1p4/apollo/SP013D3_V1p2_8MT' physical library. No physical link for the logical lib cell. (PSYN-058)
Warning: The pin direction of 'PAD' pin on 'PBL16' cell in the 'SP013D3_V1p2_typ' technology library is inconsistent with the same-name pin in the '/home/eda/lib/smic/SP013D3_V1p4/apollo/SP013D3_V1p2_8MT' physical library. No physical link for the logical lib cell. (PSYN-058)
Warning: The pin direction of 'OEN' pin on 'PBS16' cell in the 'SP013D3_V1p2_typ' technology library is inconsistent with the same-name pin in the '/home/eda/lib/smic/SP013D3_V1p4/apollo/SP013D3_V1p2_8MT' physical library. No physical link for the logical lib cell. (PSYN-058)
Warning: The pin direction of 'I' pin on 'PBS16' cell in the 'SP013D3_V1p2_typ' technology library is inconsistent with the same-name pin in the '/home/eda/lib/smic/SP013D3_V1p4/apollo/SP013D3_V1p2_8MT' physical library. No physical link for the logical lib cell. (PSYN-058)
Warning: The pin direction of 'C' pin on 'PBS16' cell in the 'SP013D3_V1p2_typ' technology library is inconsistent with the same-name pin in the '/home/eda/lib/smic/SP013D3_V1p4/apollo/SP013D3_V1p2_8MT' physical library. No physical link for the logical lib cell. (PSYN-058)
Warning: The pin direction of 'PAD' pin on 'PBS16' cell in the 'SP013D3_V1p2_typ' technology library is inconsistent with the same-name pin in the '/home/eda/lib/smic/SP013D3_V1p4/apollo/SP013D3_V1p2_8MT' physical library. No physical link for the logical lib cell. (PSYN-058)
Warning: The pin direction of 'OEN' pin on 'PBU16' cell in the 'SP013D3_V1p2_typ' technology library is inconsistent with the same-name pin in the '/home/eda/lib/smic/SP013D3_V1p4/apollo/SP013D3_V1p2_8MT' physical library. No physical link for the logical lib cell. (PSYN-058)
Warning: The pin direction of 'I' pin on 'PBU16' cell in the 'SP013D3_V1p2_typ' technology library is inconsistent with the same-name pin in the '/home/eda/lib/smic/SP013D3_V1p4/apollo/SP013D3_V1p2_8MT' physical library. No physical link for the logical lib cell. (PSYN-058)
Warning: The pin direction of 'C' pin on 'PBU16' cell in the 'SP013D3_V1p2_typ' technology library is inconsistent with the same-name pin in the '/home/eda/lib/smic/SP013D3_V1p4/apollo/SP013D3_V1p2_8MT' physical library. No physical link for the logical lib cell. (PSYN-058)
Warning: The pin direction of 'PAD' pin on 'PBU16' cell in the 'SP013D3_V1p2_typ' technology library is inconsistent with the same-name pin in the '/home/eda/lib/smic/SP013D3_V1p4/apollo/SP013D3_V1p2_8MT' physical library. No physical link for the logical lib cell. (PSYN-058)
Warning: The pin direction of 'OEN' pin on 'PBD16' cell in the 'SP013D3_V1p2_typ' technology library is inconsistent with the same-name pin in the '/home/eda/lib/smic/SP013D3_V1p4/apollo/SP013D3_V1p2_8MT' physical library. No physical link for the logical lib cell. (PSYN-058)
Warning: The pin direction of 'I' pin on 'PBD16' cell in the 'SP013D3_V1p2_typ' technology library is inconsistent with the same-name pin in the '/home/eda/lib/smic/SP013D3_V1p4/apollo/SP013D3_V1p2_8MT' physical library. No physical link for the logical lib cell. (PSYN-058)
Warning: The pin direction of 'C' pin on 'PBD16' cell in the 'SP013D3_V1p2_typ' technology library is inconsistent with the same-name pin in the '/home/eda/lib/smic/SP013D3_V1p4/apollo/SP013D3_V1p2_8MT' physical library. No physical link for the logical lib cell. (PSYN-058)
Warning: The pin direction of 'PAD' pin on 'PBD16' cell in the 'SP013D3_V1p2_typ' technology library is inconsistent with the same-name pin in the '/home/eda/lib/smic/SP013D3_V1p4/apollo/SP013D3_V1p2_8MT' physical library. No physical link for the logical lib cell. (PSYN-058)
Warning: The pin direction of 'I' pin on 'POL16' cell in the 'SP013D3_V1p2_typ' technology library is inconsistent with the same-name pin in the '/home/eda/lib/smic/SP013D3_V1p4/apollo/SP013D3_V1p2_8MT' physical library. No physical link for the logical lib cell. (PSYN-058)
Warning: The pin direction of 'PAD' pin on 'POL16' cell in the 'SP013D3_V1p2_typ' technology library is inconsistent with the same-name pin in the '/home/eda/lib/smic/SP013D3_V1p4/apollo/SP013D3_V1p2_8MT' physical library. No physical link for the logical lib cell. (PSYN-058)
Warning: The pin direction of 'OEN' pin on 'POT16' cell in the 'SP013D3_V1p2_typ' technology library is inconsistent with the same-name pin in the '/home/eda/lib/smic/SP013D3_V1p4/apollo/SP013D3_V1p2_8MT' physical library. No physical link for the logical lib cell. (PSYN-058)
Warning: The pin direction of 'I' pin on 'POT16' cell in the 'SP013D3_V1p2_typ' technology library is inconsistent with the same-name pin in the '/home/eda/lib/smic/SP013D3_V1p4/apollo/SP013D3_V1p2_8MT' physical library. No physical link for the logical lib cell. (PSYN-058)
Warning: The pin direction of 'PAD' pin on 'POT16' cell in the 'SP013D3_V1p2_typ' technology library is inconsistent with the same-name pin in the '/home/eda/lib/smic/SP013D3_V1p4/apollo/SP013D3_V1p2_8MT' physical library. No physical link for the logical lib cell. (PSYN-058)
Warning: The pin direction of 'OEN' pin on 'PBL24' cell in the 'SP013D3_V1p2_typ' technology library is inconsistent with the same-name pin in the '/home/eda/lib/smic/SP013D3_V1p4/apollo/SP013D3_V1p2_8MT' physical library. No physical link for the logical lib cell. (PSYN-058)
Warning: The pin direction of 'I' pin on 'PBL24' cell in the 'SP013D3_V1p2_typ' technology library is inconsistent with the same-name pin in the '/home/eda/lib/smic/SP013D3_V1p4/apollo/SP013D3_V1p2_8MT' physical library. No physical link for the logical lib cell. (PSYN-058)
Warning: The pin direction of 'C' pin on 'PBL24' cell in the 'SP013D3_V1p2_typ' technology library is inconsistent with the same-name pin in the '/home/eda/lib/smic/SP013D3_V1p4/apollo/SP013D3_V1p2_8MT' physical library. No physical link for the logical lib cell. (PSYN-058)
Warning: The pin direction of 'PAD' pin on 'PBL24' cell in the 'SP013D3_V1p2_typ' technology library is inconsistent with the same-name pin in the '/home/eda/lib/smic/SP013D3_V1p4/apollo/SP013D3_V1p2_8MT' physical library. No physical link for the logical lib cell. (PSYN-058)
Warning: The pin direction of 'OEN' pin on 'PBCD4' cell in the 'SP013D3_V1p2_typ' technology library is inconsistent with the same-name pin in the '/home/eda/lib/smic/SP013D3_V1p4/apollo/SP013D3_V1p2_8MT' physical library. No physical link for the logical lib cell. (PSYN-058)
Warning: The pin direction of 'I' pin on 'PBCD4' cell in the 'SP013D3_V1p2_typ' technology library is inconsistent with the same-name pin in the '/home/eda/lib/smic/SP013D3_V1p4/apollo/SP013D3_V1p2_8MT' physical library. No physical link for the logical lib cell. (PSYN-058)
Warning: The pin direction of 'REN' pin on 'PBCD4' cell in the 'SP013D3_V1p2_typ' technology library is inconsistent with the same-name pin in the '/home/eda/lib/smic/SP013D3_V1p4/apollo/SP013D3_V1p2_8MT' physical library. No physical link for the logical lib cell. (PSYN-058)
Warning: The pin direction of 'C' pin on 'PBCD4' cell in the 'SP013D3_V1p2_typ' technology library is inconsistent with the same-name pin in the '/home/eda/lib/smic/SP013D3_V1p4/apollo/SP013D3_V1p2_8MT' physical library. No physical link for the logical lib cell. (PSYN-058)
Warning: The pin direction of 'PAD' pin on 'PBCD4' cell in the 'SP013D3_V1p2_typ' technology library is inconsistent with the same-name pin in the '/home/eda/lib/smic/SP013D3_V1p4/apollo/SP013D3_V1p2_8MT' physical library. No physical link for the logical lib cell. (PSYN-058)
Warning: The pin direction of 'OEN' pin on 'PBCU4' cell in the 'SP013D3_V1p2_typ' technology library is inconsistent with the same-name pin in the '/home/eda/lib/smic/SP013D3_V1p4/apollo/SP013D3_V1p2_8MT' physical library. No physical link for the logical lib cell. (PSYN-058)
Warning: The pin direction of 'I' pin on 'PBCU4' cell in the 'SP013D3_V1p2_typ' technology library is inconsistent with the same-name pin in the '/home/eda/lib/smic/SP013D3_V1p4/apollo/SP013D3_V1p2_8MT' physical library. No physical link for the logical lib cell. (PSYN-058)
Warning: The pin direction of 'REN' pin on 'PBCU4' cell in the 'SP013D3_V1p2_typ' technology library is inconsistent with the same-name pin in the '/home/eda/lib/smic/SP013D3_V1p4/apollo/SP013D3_V1p2_8MT' physical library. No physical link for the logical lib cell. (PSYN-058)
Warning: The pin direction of 'C' pin on 'PBCU4' cell in the 'SP013D3_V1p2_typ' technology library is inconsistent with the same-name pin in the '/home/eda/lib/smic/SP013D3_V1p4/apollo/SP013D3_V1p2_8MT' physical library. No physical link for the logical lib cell. (PSYN-058)
Warning: The pin direction of 'PAD' pin on 'PBCU4' cell in the 'SP013D3_V1p2_typ' technology library is inconsistent with the same-name pin in the '/home/eda/lib/smic/SP013D3_V1p4/apollo/SP013D3_V1p2_8MT' physical library. No physical link for the logical lib cell. (PSYN-058)
Warning: The pin direction of 'OEN' pin on 'PBS24' cell in the 'SP013D3_V1p2_typ' technology library is inconsistent with the same-name pin in the '/home/eda/lib/smic/SP013D3_V1p4/apollo/SP013D3_V1p2_8MT' physical library. No physical link for the logical lib cell. (PSYN-058)
Warning: The pin direction of 'I' pin on 'PBS24' cell in the 'SP013D3_V1p2_typ' technology library is inconsistent with the same-name pin in the '/home/eda/lib/smic/SP013D3_V1p4/apollo/SP013D3_V1p2_8MT' physical library. No physical link for the logical lib cell. (PSYN-058)
Warning: The pin direction of 'C' pin on 'PBS24' cell in the 'SP013D3_V1p2_typ' technology library is inconsistent with the same-name pin in the '/home/eda/lib/smic/SP013D3_V1p4/apollo/SP013D3_V1p2_8MT' physical library. No physical link for the logical lib cell. (PSYN-058)
Warning: The pin direction of 'PAD' pin on 'PBS24' cell in the 'SP013D3_V1p2_typ' technology library is inconsistent with the same-name pin in the '/home/eda/lib/smic/SP013D3_V1p4/apollo/SP013D3_V1p2_8MT' physical library. No physical link for the logical lib cell. (PSYN-058)
Warning: The pin direction of 'OEN' pin on 'PBSD4' cell in the 'SP013D3_V1p2_typ' technology library is inconsistent with the same-name pin in the '/home/eda/lib/smic/SP013D3_V1p4/apollo/SP013D3_V1p2_8MT' physical library. No physical link for the logical lib cell. (PSYN-058)
Warning: The pin direction of 'I' pin on 'PBSD4' cell in the 'SP013D3_V1p2_typ' technology library is inconsistent with the same-name pin in the '/home/eda/lib/smic/SP013D3_V1p4/apollo/SP013D3_V1p2_8MT' physical library. No physical link for the logical lib cell. (PSYN-058)
Warning: The pin direction of 'C' pin on 'PBSD4' cell in the 'SP013D3_V1p2_typ' technology library is inconsistent with the same-name pin in the '/home/eda/lib/smic/SP013D3_V1p4/apollo/SP013D3_V1p2_8MT' physical library. No physical link for the logical lib cell. (PSYN-058)
Warning: The pin direction of 'PAD' pin on 'PBSD4' cell in the 'SP013D3_V1p2_typ' technology library is inconsistent with the same-name pin in the '/home/eda/lib/smic/SP013D3_V1p4/apollo/SP013D3_V1p2_8MT' physical library. No physical link for the logical lib cell. (PSYN-058)
Warning: The pin direction of 'OEN' pin on 'PBSU4' cell in the 'SP013D3_V1p2_typ' technology library is inconsistent with the same-name pin in the '/home/eda/lib/smic/SP013D3_V1p4/apollo/SP013D3_V1p2_8MT' physical library. No physical link for the logical lib cell. (PSYN-058)
Warning: The pin direction of 'I' pin on 'PBSU4' cell in the 'SP013D3_V1p2_typ' technology library is inconsistent with the same-name pin in the '/home/eda/lib/smic/SP013D3_V1p4/apollo/SP013D3_V1p2_8MT' physical library. No physical link for the logical lib cell. (PSYN-058)
Warning: The pin direction of 'C' pin on 'PBSU4' cell in the 'SP013D3_V1p2_typ' technology library is inconsistent with the same-name pin in the '/home/eda/lib/smic/SP013D3_V1p4/apollo/SP013D3_V1p2_8MT' physical library. No physical link for the logical lib cell. (PSYN-058)
Warning: The pin direction of 'PAD' pin on 'PBSU4' cell in the 'SP013D3_V1p2_typ' technology library is inconsistent with the same-name pin in the '/home/eda/lib/smic/SP013D3_V1p4/apollo/SP013D3_V1p2_8MT' physical library. No physical link for the logical lib cell. (PSYN-058)
Warning: The pin direction of 'OEN' pin on 'PBU24' cell in the 'SP013D3_V1p2_typ' technology library is inconsistent with the same-name pin in the '/home/eda/lib/smic/SP013D3_V1p4/apollo/SP013D3_V1p2_8MT' physical library. No physical link for the logical lib cell. (PSYN-058)
Warning: The pin direction of 'I' pin on 'PBU24' cell in the 'SP013D3_V1p2_typ' technology library is inconsistent with the same-name pin in the '/home/eda/lib/smic/SP013D3_V1p4/apollo/SP013D3_V1p2_8MT' physical library. No physical link for the logical lib cell. (PSYN-058)
Warning: The pin direction of 'C' pin on 'PBU24' cell in the 'SP013D3_V1p2_typ' technology library is inconsistent with the same-name pin in the '/home/eda/lib/smic/SP013D3_V1p4/apollo/SP013D3_V1p2_8MT' physical library. No physical link for the logical lib cell. (PSYN-058)
Warning: The pin direction of 'PAD' pin on 'PBU24' cell in the 'SP013D3_V1p2_typ' technology library is inconsistent with the same-name pin in the '/home/eda/lib/smic/SP013D3_V1p4/apollo/SP013D3_V1p2_8MT' physical library. No physical link for the logical lib cell. (PSYN-058)
Warning: The pin direction of 'OEN' pin on 'PBD24' cell in the 'SP013D3_V1p2_typ' technology library is inconsistent with the same-name pin in the '/home/eda/lib/smic/SP013D3_V1p4/apollo/SP013D3_V1p2_8MT' physical library. No physical link for the logical lib cell. (PSYN-058)
Warning: The pin direction of 'I' pin on 'PBD24' cell in the 'SP013D3_V1p2_typ' technology library is inconsistent with the same-name pin in the '/home/eda/lib/smic/SP013D3_V1p4/apollo/SP013D3_V1p2_8MT' physical library. No physical link for the logical lib cell. (PSYN-058)
Warning: The pin direction of 'C' pin on 'PBD24' cell in the 'SP013D3_V1p2_typ' technology library is inconsistent with the same-name pin in the '/home/eda/lib/smic/SP013D3_V1p4/apollo/SP013D3_V1p2_8MT' physical library. No physical link for the logical lib cell. (PSYN-058)
Warning: The pin direction of 'PAD' pin on 'PBD24' cell in the 'SP013D3_V1p2_typ' technology library is inconsistent with the same-name pin in the '/home/eda/lib/smic/SP013D3_V1p4/apollo/SP013D3_V1p2_8MT' physical library. No physical link for the logical lib cell. (PSYN-058)
Warning: The pin direction of 'I' pin on 'POL24' cell in the 'SP013D3_V1p2_typ' technology library is inconsistent with the same-name pin in the '/home/eda/lib/smic/SP013D3_V1p4/apollo/SP013D3_V1p2_8MT' physical library. No physical link for the logical lib cell. (PSYN-058)
Warning: The pin direction of 'PAD' pin on 'POL24' cell in the 'SP013D3_V1p2_typ' technology library is inconsistent with the same-name pin in the '/home/eda/lib/smic/SP013D3_V1p4/apollo/SP013D3_V1p2_8MT' physical library. No physical link for the logical lib cell. (PSYN-058)
Warning: The pin direction of 'OEN' pin on 'POT24' cell in the 'SP013D3_V1p2_typ' technology library is inconsistent with the same-name pin in the '/home/eda/lib/smic/SP013D3_V1p4/apollo/SP013D3_V1p2_8MT' physical library. No physical link for the logical lib cell. (PSYN-058)
Warning: The pin direction of 'I' pin on 'POT24' cell in the 'SP013D3_V1p2_typ' technology library is inconsistent with the same-name pin in the '/home/eda/lib/smic/SP013D3_V1p4/apollo/SP013D3_V1p2_8MT' physical library. No physical link for the logical lib cell. (PSYN-058)
Warning: The pin direction of 'PAD' pin on 'POT24' cell in the 'SP013D3_V1p2_typ' technology library is inconsistent with the same-name pin in the '/home/eda/lib/smic/SP013D3_V1p4/apollo/SP013D3_V1p2_8MT' physical library. No physical link for the logical lib cell. (PSYN-058)
Warning: The pin direction of 'VSS' pin on 'PVSS3' cell in the 'SP013D3_V1p2_typ' technology library is inconsistent with the same-name pin in the '/home/eda/lib/smic/SP013D3_V1p4/apollo/SP013D3_V1p2_8MT' physical library. No physical link for the logical lib cell. (PSYN-058)
Warning: The pin direction of 'XIN' pin on 'PXWE3' cell in the 'SP013D3_V1p2_typ' technology library is inconsistent with the same-name pin in the '/home/eda/lib/smic/SP013D3_V1p4/apollo/SP013D3_V1p2_8MT' physical library. No physical link for the logical lib cell. (PSYN-058)
Warning: The pin direction of 'E' pin on 'PXWE3' cell in the 'SP013D3_V1p2_typ' technology library is inconsistent with the same-name pin in the '/home/eda/lib/smic/SP013D3_V1p4/apollo/SP013D3_V1p2_8MT' physical library. No physical link for the logical lib cell. (PSYN-058)
Warning: The pin direction of 'XOUT' pin on 'PXWE3' cell in the 'SP013D3_V1p2_typ' technology library is inconsistent with the same-name pin in the '/home/eda/lib/smic/SP013D3_V1p4/apollo/SP013D3_V1p2_8MT' physical library. No physical link for the logical lib cell. (PSYN-058)
Warning: The pin direction of 'XC' pin on 'PXWE3' cell in the 'SP013D3_V1p2_typ' technology library is inconsistent with the same-name pin in the '/home/eda/lib/smic/SP013D3_V1p4/apollo/SP013D3_V1p2_8MT' physical library. No physical link for the logical lib cell. (PSYN-058)
Warning: The pin direction of 'OEN' pin on 'PBL12' cell in the 'SP013D3_V1p2_typ' technology library is inconsistent with the same-name pin in the '/home/eda/lib/smic/SP013D3_V1p4/apollo/SP013D3_V1p2_8MT' physical library. No physical link for the logical lib cell. (PSYN-058)
Warning: The pin direction of 'I' pin on 'PBL12' cell in the 'SP013D3_V1p2_typ' technology library is inconsistent with the same-name pin in the '/home/eda/lib/smic/SP013D3_V1p4/apollo/SP013D3_V1p2_8MT' physical library. No physical link for the logical lib cell. (PSYN-058)
Warning: The pin direction of 'C' pin on 'PBL12' cell in the 'SP013D3_V1p2_typ' technology library is inconsistent with the same-name pin in the '/home/eda/lib/smic/SP013D3_V1p4/apollo/SP013D3_V1p2_8MT' physical library. No physical link for the logical lib cell. (PSYN-058)
Warning: The pin direction of 'PAD' pin on 'PBL12' cell in the 'SP013D3_V1p2_typ' technology library is inconsistent with the same-name pin in the '/home/eda/lib/smic/SP013D3_V1p4/apollo/SP013D3_V1p2_8MT' physical library. No physical link for the logical lib cell. (PSYN-058)
Warning: The pin direction of 'OEN' pin on 'PBCD8' cell in the 'SP013D3_V1p2_typ' technology library is inconsistent with the same-name pin in the '/home/eda/lib/smic/SP013D3_V1p4/apollo/SP013D3_V1p2_8MT' physical library. No physical link for the logical lib cell. (PSYN-058)
Warning: The pin direction of 'I' pin on 'PBCD8' cell in the 'SP013D3_V1p2_typ' technology library is inconsistent with the same-name pin in the '/home/eda/lib/smic/SP013D3_V1p4/apollo/SP013D3_V1p2_8MT' physical library. No physical link for the logical lib cell. (PSYN-058)
Warning: The pin direction of 'REN' pin on 'PBCD8' cell in the 'SP013D3_V1p2_typ' technology library is inconsistent with the same-name pin in the '/home/eda/lib/smic/SP013D3_V1p4/apollo/SP013D3_V1p2_8MT' physical library. No physical link for the logical lib cell. (PSYN-058)
Warning: The pin direction of 'C' pin on 'PBCD8' cell in the 'SP013D3_V1p2_typ' technology library is inconsistent with the same-name pin in the '/home/eda/lib/smic/SP013D3_V1p4/apollo/SP013D3_V1p2_8MT' physical library. No physical link for the logical lib cell. (PSYN-058)
Warning: The pin direction of 'PAD' pin on 'PBCD8' cell in the 'SP013D3_V1p2_typ' technology library is inconsistent with the same-name pin in the '/home/eda/lib/smic/SP013D3_V1p4/apollo/SP013D3_V1p2_8MT' physical library. No physical link for the logical lib cell. (PSYN-058)
Warning: The pin direction of 'OEN' pin on 'PBCD2' cell in the 'SP013D3_V1p2_typ' technology library is inconsistent with the same-name pin in the '/home/eda/lib/smic/SP013D3_V1p4/apollo/SP013D3_V1p2_8MT' physical library. No physical link for the logical lib cell. (PSYN-058)
Warning: The pin direction of 'I' pin on 'PBCD2' cell in the 'SP013D3_V1p2_typ' technology library is inconsistent with the same-name pin in the '/home/eda/lib/smic/SP013D3_V1p4/apollo/SP013D3_V1p2_8MT' physical library. No physical link for the logical lib cell. (PSYN-058)
Warning: The pin direction of 'REN' pin on 'PBCD2' cell in the 'SP013D3_V1p2_typ' technology library is inconsistent with the same-name pin in the '/home/eda/lib/smic/SP013D3_V1p4/apollo/SP013D3_V1p2_8MT' physical library. No physical link for the logical lib cell. (PSYN-058)
Warning: The pin direction of 'C' pin on 'PBCD2' cell in the 'SP013D3_V1p2_typ' technology library is inconsistent with the same-name pin in the '/home/eda/lib/smic/SP013D3_V1p4/apollo/SP013D3_V1p2_8MT' physical library. No physical link for the logical lib cell. (PSYN-058)
Warning: The pin direction of 'PAD' pin on 'PBCD2' cell in the 'SP013D3_V1p2_typ' technology library is inconsistent with the same-name pin in the '/home/eda/lib/smic/SP013D3_V1p4/apollo/SP013D3_V1p2_8MT' physical library. No physical link for the logical lib cell. (PSYN-058)
Warning: The pin direction of 'OEN' pin on 'PBCU8' cell in the 'SP013D3_V1p2_typ' technology library is inconsistent with the same-name pin in the '/home/eda/lib/smic/SP013D3_V1p4/apollo/SP013D3_V1p2_8MT' physical library. No physical link for the logical lib cell. (PSYN-058)
Warning: The pin direction of 'I' pin on 'PBCU8' cell in the 'SP013D3_V1p2_typ' technology library is inconsistent with the same-name pin in the '/home/eda/lib/smic/SP013D3_V1p4/apollo/SP013D3_V1p2_8MT' physical library. No physical link for the logical lib cell. (PSYN-058)
Warning: The pin direction of 'REN' pin on 'PBCU8' cell in the 'SP013D3_V1p2_typ' technology library is inconsistent with the same-name pin in the '/home/eda/lib/smic/SP013D3_V1p4/apollo/SP013D3_V1p2_8MT' physical library. No physical link for the logical lib cell. (PSYN-058)
Warning: The pin direction of 'C' pin on 'PBCU8' cell in the 'SP013D3_V1p2_typ' technology library is inconsistent with the same-name pin in the '/home/eda/lib/smic/SP013D3_V1p4/apollo/SP013D3_V1p2_8MT' physical library. No physical link for the logical lib cell. (PSYN-058)
Warning: The pin direction of 'PAD' pin on 'PBCU8' cell in the 'SP013D3_V1p2_typ' technology library is inconsistent with the same-name pin in the '/home/eda/lib/smic/SP013D3_V1p4/apollo/SP013D3_V1p2_8MT' physical library. No physical link for the logical lib cell. (PSYN-058)
Warning: The pin direction of 'OEN' pin on 'PBCU2' cell in the 'SP013D3_V1p2_typ' technology library is inconsistent with the same-name pin in the '/home/eda/lib/smic/SP013D3_V1p4/apollo/SP013D3_V1p2_8MT' physical library. No physical link for the logical lib cell. (PSYN-058)
Warning: The pin direction of 'I' pin on 'PBCU2' cell in the 'SP013D3_V1p2_typ' technology library is inconsistent with the same-name pin in the '/home/eda/lib/smic/SP013D3_V1p4/apollo/SP013D3_V1p2_8MT' physical library. No physical link for the logical lib cell. (PSYN-058)
Warning: The pin direction of 'REN' pin on 'PBCU2' cell in the 'SP013D3_V1p2_typ' technology library is inconsistent with the same-name pin in the '/home/eda/lib/smic/SP013D3_V1p4/apollo/SP013D3_V1p2_8MT' physical library. No physical link for the logical lib cell. (PSYN-058)
Warning: The pin direction of 'C' pin on 'PBCU2' cell in the 'SP013D3_V1p2_typ' technology library is inconsistent with the same-name pin in the '/home/eda/lib/smic/SP013D3_V1p4/apollo/SP013D3_V1p2_8MT' physical library. No physical link for the logical lib cell. (PSYN-058)
Warning: The pin direction of 'PAD' pin on 'PBCU2' cell in the 'SP013D3_V1p2_typ' technology library is inconsistent with the same-name pin in the '/home/eda/lib/smic/SP013D3_V1p4/apollo/SP013D3_V1p2_8MT' physical library. No physical link for the logical lib cell. (PSYN-058)
Warning: The pin direction of 'OEN' pin on 'PBSL8' cell in the 'SP013D3_V1p2_typ' technology library is inconsistent with the same-name pin in the '/home/eda/lib/smic/SP013D3_V1p4/apollo/SP013D3_V1p2_8MT' physical library. No physical link for the logical lib cell. (PSYN-058)
Warning: The pin direction of 'I' pin on 'PBSL8' cell in the 'SP013D3_V1p2_typ' technology library is inconsistent with the same-name pin in the '/home/eda/lib/smic/SP013D3_V1p4/apollo/SP013D3_V1p2_8MT' physical library. No physical link for the logical lib cell. (PSYN-058)
Warning: The pin direction of 'C' pin on 'PBSL8' cell in the 'SP013D3_V1p2_typ' technology library is inconsistent with the same-name pin in the '/home/eda/lib/smic/SP013D3_V1p4/apollo/SP013D3_V1p2_8MT' physical library. No physical link for the logical lib cell. (PSYN-058)
Warning: The pin direction of 'PAD' pin on 'PBSL8' cell in the 'SP013D3_V1p2_typ' technology library is inconsistent with the same-name pin in the '/home/eda/lib/smic/SP013D3_V1p4/apollo/SP013D3_V1p2_8MT' physical library. No physical link for the logical lib cell. (PSYN-058)
Warning: The pin direction of 'OEN' pin on 'PBS12' cell in the 'SP013D3_V1p2_typ' technology library is inconsistent with the same-name pin in the '/home/eda/lib/smic/SP013D3_V1p4/apollo/SP013D3_V1p2_8MT' physical library. No physical link for the logical lib cell. (PSYN-058)
Warning: The pin direction of 'I' pin on 'PBS12' cell in the 'SP013D3_V1p2_typ' technology library is inconsistent with the same-name pin in the '/home/eda/lib/smic/SP013D3_V1p4/apollo/SP013D3_V1p2_8MT' physical library. No physical link for the logical lib cell. (PSYN-058)
Warning: The pin direction of 'C' pin on 'PBS12' cell in the 'SP013D3_V1p2_typ' technology library is inconsistent with the same-name pin in the '/home/eda/lib/smic/SP013D3_V1p4/apollo/SP013D3_V1p2_8MT' physical library. No physical link for the logical lib cell. (PSYN-058)
Warning: The pin direction of 'PAD' pin on 'PBS12' cell in the 'SP013D3_V1p2_typ' technology library is inconsistent with the same-name pin in the '/home/eda/lib/smic/SP013D3_V1p4/apollo/SP013D3_V1p2_8MT' physical library. No physical link for the logical lib cell. (PSYN-058)
Warning: The pin direction of 'OEN' pin on 'PBSD8' cell in the 'SP013D3_V1p2_typ' technology library is inconsistent with the same-name pin in the '/home/eda/lib/smic/SP013D3_V1p4/apollo/SP013D3_V1p2_8MT' physical library. No physical link for the logical lib cell. (PSYN-058)
Warning: The pin direction of 'I' pin on 'PBSD8' cell in the 'SP013D3_V1p2_typ' technology library is inconsistent with the same-name pin in the '/home/eda/lib/smic/SP013D3_V1p4/apollo/SP013D3_V1p2_8MT' physical library. No physical link for the logical lib cell. (PSYN-058)
Warning: The pin direction of 'C' pin on 'PBSD8' cell in the 'SP013D3_V1p2_typ' technology library is inconsistent with the same-name pin in the '/home/eda/lib/smic/SP013D3_V1p4/apollo/SP013D3_V1p2_8MT' physical library. No physical link for the logical lib cell. (PSYN-058)
Warning: The pin direction of 'PAD' pin on 'PBSD8' cell in the 'SP013D3_V1p2_typ' technology library is inconsistent with the same-name pin in the '/home/eda/lib/smic/SP013D3_V1p4/apollo/SP013D3_V1p2_8MT' physical library. No physical link for the logical lib cell. (PSYN-058)
Warning: The pin direction of 'OEN' pin on 'PBSD2' cell in the 'SP013D3_V1p2_typ' technology library is inconsistent with the same-name pin in the '/home/eda/lib/smic/SP013D3_V1p4/apollo/SP013D3_V1p2_8MT' physical library. No physical link for the logical lib cell. (PSYN-058)
Warning: The pin direction of 'I' pin on 'PBSD2' cell in the 'SP013D3_V1p2_typ' technology library is inconsistent with the same-name pin in the '/home/eda/lib/smic/SP013D3_V1p4/apollo/SP013D3_V1p2_8MT' physical library. No physical link for the logical lib cell. (PSYN-058)
Warning: The pin direction of 'C' pin on 'PBSD2' cell in the 'SP013D3_V1p2_typ' technology library is inconsistent with the same-name pin in the '/home/eda/lib/smic/SP013D3_V1p4/apollo/SP013D3_V1p2_8MT' physical library. No physical link for the logical lib cell. (PSYN-058)
Warning: The pin direction of 'PAD' pin on 'PBSD2' cell in the 'SP013D3_V1p2_typ' technology library is inconsistent with the same-name pin in the '/home/eda/lib/smic/SP013D3_V1p4/apollo/SP013D3_V1p2_8MT' physical library. No physical link for the logical lib cell. (PSYN-058)
Warning: The pin direction of 'OEN' pin on 'PBSU2' cell in the 'SP013D3_V1p2_typ' technology library is inconsistent with the same-name pin in the '/home/eda/lib/smic/SP013D3_V1p4/apollo/SP013D3_V1p2_8MT' physical library. No physical link for the logical lib cell. (PSYN-058)
Warning: The pin direction of 'I' pin on 'PBSU2' cell in the 'SP013D3_V1p2_typ' technology library is inconsistent with the same-name pin in the '/home/eda/lib/smic/SP013D3_V1p4/apollo/SP013D3_V1p2_8MT' physical library. No physical link for the logical lib cell. (PSYN-058)
Warning: The pin direction of 'C' pin on 'PBSU2' cell in the 'SP013D3_V1p2_typ' technology library is inconsistent with the same-name pin in the '/home/eda/lib/smic/SP013D3_V1p4/apollo/SP013D3_V1p2_8MT' physical library. No physical link for the logical lib cell. (PSYN-058)
Warning: The pin direction of 'PAD' pin on 'PBSU2' cell in the 'SP013D3_V1p2_typ' technology library is inconsistent with the same-name pin in the '/home/eda/lib/smic/SP013D3_V1p4/apollo/SP013D3_V1p2_8MT' physical library. No physical link for the logical lib cell. (PSYN-058)
Warning: The pin direction of 'OEN' pin on 'PBSU8' cell in the 'SP013D3_V1p2_typ' technology library is inconsistent with the same-name pin in the '/home/eda/lib/smic/SP013D3_V1p4/apollo/SP013D3_V1p2_8MT' physical library. No physical link for the logical lib cell. (PSYN-058)
Warning: The pin direction of 'I' pin on 'PBSU8' cell in the 'SP013D3_V1p2_typ' technology library is inconsistent with the same-name pin in the '/home/eda/lib/smic/SP013D3_V1p4/apollo/SP013D3_V1p2_8MT' physical library. No physical link for the logical lib cell. (PSYN-058)
Warning: The pin direction of 'C' pin on 'PBSU8' cell in the 'SP013D3_V1p2_typ' technology library is inconsistent with the same-name pin in the '/home/eda/lib/smic/SP013D3_V1p4/apollo/SP013D3_V1p2_8MT' physical library. No physical link for the logical lib cell. (PSYN-058)
Warning: The pin direction of 'PAD' pin on 'PBSU8' cell in the 'SP013D3_V1p2_typ' technology library is inconsistent with the same-name pin in the '/home/eda/lib/smic/SP013D3_V1p4/apollo/SP013D3_V1p2_8MT' physical library. No physical link for the logical lib cell. (PSYN-058)
Warning: The pin direction of 'OEN' pin on 'PBUL8' cell in the 'SP013D3_V1p2_typ' technology library is inconsistent with the same-name pin in the '/home/eda/lib/smic/SP013D3_V1p4/apollo/SP013D3_V1p2_8MT' physical library. No physical link for the logical lib cell. (PSYN-058)
Warning: The pin direction of 'I' pin on 'PBUL8' cell in the 'SP013D3_V1p2_typ' technology library is inconsistent with the same-name pin in the '/home/eda/lib/smic/SP013D3_V1p4/apollo/SP013D3_V1p2_8MT' physical library. No physical link for the logical lib cell. (PSYN-058)
Warning: The pin direction of 'C' pin on 'PBUL8' cell in the 'SP013D3_V1p2_typ' technology library is inconsistent with the same-name pin in the '/home/eda/lib/smic/SP013D3_V1p4/apollo/SP013D3_V1p2_8MT' physical library. No physical link for the logical lib cell. (PSYN-058)
Warning: The pin direction of 'PAD' pin on 'PBUL8' cell in the 'SP013D3_V1p2_typ' technology library is inconsistent with the same-name pin in the '/home/eda/lib/smic/SP013D3_V1p4/apollo/SP013D3_V1p2_8MT' physical library. No physical link for the logical lib cell. (PSYN-058)
Warning: The pin direction of 'OEN' pin on 'PBU12' cell in the 'SP013D3_V1p2_typ' technology library is inconsistent with the same-name pin in the '/home/eda/lib/smic/SP013D3_V1p4/apollo/SP013D3_V1p2_8MT' physical library. No physical link for the logical lib cell. (PSYN-058)
Warning: The pin direction of 'I' pin on 'PBU12' cell in the 'SP013D3_V1p2_typ' technology library is inconsistent with the same-name pin in the '/home/eda/lib/smic/SP013D3_V1p4/apollo/SP013D3_V1p2_8MT' physical library. No physical link for the logical lib cell. (PSYN-058)
Warning: The pin direction of 'C' pin on 'PBU12' cell in the 'SP013D3_V1p2_typ' technology library is inconsistent with the same-name pin in the '/home/eda/lib/smic/SP013D3_V1p4/apollo/SP013D3_V1p2_8MT' physical library. No physical link for the logical lib cell. (PSYN-058)
Warning: The pin direction of 'PAD' pin on 'PBU12' cell in the 'SP013D3_V1p2_typ' technology library is inconsistent with the same-name pin in the '/home/eda/lib/smic/SP013D3_V1p4/apollo/SP013D3_V1p2_8MT' physical library. No physical link for the logical lib cell. (PSYN-058)
Warning: The pin direction of 'OEN' pin on 'PBDL8' cell in the 'SP013D3_V1p2_typ' technology library is inconsistent with the same-name pin in the '/home/eda/lib/smic/SP013D3_V1p4/apollo/SP013D3_V1p2_8MT' physical library. No physical link for the logical lib cell. (PSYN-058)
Warning: The pin direction of 'I' pin on 'PBDL8' cell in the 'SP013D3_V1p2_typ' technology library is inconsistent with the same-name pin in the '/home/eda/lib/smic/SP013D3_V1p4/apollo/SP013D3_V1p2_8MT' physical library. No physical link for the logical lib cell. (PSYN-058)
Warning: The pin direction of 'C' pin on 'PBDL8' cell in the 'SP013D3_V1p2_typ' technology library is inconsistent with the same-name pin in the '/home/eda/lib/smic/SP013D3_V1p4/apollo/SP013D3_V1p2_8MT' physical library. No physical link for the logical lib cell. (PSYN-058)
Warning: The pin direction of 'PAD' pin on 'PBDL8' cell in the 'SP013D3_V1p2_typ' technology library is inconsistent with the same-name pin in the '/home/eda/lib/smic/SP013D3_V1p4/apollo/SP013D3_V1p2_8MT' physical library. No physical link for the logical lib cell. (PSYN-058)
Warning: The pin direction of 'OEN' pin on 'PBD12' cell in the 'SP013D3_V1p2_typ' technology library is inconsistent with the same-name pin in the '/home/eda/lib/smic/SP013D3_V1p4/apollo/SP013D3_V1p2_8MT' physical library. No physical link for the logical lib cell. (PSYN-058)
Warning: The pin direction of 'I' pin on 'PBD12' cell in the 'SP013D3_V1p2_typ' technology library is inconsistent with the same-name pin in the '/home/eda/lib/smic/SP013D3_V1p4/apollo/SP013D3_V1p2_8MT' physical library. No physical link for the logical lib cell. (PSYN-058)
Warning: The pin direction of 'C' pin on 'PBD12' cell in the 'SP013D3_V1p2_typ' technology library is inconsistent with the same-name pin in the '/home/eda/lib/smic/SP013D3_V1p4/apollo/SP013D3_V1p2_8MT' physical library. No physical link for the logical lib cell. (PSYN-058)
Warning: The pin direction of 'PAD' pin on 'PBD12' cell in the 'SP013D3_V1p2_typ' technology library is inconsistent with the same-name pin in the '/home/eda/lib/smic/SP013D3_V1p4/apollo/SP013D3_V1p2_8MT' physical library. No physical link for the logical lib cell. (PSYN-058)
Warning: The pin direction of 'I' pin on 'POL12' cell in the 'SP013D3_V1p2_typ' technology library is inconsistent with the same-name pin in the '/home/eda/lib/smic/SP013D3_V1p4/apollo/SP013D3_V1p2_8MT' physical library. No physical link for the logical lib cell. (PSYN-058)
Warning: The pin direction of 'PAD' pin on 'POL12' cell in the 'SP013D3_V1p2_typ' technology library is inconsistent with the same-name pin in the '/home/eda/lib/smic/SP013D3_V1p4/apollo/SP013D3_V1p2_8MT' physical library. No physical link for the logical lib cell. (PSYN-058)
Warning: The pin direction of 'OEN' pin on 'POTL8' cell in the 'SP013D3_V1p2_typ' technology library is inconsistent with the same-name pin in the '/home/eda/lib/smic/SP013D3_V1p4/apollo/SP013D3_V1p2_8MT' physical library. No physical link for the logical lib cell. (PSYN-058)
Warning: The pin direction of 'I' pin on 'POTL8' cell in the 'SP013D3_V1p2_typ' technology library is inconsistent with the same-name pin in the '/home/eda/lib/smic/SP013D3_V1p4/apollo/SP013D3_V1p2_8MT' physical library. No physical link for the logical lib cell. (PSYN-058)
Warning: The pin direction of 'PAD' pin on 'POTL8' cell in the 'SP013D3_V1p2_typ' technology library is inconsistent with the same-name pin in the '/home/eda/lib/smic/SP013D3_V1p4/apollo/SP013D3_V1p2_8MT' physical library. No physical link for the logical lib cell. (PSYN-058)
Warning: The pin direction of 'OEN' pin on 'POT12' cell in the 'SP013D3_V1p2_typ' technology library is inconsistent with the same-name pin in the '/home/eda/lib/smic/SP013D3_V1p4/apollo/SP013D3_V1p2_8MT' physical library. No physical link for the logical lib cell. (PSYN-058)
Warning: The pin direction of 'I' pin on 'POT12' cell in the 'SP013D3_V1p2_typ' technology library is inconsistent with the same-name pin in the '/home/eda/lib/smic/SP013D3_V1p4/apollo/SP013D3_V1p2_8MT' physical library. No physical link for the logical lib cell. (PSYN-058)
Warning: The pin direction of 'PAD' pin on 'POT12' cell in the 'SP013D3_V1p2_typ' technology library is inconsistent with the same-name pin in the '/home/eda/lib/smic/SP013D3_V1p4/apollo/SP013D3_V1p2_8MT' physical library. No physical link for the logical lib cell. (PSYN-058)
Warning: The pin direction of 'XIN' pin on 'PXWE2' cell in the 'SP013D3_V1p2_typ' technology library is inconsistent with the same-name pin in the '/home/eda/lib/smic/SP013D3_V1p4/apollo/SP013D3_V1p2_8MT' physical library. No physical link for the logical lib cell. (PSYN-058)
Warning: The pin direction of 'E' pin on 'PXWE2' cell in the 'SP013D3_V1p2_typ' technology library is inconsistent with the same-name pin in the '/home/eda/lib/smic/SP013D3_V1p4/apollo/SP013D3_V1p2_8MT' physical library. No physical link for the logical lib cell. (PSYN-058)
Warning: The pin direction of 'XOUT' pin on 'PXWE2' cell in the 'SP013D3_V1p2_typ' technology library is inconsistent with the same-name pin in the '/home/eda/lib/smic/SP013D3_V1p4/apollo/SP013D3_V1p2_8MT' physical library. No physical link for the logical lib cell. (PSYN-058)
Warning: The pin direction of 'XC' pin on 'PXWE2' cell in the 'SP013D3_V1p2_typ' technology library is inconsistent with the same-name pin in the '/home/eda/lib/smic/SP013D3_V1p4/apollo/SP013D3_V1p2_8MT' physical library. No physical link for the logical lib cell. (PSYN-058)
Warning: The pin direction of 'VSS' pin on 'PVSS1' cell in the 'SP013D3_V1p2_typ' technology library is inconsistent with the same-name pin in the '/home/eda/lib/smic/SP013D3_V1p4/apollo/SP013D3_V1p2_8MT' physical library. No physical link for the logical lib cell. (PSYN-058)
Warning: The pin direction of 'VDD' pin on 'PVDD1' cell in the 'SP013D3_V1p2_typ' technology library is inconsistent with the same-name pin in the '/home/eda/lib/smic/SP013D3_V1p4/apollo/SP013D3_V1p2_8MT' physical library. No physical link for the logical lib cell. (PSYN-058)
Warning: The pin direction of 'XIN' pin on 'PXWE1' cell in the 'SP013D3_V1p2_typ' technology library is inconsistent with the same-name pin in the '/home/eda/lib/smic/SP013D3_V1p4/apollo/SP013D3_V1p2_8MT' physical library. No physical link for the logical lib cell. (PSYN-058)
Warning: The pin direction of 'E' pin on 'PXWE1' cell in the 'SP013D3_V1p2_typ' technology library is inconsistent with the same-name pin in the '/home/eda/lib/smic/SP013D3_V1p4/apollo/SP013D3_V1p2_8MT' physical library. No physical link for the logical lib cell. (PSYN-058)
Warning: The pin direction of 'XOUT' pin on 'PXWE1' cell in the 'SP013D3_V1p2_typ' technology library is inconsistent with the same-name pin in the '/home/eda/lib/smic/SP013D3_V1p4/apollo/SP013D3_V1p2_8MT' physical library. No physical link for the logical lib cell. (PSYN-058)
Warning: The pin direction of 'XC' pin on 'PXWE1' cell in the 'SP013D3_V1p2_typ' technology library is inconsistent with the same-name pin in the '/home/eda/lib/smic/SP013D3_V1p4/apollo/SP013D3_V1p2_8MT' physical library. No physical link for the logical lib cell. (PSYN-058)
Warning: The pin direction of 'OEN' pin on 'PBCD16' cell in the 'SP013D3_V1p2_typ' technology library is inconsistent with the same-name pin in the '/home/eda/lib/smic/SP013D3_V1p4/apollo/SP013D3_V1p2_8MT' physical library. No physical link for the logical lib cell. (PSYN-058)
Warning: The pin direction of 'I' pin on 'PBCD16' cell in the 'SP013D3_V1p2_typ' technology library is inconsistent with the same-name pin in the '/home/eda/lib/smic/SP013D3_V1p4/apollo/SP013D3_V1p2_8MT' physical library. No physical link for the logical lib cell. (PSYN-058)
Warning: The pin direction of 'REN' pin on 'PBCD16' cell in the 'SP013D3_V1p2_typ' technology library is inconsistent with the same-name pin in the '/home/eda/lib/smic/SP013D3_V1p4/apollo/SP013D3_V1p2_8MT' physical library. No physical link for the logical lib cell. (PSYN-058)
Warning: The pin direction of 'C' pin on 'PBCD16' cell in the 'SP013D3_V1p2_typ' technology library is inconsistent with the same-name pin in the '/home/eda/lib/smic/SP013D3_V1p4/apollo/SP013D3_V1p2_8MT' physical library. No physical link for the logical lib cell. (PSYN-058)
Warning: The pin direction of 'PAD' pin on 'PBCD16' cell in the 'SP013D3_V1p2_typ' technology library is inconsistent with the same-name pin in the '/home/eda/lib/smic/SP013D3_V1p4/apollo/SP013D3_V1p2_8MT' physical library. No physical link for the logical lib cell. (PSYN-058)
Warning: The pin direction of 'OEN' pin on 'PBCU16' cell in the 'SP013D3_V1p2_typ' technology library is inconsistent with the same-name pin in the '/home/eda/lib/smic/SP013D3_V1p4/apollo/SP013D3_V1p2_8MT' physical library. No physical link for the logical lib cell. (PSYN-058)
Warning: The pin direction of 'I' pin on 'PBCU16' cell in the 'SP013D3_V1p2_typ' technology library is inconsistent with the same-name pin in the '/home/eda/lib/smic/SP013D3_V1p4/apollo/SP013D3_V1p2_8MT' physical library. No physical link for the logical lib cell. (PSYN-058)
Warning: The pin direction of 'REN' pin on 'PBCU16' cell in the 'SP013D3_V1p2_typ' technology library is inconsistent with the same-name pin in the '/home/eda/lib/smic/SP013D3_V1p4/apollo/SP013D3_V1p2_8MT' physical library. No physical link for the logical lib cell. (PSYN-058)
Warning: The pin direction of 'C' pin on 'PBCU16' cell in the 'SP013D3_V1p2_typ' technology library is inconsistent with the same-name pin in the '/home/eda/lib/smic/SP013D3_V1p4/apollo/SP013D3_V1p2_8MT' physical library. No physical link for the logical lib cell. (PSYN-058)
Warning: The pin direction of 'PAD' pin on 'PBCU16' cell in the 'SP013D3_V1p2_typ' technology library is inconsistent with the same-name pin in the '/home/eda/lib/smic/SP013D3_V1p4/apollo/SP013D3_V1p2_8MT' physical library. No physical link for the logical lib cell. (PSYN-058)
Warning: The pin direction of 'OEN' pin on 'PBSL16' cell in the 'SP013D3_V1p2_typ' technology library is inconsistent with the same-name pin in the '/home/eda/lib/smic/SP013D3_V1p4/apollo/SP013D3_V1p2_8MT' physical library. No physical link for the logical lib cell. (PSYN-058)
Warning: The pin direction of 'I' pin on 'PBSL16' cell in the 'SP013D3_V1p2_typ' technology library is inconsistent with the same-name pin in the '/home/eda/lib/smic/SP013D3_V1p4/apollo/SP013D3_V1p2_8MT' physical library. No physical link for the logical lib cell. (PSYN-058)
Warning: The pin direction of 'C' pin on 'PBSL16' cell in the 'SP013D3_V1p2_typ' technology library is inconsistent with the same-name pin in the '/home/eda/lib/smic/SP013D3_V1p4/apollo/SP013D3_V1p2_8MT' physical library. No physical link for the logical lib cell. (PSYN-058)
Warning: The pin direction of 'PAD' pin on 'PBSL16' cell in the 'SP013D3_V1p2_typ' technology library is inconsistent with the same-name pin in the '/home/eda/lib/smic/SP013D3_V1p4/apollo/SP013D3_V1p2_8MT' physical library. No physical link for the logical lib cell. (PSYN-058)
Warning: The pin direction of 'OEN' pin on 'PBSD16' cell in the 'SP013D3_V1p2_typ' technology library is inconsistent with the same-name pin in the '/home/eda/lib/smic/SP013D3_V1p4/apollo/SP013D3_V1p2_8MT' physical library. No physical link for the logical lib cell. (PSYN-058)
Warning: The pin direction of 'I' pin on 'PBSD16' cell in the 'SP013D3_V1p2_typ' technology library is inconsistent with the same-name pin in the '/home/eda/lib/smic/SP013D3_V1p4/apollo/SP013D3_V1p2_8MT' physical library. No physical link for the logical lib cell. (PSYN-058)
Warning: The pin direction of 'C' pin on 'PBSD16' cell in the 'SP013D3_V1p2_typ' technology library is inconsistent with the same-name pin in the '/home/eda/lib/smic/SP013D3_V1p4/apollo/SP013D3_V1p2_8MT' physical library. No physical link for the logical lib cell. (PSYN-058)
Warning: The pin direction of 'PAD' pin on 'PBSD16' cell in the 'SP013D3_V1p2_typ' technology library is inconsistent with the same-name pin in the '/home/eda/lib/smic/SP013D3_V1p4/apollo/SP013D3_V1p2_8MT' physical library. No physical link for the logical lib cell. (PSYN-058)
Warning: The pin direction of 'OEN' pin on 'PBSU16' cell in the 'SP013D3_V1p2_typ' technology library is inconsistent with the same-name pin in the '/home/eda/lib/smic/SP013D3_V1p4/apollo/SP013D3_V1p2_8MT' physical library. No physical link for the logical lib cell. (PSYN-058)
Warning: The pin direction of 'I' pin on 'PBSU16' cell in the 'SP013D3_V1p2_typ' technology library is inconsistent with the same-name pin in the '/home/eda/lib/smic/SP013D3_V1p4/apollo/SP013D3_V1p2_8MT' physical library. No physical link for the logical lib cell. (PSYN-058)
Warning: The pin direction of 'C' pin on 'PBSU16' cell in the 'SP013D3_V1p2_typ' technology library is inconsistent with the same-name pin in the '/home/eda/lib/smic/SP013D3_V1p4/apollo/SP013D3_V1p2_8MT' physical library. No physical link for the logical lib cell. (PSYN-058)
Warning: The pin direction of 'PAD' pin on 'PBSU16' cell in the 'SP013D3_V1p2_typ' technology library is inconsistent with the same-name pin in the '/home/eda/lib/smic/SP013D3_V1p4/apollo/SP013D3_V1p2_8MT' physical library. No physical link for the logical lib cell. (PSYN-058)
Warning: The pin direction of 'OEN' pin on 'PBUL16' cell in the 'SP013D3_V1p2_typ' technology library is inconsistent with the same-name pin in the '/home/eda/lib/smic/SP013D3_V1p4/apollo/SP013D3_V1p2_8MT' physical library. No physical link for the logical lib cell. (PSYN-058)
Warning: The pin direction of 'I' pin on 'PBUL16' cell in the 'SP013D3_V1p2_typ' technology library is inconsistent with the same-name pin in the '/home/eda/lib/smic/SP013D3_V1p4/apollo/SP013D3_V1p2_8MT' physical library. No physical link for the logical lib cell. (PSYN-058)
Warning: The pin direction of 'C' pin on 'PBUL16' cell in the 'SP013D3_V1p2_typ' technology library is inconsistent with the same-name pin in the '/home/eda/lib/smic/SP013D3_V1p4/apollo/SP013D3_V1p2_8MT' physical library. No physical link for the logical lib cell. (PSYN-058)
Warning: The pin direction of 'PAD' pin on 'PBUL16' cell in the 'SP013D3_V1p2_typ' technology library is inconsistent with the same-name pin in the '/home/eda/lib/smic/SP013D3_V1p4/apollo/SP013D3_V1p2_8MT' physical library. No physical link for the logical lib cell. (PSYN-058)
Warning: The pin direction of 'OEN' pin on 'PBDL16' cell in the 'SP013D3_V1p2_typ' technology library is inconsistent with the same-name pin in the '/home/eda/lib/smic/SP013D3_V1p4/apollo/SP013D3_V1p2_8MT' physical library. No physical link for the logical lib cell. (PSYN-058)
Warning: The pin direction of 'I' pin on 'PBDL16' cell in the 'SP013D3_V1p2_typ' technology library is inconsistent with the same-name pin in the '/home/eda/lib/smic/SP013D3_V1p4/apollo/SP013D3_V1p2_8MT' physical library. No physical link for the logical lib cell. (PSYN-058)
Warning: The pin direction of 'C' pin on 'PBDL16' cell in the 'SP013D3_V1p2_typ' technology library is inconsistent with the same-name pin in the '/home/eda/lib/smic/SP013D3_V1p4/apollo/SP013D3_V1p2_8MT' physical library. No physical link for the logical lib cell. (PSYN-058)
Warning: The pin direction of 'PAD' pin on 'PBDL16' cell in the 'SP013D3_V1p2_typ' technology library is inconsistent with the same-name pin in the '/home/eda/lib/smic/SP013D3_V1p4/apollo/SP013D3_V1p2_8MT' physical library. No physical link for the logical lib cell. (PSYN-058)
Warning: The pin direction of 'OEN' pin on 'POTL16' cell in the 'SP013D3_V1p2_typ' technology library is inconsistent with the same-name pin in the '/home/eda/lib/smic/SP013D3_V1p4/apollo/SP013D3_V1p2_8MT' physical library. No physical link for the logical lib cell. (PSYN-058)
Warning: The pin direction of 'I' pin on 'POTL16' cell in the 'SP013D3_V1p2_typ' technology library is inconsistent with the same-name pin in the '/home/eda/lib/smic/SP013D3_V1p4/apollo/SP013D3_V1p2_8MT' physical library. No physical link for the logical lib cell. (PSYN-058)
Warning: The pin direction of 'PAD' pin on 'POTL16' cell in the 'SP013D3_V1p2_typ' technology library is inconsistent with the same-name pin in the '/home/eda/lib/smic/SP013D3_V1p4/apollo/SP013D3_V1p2_8MT' physical library. No physical link for the logical lib cell. (PSYN-058)
Warning: The pin direction of 'OEN' pin on 'PCI6BS' cell in the 'SP013D3_V1p2_typ' technology library is inconsistent with the same-name pin in the '/home/eda/lib/smic/SP013D3_V1p4/apollo/SP013D3_V1p2_8MT' physical library. No physical link for the logical lib cell. (PSYN-058)
Warning: The pin direction of 'I' pin on 'PCI6BS' cell in the 'SP013D3_V1p2_typ' technology library is inconsistent with the same-name pin in the '/home/eda/lib/smic/SP013D3_V1p4/apollo/SP013D3_V1p2_8MT' physical library. No physical link for the logical lib cell. (PSYN-058)
Warning: The pin direction of 'C' pin on 'PCI6BS' cell in the 'SP013D3_V1p2_typ' technology library is inconsistent with the same-name pin in the '/home/eda/lib/smic/SP013D3_V1p4/apollo/SP013D3_V1p2_8MT' physical library. No physical link for the logical lib cell. (PSYN-058)
Warning: The pin direction of 'PAD' pin on 'PCI6BS' cell in the 'SP013D3_V1p2_typ' technology library is inconsistent with the same-name pin in the '/home/eda/lib/smic/SP013D3_V1p4/apollo/SP013D3_V1p2_8MT' physical library. No physical link for the logical lib cell. (PSYN-058)
Warning: The pin direction of 'OEN' pin on 'PCI3BS' cell in the 'SP013D3_V1p2_typ' technology library is inconsistent with the same-name pin in the '/home/eda/lib/smic/SP013D3_V1p4/apollo/SP013D3_V1p2_8MT' physical library. No physical link for the logical lib cell. (PSYN-058)
Warning: The pin direction of 'I' pin on 'PCI3BS' cell in the 'SP013D3_V1p2_typ' technology library is inconsistent with the same-name pin in the '/home/eda/lib/smic/SP013D3_V1p4/apollo/SP013D3_V1p2_8MT' physical library. No physical link for the logical lib cell. (PSYN-058)
Warning: The pin direction of 'C' pin on 'PCI3BS' cell in the 'SP013D3_V1p2_typ' technology library is inconsistent with the same-name pin in the '/home/eda/lib/smic/SP013D3_V1p4/apollo/SP013D3_V1p2_8MT' physical library. No physical link for the logical lib cell. (PSYN-058)
Warning: The pin direction of 'PAD' pin on 'PCI3BS' cell in the 'SP013D3_V1p2_typ' technology library is inconsistent with the same-name pin in the '/home/eda/lib/smic/SP013D3_V1p4/apollo/SP013D3_V1p2_8MT' physical library. No physical link for the logical lib cell. (PSYN-058)
Warning: The pin direction of 'OEN' pin on 'PBCD24' cell in the 'SP013D3_V1p2_typ' technology library is inconsistent with the same-name pin in the '/home/eda/lib/smic/SP013D3_V1p4/apollo/SP013D3_V1p2_8MT' physical library. No physical link for the logical lib cell. (PSYN-058)
Warning: The pin direction of 'I' pin on 'PBCD24' cell in the 'SP013D3_V1p2_typ' technology library is inconsistent with the same-name pin in the '/home/eda/lib/smic/SP013D3_V1p4/apollo/SP013D3_V1p2_8MT' physical library. No physical link for the logical lib cell. (PSYN-058)
Warning: The pin direction of 'REN' pin on 'PBCD24' cell in the 'SP013D3_V1p2_typ' technology library is inconsistent with the same-name pin in the '/home/eda/lib/smic/SP013D3_V1p4/apollo/SP013D3_V1p2_8MT' physical library. No physical link for the logical lib cell. (PSYN-058)
Warning: The pin direction of 'C' pin on 'PBCD24' cell in the 'SP013D3_V1p2_typ' technology library is inconsistent with the same-name pin in the '/home/eda/lib/smic/SP013D3_V1p4/apollo/SP013D3_V1p2_8MT' physical library. No physical link for the logical lib cell. (PSYN-058)
Warning: The pin direction of 'PAD' pin on 'PBCD24' cell in the 'SP013D3_V1p2_typ' technology library is inconsistent with the same-name pin in the '/home/eda/lib/smic/SP013D3_V1p4/apollo/SP013D3_V1p2_8MT' physical library. No physical link for the logical lib cell. (PSYN-058)
Warning: The pin direction of 'OEN' pin on 'PBCU24' cell in the 'SP013D3_V1p2_typ' technology library is inconsistent with the same-name pin in the '/home/eda/lib/smic/SP013D3_V1p4/apollo/SP013D3_V1p2_8MT' physical library. No physical link for the logical lib cell. (PSYN-058)
Warning: The pin direction of 'I' pin on 'PBCU24' cell in the 'SP013D3_V1p2_typ' technology library is inconsistent with the same-name pin in the '/home/eda/lib/smic/SP013D3_V1p4/apollo/SP013D3_V1p2_8MT' physical library. No physical link for the logical lib cell. (PSYN-058)
Warning: The pin direction of 'REN' pin on 'PBCU24' cell in the 'SP013D3_V1p2_typ' technology library is inconsistent with the same-name pin in the '/home/eda/lib/smic/SP013D3_V1p4/apollo/SP013D3_V1p2_8MT' physical library. No physical link for the logical lib cell. (PSYN-058)
Warning: The pin direction of 'C' pin on 'PBCU24' cell in the 'SP013D3_V1p2_typ' technology library is inconsistent with the same-name pin in the '/home/eda/lib/smic/SP013D3_V1p4/apollo/SP013D3_V1p2_8MT' physical library. No physical link for the logical lib cell. (PSYN-058)
Warning: The pin direction of 'PAD' pin on 'PBCU24' cell in the 'SP013D3_V1p2_typ' technology library is inconsistent with the same-name pin in the '/home/eda/lib/smic/SP013D3_V1p4/apollo/SP013D3_V1p2_8MT' physical library. No physical link for the logical lib cell. (PSYN-058)
Warning: The pin direction of 'OEN' pin on 'PBSL24' cell in the 'SP013D3_V1p2_typ' technology library is inconsistent with the same-name pin in the '/home/eda/lib/smic/SP013D3_V1p4/apollo/SP013D3_V1p2_8MT' physical library. No physical link for the logical lib cell. (PSYN-058)
Warning: The pin direction of 'I' pin on 'PBSL24' cell in the 'SP013D3_V1p2_typ' technology library is inconsistent with the same-name pin in the '/home/eda/lib/smic/SP013D3_V1p4/apollo/SP013D3_V1p2_8MT' physical library. No physical link for the logical lib cell. (PSYN-058)
Warning: The pin direction of 'C' pin on 'PBSL24' cell in the 'SP013D3_V1p2_typ' technology library is inconsistent with the same-name pin in the '/home/eda/lib/smic/SP013D3_V1p4/apollo/SP013D3_V1p2_8MT' physical library. No physical link for the logical lib cell. (PSYN-058)
Warning: The pin direction of 'PAD' pin on 'PBSL24' cell in the 'SP013D3_V1p2_typ' technology library is inconsistent with the same-name pin in the '/home/eda/lib/smic/SP013D3_V1p4/apollo/SP013D3_V1p2_8MT' physical library. No physical link for the logical lib cell. (PSYN-058)
Warning: The pin direction of 'OEN' pin on 'PBSD24' cell in the 'SP013D3_V1p2_typ' technology library is inconsistent with the same-name pin in the '/home/eda/lib/smic/SP013D3_V1p4/apollo/SP013D3_V1p2_8MT' physical library. No physical link for the logical lib cell. (PSYN-058)
Warning: The pin direction of 'I' pin on 'PBSD24' cell in the 'SP013D3_V1p2_typ' technology library is inconsistent with the same-name pin in the '/home/eda/lib/smic/SP013D3_V1p4/apollo/SP013D3_V1p2_8MT' physical library. No physical link for the logical lib cell. (PSYN-058)
Warning: The pin direction of 'C' pin on 'PBSD24' cell in the 'SP013D3_V1p2_typ' technology library is inconsistent with the same-name pin in the '/home/eda/lib/smic/SP013D3_V1p4/apollo/SP013D3_V1p2_8MT' physical library. No physical link for the logical lib cell. (PSYN-058)
Warning: The pin direction of 'PAD' pin on 'PBSD24' cell in the 'SP013D3_V1p2_typ' technology library is inconsistent with the same-name pin in the '/home/eda/lib/smic/SP013D3_V1p4/apollo/SP013D3_V1p2_8MT' physical library. No physical link for the logical lib cell. (PSYN-058)
Warning: The pin direction of 'OEN' pin on 'PBSU24' cell in the 'SP013D3_V1p2_typ' technology library is inconsistent with the same-name pin in the '/home/eda/lib/smic/SP013D3_V1p4/apollo/SP013D3_V1p2_8MT' physical library. No physical link for the logical lib cell. (PSYN-058)
Warning: The pin direction of 'I' pin on 'PBSU24' cell in the 'SP013D3_V1p2_typ' technology library is inconsistent with the same-name pin in the '/home/eda/lib/smic/SP013D3_V1p4/apollo/SP013D3_V1p2_8MT' physical library. No physical link for the logical lib cell. (PSYN-058)
Warning: The pin direction of 'C' pin on 'PBSU24' cell in the 'SP013D3_V1p2_typ' technology library is inconsistent with the same-name pin in the '/home/eda/lib/smic/SP013D3_V1p4/apollo/SP013D3_V1p2_8MT' physical library. No physical link for the logical lib cell. (PSYN-058)
Warning: The pin direction of 'PAD' pin on 'PBSU24' cell in the 'SP013D3_V1p2_typ' technology library is inconsistent with the same-name pin in the '/home/eda/lib/smic/SP013D3_V1p4/apollo/SP013D3_V1p2_8MT' physical library. No physical link for the logical lib cell. (PSYN-058)
Warning: The pin direction of 'OEN' pin on 'PBUL24' cell in the 'SP013D3_V1p2_typ' technology library is inconsistent with the same-name pin in the '/home/eda/lib/smic/SP013D3_V1p4/apollo/SP013D3_V1p2_8MT' physical library. No physical link for the logical lib cell. (PSYN-058)
Warning: The pin direction of 'I' pin on 'PBUL24' cell in the 'SP013D3_V1p2_typ' technology library is inconsistent with the same-name pin in the '/home/eda/lib/smic/SP013D3_V1p4/apollo/SP013D3_V1p2_8MT' physical library. No physical link for the logical lib cell. (PSYN-058)
Warning: The pin direction of 'C' pin on 'PBUL24' cell in the 'SP013D3_V1p2_typ' technology library is inconsistent with the same-name pin in the '/home/eda/lib/smic/SP013D3_V1p4/apollo/SP013D3_V1p2_8MT' physical library. No physical link for the logical lib cell. (PSYN-058)
Warning: The pin direction of 'PAD' pin on 'PBUL24' cell in the 'SP013D3_V1p2_typ' technology library is inconsistent with the same-name pin in the '/home/eda/lib/smic/SP013D3_V1p4/apollo/SP013D3_V1p2_8MT' physical library. No physical link for the logical lib cell. (PSYN-058)
Warning: The pin direction of 'OEN' pin on 'PBDL24' cell in the 'SP013D3_V1p2_typ' technology library is inconsistent with the same-name pin in the '/home/eda/lib/smic/SP013D3_V1p4/apollo/SP013D3_V1p2_8MT' physical library. No physical link for the logical lib cell. (PSYN-058)
Warning: The pin direction of 'I' pin on 'PBDL24' cell in the 'SP013D3_V1p2_typ' technology library is inconsistent with the same-name pin in the '/home/eda/lib/smic/SP013D3_V1p4/apollo/SP013D3_V1p2_8MT' physical library. No physical link for the logical lib cell. (PSYN-058)
Warning: The pin direction of 'C' pin on 'PBDL24' cell in the 'SP013D3_V1p2_typ' technology library is inconsistent with the same-name pin in the '/home/eda/lib/smic/SP013D3_V1p4/apollo/SP013D3_V1p2_8MT' physical library. No physical link for the logical lib cell. (PSYN-058)
Warning: The pin direction of 'PAD' pin on 'PBDL24' cell in the 'SP013D3_V1p2_typ' technology library is inconsistent with the same-name pin in the '/home/eda/lib/smic/SP013D3_V1p4/apollo/SP013D3_V1p2_8MT' physical library. No physical link for the logical lib cell. (PSYN-058)
Warning: The pin direction of 'OEN' pin on 'POTL24' cell in the 'SP013D3_V1p2_typ' technology library is inconsistent with the same-name pin in the '/home/eda/lib/smic/SP013D3_V1p4/apollo/SP013D3_V1p2_8MT' physical library. No physical link for the logical lib cell. (PSYN-058)
Warning: The pin direction of 'I' pin on 'POTL24' cell in the 'SP013D3_V1p2_typ' technology library is inconsistent with the same-name pin in the '/home/eda/lib/smic/SP013D3_V1p4/apollo/SP013D3_V1p2_8MT' physical library. No physical link for the logical lib cell. (PSYN-058)
Warning: The pin direction of 'PAD' pin on 'POTL24' cell in the 'SP013D3_V1p2_typ' technology library is inconsistent with the same-name pin in the '/home/eda/lib/smic/SP013D3_V1p4/apollo/SP013D3_V1p2_8MT' physical library. No physical link for the logical lib cell. (PSYN-058)
Warning: The pin direction of 'VDD1' pin on 'PDIODE' cell in the 'SP013D3_V1p2_typ' technology library is inconsistent with the same-name pin in the '/home/eda/lib/smic/SP013D3_V1p4/apollo/SP013D3_V1p2_8MT' physical library. No physical link for the logical lib cell. (PSYN-058)
Warning: The pin direction of 'VDD2' pin on 'PDIODE' cell in the 'SP013D3_V1p2_typ' technology library is inconsistent with the same-name pin in the '/home/eda/lib/smic/SP013D3_V1p4/apollo/SP013D3_V1p2_8MT' physical library. No physical link for the logical lib cell. (PSYN-058)
Warning: The pin direction of 'VSS1' pin on 'PDIODE' cell in the 'SP013D3_V1p2_typ' technology library is inconsistent with the same-name pin in the '/home/eda/lib/smic/SP013D3_V1p4/apollo/SP013D3_V1p2_8MT' physical library. No physical link for the logical lib cell. (PSYN-058)
Warning: The pin direction of 'VSS2' pin on 'PDIODE' cell in the 'SP013D3_V1p2_typ' technology library is inconsistent with the same-name pin in the '/home/eda/lib/smic/SP013D3_V1p4/apollo/SP013D3_V1p2_8MT' physical library. No physical link for the logical lib cell. (PSYN-058)
Warning: The pin direction of 'OEN' pin on 'PBCDL8' cell in the 'SP013D3_V1p2_typ' technology library is inconsistent with the same-name pin in the '/home/eda/lib/smic/SP013D3_V1p4/apollo/SP013D3_V1p2_8MT' physical library. No physical link for the logical lib cell. (PSYN-058)
Warning: The pin direction of 'I' pin on 'PBCDL8' cell in the 'SP013D3_V1p2_typ' technology library is inconsistent with the same-name pin in the '/home/eda/lib/smic/SP013D3_V1p4/apollo/SP013D3_V1p2_8MT' physical library. No physical link for the logical lib cell. (PSYN-058)
Warning: The pin direction of 'REN' pin on 'PBCDL8' cell in the 'SP013D3_V1p2_typ' technology library is inconsistent with the same-name pin in the '/home/eda/lib/smic/SP013D3_V1p4/apollo/SP013D3_V1p2_8MT' physical library. No physical link for the logical lib cell. (PSYN-058)
Warning: The pin direction of 'C' pin on 'PBCDL8' cell in the 'SP013D3_V1p2_typ' technology library is inconsistent with the same-name pin in the '/home/eda/lib/smic/SP013D3_V1p4/apollo/SP013D3_V1p2_8MT' physical library. No physical link for the logical lib cell. (PSYN-058)
Warning: The pin direction of 'PAD' pin on 'PBCDL8' cell in the 'SP013D3_V1p2_typ' technology library is inconsistent with the same-name pin in the '/home/eda/lib/smic/SP013D3_V1p4/apollo/SP013D3_V1p2_8MT' physical library. No physical link for the logical lib cell. (PSYN-058)
Warning: The pin direction of 'OEN' pin on 'PBCD12' cell in the 'SP013D3_V1p2_typ' technology library is inconsistent with the same-name pin in the '/home/eda/lib/smic/SP013D3_V1p4/apollo/SP013D3_V1p2_8MT' physical library. No physical link for the logical lib cell. (PSYN-058)
Warning: The pin direction of 'I' pin on 'PBCD12' cell in the 'SP013D3_V1p2_typ' technology library is inconsistent with the same-name pin in the '/home/eda/lib/smic/SP013D3_V1p4/apollo/SP013D3_V1p2_8MT' physical library. No physical link for the logical lib cell. (PSYN-058)
Warning: The pin direction of 'REN' pin on 'PBCD12' cell in the 'SP013D3_V1p2_typ' technology library is inconsistent with the same-name pin in the '/home/eda/lib/smic/SP013D3_V1p4/apollo/SP013D3_V1p2_8MT' physical library. No physical link for the logical lib cell. (PSYN-058)
Warning: The pin direction of 'C' pin on 'PBCD12' cell in the 'SP013D3_V1p2_typ' technology library is inconsistent with the same-name pin in the '/home/eda/lib/smic/SP013D3_V1p4/apollo/SP013D3_V1p2_8MT' physical library. No physical link for the logical lib cell. (PSYN-058)
Warning: The pin direction of 'PAD' pin on 'PBCD12' cell in the 'SP013D3_V1p2_typ' technology library is inconsistent with the same-name pin in the '/home/eda/lib/smic/SP013D3_V1p4/apollo/SP013D3_V1p2_8MT' physical library. No physical link for the logical lib cell. (PSYN-058)
Warning: The pin direction of 'OEN' pin on 'PBCUL8' cell in the 'SP013D3_V1p2_typ' technology library is inconsistent with the same-name pin in the '/home/eda/lib/smic/SP013D3_V1p4/apollo/SP013D3_V1p2_8MT' physical library. No physical link for the logical lib cell. (PSYN-058)
Warning: The pin direction of 'I' pin on 'PBCUL8' cell in the 'SP013D3_V1p2_typ' technology library is inconsistent with the same-name pin in the '/home/eda/lib/smic/SP013D3_V1p4/apollo/SP013D3_V1p2_8MT' physical library. No physical link for the logical lib cell. (PSYN-058)
Warning: The pin direction of 'REN' pin on 'PBCUL8' cell in the 'SP013D3_V1p2_typ' technology library is inconsistent with the same-name pin in the '/home/eda/lib/smic/SP013D3_V1p4/apollo/SP013D3_V1p2_8MT' physical library. No physical link for the logical lib cell. (PSYN-058)
Warning: The pin direction of 'C' pin on 'PBCUL8' cell in the 'SP013D3_V1p2_typ' technology library is inconsistent with the same-name pin in the '/home/eda/lib/smic/SP013D3_V1p4/apollo/SP013D3_V1p2_8MT' physical library. No physical link for the logical lib cell. (PSYN-058)
Warning: The pin direction of 'PAD' pin on 'PBCUL8' cell in the 'SP013D3_V1p2_typ' technology library is inconsistent with the same-name pin in the '/home/eda/lib/smic/SP013D3_V1p4/apollo/SP013D3_V1p2_8MT' physical library. No physical link for the logical lib cell. (PSYN-058)
Warning: The pin direction of 'OEN' pin on 'PBCU12' cell in the 'SP013D3_V1p2_typ' technology library is inconsistent with the same-name pin in the '/home/eda/lib/smic/SP013D3_V1p4/apollo/SP013D3_V1p2_8MT' physical library. No physical link for the logical lib cell. (PSYN-058)
Warning: The pin direction of 'I' pin on 'PBCU12' cell in the 'SP013D3_V1p2_typ' technology library is inconsistent with the same-name pin in the '/home/eda/lib/smic/SP013D3_V1p4/apollo/SP013D3_V1p2_8MT' physical library. No physical link for the logical lib cell. (PSYN-058)
Warning: The pin direction of 'REN' pin on 'PBCU12' cell in the 'SP013D3_V1p2_typ' technology library is inconsistent with the same-name pin in the '/home/eda/lib/smic/SP013D3_V1p4/apollo/SP013D3_V1p2_8MT' physical library. No physical link for the logical lib cell. (PSYN-058)
Warning: The pin direction of 'C' pin on 'PBCU12' cell in the 'SP013D3_V1p2_typ' technology library is inconsistent with the same-name pin in the '/home/eda/lib/smic/SP013D3_V1p4/apollo/SP013D3_V1p2_8MT' physical library. No physical link for the logical lib cell. (PSYN-058)
Warning: The pin direction of 'PAD' pin on 'PBCU12' cell in the 'SP013D3_V1p2_typ' technology library is inconsistent with the same-name pin in the '/home/eda/lib/smic/SP013D3_V1p4/apollo/SP013D3_V1p2_8MT' physical library. No physical link for the logical lib cell. (PSYN-058)
Warning: The pin direction of 'OEN' pin on 'PBSL12' cell in the 'SP013D3_V1p2_typ' technology library is inconsistent with the same-name pin in the '/home/eda/lib/smic/SP013D3_V1p4/apollo/SP013D3_V1p2_8MT' physical library. No physical link for the logical lib cell. (PSYN-058)
Warning: The pin direction of 'I' pin on 'PBSL12' cell in the 'SP013D3_V1p2_typ' technology library is inconsistent with the same-name pin in the '/home/eda/lib/smic/SP013D3_V1p4/apollo/SP013D3_V1p2_8MT' physical library. No physical link for the logical lib cell. (PSYN-058)
Warning: The pin direction of 'C' pin on 'PBSL12' cell in the 'SP013D3_V1p2_typ' technology library is inconsistent with the same-name pin in the '/home/eda/lib/smic/SP013D3_V1p4/apollo/SP013D3_V1p2_8MT' physical library. No physical link for the logical lib cell. (PSYN-058)
Warning: The pin direction of 'PAD' pin on 'PBSL12' cell in the 'SP013D3_V1p2_typ' technology library is inconsistent with the same-name pin in the '/home/eda/lib/smic/SP013D3_V1p4/apollo/SP013D3_V1p2_8MT' physical library. No physical link for the logical lib cell. (PSYN-058)
Warning: The pin direction of 'OEN' pin on 'PBSDL8' cell in the 'SP013D3_V1p2_typ' technology library is inconsistent with the same-name pin in the '/home/eda/lib/smic/SP013D3_V1p4/apollo/SP013D3_V1p2_8MT' physical library. No physical link for the logical lib cell. (PSYN-058)
Warning: The pin direction of 'I' pin on 'PBSDL8' cell in the 'SP013D3_V1p2_typ' technology library is inconsistent with the same-name pin in the '/home/eda/lib/smic/SP013D3_V1p4/apollo/SP013D3_V1p2_8MT' physical library. No physical link for the logical lib cell. (PSYN-058)
Warning: The pin direction of 'C' pin on 'PBSDL8' cell in the 'SP013D3_V1p2_typ' technology library is inconsistent with the same-name pin in the '/home/eda/lib/smic/SP013D3_V1p4/apollo/SP013D3_V1p2_8MT' physical library. No physical link for the logical lib cell. (PSYN-058)
Warning: The pin direction of 'PAD' pin on 'PBSDL8' cell in the 'SP013D3_V1p2_typ' technology library is inconsistent with the same-name pin in the '/home/eda/lib/smic/SP013D3_V1p4/apollo/SP013D3_V1p2_8MT' physical library. No physical link for the logical lib cell. (PSYN-058)
Warning: The pin direction of 'OEN' pin on 'PBSD12' cell in the 'SP013D3_V1p2_typ' technology library is inconsistent with the same-name pin in the '/home/eda/lib/smic/SP013D3_V1p4/apollo/SP013D3_V1p2_8MT' physical library. No physical link for the logical lib cell. (PSYN-058)
Warning: The pin direction of 'I' pin on 'PBSD12' cell in the 'SP013D3_V1p2_typ' technology library is inconsistent with the same-name pin in the '/home/eda/lib/smic/SP013D3_V1p4/apollo/SP013D3_V1p2_8MT' physical library. No physical link for the logical lib cell. (PSYN-058)
Warning: The pin direction of 'C' pin on 'PBSD12' cell in the 'SP013D3_V1p2_typ' technology library is inconsistent with the same-name pin in the '/home/eda/lib/smic/SP013D3_V1p4/apollo/SP013D3_V1p2_8MT' physical library. No physical link for the logical lib cell. (PSYN-058)
Warning: The pin direction of 'PAD' pin on 'PBSD12' cell in the 'SP013D3_V1p2_typ' technology library is inconsistent with the same-name pin in the '/home/eda/lib/smic/SP013D3_V1p4/apollo/SP013D3_V1p2_8MT' physical library. No physical link for the logical lib cell. (PSYN-058)
Warning: The pin direction of 'OEN' pin on 'PBSU12' cell in the 'SP013D3_V1p2_typ' technology library is inconsistent with the same-name pin in the '/home/eda/lib/smic/SP013D3_V1p4/apollo/SP013D3_V1p2_8MT' physical library. No physical link for the logical lib cell. (PSYN-058)
Warning: The pin direction of 'I' pin on 'PBSU12' cell in the 'SP013D3_V1p2_typ' technology library is inconsistent with the same-name pin in the '/home/eda/lib/smic/SP013D3_V1p4/apollo/SP013D3_V1p2_8MT' physical library. No physical link for the logical lib cell. (PSYN-058)
Warning: The pin direction of 'C' pin on 'PBSU12' cell in the 'SP013D3_V1p2_typ' technology library is inconsistent with the same-name pin in the '/home/eda/lib/smic/SP013D3_V1p4/apollo/SP013D3_V1p2_8MT' physical library. No physical link for the logical lib cell. (PSYN-058)
Warning: The pin direction of 'PAD' pin on 'PBSU12' cell in the 'SP013D3_V1p2_typ' technology library is inconsistent with the same-name pin in the '/home/eda/lib/smic/SP013D3_V1p4/apollo/SP013D3_V1p2_8MT' physical library. No physical link for the logical lib cell. (PSYN-058)
Warning: The pin direction of 'OEN' pin on 'PBSUL8' cell in the 'SP013D3_V1p2_typ' technology library is inconsistent with the same-name pin in the '/home/eda/lib/smic/SP013D3_V1p4/apollo/SP013D3_V1p2_8MT' physical library. No physical link for the logical lib cell. (PSYN-058)
Warning: The pin direction of 'I' pin on 'PBSUL8' cell in the 'SP013D3_V1p2_typ' technology library is inconsistent with the same-name pin in the '/home/eda/lib/smic/SP013D3_V1p4/apollo/SP013D3_V1p2_8MT' physical library. No physical link for the logical lib cell. (PSYN-058)
Warning: The pin direction of 'C' pin on 'PBSUL8' cell in the 'SP013D3_V1p2_typ' technology library is inconsistent with the same-name pin in the '/home/eda/lib/smic/SP013D3_V1p4/apollo/SP013D3_V1p2_8MT' physical library. No physical link for the logical lib cell. (PSYN-058)
Warning: The pin direction of 'PAD' pin on 'PBSUL8' cell in the 'SP013D3_V1p2_typ' technology library is inconsistent with the same-name pin in the '/home/eda/lib/smic/SP013D3_V1p4/apollo/SP013D3_V1p2_8MT' physical library. No physical link for the logical lib cell. (PSYN-058)
Warning: The pin direction of 'OEN' pin on 'PBUL12' cell in the 'SP013D3_V1p2_typ' technology library is inconsistent with the same-name pin in the '/home/eda/lib/smic/SP013D3_V1p4/apollo/SP013D3_V1p2_8MT' physical library. No physical link for the logical lib cell. (PSYN-058)
Warning: The pin direction of 'I' pin on 'PBUL12' cell in the 'SP013D3_V1p2_typ' technology library is inconsistent with the same-name pin in the '/home/eda/lib/smic/SP013D3_V1p4/apollo/SP013D3_V1p2_8MT' physical library. No physical link for the logical lib cell. (PSYN-058)
Warning: The pin direction of 'C' pin on 'PBUL12' cell in the 'SP013D3_V1p2_typ' technology library is inconsistent with the same-name pin in the '/home/eda/lib/smic/SP013D3_V1p4/apollo/SP013D3_V1p2_8MT' physical library. No physical link for the logical lib cell. (PSYN-058)
Warning: The pin direction of 'PAD' pin on 'PBUL12' cell in the 'SP013D3_V1p2_typ' technology library is inconsistent with the same-name pin in the '/home/eda/lib/smic/SP013D3_V1p4/apollo/SP013D3_V1p2_8MT' physical library. No physical link for the logical lib cell. (PSYN-058)
Warning: The pin direction of 'OEN' pin on 'PBDL12' cell in the 'SP013D3_V1p2_typ' technology library is inconsistent with the same-name pin in the '/home/eda/lib/smic/SP013D3_V1p4/apollo/SP013D3_V1p2_8MT' physical library. No physical link for the logical lib cell. (PSYN-058)
Warning: The pin direction of 'I' pin on 'PBDL12' cell in the 'SP013D3_V1p2_typ' technology library is inconsistent with the same-name pin in the '/home/eda/lib/smic/SP013D3_V1p4/apollo/SP013D3_V1p2_8MT' physical library. No physical link for the logical lib cell. (PSYN-058)
Warning: The pin direction of 'C' pin on 'PBDL12' cell in the 'SP013D3_V1p2_typ' technology library is inconsistent with the same-name pin in the '/home/eda/lib/smic/SP013D3_V1p4/apollo/SP013D3_V1p2_8MT' physical library. No physical link for the logical lib cell. (PSYN-058)
Warning: The pin direction of 'PAD' pin on 'PBDL12' cell in the 'SP013D3_V1p2_typ' technology library is inconsistent with the same-name pin in the '/home/eda/lib/smic/SP013D3_V1p4/apollo/SP013D3_V1p2_8MT' physical library. No physical link for the logical lib cell. (PSYN-058)
Warning: The pin direction of 'OEN' pin on 'POTL12' cell in the 'SP013D3_V1p2_typ' technology library is inconsistent with the same-name pin in the '/home/eda/lib/smic/SP013D3_V1p4/apollo/SP013D3_V1p2_8MT' physical library. No physical link for the logical lib cell. (PSYN-058)
Warning: The pin direction of 'I' pin on 'POTL12' cell in the 'SP013D3_V1p2_typ' technology library is inconsistent with the same-name pin in the '/home/eda/lib/smic/SP013D3_V1p4/apollo/SP013D3_V1p2_8MT' physical library. No physical link for the logical lib cell. (PSYN-058)
Warning: The pin direction of 'PAD' pin on 'POTL12' cell in the 'SP013D3_V1p2_typ' technology library is inconsistent with the same-name pin in the '/home/eda/lib/smic/SP013D3_V1p4/apollo/SP013D3_V1p2_8MT' physical library. No physical link for the logical lib cell. (PSYN-058)
Warning: The pin direction of 'OEN' pin on 'PBCDL16' cell in the 'SP013D3_V1p2_typ' technology library is inconsistent with the same-name pin in the '/home/eda/lib/smic/SP013D3_V1p4/apollo/SP013D3_V1p2_8MT' physical library. No physical link for the logical lib cell. (PSYN-058)
Warning: The pin direction of 'I' pin on 'PBCDL16' cell in the 'SP013D3_V1p2_typ' technology library is inconsistent with the same-name pin in the '/home/eda/lib/smic/SP013D3_V1p4/apollo/SP013D3_V1p2_8MT' physical library. No physical link for the logical lib cell. (PSYN-058)
Warning: The pin direction of 'REN' pin on 'PBCDL16' cell in the 'SP013D3_V1p2_typ' technology library is inconsistent with the same-name pin in the '/home/eda/lib/smic/SP013D3_V1p4/apollo/SP013D3_V1p2_8MT' physical library. No physical link for the logical lib cell. (PSYN-058)
Warning: The pin direction of 'C' pin on 'PBCDL16' cell in the 'SP013D3_V1p2_typ' technology library is inconsistent with the same-name pin in the '/home/eda/lib/smic/SP013D3_V1p4/apollo/SP013D3_V1p2_8MT' physical library. No physical link for the logical lib cell. (PSYN-058)
Warning: The pin direction of 'PAD' pin on 'PBCDL16' cell in the 'SP013D3_V1p2_typ' technology library is inconsistent with the same-name pin in the '/home/eda/lib/smic/SP013D3_V1p4/apollo/SP013D3_V1p2_8MT' physical library. No physical link for the logical lib cell. (PSYN-058)
Warning: The pin direction of 'OEN' pin on 'PBCUL16' cell in the 'SP013D3_V1p2_typ' technology library is inconsistent with the same-name pin in the '/home/eda/lib/smic/SP013D3_V1p4/apollo/SP013D3_V1p2_8MT' physical library. No physical link for the logical lib cell. (PSYN-058)
Warning: The pin direction of 'I' pin on 'PBCUL16' cell in the 'SP013D3_V1p2_typ' technology library is inconsistent with the same-name pin in the '/home/eda/lib/smic/SP013D3_V1p4/apollo/SP013D3_V1p2_8MT' physical library. No physical link for the logical lib cell. (PSYN-058)
Warning: The pin direction of 'REN' pin on 'PBCUL16' cell in the 'SP013D3_V1p2_typ' technology library is inconsistent with the same-name pin in the '/home/eda/lib/smic/SP013D3_V1p4/apollo/SP013D3_V1p2_8MT' physical library. No physical link for the logical lib cell. (PSYN-058)
Warning: The pin direction of 'C' pin on 'PBCUL16' cell in the 'SP013D3_V1p2_typ' technology library is inconsistent with the same-name pin in the '/home/eda/lib/smic/SP013D3_V1p4/apollo/SP013D3_V1p2_8MT' physical library. No physical link for the logical lib cell. (PSYN-058)
Warning: The pin direction of 'PAD' pin on 'PBCUL16' cell in the 'SP013D3_V1p2_typ' technology library is inconsistent with the same-name pin in the '/home/eda/lib/smic/SP013D3_V1p4/apollo/SP013D3_V1p2_8MT' physical library. No physical link for the logical lib cell. (PSYN-058)
Warning: The pin direction of 'OEN' pin on 'PBSDL16' cell in the 'SP013D3_V1p2_typ' technology library is inconsistent with the same-name pin in the '/home/eda/lib/smic/SP013D3_V1p4/apollo/SP013D3_V1p2_8MT' physical library. No physical link for the logical lib cell. (PSYN-058)
Warning: The pin direction of 'I' pin on 'PBSDL16' cell in the 'SP013D3_V1p2_typ' technology library is inconsistent with the same-name pin in the '/home/eda/lib/smic/SP013D3_V1p4/apollo/SP013D3_V1p2_8MT' physical library. No physical link for the logical lib cell. (PSYN-058)
Warning: The pin direction of 'C' pin on 'PBSDL16' cell in the 'SP013D3_V1p2_typ' technology library is inconsistent with the same-name pin in the '/home/eda/lib/smic/SP013D3_V1p4/apollo/SP013D3_V1p2_8MT' physical library. No physical link for the logical lib cell. (PSYN-058)
Warning: The pin direction of 'PAD' pin on 'PBSDL16' cell in the 'SP013D3_V1p2_typ' technology library is inconsistent with the same-name pin in the '/home/eda/lib/smic/SP013D3_V1p4/apollo/SP013D3_V1p2_8MT' physical library. No physical link for the logical lib cell. (PSYN-058)
Warning: The pin direction of 'OEN' pin on 'PBSUL16' cell in the 'SP013D3_V1p2_typ' technology library is inconsistent with the same-name pin in the '/home/eda/lib/smic/SP013D3_V1p4/apollo/SP013D3_V1p2_8MT' physical library. No physical link for the logical lib cell. (PSYN-058)
Warning: The pin direction of 'I' pin on 'PBSUL16' cell in the 'SP013D3_V1p2_typ' technology library is inconsistent with the same-name pin in the '/home/eda/lib/smic/SP013D3_V1p4/apollo/SP013D3_V1p2_8MT' physical library. No physical link for the logical lib cell. (PSYN-058)
Warning: The pin direction of 'C' pin on 'PBSUL16' cell in the 'SP013D3_V1p2_typ' technology library is inconsistent with the same-name pin in the '/home/eda/lib/smic/SP013D3_V1p4/apollo/SP013D3_V1p2_8MT' physical library. No physical link for the logical lib cell. (PSYN-058)
Warning: The pin direction of 'PAD' pin on 'PBSUL16' cell in the 'SP013D3_V1p2_typ' technology library is inconsistent with the same-name pin in the '/home/eda/lib/smic/SP013D3_V1p4/apollo/SP013D3_V1p2_8MT' physical library. No physical link for the logical lib cell. (PSYN-058)
Warning: The pin direction of 'OEN' pin on 'PBCDL24' cell in the 'SP013D3_V1p2_typ' technology library is inconsistent with the same-name pin in the '/home/eda/lib/smic/SP013D3_V1p4/apollo/SP013D3_V1p2_8MT' physical library. No physical link for the logical lib cell. (PSYN-058)
Warning: The pin direction of 'I' pin on 'PBCDL24' cell in the 'SP013D3_V1p2_typ' technology library is inconsistent with the same-name pin in the '/home/eda/lib/smic/SP013D3_V1p4/apollo/SP013D3_V1p2_8MT' physical library. No physical link for the logical lib cell. (PSYN-058)
Warning: The pin direction of 'REN' pin on 'PBCDL24' cell in the 'SP013D3_V1p2_typ' technology library is inconsistent with the same-name pin in the '/home/eda/lib/smic/SP013D3_V1p4/apollo/SP013D3_V1p2_8MT' physical library. No physical link for the logical lib cell. (PSYN-058)
Warning: The pin direction of 'C' pin on 'PBCDL24' cell in the 'SP013D3_V1p2_typ' technology library is inconsistent with the same-name pin in the '/home/eda/lib/smic/SP013D3_V1p4/apollo/SP013D3_V1p2_8MT' physical library. No physical link for the logical lib cell. (PSYN-058)
Warning: The pin direction of 'PAD' pin on 'PBCDL24' cell in the 'SP013D3_V1p2_typ' technology library is inconsistent with the same-name pin in the '/home/eda/lib/smic/SP013D3_V1p4/apollo/SP013D3_V1p2_8MT' physical library. No physical link for the logical lib cell. (PSYN-058)
Warning: The pin direction of 'OEN' pin on 'PBCUL24' cell in the 'SP013D3_V1p2_typ' technology library is inconsistent with the same-name pin in the '/home/eda/lib/smic/SP013D3_V1p4/apollo/SP013D3_V1p2_8MT' physical library. No physical link for the logical lib cell. (PSYN-058)
Warning: The pin direction of 'I' pin on 'PBCUL24' cell in the 'SP013D3_V1p2_typ' technology library is inconsistent with the same-name pin in the '/home/eda/lib/smic/SP013D3_V1p4/apollo/SP013D3_V1p2_8MT' physical library. No physical link for the logical lib cell. (PSYN-058)
Warning: The pin direction of 'REN' pin on 'PBCUL24' cell in the 'SP013D3_V1p2_typ' technology library is inconsistent with the same-name pin in the '/home/eda/lib/smic/SP013D3_V1p4/apollo/SP013D3_V1p2_8MT' physical library. No physical link for the logical lib cell. (PSYN-058)
Warning: The pin direction of 'C' pin on 'PBCUL24' cell in the 'SP013D3_V1p2_typ' technology library is inconsistent with the same-name pin in the '/home/eda/lib/smic/SP013D3_V1p4/apollo/SP013D3_V1p2_8MT' physical library. No physical link for the logical lib cell. (PSYN-058)
Warning: The pin direction of 'PAD' pin on 'PBCUL24' cell in the 'SP013D3_V1p2_typ' technology library is inconsistent with the same-name pin in the '/home/eda/lib/smic/SP013D3_V1p4/apollo/SP013D3_V1p2_8MT' physical library. No physical link for the logical lib cell. (PSYN-058)
Warning: The pin direction of 'OEN' pin on 'PBSDL24' cell in the 'SP013D3_V1p2_typ' technology library is inconsistent with the same-name pin in the '/home/eda/lib/smic/SP013D3_V1p4/apollo/SP013D3_V1p2_8MT' physical library. No physical link for the logical lib cell. (PSYN-058)
Warning: The pin direction of 'I' pin on 'PBSDL24' cell in the 'SP013D3_V1p2_typ' technology library is inconsistent with the same-name pin in the '/home/eda/lib/smic/SP013D3_V1p4/apollo/SP013D3_V1p2_8MT' physical library. No physical link for the logical lib cell. (PSYN-058)
Warning: The pin direction of 'C' pin on 'PBSDL24' cell in the 'SP013D3_V1p2_typ' technology library is inconsistent with the same-name pin in the '/home/eda/lib/smic/SP013D3_V1p4/apollo/SP013D3_V1p2_8MT' physical library. No physical link for the logical lib cell. (PSYN-058)
Warning: The pin direction of 'PAD' pin on 'PBSDL24' cell in the 'SP013D3_V1p2_typ' technology library is inconsistent with the same-name pin in the '/home/eda/lib/smic/SP013D3_V1p4/apollo/SP013D3_V1p2_8MT' physical library. No physical link for the logical lib cell. (PSYN-058)
Warning: The pin direction of 'OEN' pin on 'PBSUL24' cell in the 'SP013D3_V1p2_typ' technology library is inconsistent with the same-name pin in the '/home/eda/lib/smic/SP013D3_V1p4/apollo/SP013D3_V1p2_8MT' physical library. No physical link for the logical lib cell. (PSYN-058)
Warning: The pin direction of 'I' pin on 'PBSUL24' cell in the 'SP013D3_V1p2_typ' technology library is inconsistent with the same-name pin in the '/home/eda/lib/smic/SP013D3_V1p4/apollo/SP013D3_V1p2_8MT' physical library. No physical link for the logical lib cell. (PSYN-058)
Warning: The pin direction of 'C' pin on 'PBSUL24' cell in the 'SP013D3_V1p2_typ' technology library is inconsistent with the same-name pin in the '/home/eda/lib/smic/SP013D3_V1p4/apollo/SP013D3_V1p2_8MT' physical library. No physical link for the logical lib cell. (PSYN-058)
Warning: The pin direction of 'PAD' pin on 'PBSUL24' cell in the 'SP013D3_V1p2_typ' technology library is inconsistent with the same-name pin in the '/home/eda/lib/smic/SP013D3_V1p4/apollo/SP013D3_V1p2_8MT' physical library. No physical link for the logical lib cell. (PSYN-058)
Warning: The pin direction of 'VSS1' pin on 'PDIODE8' cell in the 'SP013D3_V1p2_typ' technology library is inconsistent with the same-name pin in the '/home/eda/lib/smic/SP013D3_V1p4/apollo/SP013D3_V1p2_8MT' physical library. No physical link for the logical lib cell. (PSYN-058)
Warning: The pin direction of 'VSS2' pin on 'PDIODE8' cell in the 'SP013D3_V1p2_typ' technology library is inconsistent with the same-name pin in the '/home/eda/lib/smic/SP013D3_V1p4/apollo/SP013D3_V1p2_8MT' physical library. No physical link for the logical lib cell. (PSYN-058)
Warning: The pin direction of 'OEN' pin on 'PBCDL12' cell in the 'SP013D3_V1p2_typ' technology library is inconsistent with the same-name pin in the '/home/eda/lib/smic/SP013D3_V1p4/apollo/SP013D3_V1p2_8MT' physical library. No physical link for the logical lib cell. (PSYN-058)
Warning: The pin direction of 'I' pin on 'PBCDL12' cell in the 'SP013D3_V1p2_typ' technology library is inconsistent with the same-name pin in the '/home/eda/lib/smic/SP013D3_V1p4/apollo/SP013D3_V1p2_8MT' physical library. No physical link for the logical lib cell. (PSYN-058)
Warning: The pin direction of 'REN' pin on 'PBCDL12' cell in the 'SP013D3_V1p2_typ' technology library is inconsistent with the same-name pin in the '/home/eda/lib/smic/SP013D3_V1p4/apollo/SP013D3_V1p2_8MT' physical library. No physical link for the logical lib cell. (PSYN-058)
Warning: The pin direction of 'C' pin on 'PBCDL12' cell in the 'SP013D3_V1p2_typ' technology library is inconsistent with the same-name pin in the '/home/eda/lib/smic/SP013D3_V1p4/apollo/SP013D3_V1p2_8MT' physical library. No physical link for the logical lib cell. (PSYN-058)
Warning: The pin direction of 'PAD' pin on 'PBCDL12' cell in the 'SP013D3_V1p2_typ' technology library is inconsistent with the same-name pin in the '/home/eda/lib/smic/SP013D3_V1p4/apollo/SP013D3_V1p2_8MT' physical library. No physical link for the logical lib cell. (PSYN-058)
Warning: The pin direction of 'OEN' pin on 'PBCUL12' cell in the 'SP013D3_V1p2_typ' technology library is inconsistent with the same-name pin in the '/home/eda/lib/smic/SP013D3_V1p4/apollo/SP013D3_V1p2_8MT' physical library. No physical link for the logical lib cell. (PSYN-058)
Warning: The pin direction of 'I' pin on 'PBCUL12' cell in the 'SP013D3_V1p2_typ' technology library is inconsistent with the same-name pin in the '/home/eda/lib/smic/SP013D3_V1p4/apollo/SP013D3_V1p2_8MT' physical library. No physical link for the logical lib cell. (PSYN-058)
Warning: The pin direction of 'REN' pin on 'PBCUL12' cell in the 'SP013D3_V1p2_typ' technology library is inconsistent with the same-name pin in the '/home/eda/lib/smic/SP013D3_V1p4/apollo/SP013D3_V1p2_8MT' physical library. No physical link for the logical lib cell. (PSYN-058)
Warning: The pin direction of 'C' pin on 'PBCUL12' cell in the 'SP013D3_V1p2_typ' technology library is inconsistent with the same-name pin in the '/home/eda/lib/smic/SP013D3_V1p4/apollo/SP013D3_V1p2_8MT' physical library. No physical link for the logical lib cell. (PSYN-058)
Warning: The pin direction of 'PAD' pin on 'PBCUL12' cell in the 'SP013D3_V1p2_typ' technology library is inconsistent with the same-name pin in the '/home/eda/lib/smic/SP013D3_V1p4/apollo/SP013D3_V1p2_8MT' physical library. No physical link for the logical lib cell. (PSYN-058)
Warning: The pin direction of 'OEN' pin on 'PBSDL12' cell in the 'SP013D3_V1p2_typ' technology library is inconsistent with the same-name pin in the '/home/eda/lib/smic/SP013D3_V1p4/apollo/SP013D3_V1p2_8MT' physical library. No physical link for the logical lib cell. (PSYN-058)
Warning: The pin direction of 'I' pin on 'PBSDL12' cell in the 'SP013D3_V1p2_typ' technology library is inconsistent with the same-name pin in the '/home/eda/lib/smic/SP013D3_V1p4/apollo/SP013D3_V1p2_8MT' physical library. No physical link for the logical lib cell. (PSYN-058)
Warning: The pin direction of 'C' pin on 'PBSDL12' cell in the 'SP013D3_V1p2_typ' technology library is inconsistent with the same-name pin in the '/home/eda/lib/smic/SP013D3_V1p4/apollo/SP013D3_V1p2_8MT' physical library. No physical link for the logical lib cell. (PSYN-058)
Warning: The pin direction of 'PAD' pin on 'PBSDL12' cell in the 'SP013D3_V1p2_typ' technology library is inconsistent with the same-name pin in the '/home/eda/lib/smic/SP013D3_V1p4/apollo/SP013D3_V1p2_8MT' physical library. No physical link for the logical lib cell. (PSYN-058)
Warning: The pin direction of 'OEN' pin on 'PBSUL12' cell in the 'SP013D3_V1p2_typ' technology library is inconsistent with the same-name pin in the '/home/eda/lib/smic/SP013D3_V1p4/apollo/SP013D3_V1p2_8MT' physical library. No physical link for the logical lib cell. (PSYN-058)
Warning: The pin direction of 'I' pin on 'PBSUL12' cell in the 'SP013D3_V1p2_typ' technology library is inconsistent with the same-name pin in the '/home/eda/lib/smic/SP013D3_V1p4/apollo/SP013D3_V1p2_8MT' physical library. No physical link for the logical lib cell. (PSYN-058)
Warning: The pin direction of 'C' pin on 'PBSUL12' cell in the 'SP013D3_V1p2_typ' technology library is inconsistent with the same-name pin in the '/home/eda/lib/smic/SP013D3_V1p4/apollo/SP013D3_V1p2_8MT' physical library. No physical link for the logical lib cell. (PSYN-058)
Warning: The pin direction of 'PAD' pin on 'PBSUL12' cell in the 'SP013D3_V1p2_typ' technology library is inconsistent with the same-name pin in the '/home/eda/lib/smic/SP013D3_V1p4/apollo/SP013D3_V1p2_8MT' physical library. No physical link for the logical lib cell. (PSYN-058)
Warning: The pin direction of 'VDD' pin on 'PVDD1CE' cell in the 'SP013D3_V1p2_typ' technology library is inconsistent with the same-name pin in the '/home/eda/lib/smic/SP013D3_V1p4/apollo/SP013D3_V1p2_8MT' physical library. No physical link for the logical lib cell. (PSYN-058)
Warning: The pin direction of 'VSS1' pin on 'P1DIODE8' cell in the 'SP013D3_V1p2_typ' technology library is inconsistent with the same-name pin in the '/home/eda/lib/smic/SP013D3_V1p4/apollo/SP013D3_V1p2_8MT' physical library. No physical link for the logical lib cell. (PSYN-058)
Warning: The pin direction of 'VSS2' pin on 'P1DIODE8' cell in the 'SP013D3_V1p2_typ' technology library is inconsistent with the same-name pin in the '/home/eda/lib/smic/SP013D3_V1p4/apollo/SP013D3_V1p2_8MT' physical library. No physical link for the logical lib cell. (PSYN-058)
Warning: The pin direction of 'VDD1' pin on 'P1DIODE' cell in the 'SP013D3_V1p2_typ' technology library is inconsistent with the same-name pin in the '/home/eda/lib/smic/SP013D3_V1p4/apollo/SP013D3_V1p2_8MT' physical library. No physical link for the logical lib cell. (PSYN-058)
Warning: The pin direction of 'VDD2' pin on 'P1DIODE' cell in the 'SP013D3_V1p2_typ' technology library is inconsistent with the same-name pin in the '/home/eda/lib/smic/SP013D3_V1p4/apollo/SP013D3_V1p2_8MT' physical library. No physical link for the logical lib cell. (PSYN-058)
Warning: The pin direction of 'VSS1' pin on 'P1DIODE' cell in the 'SP013D3_V1p2_typ' technology library is inconsistent with the same-name pin in the '/home/eda/lib/smic/SP013D3_V1p4/apollo/SP013D3_V1p2_8MT' physical library. No physical link for the logical lib cell. (PSYN-058)
Warning: The pin direction of 'VSS2' pin on 'P1DIODE' cell in the 'SP013D3_V1p2_typ' technology library is inconsistent with the same-name pin in the '/home/eda/lib/smic/SP013D3_V1p4/apollo/SP013D3_V1p2_8MT' physical library. No physical link for the logical lib cell. (PSYN-058)
Warning: The pin direction of 'SVSS1ANP' pin on 'PVSS1ANP' cell in the 'SP013D3_V1p2_typ' technology library is inconsistent with the same-name pin in the '/home/eda/lib/smic/SP013D3_V1p4/apollo/SP013D3_V1p2_8MT' physical library. No physical link for the logical lib cell. (PSYN-058)
Warning: The pin direction of 'SVDD1ANP' pin on 'PVDD1ANP' cell in the 'SP013D3_V1p2_typ' technology library is inconsistent with the same-name pin in the '/home/eda/lib/smic/SP013D3_V1p4/apollo/SP013D3_V1p2_8MT' physical library. No physical link for the logical lib cell. (PSYN-058)
Warning: The pin direction of 'VPP' pin on 'PVPP' cell in the 'SP013D3_V1p2_typ' technology library is inconsistent with the same-name pin in the '/home/eda/lib/smic/SP013D3_V1p4/apollo/SP013D3_V1p2_8MT' physical library. No physical link for the logical lib cell. (PSYN-058)
Warning: The pin direction of 'SVSS1CANP' pin on 'PVSS1CANP' cell in the 'SP013D3_V1p2_typ' technology library is inconsistent with the same-name pin in the '/home/eda/lib/smic/SP013D3_V1p4/apollo/SP013D3_V1p2_8MT' physical library. No physical link for the logical lib cell. (PSYN-058)
Warning: The pin direction of 'SVDD1CANP' pin on 'PVDD1CANP' cell in the 'SP013D3_V1p2_typ' technology library is inconsistent with the same-name pin in the '/home/eda/lib/smic/SP013D3_V1p4/apollo/SP013D3_V1p2_8MT' physical library. No physical link for the logical lib cell. (PSYN-058)
Warning: The 'PB12' cell in the 'SP013D3_V1p2_typ' technology library is being 
	marked as "dont_use". (PSYN-039)
Warning: The 'PB12' cell in the 'SP013D3_V1p2_typ' technology library does not 
	have corresponding physical cell description. (PSYN-024)
Warning: The 'PB16' cell in the 'SP013D3_V1p2_typ' technology library is being 
	marked as "dont_use". (PSYN-039)
Warning: The 'PB16' cell in the 'SP013D3_V1p2_typ' technology library does not 
	have corresponding physical cell description. (PSYN-024)
Warning: The 'PB2' cell in the 'SP013D3_V1p2_typ' technology library is being 
	marked as "dont_use". (PSYN-039)
Warning: The 'PB2' cell in the 'SP013D3_V1p2_typ' technology library does not 
	have corresponding physical cell description. (PSYN-024)
Warning: The 'PB24' cell in the 'SP013D3_V1p2_typ' technology library is being 
	marked as "dont_use". (PSYN-039)
Warning: The 'PB24' cell in the 'SP013D3_V1p2_typ' technology library does not 
	have corresponding physical cell description. (PSYN-024)
Warning: The 'PB4' cell in the 'SP013D3_V1p2_typ' technology library is being 
	marked as "dont_use". (PSYN-039)
Warning: The 'PB4' cell in the 'SP013D3_V1p2_typ' technology library does not 
	have corresponding physical cell description. (PSYN-024)
Warning: The 'PB8' cell in the 'SP013D3_V1p2_typ' technology library is being 
	marked as "dont_use". (PSYN-039)
Warning: The 'PB8' cell in the 'SP013D3_V1p2_typ' technology library does not 
	have corresponding physical cell description. (PSYN-024)
Warning: The 'PBCD12' cell in the 'SP013D3_V1p2_typ' technology library is being 
	marked as "dont_use". (PSYN-039)
Warning: The 'PBCD12' cell in the 'SP013D3_V1p2_typ' technology library does not 
	have corresponding physical cell description. (PSYN-024)
Warning: The 'PBCD16' cell in the 'SP013D3_V1p2_typ' technology library is being 
	marked as "dont_use". (PSYN-039)
Warning: The 'PBCD16' cell in the 'SP013D3_V1p2_typ' technology library does not 
	have corresponding physical cell description. (PSYN-024)
Warning: The 'PBCD2' cell in the 'SP013D3_V1p2_typ' technology library is being 
	marked as "dont_use". (PSYN-039)
Warning: The 'PBCD2' cell in the 'SP013D3_V1p2_typ' technology library does not 
	have corresponding physical cell description. (PSYN-024)
Warning: The 'PBCD24' cell in the 'SP013D3_V1p2_typ' technology library is being 
	marked as "dont_use". (PSYN-039)
Warning: The 'PBCD24' cell in the 'SP013D3_V1p2_typ' technology library does not 
	have corresponding physical cell description. (PSYN-024)
Warning: The 'PBCD4' cell in the 'SP013D3_V1p2_typ' technology library is being 
	marked as "dont_use". (PSYN-039)
Warning: The 'PBCD4' cell in the 'SP013D3_V1p2_typ' technology library does not 
	have corresponding physical cell description. (PSYN-024)
Warning: The 'PBCD8' cell in the 'SP013D3_V1p2_typ' technology library is being 
	marked as "dont_use". (PSYN-039)
Warning: The 'PBCD8' cell in the 'SP013D3_V1p2_typ' technology library does not 
	have corresponding physical cell description. (PSYN-024)
Warning: The 'PBCDL12' cell in the 'SP013D3_V1p2_typ' technology library is being 
	marked as "dont_use". (PSYN-039)
Warning: The 'PBCDL12' cell in the 'SP013D3_V1p2_typ' technology library does not 
	have corresponding physical cell description. (PSYN-024)
Warning: The 'PBCDL16' cell in the 'SP013D3_V1p2_typ' technology library is being 
	marked as "dont_use". (PSYN-039)
Warning: The 'PBCDL16' cell in the 'SP013D3_V1p2_typ' technology library does not 
	have corresponding physical cell description. (PSYN-024)
Warning: The 'PBCDL24' cell in the 'SP013D3_V1p2_typ' technology library is being 
	marked as "dont_use". (PSYN-039)
Warning: The 'PBCDL24' cell in the 'SP013D3_V1p2_typ' technology library does not 
	have corresponding physical cell description. (PSYN-024)
Warning: The 'PBCDL8' cell in the 'SP013D3_V1p2_typ' technology library is being 
	marked as "dont_use". (PSYN-039)
Warning: The 'PBCDL8' cell in the 'SP013D3_V1p2_typ' technology library does not 
	have corresponding physical cell description. (PSYN-024)
Warning: The 'PBCU12' cell in the 'SP013D3_V1p2_typ' technology library is being 
	marked as "dont_use". (PSYN-039)
Warning: The 'PBCU12' cell in the 'SP013D3_V1p2_typ' technology library does not 
	have corresponding physical cell description. (PSYN-024)
Warning: The 'PBCU16' cell in the 'SP013D3_V1p2_typ' technology library is being 
	marked as "dont_use". (PSYN-039)
Warning: The 'PBCU16' cell in the 'SP013D3_V1p2_typ' technology library does not 
	have corresponding physical cell description. (PSYN-024)
Warning: The 'PBCU2' cell in the 'SP013D3_V1p2_typ' technology library is being 
	marked as "dont_use". (PSYN-039)
Warning: The 'PBCU2' cell in the 'SP013D3_V1p2_typ' technology library does not 
	have corresponding physical cell description. (PSYN-024)
Warning: The 'PBCU24' cell in the 'SP013D3_V1p2_typ' technology library is being 
	marked as "dont_use". (PSYN-039)
Warning: The 'PBCU24' cell in the 'SP013D3_V1p2_typ' technology library does not 
	have corresponding physical cell description. (PSYN-024)
Warning: The 'PBCU4' cell in the 'SP013D3_V1p2_typ' technology library is being 
	marked as "dont_use". (PSYN-039)
Warning: The 'PBCU4' cell in the 'SP013D3_V1p2_typ' technology library does not 
	have corresponding physical cell description. (PSYN-024)
Warning: The 'PBCU8' cell in the 'SP013D3_V1p2_typ' technology library is being 
	marked as "dont_use". (PSYN-039)
Warning: The 'PBCU8' cell in the 'SP013D3_V1p2_typ' technology library does not 
	have corresponding physical cell description. (PSYN-024)
Warning: The 'PBCUL12' cell in the 'SP013D3_V1p2_typ' technology library is being 
	marked as "dont_use". (PSYN-039)
Warning: The 'PBCUL12' cell in the 'SP013D3_V1p2_typ' technology library does not 
	have corresponding physical cell description. (PSYN-024)
Warning: The 'PBCUL16' cell in the 'SP013D3_V1p2_typ' technology library is being 
	marked as "dont_use". (PSYN-039)
Warning: The 'PBCUL16' cell in the 'SP013D3_V1p2_typ' technology library does not 
	have corresponding physical cell description. (PSYN-024)
Warning: The 'PBCUL24' cell in the 'SP013D3_V1p2_typ' technology library is being 
	marked as "dont_use". (PSYN-039)
Warning: The 'PBCUL24' cell in the 'SP013D3_V1p2_typ' technology library does not 
	have corresponding physical cell description. (PSYN-024)
Warning: The 'PBCUL8' cell in the 'SP013D3_V1p2_typ' technology library is being 
	marked as "dont_use". (PSYN-039)
Warning: The 'PBCUL8' cell in the 'SP013D3_V1p2_typ' technology library does not 
	have corresponding physical cell description. (PSYN-024)
Warning: The 'PBD12' cell in the 'SP013D3_V1p2_typ' technology library is being 
	marked as "dont_use". (PSYN-039)
Warning: The 'PBD12' cell in the 'SP013D3_V1p2_typ' technology library does not 
	have corresponding physical cell description. (PSYN-024)
Warning: The 'PBD16' cell in the 'SP013D3_V1p2_typ' technology library is being 
	marked as "dont_use". (PSYN-039)
Warning: The 'PBD16' cell in the 'SP013D3_V1p2_typ' technology library does not 
	have corresponding physical cell description. (PSYN-024)
Warning: The 'PBD2' cell in the 'SP013D3_V1p2_typ' technology library is being 
	marked as "dont_use". (PSYN-039)
Warning: The 'PBD2' cell in the 'SP013D3_V1p2_typ' technology library does not 
	have corresponding physical cell description. (PSYN-024)
Warning: The 'PBD24' cell in the 'SP013D3_V1p2_typ' technology library is being 
	marked as "dont_use". (PSYN-039)
Warning: The 'PBD24' cell in the 'SP013D3_V1p2_typ' technology library does not 
	have corresponding physical cell description. (PSYN-024)
Warning: The 'PBD4' cell in the 'SP013D3_V1p2_typ' technology library is being 
	marked as "dont_use". (PSYN-039)
Warning: The 'PBD4' cell in the 'SP013D3_V1p2_typ' technology library does not 
	have corresponding physical cell description. (PSYN-024)
Warning: The 'PBD8' cell in the 'SP013D3_V1p2_typ' technology library is being 
	marked as "dont_use". (PSYN-039)
Warning: The 'PBD8' cell in the 'SP013D3_V1p2_typ' technology library does not 
	have corresponding physical cell description. (PSYN-024)
Warning: The 'PBDL12' cell in the 'SP013D3_V1p2_typ' technology library is being 
	marked as "dont_use". (PSYN-039)
Warning: The 'PBDL12' cell in the 'SP013D3_V1p2_typ' technology library does not 
	have corresponding physical cell description. (PSYN-024)
Warning: The 'PBDL16' cell in the 'SP013D3_V1p2_typ' technology library is being 
	marked as "dont_use". (PSYN-039)
Warning: The 'PBDL16' cell in the 'SP013D3_V1p2_typ' technology library does not 
	have corresponding physical cell description. (PSYN-024)
Warning: The 'PBDL24' cell in the 'SP013D3_V1p2_typ' technology library is being 
	marked as "dont_use". (PSYN-039)
Warning: The 'PBDL24' cell in the 'SP013D3_V1p2_typ' technology library does not 
	have corresponding physical cell description. (PSYN-024)
Warning: The 'PBDL8' cell in the 'SP013D3_V1p2_typ' technology library is being 
	marked as "dont_use". (PSYN-039)
Warning: The 'PBDL8' cell in the 'SP013D3_V1p2_typ' technology library does not 
	have corresponding physical cell description. (PSYN-024)
Warning: The 'PBL12' cell in the 'SP013D3_V1p2_typ' technology library is being 
	marked as "dont_use". (PSYN-039)
Warning: The 'PBL12' cell in the 'SP013D3_V1p2_typ' technology library does not 
	have corresponding physical cell description. (PSYN-024)
Warning: The 'PBL16' cell in the 'SP013D3_V1p2_typ' technology library is being 
	marked as "dont_use". (PSYN-039)
Warning: The 'PBL16' cell in the 'SP013D3_V1p2_typ' technology library does not 
	have corresponding physical cell description. (PSYN-024)
Warning: The 'PBL24' cell in the 'SP013D3_V1p2_typ' technology library is being 
	marked as "dont_use". (PSYN-039)
Warning: The 'PBL24' cell in the 'SP013D3_V1p2_typ' technology library does not 
	have corresponding physical cell description. (PSYN-024)
Warning: The 'PBL8' cell in the 'SP013D3_V1p2_typ' technology library is being 
	marked as "dont_use". (PSYN-039)
Warning: The 'PBL8' cell in the 'SP013D3_V1p2_typ' technology library does not 
	have corresponding physical cell description. (PSYN-024)
Warning: The 'PBS12' cell in the 'SP013D3_V1p2_typ' technology library is being 
	marked as "dont_use". (PSYN-039)
Warning: The 'PBS12' cell in the 'SP013D3_V1p2_typ' technology library does not 
	have corresponding physical cell description. (PSYN-024)
Warning: The 'PBS16' cell in the 'SP013D3_V1p2_typ' technology library is being 
	marked as "dont_use". (PSYN-039)
Warning: The 'PBS16' cell in the 'SP013D3_V1p2_typ' technology library does not 
	have corresponding physical cell description. (PSYN-024)
Warning: The 'PBS2' cell in the 'SP013D3_V1p2_typ' technology library is being 
	marked as "dont_use". (PSYN-039)
Warning: The 'PBS2' cell in the 'SP013D3_V1p2_typ' technology library does not 
	have corresponding physical cell description. (PSYN-024)
Warning: The 'PBS24' cell in the 'SP013D3_V1p2_typ' technology library is being 
	marked as "dont_use". (PSYN-039)
Warning: The 'PBS24' cell in the 'SP013D3_V1p2_typ' technology library does not 
	have corresponding physical cell description. (PSYN-024)
Warning: The 'PBS4' cell in the 'SP013D3_V1p2_typ' technology library is being 
	marked as "dont_use". (PSYN-039)
Warning: The 'PBS4' cell in the 'SP013D3_V1p2_typ' technology library does not 
	have corresponding physical cell description. (PSYN-024)
Warning: The 'PBS8' cell in the 'SP013D3_V1p2_typ' technology library is being 
	marked as "dont_use". (PSYN-039)
Warning: The 'PBS8' cell in the 'SP013D3_V1p2_typ' technology library does not 
	have corresponding physical cell description. (PSYN-024)
Warning: The 'PBSD12' cell in the 'SP013D3_V1p2_typ' technology library is being 
	marked as "dont_use". (PSYN-039)
Warning: The 'PBSD12' cell in the 'SP013D3_V1p2_typ' technology library does not 
	have corresponding physical cell description. (PSYN-024)
Warning: The 'PBSD16' cell in the 'SP013D3_V1p2_typ' technology library is being 
	marked as "dont_use". (PSYN-039)
Warning: The 'PBSD16' cell in the 'SP013D3_V1p2_typ' technology library does not 
	have corresponding physical cell description. (PSYN-024)
Warning: The 'PBSD2' cell in the 'SP013D3_V1p2_typ' technology library is being 
	marked as "dont_use". (PSYN-039)
Warning: The 'PBSD2' cell in the 'SP013D3_V1p2_typ' technology library does not 
	have corresponding physical cell description. (PSYN-024)
Warning: The 'PBSD24' cell in the 'SP013D3_V1p2_typ' technology library is being 
	marked as "dont_use". (PSYN-039)
Warning: The 'PBSD24' cell in the 'SP013D3_V1p2_typ' technology library does not 
	have corresponding physical cell description. (PSYN-024)
Warning: The 'PBSD4' cell in the 'SP013D3_V1p2_typ' technology library is being 
	marked as "dont_use". (PSYN-039)
Warning: The 'PBSD4' cell in the 'SP013D3_V1p2_typ' technology library does not 
	have corresponding physical cell description. (PSYN-024)
Warning: The 'PBSD8' cell in the 'SP013D3_V1p2_typ' technology library is being 
	marked as "dont_use". (PSYN-039)
Warning: The 'PBSD8' cell in the 'SP013D3_V1p2_typ' technology library does not 
	have corresponding physical cell description. (PSYN-024)
Warning: The 'PBSDL12' cell in the 'SP013D3_V1p2_typ' technology library is being 
	marked as "dont_use". (PSYN-039)
Warning: The 'PBSDL12' cell in the 'SP013D3_V1p2_typ' technology library does not 
	have corresponding physical cell description. (PSYN-024)
Warning: The 'PBSDL16' cell in the 'SP013D3_V1p2_typ' technology library is being 
	marked as "dont_use". (PSYN-039)
Warning: The 'PBSDL16' cell in the 'SP013D3_V1p2_typ' technology library does not 
	have corresponding physical cell description. (PSYN-024)
Warning: The 'PBSDL24' cell in the 'SP013D3_V1p2_typ' technology library is being 
	marked as "dont_use". (PSYN-039)
Warning: The 'PBSDL24' cell in the 'SP013D3_V1p2_typ' technology library does not 
	have corresponding physical cell description. (PSYN-024)
Warning: The 'PBSDL8' cell in the 'SP013D3_V1p2_typ' technology library is being 
	marked as "dont_use". (PSYN-039)
Warning: The 'PBSDL8' cell in the 'SP013D3_V1p2_typ' technology library does not 
	have corresponding physical cell description. (PSYN-024)
Warning: The 'PBSL12' cell in the 'SP013D3_V1p2_typ' technology library is being 
	marked as "dont_use". (PSYN-039)
Warning: The 'PBSL12' cell in the 'SP013D3_V1p2_typ' technology library does not 
	have corresponding physical cell description. (PSYN-024)
Warning: The 'PBSL16' cell in the 'SP013D3_V1p2_typ' technology library is being 
	marked as "dont_use". (PSYN-039)
Warning: The 'PBSL16' cell in the 'SP013D3_V1p2_typ' technology library does not 
	have corresponding physical cell description. (PSYN-024)
Warning: The 'PBSL24' cell in the 'SP013D3_V1p2_typ' technology library is being 
	marked as "dont_use". (PSYN-039)
Warning: The 'PBSL24' cell in the 'SP013D3_V1p2_typ' technology library does not 
	have corresponding physical cell description. (PSYN-024)
Warning: The 'PBSL8' cell in the 'SP013D3_V1p2_typ' technology library is being 
	marked as "dont_use". (PSYN-039)
Warning: The 'PBSL8' cell in the 'SP013D3_V1p2_typ' technology library does not 
	have corresponding physical cell description. (PSYN-024)
Warning: The 'PBSU12' cell in the 'SP013D3_V1p2_typ' technology library is being 
	marked as "dont_use". (PSYN-039)
Warning: The 'PBSU12' cell in the 'SP013D3_V1p2_typ' technology library does not 
	have corresponding physical cell description. (PSYN-024)
Warning: The 'PBSU16' cell in the 'SP013D3_V1p2_typ' technology library is being 
	marked as "dont_use". (PSYN-039)
Warning: The 'PBSU16' cell in the 'SP013D3_V1p2_typ' technology library does not 
	have corresponding physical cell description. (PSYN-024)
Warning: The 'PBSU2' cell in the 'SP013D3_V1p2_typ' technology library is being 
	marked as "dont_use". (PSYN-039)
Warning: The 'PBSU2' cell in the 'SP013D3_V1p2_typ' technology library does not 
	have corresponding physical cell description. (PSYN-024)
Warning: The 'PBSU24' cell in the 'SP013D3_V1p2_typ' technology library is being 
	marked as "dont_use". (PSYN-039)
Warning: The 'PBSU24' cell in the 'SP013D3_V1p2_typ' technology library does not 
	have corresponding physical cell description. (PSYN-024)
Warning: The 'PBSU4' cell in the 'SP013D3_V1p2_typ' technology library is being 
	marked as "dont_use". (PSYN-039)
Warning: The 'PBSU4' cell in the 'SP013D3_V1p2_typ' technology library does not 
	have corresponding physical cell description. (PSYN-024)
Warning: The 'PBSU8' cell in the 'SP013D3_V1p2_typ' technology library is being 
	marked as "dont_use". (PSYN-039)
Warning: The 'PBSU8' cell in the 'SP013D3_V1p2_typ' technology library does not 
	have corresponding physical cell description. (PSYN-024)
Warning: The 'PBSUL12' cell in the 'SP013D3_V1p2_typ' technology library is being 
	marked as "dont_use". (PSYN-039)
Warning: The 'PBSUL12' cell in the 'SP013D3_V1p2_typ' technology library does not 
	have corresponding physical cell description. (PSYN-024)
Warning: The 'PBSUL16' cell in the 'SP013D3_V1p2_typ' technology library is being 
	marked as "dont_use". (PSYN-039)
Warning: The 'PBSUL16' cell in the 'SP013D3_V1p2_typ' technology library does not 
	have corresponding physical cell description. (PSYN-024)
Warning: The 'PBSUL24' cell in the 'SP013D3_V1p2_typ' technology library is being 
	marked as "dont_use". (PSYN-039)
Warning: The 'PBSUL24' cell in the 'SP013D3_V1p2_typ' technology library does not 
	have corresponding physical cell description. (PSYN-024)
Warning: The 'PBSUL8' cell in the 'SP013D3_V1p2_typ' technology library is being 
	marked as "dont_use". (PSYN-039)
Warning: The 'PBSUL8' cell in the 'SP013D3_V1p2_typ' technology library does not 
	have corresponding physical cell description. (PSYN-024)
Warning: The 'PBU12' cell in the 'SP013D3_V1p2_typ' technology library is being 
	marked as "dont_use". (PSYN-039)
Warning: The 'PBU12' cell in the 'SP013D3_V1p2_typ' technology library does not 
	have corresponding physical cell description. (PSYN-024)
Warning: The 'PBU16' cell in the 'SP013D3_V1p2_typ' technology library is being 
	marked as "dont_use". (PSYN-039)
Warning: The 'PBU16' cell in the 'SP013D3_V1p2_typ' technology library does not 
	have corresponding physical cell description. (PSYN-024)
Warning: The 'PBU2' cell in the 'SP013D3_V1p2_typ' technology library is being 
	marked as "dont_use". (PSYN-039)
Warning: The 'PBU2' cell in the 'SP013D3_V1p2_typ' technology library does not 
	have corresponding physical cell description. (PSYN-024)
Warning: The 'PBU24' cell in the 'SP013D3_V1p2_typ' technology library is being 
	marked as "dont_use". (PSYN-039)
Warning: The 'PBU24' cell in the 'SP013D3_V1p2_typ' technology library does not 
	have corresponding physical cell description. (PSYN-024)
Warning: The 'PBU4' cell in the 'SP013D3_V1p2_typ' technology library is being 
	marked as "dont_use". (PSYN-039)
Warning: The 'PBU4' cell in the 'SP013D3_V1p2_typ' technology library does not 
	have corresponding physical cell description. (PSYN-024)
Warning: The 'PBU8' cell in the 'SP013D3_V1p2_typ' technology library is being 
	marked as "dont_use". (PSYN-039)
Warning: The 'PBU8' cell in the 'SP013D3_V1p2_typ' technology library does not 
	have corresponding physical cell description. (PSYN-024)
Warning: The 'PBUL12' cell in the 'SP013D3_V1p2_typ' technology library is being 
	marked as "dont_use". (PSYN-039)
Warning: The 'PBUL12' cell in the 'SP013D3_V1p2_typ' technology library does not 
	have corresponding physical cell description. (PSYN-024)
Warning: The 'PBUL16' cell in the 'SP013D3_V1p2_typ' technology library is being 
	marked as "dont_use". (PSYN-039)
Warning: The 'PBUL16' cell in the 'SP013D3_V1p2_typ' technology library does not 
	have corresponding physical cell description. (PSYN-024)
Warning: The 'PBUL24' cell in the 'SP013D3_V1p2_typ' technology library is being 
	marked as "dont_use". (PSYN-039)
Warning: The 'PBUL24' cell in the 'SP013D3_V1p2_typ' technology library does not 
	have corresponding physical cell description. (PSYN-024)
Warning: The 'PBUL8' cell in the 'SP013D3_V1p2_typ' technology library is being 
	marked as "dont_use". (PSYN-039)
Warning: The 'PBUL8' cell in the 'SP013D3_V1p2_typ' technology library does not 
	have corresponding physical cell description. (PSYN-024)
Warning: The 'PI' cell in the 'SP013D3_V1p2_typ' technology library is being 
	marked as "dont_use". (PSYN-039)
Warning: The 'PI' cell in the 'SP013D3_V1p2_typ' technology library does not 
	have corresponding physical cell description. (PSYN-024)
Warning: The 'PICD' cell in the 'SP013D3_V1p2_typ' technology library is being 
	marked as "dont_use". (PSYN-039)
Warning: The 'PICD' cell in the 'SP013D3_V1p2_typ' technology library does not 
	have corresponding physical cell description. (PSYN-024)
Warning: The 'PICU' cell in the 'SP013D3_V1p2_typ' technology library is being 
	marked as "dont_use". (PSYN-039)
Warning: The 'PICU' cell in the 'SP013D3_V1p2_typ' technology library does not 
	have corresponding physical cell description. (PSYN-024)
Warning: The 'PID' cell in the 'SP013D3_V1p2_typ' technology library is being 
	marked as "dont_use". (PSYN-039)
Warning: The 'PID' cell in the 'SP013D3_V1p2_typ' technology library does not 
	have corresponding physical cell description. (PSYN-024)
Warning: The 'PIS' cell in the 'SP013D3_V1p2_typ' technology library is being 
	marked as "dont_use". (PSYN-039)
Warning: The 'PIS' cell in the 'SP013D3_V1p2_typ' technology library does not 
	have corresponding physical cell description. (PSYN-024)
Warning: The 'PISD' cell in the 'SP013D3_V1p2_typ' technology library is being 
	marked as "dont_use". (PSYN-039)
Warning: The 'PISD' cell in the 'SP013D3_V1p2_typ' technology library does not 
	have corresponding physical cell description. (PSYN-024)
Warning: The 'PISU' cell in the 'SP013D3_V1p2_typ' technology library is being 
	marked as "dont_use". (PSYN-039)
Warning: The 'PISU' cell in the 'SP013D3_V1p2_typ' technology library does not 
	have corresponding physical cell description. (PSYN-024)
Warning: The 'PIU' cell in the 'SP013D3_V1p2_typ' technology library is being 
	marked as "dont_use". (PSYN-039)
Warning: The 'PIU' cell in the 'SP013D3_V1p2_typ' technology library does not 
	have corresponding physical cell description. (PSYN-024)
Warning: The 'PO12' cell in the 'SP013D3_V1p2_typ' technology library is being 
	marked as "dont_use". (PSYN-039)
Warning: The 'PO12' cell in the 'SP013D3_V1p2_typ' technology library does not 
	have corresponding physical cell description. (PSYN-024)
Warning: The 'PO16' cell in the 'SP013D3_V1p2_typ' technology library is being 
	marked as "dont_use". (PSYN-039)
Warning: The 'PO16' cell in the 'SP013D3_V1p2_typ' technology library does not 
	have corresponding physical cell description. (PSYN-024)
Warning: The 'PO2' cell in the 'SP013D3_V1p2_typ' technology library is being 
	marked as "dont_use". (PSYN-039)
Warning: The 'PO2' cell in the 'SP013D3_V1p2_typ' technology library does not 
	have corresponding physical cell description. (PSYN-024)
Warning: The 'PO24' cell in the 'SP013D3_V1p2_typ' technology library is being 
	marked as "dont_use". (PSYN-039)
Warning: The 'PO24' cell in the 'SP013D3_V1p2_typ' technology library does not 
	have corresponding physical cell description. (PSYN-024)
Warning: The 'PO4' cell in the 'SP013D3_V1p2_typ' technology library is being 
	marked as "dont_use". (PSYN-039)
Warning: The 'PO4' cell in the 'SP013D3_V1p2_typ' technology library does not 
	have corresponding physical cell description. (PSYN-024)
Warning: The 'PO8' cell in the 'SP013D3_V1p2_typ' technology library is being 
	marked as "dont_use". (PSYN-039)
Warning: The 'PO8' cell in the 'SP013D3_V1p2_typ' technology library does not 
	have corresponding physical cell description. (PSYN-024)
Warning: The 'POL12' cell in the 'SP013D3_V1p2_typ' technology library is being 
	marked as "dont_use". (PSYN-039)
Warning: The 'POL12' cell in the 'SP013D3_V1p2_typ' technology library does not 
	have corresponding physical cell description. (PSYN-024)
Warning: The 'POL16' cell in the 'SP013D3_V1p2_typ' technology library is being 
	marked as "dont_use". (PSYN-039)
Warning: The 'POL16' cell in the 'SP013D3_V1p2_typ' technology library does not 
	have corresponding physical cell description. (PSYN-024)
Warning: The 'POL24' cell in the 'SP013D3_V1p2_typ' technology library is being 
	marked as "dont_use". (PSYN-039)
Warning: The 'POL24' cell in the 'SP013D3_V1p2_typ' technology library does not 
	have corresponding physical cell description. (PSYN-024)
Warning: The 'POL8' cell in the 'SP013D3_V1p2_typ' technology library is being 
	marked as "dont_use". (PSYN-039)
Warning: The 'POL8' cell in the 'SP013D3_V1p2_typ' technology library does not 
	have corresponding physical cell description. (PSYN-024)
Warning: The 'POT12' cell in the 'SP013D3_V1p2_typ' technology library is being 
	marked as "dont_use". (PSYN-039)
Warning: The 'POT12' cell in the 'SP013D3_V1p2_typ' technology library does not 
	have corresponding physical cell description. (PSYN-024)
Warning: The 'POT16' cell in the 'SP013D3_V1p2_typ' technology library is being 
	marked as "dont_use". (PSYN-039)
Warning: The 'POT16' cell in the 'SP013D3_V1p2_typ' technology library does not 
	have corresponding physical cell description. (PSYN-024)
Warning: The 'POT2' cell in the 'SP013D3_V1p2_typ' technology library is being 
	marked as "dont_use". (PSYN-039)
Warning: The 'POT2' cell in the 'SP013D3_V1p2_typ' technology library does not 
	have corresponding physical cell description. (PSYN-024)
Warning: The 'POT24' cell in the 'SP013D3_V1p2_typ' technology library is being 
	marked as "dont_use". (PSYN-039)
Warning: The 'POT24' cell in the 'SP013D3_V1p2_typ' technology library does not 
	have corresponding physical cell description. (PSYN-024)
Warning: The 'POT4' cell in the 'SP013D3_V1p2_typ' technology library is being 
	marked as "dont_use". (PSYN-039)
Warning: The 'POT4' cell in the 'SP013D3_V1p2_typ' technology library does not 
	have corresponding physical cell description. (PSYN-024)
Warning: The 'POT8' cell in the 'SP013D3_V1p2_typ' technology library is being 
	marked as "dont_use". (PSYN-039)
Warning: The 'POT8' cell in the 'SP013D3_V1p2_typ' technology library does not 
	have corresponding physical cell description. (PSYN-024)
Warning: The 'POTL12' cell in the 'SP013D3_V1p2_typ' technology library is being 
	marked as "dont_use". (PSYN-039)
Warning: The 'POTL12' cell in the 'SP013D3_V1p2_typ' technology library does not 
	have corresponding physical cell description. (PSYN-024)
Warning: The 'POTL16' cell in the 'SP013D3_V1p2_typ' technology library is being 
	marked as "dont_use". (PSYN-039)
Warning: The 'POTL16' cell in the 'SP013D3_V1p2_typ' technology library does not 
	have corresponding physical cell description. (PSYN-024)
Warning: The 'POTL24' cell in the 'SP013D3_V1p2_typ' technology library is being 
	marked as "dont_use". (PSYN-039)
Warning: The 'POTL24' cell in the 'SP013D3_V1p2_typ' technology library does not 
	have corresponding physical cell description. (PSYN-024)
Warning: The 'POTL8' cell in the 'SP013D3_V1p2_typ' technology library is being 
	marked as "dont_use". (PSYN-039)
Warning: The 'POTL8' cell in the 'SP013D3_V1p2_typ' technology library does not 
	have corresponding physical cell description. (PSYN-024)
Warning: The 'PX1' cell in the 'SP013D3_V1p2_typ' technology library is being 
	marked as "dont_use". (PSYN-039)
Warning: The 'PX1' cell in the 'SP013D3_V1p2_typ' technology library does not 
	have corresponding physical cell description. (PSYN-024)
Warning: The 'PX2' cell in the 'SP013D3_V1p2_typ' technology library is being 
	marked as "dont_use". (PSYN-039)
Warning: The 'PX2' cell in the 'SP013D3_V1p2_typ' technology library does not 
	have corresponding physical cell description. (PSYN-024)
Warning: The 'PX3' cell in the 'SP013D3_V1p2_typ' technology library is being 
	marked as "dont_use". (PSYN-039)
Warning: The 'PX3' cell in the 'SP013D3_V1p2_typ' technology library does not 
	have corresponding physical cell description. (PSYN-024)
Warning: The 'PXWE1' cell in the 'SP013D3_V1p2_typ' technology library is being 
	marked as "dont_use". (PSYN-039)
Warning: The 'PXWE1' cell in the 'SP013D3_V1p2_typ' technology library does not 
	have corresponding physical cell description. (PSYN-024)
Warning: The 'PXWE2' cell in the 'SP013D3_V1p2_typ' technology library is being 
	marked as "dont_use". (PSYN-039)
Warning: The 'PXWE2' cell in the 'SP013D3_V1p2_typ' technology library does not 
	have corresponding physical cell description. (PSYN-024)
Warning: The 'PXWE3' cell in the 'SP013D3_V1p2_typ' technology library is being 
	marked as "dont_use". (PSYN-039)
Warning: The 'PXWE3' cell in the 'SP013D3_V1p2_typ' technology library does not 
	have corresponding physical cell description. (PSYN-024)
Warning: The 'PCI3B' cell in the 'SP013D3_V1p2_typ' technology library is being 
	marked as "dont_use". (PSYN-039)
Warning: The 'PCI3B' cell in the 'SP013D3_V1p2_typ' technology library does not 
	have corresponding physical cell description. (PSYN-024)
Warning: The 'PCI3BS' cell in the 'SP013D3_V1p2_typ' technology library is being 
	marked as "dont_use". (PSYN-039)
Warning: The 'PCI3BS' cell in the 'SP013D3_V1p2_typ' technology library does not 
	have corresponding physical cell description. (PSYN-024)
Warning: The 'PCI6B' cell in the 'SP013D3_V1p2_typ' technology library is being 
	marked as "dont_use". (PSYN-039)
Warning: The 'PCI6B' cell in the 'SP013D3_V1p2_typ' technology library does not 
	have corresponding physical cell description. (PSYN-024)
Warning: The 'PCI6BS' cell in the 'SP013D3_V1p2_typ' technology library is being 
	marked as "dont_use". (PSYN-039)
Warning: The 'PCI6BS' cell in the 'SP013D3_V1p2_typ' technology library does not 
	have corresponding physical cell description. (PSYN-024)
Warning: The 'PANA3AP' cell in the 'SP013D3_V1p2_typ' technology library is being 
	marked as "dont_use". (PSYN-039)
Warning: The 'PANA3AP' cell in the 'SP013D3_V1p2_typ' technology library does not 
	have corresponding physical cell description. (PSYN-024)
Warning: The 'PANA1AP' cell in the 'SP013D3_V1p2_typ' technology library is being 
	marked as "dont_use". (PSYN-039)
Warning: The 'PANA1AP' cell in the 'SP013D3_V1p2_typ' technology library does not 
	have corresponding physical cell description. (PSYN-024)
Warning: The 'PANA1AP1' cell in the 'SP013D3_V1p2_typ' technology library is being 
	marked as "dont_use". (PSYN-039)
Warning: The 'PANA1AP1' cell in the 'SP013D3_V1p2_typ' technology library does not 
	have corresponding physical cell description. (PSYN-024)
Warning: The 'PANA2AP' cell in the 'SP013D3_V1p2_typ' technology library is being 
	marked as "dont_use". (PSYN-039)
Warning: The 'PANA2AP' cell in the 'SP013D3_V1p2_typ' technology library does not 
	have corresponding physical cell description. (PSYN-024)
Warning: The 'PANA2AP1' cell in the 'SP013D3_V1p2_typ' technology library is being 
	marked as "dont_use". (PSYN-039)
Warning: The 'PANA2AP1' cell in the 'SP013D3_V1p2_typ' technology library does not 
	have corresponding physical cell description. (PSYN-024)
Warning: The 'PANA4AP' cell in the 'SP013D3_V1p2_typ' technology library is being 
	marked as "dont_use". (PSYN-039)
Warning: The 'PANA4AP' cell in the 'SP013D3_V1p2_typ' technology library does not 
	have corresponding physical cell description. (PSYN-024)
Warning: The 'PDIODE' cell in the 'SP013D3_V1p2_typ' technology library is being 
	marked as "dont_use". (PSYN-039)
Warning: The 'PDIODE' cell in the 'SP013D3_V1p2_typ' technology library does not 
	have corresponding physical cell description. (PSYN-024)
Warning: The 'PDIODE8' cell in the 'SP013D3_V1p2_typ' technology library is being 
	marked as "dont_use". (PSYN-039)
Warning: The 'PDIODE8' cell in the 'SP013D3_V1p2_typ' technology library does not 
	have corresponding physical cell description. (PSYN-024)
Warning: The 'PVDD1' cell in the 'SP013D3_V1p2_typ' technology library is being 
	marked as "dont_use". (PSYN-039)
Warning: The 'PVDD1' cell in the 'SP013D3_V1p2_typ' technology library does not 
	have corresponding physical cell description. (PSYN-024)
Warning: The 'PVDD1AP' cell in the 'SP013D3_V1p2_typ' technology library is being 
	marked as "dont_use". (PSYN-039)
Warning: The 'PVDD1AP' cell in the 'SP013D3_V1p2_typ' technology library does not 
	have corresponding physical cell description. (PSYN-024)
Warning: The 'PVDD1AP1' cell in the 'SP013D3_V1p2_typ' technology library is being 
	marked as "dont_use". (PSYN-039)
Warning: The 'PVDD1AP1' cell in the 'SP013D3_V1p2_typ' technology library does not 
	have corresponding physical cell description. (PSYN-024)
Warning: The 'PVDD1ANP' cell in the 'SP013D3_V1p2_typ' technology library is being 
	marked as "dont_use". (PSYN-039)
Warning: The 'PVDD1ANP' cell in the 'SP013D3_V1p2_typ' technology library does not 
	have corresponding physical cell description. (PSYN-024)
Warning: The 'PVDD1CANP' cell in the 'SP013D3_V1p2_typ' technology library is being 
	marked as "dont_use". (PSYN-039)
Warning: The 'PVDD1CANP' cell in the 'SP013D3_V1p2_typ' technology library does not 
	have corresponding physical cell description. (PSYN-024)
Warning: The 'PVDD1CAP' cell in the 'SP013D3_V1p2_typ' technology library is being 
	marked as "dont_use". (PSYN-039)
Warning: The 'PVDD1CAP' cell in the 'SP013D3_V1p2_typ' technology library does not 
	have corresponding physical cell description. (PSYN-024)
Warning: The 'PVDD1CAP1' cell in the 'SP013D3_V1p2_typ' technology library is being 
	marked as "dont_use". (PSYN-039)
Warning: The 'PVDD1CAP1' cell in the 'SP013D3_V1p2_typ' technology library does not 
	have corresponding physical cell description. (PSYN-024)
Warning: The 'PVDD3AP' cell in the 'SP013D3_V1p2_typ' technology library is being 
	marked as "dont_use". (PSYN-039)
Warning: The 'PVDD3AP' cell in the 'SP013D3_V1p2_typ' technology library does not 
	have corresponding physical cell description. (PSYN-024)
Warning: The 'PVDD3CAP' cell in the 'SP013D3_V1p2_typ' technology library is being 
	marked as "dont_use". (PSYN-039)
Warning: The 'PVDD3CAP' cell in the 'SP013D3_V1p2_typ' technology library does not 
	have corresponding physical cell description. (PSYN-024)
Warning: The 'PVSS1' cell in the 'SP013D3_V1p2_typ' technology library is being 
	marked as "dont_use". (PSYN-039)
Warning: The 'PVSS1' cell in the 'SP013D3_V1p2_typ' technology library does not 
	have corresponding physical cell description. (PSYN-024)
Warning: The 'PVSS1AP' cell in the 'SP013D3_V1p2_typ' technology library is being 
	marked as "dont_use". (PSYN-039)
Warning: The 'PVSS1AP' cell in the 'SP013D3_V1p2_typ' technology library does not 
	have corresponding physical cell description. (PSYN-024)
Warning: The 'PVSS1AP1' cell in the 'SP013D3_V1p2_typ' technology library is being 
	marked as "dont_use". (PSYN-039)
Warning: The 'PVSS1AP1' cell in the 'SP013D3_V1p2_typ' technology library does not 
	have corresponding physical cell description. (PSYN-024)
Warning: The 'PVSS1CANP' cell in the 'SP013D3_V1p2_typ' technology library is being 
	marked as "dont_use". (PSYN-039)
Warning: The 'PVSS1CANP' cell in the 'SP013D3_V1p2_typ' technology library does not 
	have corresponding physical cell description. (PSYN-024)
Warning: The 'PVSS1CAP' cell in the 'SP013D3_V1p2_typ' technology library is being 
	marked as "dont_use". (PSYN-039)
Warning: The 'PVSS1CAP' cell in the 'SP013D3_V1p2_typ' technology library does not 
	have corresponding physical cell description. (PSYN-024)
Warning: The 'PVSS1ANP' cell in the 'SP013D3_V1p2_typ' technology library is being 
	marked as "dont_use". (PSYN-039)
Warning: The 'PVSS1ANP' cell in the 'SP013D3_V1p2_typ' technology library does not 
	have corresponding physical cell description. (PSYN-024)
Warning: The 'PVSS1CAP1' cell in the 'SP013D3_V1p2_typ' technology library is being 
	marked as "dont_use". (PSYN-039)
Warning: The 'PVSS1CAP1' cell in the 'SP013D3_V1p2_typ' technology library does not 
	have corresponding physical cell description. (PSYN-024)
Warning: The 'PVSS3' cell in the 'SP013D3_V1p2_typ' technology library is being 
	marked as "dont_use". (PSYN-039)
Warning: The 'PVSS3' cell in the 'SP013D3_V1p2_typ' technology library does not 
	have corresponding physical cell description. (PSYN-024)
Warning: The 'PVSS3AP' cell in the 'SP013D3_V1p2_typ' technology library is being 
	marked as "dont_use". (PSYN-039)
Warning: The 'PVSS3AP' cell in the 'SP013D3_V1p2_typ' technology library does not 
	have corresponding physical cell description. (PSYN-024)
Warning: The 'PVSS3CAP' cell in the 'SP013D3_V1p2_typ' technology library is being 
	marked as "dont_use". (PSYN-039)
Warning: The 'PVSS3CAP' cell in the 'SP013D3_V1p2_typ' technology library does not 
	have corresponding physical cell description. (PSYN-024)
Warning: The 'PVPP' cell in the 'SP013D3_V1p2_typ' technology library is being 
	marked as "dont_use". (PSYN-039)
Warning: The 'PVPP' cell in the 'SP013D3_V1p2_typ' technology library does not 
	have corresponding physical cell description. (PSYN-024)
Warning: The 'P1DIODE' cell in the 'SP013D3_V1p2_typ' technology library is being 
	marked as "dont_use". (PSYN-039)
Warning: The 'P1DIODE' cell in the 'SP013D3_V1p2_typ' technology library does not 
	have corresponding physical cell description. (PSYN-024)
Warning: The 'P1DIODE8' cell in the 'SP013D3_V1p2_typ' technology library is being 
	marked as "dont_use". (PSYN-039)
Warning: The 'P1DIODE8' cell in the 'SP013D3_V1p2_typ' technology library does not 
	have corresponding physical cell description. (PSYN-024)
Warning: The 'PVDD1CE' cell in the 'SP013D3_V1p2_typ' technology library is being 
	marked as "dont_use". (PSYN-039)
Warning: The 'PVDD1CE' cell in the 'SP013D3_V1p2_typ' technology library does not 
	have corresponding physical cell description. (PSYN-024)

  Linking design 'control_pad'
  Using the following designs and libraries:
  --------------------------------------------------------------------------
  control_pad                 control_pad.CEL
  typical_1v2c25 (library)    /home/eda/lib/smic/aci/sc-x/synopsys/typical_1v2c25.db
  SP013D3_V1p2_typ (library)  /home/eda/lib/smic/SP013D3_V1p4/syn/SP013D3_V1p2_typ.db

Warning: Cell i_sel is of type padFiller, CornerPad, flipChip or Tap cellbut do not have location. (PSYN-900)
Warning: Cell i_data_e is of type padFiller, CornerPad, flipChip or Tap cellbut do not have location. (PSYN-900)
Warning: Cell i_halt is of type padFiller, CornerPad, flipChip or Tap cellbut do not have location. (PSYN-900)
Warning: Cell i_inc_pc is of type padFiller, CornerPad, flipChip or Tap cellbut do not have location. (PSYN-900)
Warning: Cell i_ld_pc is of type padFiller, CornerPad, flipChip or Tap cellbut do not have location. (PSYN-900)
Warning: Cell i_ld_ac is of type padFiller, CornerPad, flipChip or Tap cellbut do not have location. (PSYN-900)
Warning: Cell i_ld_ir is of type padFiller, CornerPad, flipChip or Tap cellbut do not have location. (PSYN-900)
Warning: Cell i_wr is of type padFiller, CornerPad, flipChip or Tap cellbut do not have location. (PSYN-900)
Warning: Cell i_rd is of type padFiller, CornerPad, flipChip or Tap cellbut do not have location. (PSYN-900)
Warning: Cell i_opcode_2 is of type padFiller, CornerPad, flipChip or Tap cellbut do not have location. (PSYN-900)
Warning: Cell i_opcode_1 is of type padFiller, CornerPad, flipChip or Tap cellbut do not have location. (PSYN-900)
Warning: Cell i_opcode_0 is of type padFiller, CornerPad, flipChip or Tap cellbut do not have location. (PSYN-900)
Warning: Cell i_zero is of type padFiller, CornerPad, flipChip or Tap cellbut do not have location. (PSYN-900)
Warning: Cell i_clk is of type padFiller, CornerPad, flipChip or Tap cellbut do not have location. (PSYN-900)
Warning: Cell i_rst is of type padFiller, CornerPad, flipChip or Tap cellbut do not have location. (PSYN-900)
Floorplan loading succeeded.
# GUI Debug: Building dc for netlist invalid. -- Time: 137ms
--------------------------------------------------------------------------------
       Clock Gating Style Checks
--------------------------------------------------------------------------------
No clock gating style defined yet.

--------------------------------------------------------------------------------
                         Target Library Subset Checks
--------------------------------------------------------------------------------
No Errors/Warnings Found.

--------------------------------------------------------------------------------
                             Power Domain Checks
--------------------------------------------------------------------------------

--------------------------------------------------------------------------------
                        Cell Operating Condition Checks
--------------------------------------------------------------------------------
No Errors/Warnings Found.

--------------------------------------------------------------------------------
           Power Domain and Operating Condition Consistency Checks
--------------------------------------------------------------------------------
No Errors/Warnings Found.
--------------------------------------------------------------------------------
       Power/Ground Pin Connection Checks
--------------------------------------------------------------------------------

Power/Ground Connection Summary:

P/G net name                P/G pin count
--------------------------------------------------------------------
Other power nets:                 27
Unconnected power pins:           0

Other ground nets:                27
Unconnected ground pins:          0
--------------------------------------------------------------------
Warning: Power connection/checking is skipped for 54 power pins because the required power pin information cannot be found in logical libraries. (MV-510)

--------------------------------------------------------------------------------
       Supply Operating Voltage Checks
--------------------------------------------------------------------------------
No Errors/Warnings Found.

Please review report above for warnings and errors.
1
#####################################################################
#Apply and Check Timing Constraints 
##################################################################### 
read_sdc $ICC_INPUTS_PATH/control_pad.sdc 
 Info: hierarchy_separator was changed to /

Reading SDC version 2.1...
Warning: Design rule attributes from the driving cell will be
	set on the port. (UID-401)
Warning: Design rule attributes from the driving cell will be
	set on the port. (UID-401)
Warning: Design rule attributes from the driving cell will be
	set on the port. (UID-401)
Warning: Design rule attributes from the driving cell will be
	set on the port. (UID-401)
Warning: Design rule attributes from the driving cell will be
	set on the port. (UID-401)
 Info: hierarchy_separator was changed to /
1
check_timing 
Information: Updating graph... (UID-83)
Information: Updating design information... (UID-85)

Information: Checking generated_clocks...

Information: Checking loops...

Information: Checking no_input_delay...

Information: Checking unconstrained_endpoints...

Information: Checking pulse_clock_cell_type...

Information: Checking no_driving_cell...

Information: Checking partial_input_delay...
Warning: there are 5 input ports that only have partial input delay specified. (TIM-212)
--------------------
zero
rst_
opcode[2]
opcode[1]
opcode[0]
1
report_timing_requirements 
 
****************************************
Report : timing_requirements
        -attributes
Design : control_pad
Version: T-2022.03
Date   : Fri Nov 28 20:04:32 2025
****************************************

1
report_disable_timing 
 
****************************************
Report : disable_timing
Design : control_pad
Version: T-2022.03
Date   : Fri Nov 28 20:04:32 2025
****************************************



Flags:       c  case-analysis
             f  false net arc
             C  Conditional arc
             l  loop breaking
             u  user-defined
             m  modes


  Cell or Port        From        To             Sense               Flag
--------------------------------------------------------------------------------


1
report_case_analysis 
 
****************************************
Report : case_analysis
Design : control_pad
Version: T-2022.03
Date   : Fri Nov 28 20:04:32 2025
****************************************


1
################################################################ 
#Check the clocks 
############################################################### 
report_clock 
 
****************************************
Report : clocks
Design : control_pad
Version: T-2022.03
Date   : Fri Nov 28 20:04:32 2025
****************************************

Attributes:
    d - dont_touch_network
    f - fix_hold
    p - propagated_clock
    G - generated_clock
    g - lib_generated_clock

Clock          Period   Waveform            Attrs     Sources
--------------------------------------------------------------------------------
clk             20.00   {0 10}                        {clk}
--------------------------------------------------------------------------------
1
report_clock -skew 
 
****************************************
Report : clock_skew
Design : control_pad
Version: T-2022.03
Date   : Fri Nov 28 20:04:32 2025
****************************************

                 Rise      Fall  Min Rise  Min fall        Uncertainty
Object          Delay     Delay     Delay     Delay     Plus      Minus
--------------------------------------------------------------------------------
clk                 -         -         -         -      0.20      0.20
1
############################################################### 
#Timing and optimization controls 
############################################################### 
source ../scripts/common_optimization_settings_icc.tcl 
RM-Info: Running script /home/user123/Desktop/ASIC/icc/scripts/common_optimization_settings_icc.tcl

RM-Info: Completed script /home/user123/Desktop/ASIC/icc/scripts/common_optimization_settings_icc.tcl

set_zero_interconnect_delay_mode true 
Warning: Timer is in zero interconnect delay mode. (TIM-177)
1
report_constraint -all 
Warning: Timer is in zero interconnect delay mode. (TIM-177)
Information: Using 4 cores for timing computations. (TIM-270)
Information: Updating design information... (UID-85)
 
****************************************
Report : constraint
        -all_violators
Design : control_pad
Version: T-2022.03
Date   : Fri Nov 28 20:04:32 2025
****************************************


   max_transition

                             Required        Actual
   Net                      Transition     Transition        Slack
   -----------------------------------------------------------------
   opcode[0]                    1.02          14.61         -13.59  (VIOLATED)
       PORT :  opcode[0]        1.02          14.61         -13.59  (VIOLATED)
   opcode[1]                    1.02          14.61         -13.59  (VIOLATED)
       PORT :  opcode[1]        1.02          14.61         -13.59  (VIOLATED)
   opcode[2]                    1.02          14.61         -13.59  (VIOLATED)
       PORT :  opcode[2]        1.02          14.61         -13.59  (VIOLATED)
   rst_                         1.02          14.61         -13.59  (VIOLATED)
       PORT :  rst_             1.02          14.61         -13.59  (VIOLATED)
   zero                         1.02          14.61         -13.59  (VIOLATED)
       PORT :  zero             1.02          14.61         -13.59  (VIOLATED)
   ld_ac_pad                    1.02           2.39          -1.37  (VIOLATED)
       PIN :   U26/Y            1.02           2.39          -1.37  (VIOLATED)
   halt_pad                     1.02           2.39          -1.37  (VIOLATED)
       PIN :   U23/Y            1.02           2.39          -1.37  (VIOLATED)
   wr_pad                       1.02           2.38          -1.36  (VIOLATED)
       PIN :   U27/Y            1.02           2.38          -1.36  (VIOLATED)
   rd_pad                       1.02           2.06          -1.04  (VIOLATED)
       PIN :   U16/Y            1.02           2.06          -1.04  (VIOLATED)
   inc_pc_pad                   1.02           2.06          -1.04  (VIOLATED)
       PIN :   U22/Y            1.02           2.06          -1.04  (VIOLATED)
   data_e_pad                   1.02           2.02          -1.00  (VIOLATED)
       PIN :   U25/Y            1.02           2.02          -1.00  (VIOLATED)
   ld_pc_pad                    1.02           1.32          -0.30  (VIOLATED)
       PIN :   U19/Y            1.02           1.32          -0.30  (VIOLATED)

   -----------------------------------------------------------------
   Total                      12                -75.44  

   max_capacitance

                             Required        Actual
   Net                      Capacitance    Capacitance       Slack
   -----------------------------------------------------------------
   opcode[0]                    0.34           6.71          -6.37  (VIOLATED)
   opcode[1]                    0.34           6.71          -6.37  (VIOLATED)
   opcode[2]                    0.34           6.71          -6.37  (VIOLATED)
   rst_                         0.34           6.71          -6.37  (VIOLATED)
   zero                         0.34           6.71          -6.37  (VIOLATED)
   data_e_pad                   0.04           0.08          -0.03  (VIOLATED)
   halt_pad                     0.04           0.08          -0.03  (VIOLATED)
   inc_pc_pad                   0.04           0.08          -0.03  (VIOLATED)
   ld_ac_pad                    0.04           0.08          -0.03  (VIOLATED)
   ld_pc_pad                    0.04           0.08          -0.03  (VIOLATED)
   rd_pad                       0.04           0.08          -0.03  (VIOLATED)
   wr_pad                       0.04           0.08          -0.03  (VIOLATED)

   -----------------------------------------------------------------
   Total                      12                -32.08  

1
report_timing 
Warning: Timer is in zero interconnect delay mode. (TIM-177)
 
****************************************
Report : timing
        -path full
        -delay max
        -max_paths 1
Design : control_pad
Version: T-2022.03
Date   : Fri Nov 28 20:04:32 2025
****************************************

 z Timer is in zero interconnect delay mode.

Operating Conditions: typical_1v2c25   Library: typical_1v2c25

  Startpoint: opcode[1] (input port clocked by clk)
  Endpoint: ld_ac (output port clocked by clk)
  Path Group: clk
  Path Type: max

  Point                                    Incr       Path
  -----------------------------------------------------------
  clock clk (rise edge)                    0.00       0.00
  clock network delay (ideal)              0.00       0.00
  input external delay                     0.10       0.10 r
  opcode[1] (in)                           7.80 z     7.90 r
  i_opcode_1/C (PI)                        0.18 z     8.08 r
  U13/Y (NOR2XL)                           0.04 z     8.12 f
  U14/Y (NOR2XL)                           0.12 z     8.24 r
  U26/Y (NOR3BXL)                          1.40 z     9.64 r
  i_ld_ac/PAD (PO8)                        0.98 z    10.61 r
  ld_ac (out)                              0.00 z    10.61 r
  data arrival time                                  10.61

  clock clk (rise edge)                   20.00      20.00
  clock network delay (ideal)              0.00      20.00
  clock uncertainty                       -0.20      19.80
  output external delay                   -1.00      18.80
  data required time                                 18.80
  -----------------------------------------------------------
  data required time                                 18.80
  data arrival time                                 -10.61
  -----------------------------------------------------------
  slack (MET)                                         8.19


1
set_zero_interconnect_delay_mode false 
Information: Timer is not in zero interconnect delay mode. (TIM-176)
1
remove_ideal_network [get_ports "rst_ clk"] 
1
############################################################### 
#Save the cel after data setup 
############################################################## 
save_mw_cel -as data_setup
Information: Performing CEL netlist consistency check. (MWDC-118)
Information: CEL consistency check PASSED. (MWDC-119)
Information: Saved design named data_setup. (UIG-5)
1
1
icc_shell> exit

Memory usage for this session 237 Mbytes.
Memory usage for this session including child processes 237 Mbytes.
CPU usage for this session 7 seconds ( 0.00 hours ).
Elapsed time for this session 22 seconds ( 0.01 hours ).

Thank you...
Exit IC Compiler!
