
                                IC Compiler (TM)
                              IC Compiler-PC (TM)
                              IC Compiler-XP (TM)
                              IC Compiler-DP (TM)
                              IC Compiler-AG (TM)

                 Version T-2022.03 for linux64 - Feb 22, 2022 

                    Copyright (c) 1988 - 2022 Synopsys, Inc.
   This software and the associated documentation are proprietary to Synopsys,
 Inc. This software may only be used in accordance with the terms and conditions
 of a written license agreement with Synopsys, Inc. All other use, reproduction,
   or distribution of this software is strictly prohibited.  Licensed Products
     communicate with Synopsys servers for the purpose of providing software
    updates, detecting software piracy and verifying that customers are using
    Licensed Products in conformity with the applicable License Key for such
  Licensed Products. Synopsys will use information gathered in connection with
    this process to deliver software updates and pursue software pirates and
                                   infringers.

 Inclusivity & Diversity - Visit SolvNetPlus to read the "Synopsys Statement on
            Inclusivity and Diversity" (Refer to article 000036315 at
                        https://solvnetplus.synopsys.com)
Initializing...
source ../rm_setup/icrm_setup.tcl 
RM-Info: Setting default SEV variables for running outside of Lynx.
source ../rm_setup/icc_setup.tcl 
RM-Info: Running script /home/user123/Desktop/ASIC/icc/rm_setup/icc_setup.tcl

RM-Info: Running script /home/user123/Desktop/ASIC/icc/rm_setup/common_setup.tcl

RM-Info: Completed script /home/user123/Desktop/ASIC/icc/rm_setup/common_setup.tcl

### Processing procs.tcl...
CES_procs: 
 aa                   # always ask - Searches Synopsys help for both commands and variables
 gui                  # Start or stop the GUI
 host_stats           # Display statistics of the current host (server)
 view                 # Display output of any command in a separate Tk window.

RM-Info: Completed script /home/user123/Desktop/ASIC/icc/rm_setup/icc_setup.tcl

open_mw_lib control_pad.mw 
Warning: Reference Library Inconsistent With Main Library
Reference Library: /home/eda/lib/smic/SP013D3_V1p4/apollo/SP013D3_V1p2_8MT (MWLIBP-300)
Warning: Inconsistent Data for Contact Code 9
	Main Library (control_pad.mw)     |	Reference Library (SP013D3_V1p2_8MT)
 (MWLIBP-324)
Warning: Inconsistent Data for Contact Code 10
	Main Library (control_pad.mw)     |	Reference Library (SP013D3_V1p2_8MT)
 (MWLIBP-324)
Warning: Inconsistent Data for Contact Code 11
	Main Library (control_pad.mw)     |	Reference Library (SP013D3_V1p2_8MT)
 (MWLIBP-324)
Warning: Inconsistent Data for Contact Code 12
	Main Library (control_pad.mw)     |	Reference Library (SP013D3_V1p2_8MT)
 (MWLIBP-324)
Warning: Inconsistent Data for Contact Code 13
	Main Library (control_pad.mw)     |	Reference Library (SP013D3_V1p2_8MT)
 (MWLIBP-324)
Warning: Inconsistent Data for Contact Code 14
	Main Library (control_pad.mw)     |	Reference Library (SP013D3_V1p2_8MT)
 (MWLIBP-324)
Warning: Inconsistent Data for Contact Code 15
	Main Library (control_pad.mw)     |	Reference Library (SP013D3_V1p2_8MT)
 (MWLIBP-324)
{control_pad.mw}
copy_mw_cel -from data_setup -to floorplan 
1
open_mw_cel floorplan 
Information: Opened "floorplan.CEL;1" from "/home/user123/Desktop/ASIC/icc/run/control_pad.mw" library. (MWUI-068)
{floorplan}
######################################### 
#Create a Rectangular Block 
######################################## 
#Create coner cells and suply cells 
create_cell {cornerll cornerlr cornerul cornerur} PCORNER 
Creating cell 'cornerll' in design 'control_pad'.
Creating cell 'cornerlr' in design 'control_pad'.
Creating cell 'cornerul' in design 'control_pad'.
Creating cell 'cornerur' in design 'control_pad'.
1
create_cell {vss1left vss1right } PVSS1 ; # core ground 
Creating cell 'vss1left' in design 'control_pad'.
Creating cell 'vss1right' in design 'control_pad'.
1
create_cell {vdd1left vdd1right } PVDD1; # core supply 
Creating cell 'vdd1left' in design 'control_pad'.
Creating cell 'vdd1right' in design 'control_pad'.
1
create_cell {vss2top vss2bottom} PVSS2; # pad ground 
Creating cell 'vss2top' in design 'control_pad'.
Creating cell 'vss2bottom' in design 'control_pad'.
1
create_cell {vdd2top vdd2bottom} PVDD2; #pad_supply
Creating cell 'vdd2top' in design 'control_pad'.
Creating cell 'vdd2bottom' in design 'control_pad'.
1
# Constrain the corners 
set_pad_physical_constraints -pad_name "cornerul" -side 1 
1
set_pad_physical_constraints -pad_name "cornerur" -side 2 
1
set_pad_physical_constraints -pad_name "cornerlr" -side 3 
1
set_pad_physical_constraints -pad_name "cornerll" -side 4 
1
#Constrain the uper side ports 
set_pad_physical_constraints -pad_name "i_opcode_2" -side 2 -order 1 
1
set_pad_physical_constraints -pad_name "i_zero" -side 2 -order 2 
1
set_pad_physical_constraints -pad_name "vdd2top" -side 2 -order 3 
1
set_pad_physical_constraints -pad_name "vss2top" -side 2 -order 4 
1
set_pad_physical_constraints -pad_name "i_ld_pc" -side 2 -order 5 
1
set_pad_physical_constraints -pad_name "i_inc_pc" -side 2 -order 6 
1
#Constrain the right side ports 
set_pad_physical_constraints -pad_name "i_rd" -side 3 -order 1 
1
set_pad_physical_constraints -pad_name "i_wr" -side 3 -order 2 
1
set_pad_physical_constraints -pad_name "vdd1right" -side 3 -order 4 
1
set_pad_physical_constraints -pad_name "vss1right" -side 3 -order 3 
1
set_pad_physical_constraints -pad_name "i_ld_ir" -side 3 -order 5 
1
set_pad_physical_constraints -pad_name "i_ld_ac" -side 3 -order 6 
1
#Constrain the bottom side ports 
set_pad_physical_constraints -pad_name "i_halt" -side 4 -order 1 
1
set_pad_physical_constraints -pad_name "i_data_e" -side 4 -order 2 
1
set_pad_physical_constraints -pad_name "vdd2bottom" -side 4 -order 3 
1
set_pad_physical_constraints -pad_name "vss2bottom" -side 4 -order 4 
1
set_pad_physical_constraints -pad_name "i_sel" -side 4 -order 5 
1
set_pad_physical_constraints -pad_name "i_inc_pc" -side 4 -order 6 
1
#Constrain the left side ports 
set_pad_physical_constraints -pad_name "i_rst" -side 1 -order 1 
1
set_pad_physical_constraints -pad_name "i_clk" -side 1 -order 2 
1
set_pad_physical_constraints -pad_name "vdd1left" -side 1 -order 3 
1
set_pad_physical_constraints -pad_name "vss1left" -side 1 -order 4 
1
set_pad_physical_constraints -pad_name "i_opcode_0" -side 1 -order 5 
1
set_pad_physical_constraints -pad_name "i_opcode_1" -side 1 -order 6
1
#Create floorplan 
create_floorplan -control_type aspect_ratio -core_aspect_ratio 1 -core_utilization 0.7 -left_io2core 30 -bottom_io2core 30 -right_io2core 30 -top_io2core 30 -start_first_row 
27 pads are constrained in TDF table
There are 23 IO pads 4 corner pads in total
Start to create wire tracks ...
Start to place pads/pins ...
Information: The orientation of Library cell "PO8" is "E". (APLUI-043)
Information: The orientation of Library cell "PI" is "E". (APLUI-043)
Information: The orientation of Library cell "PCORNER" is "E". (APLUI-043)
Information: The orientation of Library cell "PVSS1" is "E". (APLUI-043)
Information: The orientation of Library cell "PVDD1" is "E". (APLUI-043)
Information: The orientation of Library cell "PVSS2" is "E". (APLUI-043)
Information: The orientation of Library cell "PVDD2" is "E". (APLUI-043)
There are 0 pads constrained by min IO spacing.
Top core spacing increased, pad limited.
Right core spacing increased, pad limited.

Running IO Placement Refinement...

IO Placement Refinement Completed Successfully.

Place pads/pins successfully
Increase Left/Right to core distance by 0.42
Pad Limited detected in Bottom/Top sides.
Enlarge core width to 150.42 by 131.56
Increase Bottom/Top to core distance by 0.06
Pad Limited detected in Left/Right sides.
Enlarge core height to 150.06 by 131.61
Core aspect ratio adjusted to 0.981
Core Utilization adjusted to 0.011
Pad limited detected. Try fixed die size floor plan ...
Start to create wire tracks ...
Start to place pads/pins ...
Information: The orientation of Library cell "PO8" is "E". (APLUI-043)
Information: The orientation of Library cell "PI" is "E". (APLUI-043)
Information: The orientation of Library cell "PCORNER" is "E". (APLUI-043)
Information: The orientation of Library cell "PVSS1" is "E". (APLUI-043)
Information: The orientation of Library cell "PVDD1" is "E". (APLUI-043)
Information: The orientation of Library cell "PVSS2" is "E". (APLUI-043)
Information: The orientation of Library cell "PVDD2" is "E". (APLUI-043)
There are 0 pads constrained by min IO spacing.
Top core spacing increased, pad limited.

Running IO Placement Refinement...

IO Placement Refinement Completed Successfully.

Place pads/pins successfully
Increase Bottom/Top to core distance by 0.06
Pad Limited detected in Left/Right sides.
Enlarge core height to 150.06 by 2.46
Core aspect ratio adjusted to 0.981
Core Utilization adjusted to 0.011
Pad limited detected. Try fixed die size floor plan ...
Start to create wire tracks ...
Start to place pads/pins ...
Information: The orientation of Library cell "PO8" is "E". (APLUI-043)
Information: The orientation of Library cell "PI" is "E". (APLUI-043)
Information: The orientation of Library cell "PCORNER" is "E". (APLUI-043)
Information: The orientation of Library cell "PVSS1" is "E". (APLUI-043)
Information: The orientation of Library cell "PVDD1" is "E". (APLUI-043)
Information: The orientation of Library cell "PVSS2" is "E". (APLUI-043)
Information: The orientation of Library cell "PVDD2" is "E". (APLUI-043)
There are 0 pads constrained by min IO spacing.
Top core spacing increased, pad limited.

Running IO Placement Refinement...

IO Placement Refinement Completed Successfully.

Place pads/pins successfully
Increase Bottom/Top to core distance by 0.06
Pad Limited detected in Left/Right sides.
Enlarge core height to 150.06 by 2.46
Core aspect ratio adjusted to 0.981
Core Utilization adjusted to 0.011
Pad limited detected. Try fixed die size floor plan ...
Start to create wire tracks ...
Start to place pads/pins ...
Information: The orientation of Library cell "PO8" is "E". (APLUI-043)
Information: The orientation of Library cell "PI" is "E". (APLUI-043)
Information: The orientation of Library cell "PCORNER" is "E". (APLUI-043)
Information: The orientation of Library cell "PVSS1" is "E". (APLUI-043)
Information: The orientation of Library cell "PVDD1" is "E". (APLUI-043)
Information: The orientation of Library cell "PVSS2" is "E". (APLUI-043)
Information: The orientation of Library cell "PVDD2" is "E". (APLUI-043)
There are 0 pads constrained by min IO spacing.
Top core spacing increased, pad limited.

Running IO Placement Refinement...

IO Placement Refinement Completed Successfully.

Place pads/pins successfully
Increase Bottom/Top to core distance by 0.06
Pad Limited detected in Left/Right sides.
Enlarge core height to 150.06 by 2.46
Warning: Pad cells edges are now open for terminal placement (FPHSM-0019)
Information: During terminal creation, some port-connected pins were detected as possible or likely candidates to be a PAD-type pin.  A tcl script, set_pad_attributes_on_cell_floorplan.tcl, has been created with a set_attribute command for each possible pin candidate. Some pins in this script may not actually be PAD-type pins.  Please edit this fileand correct any lines which are not correctly setting the value (true or false).  Then source this tcl script and then re-run the command which produced this message (place_fp_pins, initialize_floorplan, or initialize_rectilinear_block) again so that terminals are correctly processed.  The command has assumed that all candidate pins which are on padcells or bumpcells are to have terminals stacked onto the corresponding pins.  It has also assumed that all candidate pins which are on hard macros are to to have terminals created on the cell boundary.  If you are happy with these assumptions, you may forego the sourcing of the generated script and just accept the initial results .  If that does not give you satisfactory results, then use set_pin_physical_constraints to explicitly specify terminal locations. (FPHSM-1854)
Number of terminals created: 15.
=-=-=-=-=-=-=-=-=-=-=-=-=-=-=-=-=-=-=-=-=-=-=-=-=-=-=-=-=-=-=-=-=-=-=-=-=-=-=-=-=-=-
Name        Original Ports
floorplan               15
=-=-=-=-=-=-=-=-=-=-=-=-=-=-=-=-=-=-=-=-=-=-=-=-=-=-=-=-=-=-=-=-=-=-=-=-=-=-=-=-=-=-
Completed pin assignment.
Elapsed =    0:00:00, CPU =    0:00:00
Planner Summary:
This floorplan is created by using tile name (unit).
	Row Direction = HORIZONTAL
	Control Parameter =  Width & Height
	Core Utilization = 0.011
	Number Of Rows = 40
	Core Width = 150.42
	Core Height = 150.06
	Aspect Ratio = 0.981
	Double Back ON
	Flip First Row = NO
	Start From First Row = YES
Planner run through successfully.
1
save_mw_cel -as floorplan_io 
Information: Performing CEL netlist consistency check. (MWDC-118)
Information: CEL consistency check PASSED. (MWDC-119)
Information: Saved design named floorplan_io. (UIG-5)
1
########################################## 
#Place Pins 
########################################## 
#create_fp_placement -timing 
#route_zrt_global -congestion_map_only true -exploration true 
save_mw_cel -as floorplanprepn 
Information: Saved design named floorplanprepn. (UIG-5)
1
########################################## 
# Insert Pad Fillers 
######################################### 
insert_pad_filler -cell " PFILL001 PFIIL01 PFILL1 PFILL10 PFILL2 PFILL20 PFILL5 PFILL50" 
Reading reference libraries ...
Hierarchical pad insertion...
Information: The orientation of Library cell "PFILL001" is "E". (APLUI-043)
Information: The orientation of Library cell "PFILL1" is "E". (APLUI-043)
Information: The orientation of Library cell "PFILL10" is "E". (APLUI-043)
Information: The orientation of Library cell "PFILL2" is "E". (APLUI-043)
Information: The orientation of Library cell "PFILL20" is "E". (APLUI-043)
Information: The orientation of Library cell "PFILL5" is "E". (APLUI-043)
Information: The orientation of Library cell "PFILL50" is "E". (APLUI-043)
.... first pad filler name is pfiller0
WARNING : Cannot find filler cells for bottom gap (267080 0) (267165 0)
WARNING : Cannot find filler cells for bottom gap (302165 0) (302250 0)
WARNING : Cannot find filler cells for bottom gap (337250 0) (337335 0)
WARNING : Cannot find filler cells for bottom gap (372335 0) (372420 0)
WARNING : Cannot find filler cells for top gap (232000 604000) (240855 604000)
WARNING : Cannot find filler cells for top gap (275855 604000) (284710 604000)
WARNING : Cannot find filler cells for top gap (319710 604000) (328565 604000)
WARNING : Cannot find filler cells for top gap (363565 604000) (372420 604000)
.... last pad filler name is pfiller3579
.... total of 3580 pad filler inserted
########################################## 
#Specify Unrouting Layers 
########################################## 
set_ignored_layers -max_routing_layer METAL8 
1
report_ignored_layers 
No ignored layers specified.

Min_routing_layer: METAL1
Max_routing_layer: METAL8
1
save_mw_cel -as floorplan_prepns 
Information: Performing CEL netlist consistency check. (MWDC-118)
Information: CEL consistency check PASSED. (MWDC-119)
Information: Saved design named floorplan_prepns. (UIG-5)
1
########################################## 
#Create the Power Network 
########################################## 
####################################### 
#Performing Power Planning 
#######################################
#Applying Power Ring Constraints 
create_power_plan_regions core -core 
1
#set_power_ring_strategy core -core -nets {VDD VSS} 
set_power_ring_strategy core -core -nets {VDD VSS} -template "../scripts/basic_ring.tpl:basic_ring" 
1
#Synthesizing the Power Network 
remove_power_plan_strategy -all 
No power plan strategy is set.
1
set_power_plan_strategy s_basic_no_va -nets {VDD VSS} -core -extension {{{ nets:VDD}{stop:outermost_ring}} {{nets: VSS}{stop:outermost_ring}}} -template ../scripts/pg_mesh.tpl:pg_mesh_top 
1
#create ring 
compile_power_plan -ring 
Reading design information...
Reading design information took     0.08 seconds
Ring synthesis begins...
Ring synthesis took     1.16 seconds
Committing ring begins...
Committing ring took     0.07 seconds
Ring is created successfully.
1
#create mesh 
compile_power_plan 
Reading design information...
Reading design information took     0.06 seconds
Power plan synthesis begins...
Power plan synthesis took     1.12 seconds
Committing power straps begins...
Committing power straps took     0.08 seconds
Power network is created successfully.
1
#Connect vdd vss logic"1" and "0" 
derive_pg_connection -create_net; # first create P/G nets defined in UPF FILE 
Loading db file '/home/eda/lib/smic/aci/sc-x/synopsys/typical_1v2c25.db'
Loading db file '/home/eda/lib/smic/SP013D3_V1p4/syn/SP013D3_V1p2_typ.db'
Loading db file '/home/eda/synopsys/icc/T-2022.03/libraries/syn/gtech.db'
Information: linking reference library : /home/eda/lib/smic/aci/sc-x/apollo/smic13g. (PSYN-878)
Information: linking reference library : /home/eda/lib/smic/SP013D3_V1p4/apollo/SP013D3_V1p2_8MT. (PSYN-878)
Warning: The pin direction of 'PAD' pin on 'PANA4AP' cell in the 'SP013D3_V1p2_typ' technology library is inconsistent with the same-name pin in the '/home/eda/lib/smic/SP013D3_V1p4/apollo/SP013D3_V1p2_8MT' physical library. No physical link for the logical lib cell. (PSYN-058)
Warning: The pin direction of 'PAD' pin on 'PANA3AP' cell in the 'SP013D3_V1p2_typ' technology library is inconsistent with the same-name pin in the '/home/eda/lib/smic/SP013D3_V1p4/apollo/SP013D3_V1p2_8MT' physical library. No physical link for the logical lib cell. (PSYN-058)
Warning: The pin direction of 'SVDD1AP' pin on 'PVDD1AP' cell in the 'SP013D3_V1p2_typ' technology library is inconsistent with the same-name pin in the '/home/eda/lib/smic/SP013D3_V1p4/apollo/SP013D3_V1p2_8MT' physical library. No physical link for the logical lib cell. (PSYN-058)
Warning: The pin direction of 'SAVDD' pin on 'PVDD3AP' cell in the 'SP013D3_V1p2_typ' technology library is inconsistent with the same-name pin in the '/home/eda/lib/smic/SP013D3_V1p4/apollo/SP013D3_V1p2_8MT' physical library. No physical link for the logical lib cell. (PSYN-058)
Warning: The pin direction of 'SAVSS' pin on 'PVSS3AP' cell in the 'SP013D3_V1p2_typ' technology library is inconsistent with the same-name pin in the '/home/eda/lib/smic/SP013D3_V1p4/apollo/SP013D3_V1p2_8MT' physical library. No physical link for the logical lib cell. (PSYN-058)
Warning: The pin direction of 'SVSS1AP' pin on 'PVSS1AP' cell in the 'SP013D3_V1p2_typ' technology library is inconsistent with the same-name pin in the '/home/eda/lib/smic/SP013D3_V1p4/apollo/SP013D3_V1p2_8MT' physical library. No physical link for the logical lib cell. (PSYN-058)
Warning: The pin direction of 'PAD' pin on 'PANA1AP' cell in the 'SP013D3_V1p2_typ' technology library is inconsistent with the same-name pin in the '/home/eda/lib/smic/SP013D3_V1p4/apollo/SP013D3_V1p2_8MT' physical library. No physical link for the logical lib cell. (PSYN-058)
Warning: The pin direction of 'PAD' pin on 'PANA2AP' cell in the 'SP013D3_V1p2_typ' technology library is inconsistent with the same-name pin in the '/home/eda/lib/smic/SP013D3_V1p4/apollo/SP013D3_V1p2_8MT' physical library. No physical link for the logical lib cell. (PSYN-058)
Warning: The pin direction of 'SVDD1CAP' pin on 'PVDD1CAP' cell in the 'SP013D3_V1p2_typ' technology library is inconsistent with the same-name pin in the '/home/eda/lib/smic/SP013D3_V1p4/apollo/SP013D3_V1p2_8MT' physical library. No physical link for the logical lib cell. (PSYN-058)
Warning: The pin direction of 'SAVDD' pin on 'PVDD3CAP' cell in the 'SP013D3_V1p2_typ' technology library is inconsistent with the same-name pin in the '/home/eda/lib/smic/SP013D3_V1p4/apollo/SP013D3_V1p2_8MT' physical library. No physical link for the logical lib cell. (PSYN-058)
Warning: The pin direction of 'SVSS1CAP' pin on 'PVSS1CAP' cell in the 'SP013D3_V1p2_typ' technology library is inconsistent with the same-name pin in the '/home/eda/lib/smic/SP013D3_V1p4/apollo/SP013D3_V1p2_8MT' physical library. No physical link for the logical lib cell. (PSYN-058)
Warning: The pin direction of 'SAVSS' pin on 'PVSS3CAP' cell in the 'SP013D3_V1p2_typ' technology library is inconsistent with the same-name pin in the '/home/eda/lib/smic/SP013D3_V1p4/apollo/SP013D3_V1p2_8MT' physical library. No physical link for the logical lib cell. (PSYN-058)
Warning: The pin direction of 'SVDD1AP1' pin on 'PVDD1AP1' cell in the 'SP013D3_V1p2_typ' technology library is inconsistent with the same-name pin in the '/home/eda/lib/smic/SP013D3_V1p4/apollo/SP013D3_V1p2_8MT' physical library. No physical link for the logical lib cell. (PSYN-058)
Warning: The pin direction of 'SVSS1AP1' pin on 'PVSS1AP1' cell in the 'SP013D3_V1p2_typ' technology library is inconsistent with the same-name pin in the '/home/eda/lib/smic/SP013D3_V1p4/apollo/SP013D3_V1p2_8MT' physical library. No physical link for the logical lib cell. (PSYN-058)
Warning: The pin direction of 'PAD' pin on 'PANA1AP1' cell in the 'SP013D3_V1p2_typ' technology library is inconsistent with the same-name pin in the '/home/eda/lib/smic/SP013D3_V1p4/apollo/SP013D3_V1p2_8MT' physical library. No physical link for the logical lib cell. (PSYN-058)
Warning: The pin direction of 'PAD' pin on 'PANA2AP1' cell in the 'SP013D3_V1p2_typ' technology library is inconsistent with the same-name pin in the '/home/eda/lib/smic/SP013D3_V1p4/apollo/SP013D3_V1p2_8MT' physical library. No physical link for the logical lib cell. (PSYN-058)
Warning: The pin direction of 'SVDD1CAP1' pin on 'PVDD1CAP1' cell in the 'SP013D3_V1p2_typ' technology library is inconsistent with the same-name pin in the '/home/eda/lib/smic/SP013D3_V1p4/apollo/SP013D3_V1p2_8MT' physical library. No physical link for the logical lib cell. (PSYN-058)
Warning: The pin direction of 'SVSS1CAP1' pin on 'PVSS1CAP1' cell in the 'SP013D3_V1p2_typ' technology library is inconsistent with the same-name pin in the '/home/eda/lib/smic/SP013D3_V1p4/apollo/SP013D3_V1p2_8MT' physical library. No physical link for the logical lib cell. (PSYN-058)
Warning: The pin direction of 'PAD' pin on 'PI' cell in the 'SP013D3_V1p2_typ' technology library is inconsistent with the same-name pin in the '/home/eda/lib/smic/SP013D3_V1p4/apollo/SP013D3_V1p2_8MT' physical library. No physical link for the logical lib cell. (PSYN-058)
Warning: The pin direction of 'C' pin on 'PI' cell in the 'SP013D3_V1p2_typ' technology library is inconsistent with the same-name pin in the '/home/eda/lib/smic/SP013D3_V1p4/apollo/SP013D3_V1p2_8MT' physical library. No physical link for the logical lib cell. (PSYN-058)
Warning: The pin direction of 'PAD' pin on 'PIS' cell in the 'SP013D3_V1p2_typ' technology library is inconsistent with the same-name pin in the '/home/eda/lib/smic/SP013D3_V1p4/apollo/SP013D3_V1p2_8MT' physical library. No physical link for the logical lib cell. (PSYN-058)
Warning: The pin direction of 'C' pin on 'PIS' cell in the 'SP013D3_V1p2_typ' technology library is inconsistent with the same-name pin in the '/home/eda/lib/smic/SP013D3_V1p4/apollo/SP013D3_V1p2_8MT' physical library. No physical link for the logical lib cell. (PSYN-058)
Warning: The pin direction of 'OEN' pin on 'PB4' cell in the 'SP013D3_V1p2_typ' technology library is inconsistent with the same-name pin in the '/home/eda/lib/smic/SP013D3_V1p4/apollo/SP013D3_V1p2_8MT' physical library. No physical link for the logical lib cell. (PSYN-058)
Warning: The pin direction of 'I' pin on 'PB4' cell in the 'SP013D3_V1p2_typ' technology library is inconsistent with the same-name pin in the '/home/eda/lib/smic/SP013D3_V1p4/apollo/SP013D3_V1p2_8MT' physical library. No physical link for the logical lib cell. (PSYN-058)
Warning: The pin direction of 'C' pin on 'PB4' cell in the 'SP013D3_V1p2_typ' technology library is inconsistent with the same-name pin in the '/home/eda/lib/smic/SP013D3_V1p4/apollo/SP013D3_V1p2_8MT' physical library. No physical link for the logical lib cell. (PSYN-058)
Warning: The pin direction of 'PAD' pin on 'PB4' cell in the 'SP013D3_V1p2_typ' technology library is inconsistent with the same-name pin in the '/home/eda/lib/smic/SP013D3_V1p4/apollo/SP013D3_V1p2_8MT' physical library. No physical link for the logical lib cell. (PSYN-058)
Warning: The pin direction of 'I' pin on 'PO4' cell in the 'SP013D3_V1p2_typ' technology library is inconsistent with the same-name pin in the '/home/eda/lib/smic/SP013D3_V1p4/apollo/SP013D3_V1p2_8MT' physical library. No physical link for the logical lib cell. (PSYN-058)
Warning: The pin direction of 'PAD' pin on 'PO4' cell in the 'SP013D3_V1p2_typ' technology library is inconsistent with the same-name pin in the '/home/eda/lib/smic/SP013D3_V1p4/apollo/SP013D3_V1p2_8MT' physical library. No physical link for the logical lib cell. (PSYN-058)
Warning: The pin direction of 'XIN' pin on 'PX3' cell in the 'SP013D3_V1p2_typ' technology library is inconsistent with the same-name pin in the '/home/eda/lib/smic/SP013D3_V1p4/apollo/SP013D3_V1p2_8MT' physical library. No physical link for the logical lib cell. (PSYN-058)
Warning: The pin direction of 'XOUT' pin on 'PX3' cell in the 'SP013D3_V1p2_typ' technology library is inconsistent with the same-name pin in the '/home/eda/lib/smic/SP013D3_V1p4/apollo/SP013D3_V1p2_8MT' physical library. No physical link for the logical lib cell. (PSYN-058)
Warning: The pin direction of 'XC' pin on 'PX3' cell in the 'SP013D3_V1p2_typ' technology library is inconsistent with the same-name pin in the '/home/eda/lib/smic/SP013D3_V1p4/apollo/SP013D3_V1p2_8MT' physical library. No physical link for the logical lib cell. (PSYN-058)
Warning: The pin direction of 'OEN' pin on 'PB2' cell in the 'SP013D3_V1p2_typ' technology library is inconsistent with the same-name pin in the '/home/eda/lib/smic/SP013D3_V1p4/apollo/SP013D3_V1p2_8MT' physical library. No physical link for the logical lib cell. (PSYN-058)
Warning: The pin direction of 'I' pin on 'PB2' cell in the 'SP013D3_V1p2_typ' technology library is inconsistent with the same-name pin in the '/home/eda/lib/smic/SP013D3_V1p4/apollo/SP013D3_V1p2_8MT' physical library. No physical link for the logical lib cell. (PSYN-058)
Warning: The pin direction of 'C' pin on 'PB2' cell in the 'SP013D3_V1p2_typ' technology library is inconsistent with the same-name pin in the '/home/eda/lib/smic/SP013D3_V1p4/apollo/SP013D3_V1p2_8MT' physical library. No physical link for the logical lib cell. (PSYN-058)
Warning: The pin direction of 'PAD' pin on 'PB2' cell in the 'SP013D3_V1p2_typ' technology library is inconsistent with the same-name pin in the '/home/eda/lib/smic/SP013D3_V1p4/apollo/SP013D3_V1p2_8MT' physical library. No physical link for the logical lib cell. (PSYN-058)
Warning: The pin direction of 'OEN' pin on 'PB8' cell in the 'SP013D3_V1p2_typ' technology library is inconsistent with the same-name pin in the '/home/eda/lib/smic/SP013D3_V1p4/apollo/SP013D3_V1p2_8MT' physical library. No physical link for the logical lib cell. (PSYN-058)
Warning: The pin direction of 'I' pin on 'PB8' cell in the 'SP013D3_V1p2_typ' technology library is inconsistent with the same-name pin in the '/home/eda/lib/smic/SP013D3_V1p4/apollo/SP013D3_V1p2_8MT' physical library. No physical link for the logical lib cell. (PSYN-058)
Warning: The pin direction of 'C' pin on 'PB8' cell in the 'SP013D3_V1p2_typ' technology library is inconsistent with the same-name pin in the '/home/eda/lib/smic/SP013D3_V1p4/apollo/SP013D3_V1p2_8MT' physical library. No physical link for the logical lib cell. (PSYN-058)
Warning: The pin direction of 'PAD' pin on 'PB8' cell in the 'SP013D3_V1p2_typ' technology library is inconsistent with the same-name pin in the '/home/eda/lib/smic/SP013D3_V1p4/apollo/SP013D3_V1p2_8MT' physical library. No physical link for the logical lib cell. (PSYN-058)
Warning: The pin direction of 'I' pin on 'PO8' cell in the 'SP013D3_V1p2_typ' technology library is inconsistent with the same-name pin in the '/home/eda/lib/smic/SP013D3_V1p4/apollo/SP013D3_V1p2_8MT' physical library. No physical link for the logical lib cell. (PSYN-058)
Warning: The pin direction of 'PAD' pin on 'PO8' cell in the 'SP013D3_V1p2_typ' technology library is inconsistent with the same-name pin in the '/home/eda/lib/smic/SP013D3_V1p4/apollo/SP013D3_V1p2_8MT' physical library. No physical link for the logical lib cell. (PSYN-058)
Warning: The pin direction of 'I' pin on 'PO2' cell in the 'SP013D3_V1p2_typ' technology library is inconsistent with the same-name pin in the '/home/eda/lib/smic/SP013D3_V1p4/apollo/SP013D3_V1p2_8MT' physical library. No physical link for the logical lib cell. (PSYN-058)
Warning: The pin direction of 'PAD' pin on 'PO2' cell in the 'SP013D3_V1p2_typ' technology library is inconsistent with the same-name pin in the '/home/eda/lib/smic/SP013D3_V1p4/apollo/SP013D3_V1p2_8MT' physical library. No physical link for the logical lib cell. (PSYN-058)
Warning: The pin direction of 'PAD' pin on 'PID' cell in the 'SP013D3_V1p2_typ' technology library is inconsistent with the same-name pin in the '/home/eda/lib/smic/SP013D3_V1p4/apollo/SP013D3_V1p2_8MT' physical library. No physical link for the logical lib cell. (PSYN-058)
Warning: The pin direction of 'C' pin on 'PID' cell in the 'SP013D3_V1p2_typ' technology library is inconsistent with the same-name pin in the '/home/eda/lib/smic/SP013D3_V1p4/apollo/SP013D3_V1p2_8MT' physical library. No physical link for the logical lib cell. (PSYN-058)
Warning: The pin direction of 'XIN' pin on 'PX2' cell in the 'SP013D3_V1p2_typ' technology library is inconsistent with the same-name pin in the '/home/eda/lib/smic/SP013D3_V1p4/apollo/SP013D3_V1p2_8MT' physical library. No physical link for the logical lib cell. (PSYN-058)
Warning: The pin direction of 'XOUT' pin on 'PX2' cell in the 'SP013D3_V1p2_typ' technology library is inconsistent with the same-name pin in the '/home/eda/lib/smic/SP013D3_V1p4/apollo/SP013D3_V1p2_8MT' physical library. No physical link for the logical lib cell. (PSYN-058)
Warning: The pin direction of 'XC' pin on 'PX2' cell in the 'SP013D3_V1p2_typ' technology library is inconsistent with the same-name pin in the '/home/eda/lib/smic/SP013D3_V1p4/apollo/SP013D3_V1p2_8MT' physical library. No physical link for the logical lib cell. (PSYN-058)
Warning: The pin direction of 'PAD' pin on 'PIU' cell in the 'SP013D3_V1p2_typ' technology library is inconsistent with the same-name pin in the '/home/eda/lib/smic/SP013D3_V1p4/apollo/SP013D3_V1p2_8MT' physical library. No physical link for the logical lib cell. (PSYN-058)
Warning: The pin direction of 'C' pin on 'PIU' cell in the 'SP013D3_V1p2_typ' technology library is inconsistent with the same-name pin in the '/home/eda/lib/smic/SP013D3_V1p4/apollo/SP013D3_V1p2_8MT' physical library. No physical link for the logical lib cell. (PSYN-058)
Warning: The pin direction of 'XIN' pin on 'PX1' cell in the 'SP013D3_V1p2_typ' technology library is inconsistent with the same-name pin in the '/home/eda/lib/smic/SP013D3_V1p4/apollo/SP013D3_V1p2_8MT' physical library. No physical link for the logical lib cell. (PSYN-058)
Warning: The pin direction of 'XOUT' pin on 'PX1' cell in the 'SP013D3_V1p2_typ' technology library is inconsistent with the same-name pin in the '/home/eda/lib/smic/SP013D3_V1p4/apollo/SP013D3_V1p2_8MT' physical library. No physical link for the logical lib cell. (PSYN-058)
Warning: The pin direction of 'XC' pin on 'PX1' cell in the 'SP013D3_V1p2_typ' technology library is inconsistent with the same-name pin in the '/home/eda/lib/smic/SP013D3_V1p4/apollo/SP013D3_V1p2_8MT' physical library. No physical link for the logical lib cell. (PSYN-058)
Warning: The pin direction of 'OEN' pin on 'PB16' cell in the 'SP013D3_V1p2_typ' technology library is inconsistent with the same-name pin in the '/home/eda/lib/smic/SP013D3_V1p4/apollo/SP013D3_V1p2_8MT' physical library. No physical link for the logical lib cell. (PSYN-058)
Warning: The pin direction of 'I' pin on 'PB16' cell in the 'SP013D3_V1p2_typ' technology library is inconsistent with the same-name pin in the '/home/eda/lib/smic/SP013D3_V1p4/apollo/SP013D3_V1p2_8MT' physical library. No physical link for the logical lib cell. (PSYN-058)
Warning: The pin direction of 'C' pin on 'PB16' cell in the 'SP013D3_V1p2_typ' technology library is inconsistent with the same-name pin in the '/home/eda/lib/smic/SP013D3_V1p4/apollo/SP013D3_V1p2_8MT' physical library. No physical link for the logical lib cell. (PSYN-058)
Warning: The pin direction of 'PAD' pin on 'PB16' cell in the 'SP013D3_V1p2_typ' technology library is inconsistent with the same-name pin in the '/home/eda/lib/smic/SP013D3_V1p4/apollo/SP013D3_V1p2_8MT' physical library. No physical link for the logical lib cell. (PSYN-058)
Warning: The pin direction of 'I' pin on 'PO16' cell in the 'SP013D3_V1p2_typ' technology library is inconsistent with the same-name pin in the '/home/eda/lib/smic/SP013D3_V1p4/apollo/SP013D3_V1p2_8MT' physical library. No physical link for the logical lib cell. (PSYN-058)
Warning: The pin direction of 'PAD' pin on 'PO16' cell in the 'SP013D3_V1p2_typ' technology library is inconsistent with the same-name pin in the '/home/eda/lib/smic/SP013D3_V1p4/apollo/SP013D3_V1p2_8MT' physical library. No physical link for the logical lib cell. (PSYN-058)
Warning: The pin direction of 'OEN' pin on 'PB24' cell in the 'SP013D3_V1p2_typ' technology library is inconsistent with the same-name pin in the '/home/eda/lib/smic/SP013D3_V1p4/apollo/SP013D3_V1p2_8MT' physical library. No physical link for the logical lib cell. (PSYN-058)
Warning: The pin direction of 'I' pin on 'PB24' cell in the 'SP013D3_V1p2_typ' technology library is inconsistent with the same-name pin in the '/home/eda/lib/smic/SP013D3_V1p4/apollo/SP013D3_V1p2_8MT' physical library. No physical link for the logical lib cell. (PSYN-058)
Warning: The pin direction of 'C' pin on 'PB24' cell in the 'SP013D3_V1p2_typ' technology library is inconsistent with the same-name pin in the '/home/eda/lib/smic/SP013D3_V1p4/apollo/SP013D3_V1p2_8MT' physical library. No physical link for the logical lib cell. (PSYN-058)
Warning: The pin direction of 'PAD' pin on 'PB24' cell in the 'SP013D3_V1p2_typ' technology library is inconsistent with the same-name pin in the '/home/eda/lib/smic/SP013D3_V1p4/apollo/SP013D3_V1p2_8MT' physical library. No physical link for the logical lib cell. (PSYN-058)
Warning: The pin direction of 'OEN' pin on 'PBS4' cell in the 'SP013D3_V1p2_typ' technology library is inconsistent with the same-name pin in the '/home/eda/lib/smic/SP013D3_V1p4/apollo/SP013D3_V1p2_8MT' physical library. No physical link for the logical lib cell. (PSYN-058)
Warning: The pin direction of 'I' pin on 'PBS4' cell in the 'SP013D3_V1p2_typ' technology library is inconsistent with the same-name pin in the '/home/eda/lib/smic/SP013D3_V1p4/apollo/SP013D3_V1p2_8MT' physical library. No physical link for the logical lib cell. (PSYN-058)
Warning: The pin direction of 'C' pin on 'PBS4' cell in the 'SP013D3_V1p2_typ' technology library is inconsistent with the same-name pin in the '/home/eda/lib/smic/SP013D3_V1p4/apollo/SP013D3_V1p2_8MT' physical library. No physical link for the logical lib cell. (PSYN-058)
Warning: The pin direction of 'PAD' pin on 'PBS4' cell in the 'SP013D3_V1p2_typ' technology library is inconsistent with the same-name pin in the '/home/eda/lib/smic/SP013D3_V1p4/apollo/SP013D3_V1p2_8MT' physical library. No physical link for the logical lib cell. (PSYN-058)
Warning: The pin direction of 'OEN' pin on 'PBU4' cell in the 'SP013D3_V1p2_typ' technology library is inconsistent with the same-name pin in the '/home/eda/lib/smic/SP013D3_V1p4/apollo/SP013D3_V1p2_8MT' physical library. No physical link for the logical lib cell. (PSYN-058)
Warning: The pin direction of 'I' pin on 'PBU4' cell in the 'SP013D3_V1p2_typ' technology library is inconsistent with the same-name pin in the '/home/eda/lib/smic/SP013D3_V1p4/apollo/SP013D3_V1p2_8MT' physical library. No physical link for the logical lib cell. (PSYN-058)
Warning: The pin direction of 'C' pin on 'PBU4' cell in the 'SP013D3_V1p2_typ' technology library is inconsistent with the same-name pin in the '/home/eda/lib/smic/SP013D3_V1p4/apollo/SP013D3_V1p2_8MT' physical library. No physical link for the logical lib cell. (PSYN-058)
Warning: The pin direction of 'PAD' pin on 'PBU4' cell in the 'SP013D3_V1p2_typ' technology library is inconsistent with the same-name pin in the '/home/eda/lib/smic/SP013D3_V1p4/apollo/SP013D3_V1p2_8MT' physical library. No physical link for the logical lib cell. (PSYN-058)
Warning: The pin direction of 'OEN' pin on 'PBD4' cell in the 'SP013D3_V1p2_typ' technology library is inconsistent with the same-name pin in the '/home/eda/lib/smic/SP013D3_V1p4/apollo/SP013D3_V1p2_8MT' physical library. No physical link for the logical lib cell. (PSYN-058)
Warning: The pin direction of 'I' pin on 'PBD4' cell in the 'SP013D3_V1p2_typ' technology library is inconsistent with the same-name pin in the '/home/eda/lib/smic/SP013D3_V1p4/apollo/SP013D3_V1p2_8MT' physical library. No physical link for the logical lib cell. (PSYN-058)
Warning: The pin direction of 'C' pin on 'PBD4' cell in the 'SP013D3_V1p2_typ' technology library is inconsistent with the same-name pin in the '/home/eda/lib/smic/SP013D3_V1p4/apollo/SP013D3_V1p2_8MT' physical library. No physical link for the logical lib cell. (PSYN-058)
Warning: The pin direction of 'PAD' pin on 'PBD4' cell in the 'SP013D3_V1p2_typ' technology library is inconsistent with the same-name pin in the '/home/eda/lib/smic/SP013D3_V1p4/apollo/SP013D3_V1p2_8MT' physical library. No physical link for the logical lib cell. (PSYN-058)
Warning: The pin direction of 'I' pin on 'PO24' cell in the 'SP013D3_V1p2_typ' technology library is inconsistent with the same-name pin in the '/home/eda/lib/smic/SP013D3_V1p4/apollo/SP013D3_V1p2_8MT' physical library. No physical link for the logical lib cell. (PSYN-058)
Warning: The pin direction of 'PAD' pin on 'PO24' cell in the 'SP013D3_V1p2_typ' technology library is inconsistent with the same-name pin in the '/home/eda/lib/smic/SP013D3_V1p4/apollo/SP013D3_V1p2_8MT' physical library. No physical link for the logical lib cell. (PSYN-058)
Warning: The pin direction of 'OEN' pin on 'POT4' cell in the 'SP013D3_V1p2_typ' technology library is inconsistent with the same-name pin in the '/home/eda/lib/smic/SP013D3_V1p4/apollo/SP013D3_V1p2_8MT' physical library. No physical link for the logical lib cell. (PSYN-058)
Warning: The pin direction of 'I' pin on 'POT4' cell in the 'SP013D3_V1p2_typ' technology library is inconsistent with the same-name pin in the '/home/eda/lib/smic/SP013D3_V1p4/apollo/SP013D3_V1p2_8MT' physical library. No physical link for the logical lib cell. (PSYN-058)
Warning: The pin direction of 'PAD' pin on 'POT4' cell in the 'SP013D3_V1p2_typ' technology library is inconsistent with the same-name pin in the '/home/eda/lib/smic/SP013D3_V1p4/apollo/SP013D3_V1p2_8MT' physical library. No physical link for the logical lib cell. (PSYN-058)
Warning: The pin direction of 'OEN' pin on 'PB12' cell in the 'SP013D3_V1p2_typ' technology library is inconsistent with the same-name pin in the '/home/eda/lib/smic/SP013D3_V1p4/apollo/SP013D3_V1p2_8MT' physical library. No physical link for the logical lib cell. (PSYN-058)
Warning: The pin direction of 'I' pin on 'PB12' cell in the 'SP013D3_V1p2_typ' technology library is inconsistent with the same-name pin in the '/home/eda/lib/smic/SP013D3_V1p4/apollo/SP013D3_V1p2_8MT' physical library. No physical link for the logical lib cell. (PSYN-058)
Warning: The pin direction of 'C' pin on 'PB12' cell in the 'SP013D3_V1p2_typ' technology library is inconsistent with the same-name pin in the '/home/eda/lib/smic/SP013D3_V1p4/apollo/SP013D3_V1p2_8MT' physical library. No physical link for the logical lib cell. (PSYN-058)
Warning: The pin direction of 'PAD' pin on 'PB12' cell in the 'SP013D3_V1p2_typ' technology library is inconsistent with the same-name pin in the '/home/eda/lib/smic/SP013D3_V1p4/apollo/SP013D3_V1p2_8MT' physical library. No physical link for the logical lib cell. (PSYN-058)
Warning: The pin direction of 'OEN' pin on 'PBL8' cell in the 'SP013D3_V1p2_typ' technology library is inconsistent with the same-name pin in the '/home/eda/lib/smic/SP013D3_V1p4/apollo/SP013D3_V1p2_8MT' physical library. No physical link for the logical lib cell. (PSYN-058)
Warning: The pin direction of 'I' pin on 'PBL8' cell in the 'SP013D3_V1p2_typ' technology library is inconsistent with the same-name pin in the '/home/eda/lib/smic/SP013D3_V1p4/apollo/SP013D3_V1p2_8MT' physical library. No physical link for the logical lib cell. (PSYN-058)
Warning: The pin direction of 'C' pin on 'PBL8' cell in the 'SP013D3_V1p2_typ' technology library is inconsistent with the same-name pin in the '/home/eda/lib/smic/SP013D3_V1p4/apollo/SP013D3_V1p2_8MT' physical library. No physical link for the logical lib cell. (PSYN-058)
Warning: The pin direction of 'PAD' pin on 'PBL8' cell in the 'SP013D3_V1p2_typ' technology library is inconsistent with the same-name pin in the '/home/eda/lib/smic/SP013D3_V1p4/apollo/SP013D3_V1p2_8MT' physical library. No physical link for the logical lib cell. (PSYN-058)
Warning: The pin direction of 'OEN' pin on 'PBS8' cell in the 'SP013D3_V1p2_typ' technology library is inconsistent with the same-name pin in the '/home/eda/lib/smic/SP013D3_V1p4/apollo/SP013D3_V1p2_8MT' physical library. No physical link for the logical lib cell. (PSYN-058)
Warning: The pin direction of 'I' pin on 'PBS8' cell in the 'SP013D3_V1p2_typ' technology library is inconsistent with the same-name pin in the '/home/eda/lib/smic/SP013D3_V1p4/apollo/SP013D3_V1p2_8MT' physical library. No physical link for the logical lib cell. (PSYN-058)
Warning: The pin direction of 'C' pin on 'PBS8' cell in the 'SP013D3_V1p2_typ' technology library is inconsistent with the same-name pin in the '/home/eda/lib/smic/SP013D3_V1p4/apollo/SP013D3_V1p2_8MT' physical library. No physical link for the logical lib cell. (PSYN-058)
Warning: The pin direction of 'PAD' pin on 'PBS8' cell in the 'SP013D3_V1p2_typ' technology library is inconsistent with the same-name pin in the '/home/eda/lib/smic/SP013D3_V1p4/apollo/SP013D3_V1p2_8MT' physical library. No physical link for the logical lib cell. (PSYN-058)
Warning: The pin direction of 'OEN' pin on 'PBS2' cell in the 'SP013D3_V1p2_typ' technology library is inconsistent with the same-name pin in the '/home/eda/lib/smic/SP013D3_V1p4/apollo/SP013D3_V1p2_8MT' physical library. No physical link for the logical lib cell. (PSYN-058)
Warning: The pin direction of 'I' pin on 'PBS2' cell in the 'SP013D3_V1p2_typ' technology library is inconsistent with the same-name pin in the '/home/eda/lib/smic/SP013D3_V1p4/apollo/SP013D3_V1p2_8MT' physical library. No physical link for the logical lib cell. (PSYN-058)
Warning: The pin direction of 'C' pin on 'PBS2' cell in the 'SP013D3_V1p2_typ' technology library is inconsistent with the same-name pin in the '/home/eda/lib/smic/SP013D3_V1p4/apollo/SP013D3_V1p2_8MT' physical library. No physical link for the logical lib cell. (PSYN-058)
Warning: The pin direction of 'PAD' pin on 'PBS2' cell in the 'SP013D3_V1p2_typ' technology library is inconsistent with the same-name pin in the '/home/eda/lib/smic/SP013D3_V1p4/apollo/SP013D3_V1p2_8MT' physical library. No physical link for the logical lib cell. (PSYN-058)
Warning: The pin direction of 'OEN' pin on 'PBU8' cell in the 'SP013D3_V1p2_typ' technology library is inconsistent with the same-name pin in the '/home/eda/lib/smic/SP013D3_V1p4/apollo/SP013D3_V1p2_8MT' physical library. No physical link for the logical lib cell. (PSYN-058)
Warning: The pin direction of 'I' pin on 'PBU8' cell in the 'SP013D3_V1p2_typ' technology library is inconsistent with the same-name pin in the '/home/eda/lib/smic/SP013D3_V1p4/apollo/SP013D3_V1p2_8MT' physical library. No physical link for the logical lib cell. (PSYN-058)
Warning: The pin direction of 'C' pin on 'PBU8' cell in the 'SP013D3_V1p2_typ' technology library is inconsistent with the same-name pin in the '/home/eda/lib/smic/SP013D3_V1p4/apollo/SP013D3_V1p2_8MT' physical library. No physical link for the logical lib cell. (PSYN-058)
Warning: The pin direction of 'PAD' pin on 'PBU8' cell in the 'SP013D3_V1p2_typ' technology library is inconsistent with the same-name pin in the '/home/eda/lib/smic/SP013D3_V1p4/apollo/SP013D3_V1p2_8MT' physical library. No physical link for the logical lib cell. (PSYN-058)
Warning: The pin direction of 'OEN' pin on 'PBU2' cell in the 'SP013D3_V1p2_typ' technology library is inconsistent with the same-name pin in the '/home/eda/lib/smic/SP013D3_V1p4/apollo/SP013D3_V1p2_8MT' physical library. No physical link for the logical lib cell. (PSYN-058)
Warning: The pin direction of 'I' pin on 'PBU2' cell in the 'SP013D3_V1p2_typ' technology library is inconsistent with the same-name pin in the '/home/eda/lib/smic/SP013D3_V1p4/apollo/SP013D3_V1p2_8MT' physical library. No physical link for the logical lib cell. (PSYN-058)
Warning: The pin direction of 'C' pin on 'PBU2' cell in the 'SP013D3_V1p2_typ' technology library is inconsistent with the same-name pin in the '/home/eda/lib/smic/SP013D3_V1p4/apollo/SP013D3_V1p2_8MT' physical library. No physical link for the logical lib cell. (PSYN-058)
Warning: The pin direction of 'PAD' pin on 'PBU2' cell in the 'SP013D3_V1p2_typ' technology library is inconsistent with the same-name pin in the '/home/eda/lib/smic/SP013D3_V1p4/apollo/SP013D3_V1p2_8MT' physical library. No physical link for the logical lib cell. (PSYN-058)
Warning: The pin direction of 'OEN' pin on 'PBD8' cell in the 'SP013D3_V1p2_typ' technology library is inconsistent with the same-name pin in the '/home/eda/lib/smic/SP013D3_V1p4/apollo/SP013D3_V1p2_8MT' physical library. No physical link for the logical lib cell. (PSYN-058)
Warning: The pin direction of 'I' pin on 'PBD8' cell in the 'SP013D3_V1p2_typ' technology library is inconsistent with the same-name pin in the '/home/eda/lib/smic/SP013D3_V1p4/apollo/SP013D3_V1p2_8MT' physical library. No physical link for the logical lib cell. (PSYN-058)
Warning: The pin direction of 'C' pin on 'PBD8' cell in the 'SP013D3_V1p2_typ' technology library is inconsistent with the same-name pin in the '/home/eda/lib/smic/SP013D3_V1p4/apollo/SP013D3_V1p2_8MT' physical library. No physical link for the logical lib cell. (PSYN-058)
Warning: The pin direction of 'PAD' pin on 'PBD8' cell in the 'SP013D3_V1p2_typ' technology library is inconsistent with the same-name pin in the '/home/eda/lib/smic/SP013D3_V1p4/apollo/SP013D3_V1p2_8MT' physical library. No physical link for the logical lib cell. (PSYN-058)
Warning: The pin direction of 'OEN' pin on 'PBD2' cell in the 'SP013D3_V1p2_typ' technology library is inconsistent with the same-name pin in the '/home/eda/lib/smic/SP013D3_V1p4/apollo/SP013D3_V1p2_8MT' physical library. No physical link for the logical lib cell. (PSYN-058)
Warning: The pin direction of 'I' pin on 'PBD2' cell in the 'SP013D3_V1p2_typ' technology library is inconsistent with the same-name pin in the '/home/eda/lib/smic/SP013D3_V1p4/apollo/SP013D3_V1p2_8MT' physical library. No physical link for the logical lib cell. (PSYN-058)
Warning: The pin direction of 'C' pin on 'PBD2' cell in the 'SP013D3_V1p2_typ' technology library is inconsistent with the same-name pin in the '/home/eda/lib/smic/SP013D3_V1p4/apollo/SP013D3_V1p2_8MT' physical library. No physical link for the logical lib cell. (PSYN-058)
Warning: The pin direction of 'PAD' pin on 'PBD2' cell in the 'SP013D3_V1p2_typ' technology library is inconsistent with the same-name pin in the '/home/eda/lib/smic/SP013D3_V1p4/apollo/SP013D3_V1p2_8MT' physical library. No physical link for the logical lib cell. (PSYN-058)
Warning: The pin direction of 'I' pin on 'POL8' cell in the 'SP013D3_V1p2_typ' technology library is inconsistent with the same-name pin in the '/home/eda/lib/smic/SP013D3_V1p4/apollo/SP013D3_V1p2_8MT' physical library. No physical link for the logical lib cell. (PSYN-058)
Warning: The pin direction of 'PAD' pin on 'POL8' cell in the 'SP013D3_V1p2_typ' technology library is inconsistent with the same-name pin in the '/home/eda/lib/smic/SP013D3_V1p4/apollo/SP013D3_V1p2_8MT' physical library. No physical link for the logical lib cell. (PSYN-058)
Warning: The pin direction of 'I' pin on 'PO12' cell in the 'SP013D3_V1p2_typ' technology library is inconsistent with the same-name pin in the '/home/eda/lib/smic/SP013D3_V1p4/apollo/SP013D3_V1p2_8MT' physical library. No physical link for the logical lib cell. (PSYN-058)
Warning: The pin direction of 'PAD' pin on 'PO12' cell in the 'SP013D3_V1p2_typ' technology library is inconsistent with the same-name pin in the '/home/eda/lib/smic/SP013D3_V1p4/apollo/SP013D3_V1p2_8MT' physical library. No physical link for the logical lib cell. (PSYN-058)
Warning: The pin direction of 'OEN' pin on 'POT8' cell in the 'SP013D3_V1p2_typ' technology library is inconsistent with the same-name pin in the '/home/eda/lib/smic/SP013D3_V1p4/apollo/SP013D3_V1p2_8MT' physical library. No physical link for the logical lib cell. (PSYN-058)
Warning: The pin direction of 'I' pin on 'POT8' cell in the 'SP013D3_V1p2_typ' technology library is inconsistent with the same-name pin in the '/home/eda/lib/smic/SP013D3_V1p4/apollo/SP013D3_V1p2_8MT' physical library. No physical link for the logical lib cell. (PSYN-058)
Warning: The pin direction of 'PAD' pin on 'POT8' cell in the 'SP013D3_V1p2_typ' technology library is inconsistent with the same-name pin in the '/home/eda/lib/smic/SP013D3_V1p4/apollo/SP013D3_V1p2_8MT' physical library. No physical link for the logical lib cell. (PSYN-058)
Warning: The pin direction of 'OEN' pin on 'POT2' cell in the 'SP013D3_V1p2_typ' technology library is inconsistent with the same-name pin in the '/home/eda/lib/smic/SP013D3_V1p4/apollo/SP013D3_V1p2_8MT' physical library. No physical link for the logical lib cell. (PSYN-058)
Warning: The pin direction of 'I' pin on 'POT2' cell in the 'SP013D3_V1p2_typ' technology library is inconsistent with the same-name pin in the '/home/eda/lib/smic/SP013D3_V1p4/apollo/SP013D3_V1p2_8MT' physical library. No physical link for the logical lib cell. (PSYN-058)
Warning: The pin direction of 'PAD' pin on 'POT2' cell in the 'SP013D3_V1p2_typ' technology library is inconsistent with the same-name pin in the '/home/eda/lib/smic/SP013D3_V1p4/apollo/SP013D3_V1p2_8MT' physical library. No physical link for the logical lib cell. (PSYN-058)
Warning: The pin direction of 'PAD' pin on 'PICD' cell in the 'SP013D3_V1p2_typ' technology library is inconsistent with the same-name pin in the '/home/eda/lib/smic/SP013D3_V1p4/apollo/SP013D3_V1p2_8MT' physical library. No physical link for the logical lib cell. (PSYN-058)
Warning: The pin direction of 'REN' pin on 'PICD' cell in the 'SP013D3_V1p2_typ' technology library is inconsistent with the same-name pin in the '/home/eda/lib/smic/SP013D3_V1p4/apollo/SP013D3_V1p2_8MT' physical library. No physical link for the logical lib cell. (PSYN-058)
Warning: The pin direction of 'C' pin on 'PICD' cell in the 'SP013D3_V1p2_typ' technology library is inconsistent with the same-name pin in the '/home/eda/lib/smic/SP013D3_V1p4/apollo/SP013D3_V1p2_8MT' physical library. No physical link for the logical lib cell. (PSYN-058)
Warning: The pin direction of 'PAD' pin on 'PISD' cell in the 'SP013D3_V1p2_typ' technology library is inconsistent with the same-name pin in the '/home/eda/lib/smic/SP013D3_V1p4/apollo/SP013D3_V1p2_8MT' physical library. No physical link for the logical lib cell. (PSYN-058)
Warning: The pin direction of 'C' pin on 'PISD' cell in the 'SP013D3_V1p2_typ' technology library is inconsistent with the same-name pin in the '/home/eda/lib/smic/SP013D3_V1p4/apollo/SP013D3_V1p2_8MT' physical library. No physical link for the logical lib cell. (PSYN-058)
Warning: The pin direction of 'PAD' pin on 'PICU' cell in the 'SP013D3_V1p2_typ' technology library is inconsistent with the same-name pin in the '/home/eda/lib/smic/SP013D3_V1p4/apollo/SP013D3_V1p2_8MT' physical library. No physical link for the logical lib cell. (PSYN-058)
Warning: The pin direction of 'REN' pin on 'PICU' cell in the 'SP013D3_V1p2_typ' technology library is inconsistent with the same-name pin in the '/home/eda/lib/smic/SP013D3_V1p4/apollo/SP013D3_V1p2_8MT' physical library. No physical link for the logical lib cell. (PSYN-058)
Warning: The pin direction of 'C' pin on 'PICU' cell in the 'SP013D3_V1p2_typ' technology library is inconsistent with the same-name pin in the '/home/eda/lib/smic/SP013D3_V1p4/apollo/SP013D3_V1p2_8MT' physical library. No physical link for the logical lib cell. (PSYN-058)
Warning: The pin direction of 'PAD' pin on 'PISU' cell in the 'SP013D3_V1p2_typ' technology library is inconsistent with the same-name pin in the '/home/eda/lib/smic/SP013D3_V1p4/apollo/SP013D3_V1p2_8MT' physical library. No physical link for the logical lib cell. (PSYN-058)
Warning: The pin direction of 'C' pin on 'PISU' cell in the 'SP013D3_V1p2_typ' technology library is inconsistent with the same-name pin in the '/home/eda/lib/smic/SP013D3_V1p4/apollo/SP013D3_V1p2_8MT' physical library. No physical link for the logical lib cell. (PSYN-058)
Warning: The pin direction of 'OEN' pin on 'PCI6B' cell in the 'SP013D3_V1p2_typ' technology library is inconsistent with the same-name pin in the '/home/eda/lib/smic/SP013D3_V1p4/apollo/SP013D3_V1p2_8MT' physical library. No physical link for the logical lib cell. (PSYN-058)
Warning: The pin direction of 'I' pin on 'PCI6B' cell in the 'SP013D3_V1p2_typ' technology library is inconsistent with the same-name pin in the '/home/eda/lib/smic/SP013D3_V1p4/apollo/SP013D3_V1p2_8MT' physical library. No physical link for the logical lib cell. (PSYN-058)
Warning: The pin direction of 'C' pin on 'PCI6B' cell in the 'SP013D3_V1p2_typ' technology library is inconsistent with the same-name pin in the '/home/eda/lib/smic/SP013D3_V1p4/apollo/SP013D3_V1p2_8MT' physical library. No physical link for the logical lib cell. (PSYN-058)
Warning: The pin direction of 'PAD' pin on 'PCI6B' cell in the 'SP013D3_V1p2_typ' technology library is inconsistent with the same-name pin in the '/home/eda/lib/smic/SP013D3_V1p4/apollo/SP013D3_V1p2_8MT' physical library. No physical link for the logical lib cell. (PSYN-058)
Warning: The pin direction of 'OEN' pin on 'PCI3B' cell in the 'SP013D3_V1p2_typ' technology library is inconsistent with the same-name pin in the '/home/eda/lib/smic/SP013D3_V1p4/apollo/SP013D3_V1p2_8MT' physical library. No physical link for the logical lib cell. (PSYN-058)
Warning: The pin direction of 'I' pin on 'PCI3B' cell in the 'SP013D3_V1p2_typ' technology library is inconsistent with the same-name pin in the '/home/eda/lib/smic/SP013D3_V1p4/apollo/SP013D3_V1p2_8MT' physical library. No physical link for the logical lib cell. (PSYN-058)
Warning: The pin direction of 'C' pin on 'PCI3B' cell in the 'SP013D3_V1p2_typ' technology library is inconsistent with the same-name pin in the '/home/eda/lib/smic/SP013D3_V1p4/apollo/SP013D3_V1p2_8MT' physical library. No physical link for the logical lib cell. (PSYN-058)
Warning: The pin direction of 'PAD' pin on 'PCI3B' cell in the 'SP013D3_V1p2_typ' technology library is inconsistent with the same-name pin in the '/home/eda/lib/smic/SP013D3_V1p4/apollo/SP013D3_V1p2_8MT' physical library. No physical link for the logical lib cell. (PSYN-058)
Warning: The pin direction of 'OEN' pin on 'PBL16' cell in the 'SP013D3_V1p2_typ' technology library is inconsistent with the same-name pin in the '/home/eda/lib/smic/SP013D3_V1p4/apollo/SP013D3_V1p2_8MT' physical library. No physical link for the logical lib cell. (PSYN-058)
Warning: The pin direction of 'I' pin on 'PBL16' cell in the 'SP013D3_V1p2_typ' technology library is inconsistent with the same-name pin in the '/home/eda/lib/smic/SP013D3_V1p4/apollo/SP013D3_V1p2_8MT' physical library. No physical link for the logical lib cell. (PSYN-058)
Warning: The pin direction of 'C' pin on 'PBL16' cell in the 'SP013D3_V1p2_typ' technology library is inconsistent with the same-name pin in the '/home/eda/lib/smic/SP013D3_V1p4/apollo/SP013D3_V1p2_8MT' physical library. No physical link for the logical lib cell. (PSYN-058)
Warning: The pin direction of 'PAD' pin on 'PBL16' cell in the 'SP013D3_V1p2_typ' technology library is inconsistent with the same-name pin in the '/home/eda/lib/smic/SP013D3_V1p4/apollo/SP013D3_V1p2_8MT' physical library. No physical link for the logical lib cell. (PSYN-058)
Warning: The pin direction of 'OEN' pin on 'PBS16' cell in the 'SP013D3_V1p2_typ' technology library is inconsistent with the same-name pin in the '/home/eda/lib/smic/SP013D3_V1p4/apollo/SP013D3_V1p2_8MT' physical library. No physical link for the logical lib cell. (PSYN-058)
Warning: The pin direction of 'I' pin on 'PBS16' cell in the 'SP013D3_V1p2_typ' technology library is inconsistent with the same-name pin in the '/home/eda/lib/smic/SP013D3_V1p4/apollo/SP013D3_V1p2_8MT' physical library. No physical link for the logical lib cell. (PSYN-058)
Warning: The pin direction of 'C' pin on 'PBS16' cell in the 'SP013D3_V1p2_typ' technology library is inconsistent with the same-name pin in the '/home/eda/lib/smic/SP013D3_V1p4/apollo/SP013D3_V1p2_8MT' physical library. No physical link for the logical lib cell. (PSYN-058)
Warning: The pin direction of 'PAD' pin on 'PBS16' cell in the 'SP013D3_V1p2_typ' technology library is inconsistent with the same-name pin in the '/home/eda/lib/smic/SP013D3_V1p4/apollo/SP013D3_V1p2_8MT' physical library. No physical link for the logical lib cell. (PSYN-058)
Warning: The pin direction of 'OEN' pin on 'PBU16' cell in the 'SP013D3_V1p2_typ' technology library is inconsistent with the same-name pin in the '/home/eda/lib/smic/SP013D3_V1p4/apollo/SP013D3_V1p2_8MT' physical library. No physical link for the logical lib cell. (PSYN-058)
Warning: The pin direction of 'I' pin on 'PBU16' cell in the 'SP013D3_V1p2_typ' technology library is inconsistent with the same-name pin in the '/home/eda/lib/smic/SP013D3_V1p4/apollo/SP013D3_V1p2_8MT' physical library. No physical link for the logical lib cell. (PSYN-058)
Warning: The pin direction of 'C' pin on 'PBU16' cell in the 'SP013D3_V1p2_typ' technology library is inconsistent with the same-name pin in the '/home/eda/lib/smic/SP013D3_V1p4/apollo/SP013D3_V1p2_8MT' physical library. No physical link for the logical lib cell. (PSYN-058)
Warning: The pin direction of 'PAD' pin on 'PBU16' cell in the 'SP013D3_V1p2_typ' technology library is inconsistent with the same-name pin in the '/home/eda/lib/smic/SP013D3_V1p4/apollo/SP013D3_V1p2_8MT' physical library. No physical link for the logical lib cell. (PSYN-058)
Warning: The pin direction of 'OEN' pin on 'PBD16' cell in the 'SP013D3_V1p2_typ' technology library is inconsistent with the same-name pin in the '/home/eda/lib/smic/SP013D3_V1p4/apollo/SP013D3_V1p2_8MT' physical library. No physical link for the logical lib cell. (PSYN-058)
Warning: The pin direction of 'I' pin on 'PBD16' cell in the 'SP013D3_V1p2_typ' technology library is inconsistent with the same-name pin in the '/home/eda/lib/smic/SP013D3_V1p4/apollo/SP013D3_V1p2_8MT' physical library. No physical link for the logical lib cell. (PSYN-058)
Warning: The pin direction of 'C' pin on 'PBD16' cell in the 'SP013D3_V1p2_typ' technology library is inconsistent with the same-name pin in the '/home/eda/lib/smic/SP013D3_V1p4/apollo/SP013D3_V1p2_8MT' physical library. No physical link for the logical lib cell. (PSYN-058)
Warning: The pin direction of 'PAD' pin on 'PBD16' cell in the 'SP013D3_V1p2_typ' technology library is inconsistent with the same-name pin in the '/home/eda/lib/smic/SP013D3_V1p4/apollo/SP013D3_V1p2_8MT' physical library. No physical link for the logical lib cell. (PSYN-058)
Warning: The pin direction of 'I' pin on 'POL16' cell in the 'SP013D3_V1p2_typ' technology library is inconsistent with the same-name pin in the '/home/eda/lib/smic/SP013D3_V1p4/apollo/SP013D3_V1p2_8MT' physical library. No physical link for the logical lib cell. (PSYN-058)
Warning: The pin direction of 'PAD' pin on 'POL16' cell in the 'SP013D3_V1p2_typ' technology library is inconsistent with the same-name pin in the '/home/eda/lib/smic/SP013D3_V1p4/apollo/SP013D3_V1p2_8MT' physical library. No physical link for the logical lib cell. (PSYN-058)
Warning: The pin direction of 'OEN' pin on 'POT16' cell in the 'SP013D3_V1p2_typ' technology library is inconsistent with the same-name pin in the '/home/eda/lib/smic/SP013D3_V1p4/apollo/SP013D3_V1p2_8MT' physical library. No physical link for the logical lib cell. (PSYN-058)
Warning: The pin direction of 'I' pin on 'POT16' cell in the 'SP013D3_V1p2_typ' technology library is inconsistent with the same-name pin in the '/home/eda/lib/smic/SP013D3_V1p4/apollo/SP013D3_V1p2_8MT' physical library. No physical link for the logical lib cell. (PSYN-058)
Warning: The pin direction of 'PAD' pin on 'POT16' cell in the 'SP013D3_V1p2_typ' technology library is inconsistent with the same-name pin in the '/home/eda/lib/smic/SP013D3_V1p4/apollo/SP013D3_V1p2_8MT' physical library. No physical link for the logical lib cell. (PSYN-058)
Warning: The pin direction of 'OEN' pin on 'PBL24' cell in the 'SP013D3_V1p2_typ' technology library is inconsistent with the same-name pin in the '/home/eda/lib/smic/SP013D3_V1p4/apollo/SP013D3_V1p2_8MT' physical library. No physical link for the logical lib cell. (PSYN-058)
Warning: The pin direction of 'I' pin on 'PBL24' cell in the 'SP013D3_V1p2_typ' technology library is inconsistent with the same-name pin in the '/home/eda/lib/smic/SP013D3_V1p4/apollo/SP013D3_V1p2_8MT' physical library. No physical link for the logical lib cell. (PSYN-058)
Warning: The pin direction of 'C' pin on 'PBL24' cell in the 'SP013D3_V1p2_typ' technology library is inconsistent with the same-name pin in the '/home/eda/lib/smic/SP013D3_V1p4/apollo/SP013D3_V1p2_8MT' physical library. No physical link for the logical lib cell. (PSYN-058)
Warning: The pin direction of 'PAD' pin on 'PBL24' cell in the 'SP013D3_V1p2_typ' technology library is inconsistent with the same-name pin in the '/home/eda/lib/smic/SP013D3_V1p4/apollo/SP013D3_V1p2_8MT' physical library. No physical link for the logical lib cell. (PSYN-058)
Warning: The pin direction of 'OEN' pin on 'PBCD4' cell in the 'SP013D3_V1p2_typ' technology library is inconsistent with the same-name pin in the '/home/eda/lib/smic/SP013D3_V1p4/apollo/SP013D3_V1p2_8MT' physical library. No physical link for the logical lib cell. (PSYN-058)
Warning: The pin direction of 'I' pin on 'PBCD4' cell in the 'SP013D3_V1p2_typ' technology library is inconsistent with the same-name pin in the '/home/eda/lib/smic/SP013D3_V1p4/apollo/SP013D3_V1p2_8MT' physical library. No physical link for the logical lib cell. (PSYN-058)
Warning: The pin direction of 'REN' pin on 'PBCD4' cell in the 'SP013D3_V1p2_typ' technology library is inconsistent with the same-name pin in the '/home/eda/lib/smic/SP013D3_V1p4/apollo/SP013D3_V1p2_8MT' physical library. No physical link for the logical lib cell. (PSYN-058)
Warning: The pin direction of 'C' pin on 'PBCD4' cell in the 'SP013D3_V1p2_typ' technology library is inconsistent with the same-name pin in the '/home/eda/lib/smic/SP013D3_V1p4/apollo/SP013D3_V1p2_8MT' physical library. No physical link for the logical lib cell. (PSYN-058)
Warning: The pin direction of 'PAD' pin on 'PBCD4' cell in the 'SP013D3_V1p2_typ' technology library is inconsistent with the same-name pin in the '/home/eda/lib/smic/SP013D3_V1p4/apollo/SP013D3_V1p2_8MT' physical library. No physical link for the logical lib cell. (PSYN-058)
Warning: The pin direction of 'OEN' pin on 'PBCU4' cell in the 'SP013D3_V1p2_typ' technology library is inconsistent with the same-name pin in the '/home/eda/lib/smic/SP013D3_V1p4/apollo/SP013D3_V1p2_8MT' physical library. No physical link for the logical lib cell. (PSYN-058)
Warning: The pin direction of 'I' pin on 'PBCU4' cell in the 'SP013D3_V1p2_typ' technology library is inconsistent with the same-name pin in the '/home/eda/lib/smic/SP013D3_V1p4/apollo/SP013D3_V1p2_8MT' physical library. No physical link for the logical lib cell. (PSYN-058)
Warning: The pin direction of 'REN' pin on 'PBCU4' cell in the 'SP013D3_V1p2_typ' technology library is inconsistent with the same-name pin in the '/home/eda/lib/smic/SP013D3_V1p4/apollo/SP013D3_V1p2_8MT' physical library. No physical link for the logical lib cell. (PSYN-058)
Warning: The pin direction of 'C' pin on 'PBCU4' cell in the 'SP013D3_V1p2_typ' technology library is inconsistent with the same-name pin in the '/home/eda/lib/smic/SP013D3_V1p4/apollo/SP013D3_V1p2_8MT' physical library. No physical link for the logical lib cell. (PSYN-058)
Warning: The pin direction of 'PAD' pin on 'PBCU4' cell in the 'SP013D3_V1p2_typ' technology library is inconsistent with the same-name pin in the '/home/eda/lib/smic/SP013D3_V1p4/apollo/SP013D3_V1p2_8MT' physical library. No physical link for the logical lib cell. (PSYN-058)
Warning: The pin direction of 'OEN' pin on 'PBS24' cell in the 'SP013D3_V1p2_typ' technology library is inconsistent with the same-name pin in the '/home/eda/lib/smic/SP013D3_V1p4/apollo/SP013D3_V1p2_8MT' physical library. No physical link for the logical lib cell. (PSYN-058)
Warning: The pin direction of 'I' pin on 'PBS24' cell in the 'SP013D3_V1p2_typ' technology library is inconsistent with the same-name pin in the '/home/eda/lib/smic/SP013D3_V1p4/apollo/SP013D3_V1p2_8MT' physical library. No physical link for the logical lib cell. (PSYN-058)
Warning: The pin direction of 'C' pin on 'PBS24' cell in the 'SP013D3_V1p2_typ' technology library is inconsistent with the same-name pin in the '/home/eda/lib/smic/SP013D3_V1p4/apollo/SP013D3_V1p2_8MT' physical library. No physical link for the logical lib cell. (PSYN-058)
Warning: The pin direction of 'PAD' pin on 'PBS24' cell in the 'SP013D3_V1p2_typ' technology library is inconsistent with the same-name pin in the '/home/eda/lib/smic/SP013D3_V1p4/apollo/SP013D3_V1p2_8MT' physical library. No physical link for the logical lib cell. (PSYN-058)
Warning: The pin direction of 'OEN' pin on 'PBSD4' cell in the 'SP013D3_V1p2_typ' technology library is inconsistent with the same-name pin in the '/home/eda/lib/smic/SP013D3_V1p4/apollo/SP013D3_V1p2_8MT' physical library. No physical link for the logical lib cell. (PSYN-058)
Warning: The pin direction of 'I' pin on 'PBSD4' cell in the 'SP013D3_V1p2_typ' technology library is inconsistent with the same-name pin in the '/home/eda/lib/smic/SP013D3_V1p4/apollo/SP013D3_V1p2_8MT' physical library. No physical link for the logical lib cell. (PSYN-058)
Warning: The pin direction of 'C' pin on 'PBSD4' cell in the 'SP013D3_V1p2_typ' technology library is inconsistent with the same-name pin in the '/home/eda/lib/smic/SP013D3_V1p4/apollo/SP013D3_V1p2_8MT' physical library. No physical link for the logical lib cell. (PSYN-058)
Warning: The pin direction of 'PAD' pin on 'PBSD4' cell in the 'SP013D3_V1p2_typ' technology library is inconsistent with the same-name pin in the '/home/eda/lib/smic/SP013D3_V1p4/apollo/SP013D3_V1p2_8MT' physical library. No physical link for the logical lib cell. (PSYN-058)
Warning: The pin direction of 'OEN' pin on 'PBSU4' cell in the 'SP013D3_V1p2_typ' technology library is inconsistent with the same-name pin in the '/home/eda/lib/smic/SP013D3_V1p4/apollo/SP013D3_V1p2_8MT' physical library. No physical link for the logical lib cell. (PSYN-058)
Warning: The pin direction of 'I' pin on 'PBSU4' cell in the 'SP013D3_V1p2_typ' technology library is inconsistent with the same-name pin in the '/home/eda/lib/smic/SP013D3_V1p4/apollo/SP013D3_V1p2_8MT' physical library. No physical link for the logical lib cell. (PSYN-058)
Warning: The pin direction of 'C' pin on 'PBSU4' cell in the 'SP013D3_V1p2_typ' technology library is inconsistent with the same-name pin in the '/home/eda/lib/smic/SP013D3_V1p4/apollo/SP013D3_V1p2_8MT' physical library. No physical link for the logical lib cell. (PSYN-058)
Warning: The pin direction of 'PAD' pin on 'PBSU4' cell in the 'SP013D3_V1p2_typ' technology library is inconsistent with the same-name pin in the '/home/eda/lib/smic/SP013D3_V1p4/apollo/SP013D3_V1p2_8MT' physical library. No physical link for the logical lib cell. (PSYN-058)
Warning: The pin direction of 'OEN' pin on 'PBU24' cell in the 'SP013D3_V1p2_typ' technology library is inconsistent with the same-name pin in the '/home/eda/lib/smic/SP013D3_V1p4/apollo/SP013D3_V1p2_8MT' physical library. No physical link for the logical lib cell. (PSYN-058)
Warning: The pin direction of 'I' pin on 'PBU24' cell in the 'SP013D3_V1p2_typ' technology library is inconsistent with the same-name pin in the '/home/eda/lib/smic/SP013D3_V1p4/apollo/SP013D3_V1p2_8MT' physical library. No physical link for the logical lib cell. (PSYN-058)
Warning: The pin direction of 'C' pin on 'PBU24' cell in the 'SP013D3_V1p2_typ' technology library is inconsistent with the same-name pin in the '/home/eda/lib/smic/SP013D3_V1p4/apollo/SP013D3_V1p2_8MT' physical library. No physical link for the logical lib cell. (PSYN-058)
Warning: The pin direction of 'PAD' pin on 'PBU24' cell in the 'SP013D3_V1p2_typ' technology library is inconsistent with the same-name pin in the '/home/eda/lib/smic/SP013D3_V1p4/apollo/SP013D3_V1p2_8MT' physical library. No physical link for the logical lib cell. (PSYN-058)
Warning: The pin direction of 'OEN' pin on 'PBD24' cell in the 'SP013D3_V1p2_typ' technology library is inconsistent with the same-name pin in the '/home/eda/lib/smic/SP013D3_V1p4/apollo/SP013D3_V1p2_8MT' physical library. No physical link for the logical lib cell. (PSYN-058)
Warning: The pin direction of 'I' pin on 'PBD24' cell in the 'SP013D3_V1p2_typ' technology library is inconsistent with the same-name pin in the '/home/eda/lib/smic/SP013D3_V1p4/apollo/SP013D3_V1p2_8MT' physical library. No physical link for the logical lib cell. (PSYN-058)
Warning: The pin direction of 'C' pin on 'PBD24' cell in the 'SP013D3_V1p2_typ' technology library is inconsistent with the same-name pin in the '/home/eda/lib/smic/SP013D3_V1p4/apollo/SP013D3_V1p2_8MT' physical library. No physical link for the logical lib cell. (PSYN-058)
Warning: The pin direction of 'PAD' pin on 'PBD24' cell in the 'SP013D3_V1p2_typ' technology library is inconsistent with the same-name pin in the '/home/eda/lib/smic/SP013D3_V1p4/apollo/SP013D3_V1p2_8MT' physical library. No physical link for the logical lib cell. (PSYN-058)
Warning: The pin direction of 'I' pin on 'POL24' cell in the 'SP013D3_V1p2_typ' technology library is inconsistent with the same-name pin in the '/home/eda/lib/smic/SP013D3_V1p4/apollo/SP013D3_V1p2_8MT' physical library. No physical link for the logical lib cell. (PSYN-058)
Warning: The pin direction of 'PAD' pin on 'POL24' cell in the 'SP013D3_V1p2_typ' technology library is inconsistent with the same-name pin in the '/home/eda/lib/smic/SP013D3_V1p4/apollo/SP013D3_V1p2_8MT' physical library. No physical link for the logical lib cell. (PSYN-058)
Warning: The pin direction of 'OEN' pin on 'POT24' cell in the 'SP013D3_V1p2_typ' technology library is inconsistent with the same-name pin in the '/home/eda/lib/smic/SP013D3_V1p4/apollo/SP013D3_V1p2_8MT' physical library. No physical link for the logical lib cell. (PSYN-058)
Warning: The pin direction of 'I' pin on 'POT24' cell in the 'SP013D3_V1p2_typ' technology library is inconsistent with the same-name pin in the '/home/eda/lib/smic/SP013D3_V1p4/apollo/SP013D3_V1p2_8MT' physical library. No physical link for the logical lib cell. (PSYN-058)
Warning: The pin direction of 'PAD' pin on 'POT24' cell in the 'SP013D3_V1p2_typ' technology library is inconsistent with the same-name pin in the '/home/eda/lib/smic/SP013D3_V1p4/apollo/SP013D3_V1p2_8MT' physical library. No physical link for the logical lib cell. (PSYN-058)
Warning: The pin direction of 'VSS' pin on 'PVSS3' cell in the 'SP013D3_V1p2_typ' technology library is inconsistent with the same-name pin in the '/home/eda/lib/smic/SP013D3_V1p4/apollo/SP013D3_V1p2_8MT' physical library. No physical link for the logical lib cell. (PSYN-058)
Warning: The pin direction of 'XIN' pin on 'PXWE3' cell in the 'SP013D3_V1p2_typ' technology library is inconsistent with the same-name pin in the '/home/eda/lib/smic/SP013D3_V1p4/apollo/SP013D3_V1p2_8MT' physical library. No physical link for the logical lib cell. (PSYN-058)
Warning: The pin direction of 'E' pin on 'PXWE3' cell in the 'SP013D3_V1p2_typ' technology library is inconsistent with the same-name pin in the '/home/eda/lib/smic/SP013D3_V1p4/apollo/SP013D3_V1p2_8MT' physical library. No physical link for the logical lib cell. (PSYN-058)
Warning: The pin direction of 'XOUT' pin on 'PXWE3' cell in the 'SP013D3_V1p2_typ' technology library is inconsistent with the same-name pin in the '/home/eda/lib/smic/SP013D3_V1p4/apollo/SP013D3_V1p2_8MT' physical library. No physical link for the logical lib cell. (PSYN-058)
Warning: The pin direction of 'XC' pin on 'PXWE3' cell in the 'SP013D3_V1p2_typ' technology library is inconsistent with the same-name pin in the '/home/eda/lib/smic/SP013D3_V1p4/apollo/SP013D3_V1p2_8MT' physical library. No physical link for the logical lib cell. (PSYN-058)
Warning: The pin direction of 'OEN' pin on 'PBL12' cell in the 'SP013D3_V1p2_typ' technology library is inconsistent with the same-name pin in the '/home/eda/lib/smic/SP013D3_V1p4/apollo/SP013D3_V1p2_8MT' physical library. No physical link for the logical lib cell. (PSYN-058)
Warning: The pin direction of 'I' pin on 'PBL12' cell in the 'SP013D3_V1p2_typ' technology library is inconsistent with the same-name pin in the '/home/eda/lib/smic/SP013D3_V1p4/apollo/SP013D3_V1p2_8MT' physical library. No physical link for the logical lib cell. (PSYN-058)
Warning: The pin direction of 'C' pin on 'PBL12' cell in the 'SP013D3_V1p2_typ' technology library is inconsistent with the same-name pin in the '/home/eda/lib/smic/SP013D3_V1p4/apollo/SP013D3_V1p2_8MT' physical library. No physical link for the logical lib cell. (PSYN-058)
Warning: The pin direction of 'PAD' pin on 'PBL12' cell in the 'SP013D3_V1p2_typ' technology library is inconsistent with the same-name pin in the '/home/eda/lib/smic/SP013D3_V1p4/apollo/SP013D3_V1p2_8MT' physical library. No physical link for the logical lib cell. (PSYN-058)
Warning: The pin direction of 'OEN' pin on 'PBCD8' cell in the 'SP013D3_V1p2_typ' technology library is inconsistent with the same-name pin in the '/home/eda/lib/smic/SP013D3_V1p4/apollo/SP013D3_V1p2_8MT' physical library. No physical link for the logical lib cell. (PSYN-058)
Warning: The pin direction of 'I' pin on 'PBCD8' cell in the 'SP013D3_V1p2_typ' technology library is inconsistent with the same-name pin in the '/home/eda/lib/smic/SP013D3_V1p4/apollo/SP013D3_V1p2_8MT' physical library. No physical link for the logical lib cell. (PSYN-058)
Warning: The pin direction of 'REN' pin on 'PBCD8' cell in the 'SP013D3_V1p2_typ' technology library is inconsistent with the same-name pin in the '/home/eda/lib/smic/SP013D3_V1p4/apollo/SP013D3_V1p2_8MT' physical library. No physical link for the logical lib cell. (PSYN-058)
Warning: The pin direction of 'C' pin on 'PBCD8' cell in the 'SP013D3_V1p2_typ' technology library is inconsistent with the same-name pin in the '/home/eda/lib/smic/SP013D3_V1p4/apollo/SP013D3_V1p2_8MT' physical library. No physical link for the logical lib cell. (PSYN-058)
Warning: The pin direction of 'PAD' pin on 'PBCD8' cell in the 'SP013D3_V1p2_typ' technology library is inconsistent with the same-name pin in the '/home/eda/lib/smic/SP013D3_V1p4/apollo/SP013D3_V1p2_8MT' physical library. No physical link for the logical lib cell. (PSYN-058)
Warning: The pin direction of 'OEN' pin on 'PBCD2' cell in the 'SP013D3_V1p2_typ' technology library is inconsistent with the same-name pin in the '/home/eda/lib/smic/SP013D3_V1p4/apollo/SP013D3_V1p2_8MT' physical library. No physical link for the logical lib cell. (PSYN-058)
Warning: The pin direction of 'I' pin on 'PBCD2' cell in the 'SP013D3_V1p2_typ' technology library is inconsistent with the same-name pin in the '/home/eda/lib/smic/SP013D3_V1p4/apollo/SP013D3_V1p2_8MT' physical library. No physical link for the logical lib cell. (PSYN-058)
Warning: The pin direction of 'REN' pin on 'PBCD2' cell in the 'SP013D3_V1p2_typ' technology library is inconsistent with the same-name pin in the '/home/eda/lib/smic/SP013D3_V1p4/apollo/SP013D3_V1p2_8MT' physical library. No physical link for the logical lib cell. (PSYN-058)
Warning: The pin direction of 'C' pin on 'PBCD2' cell in the 'SP013D3_V1p2_typ' technology library is inconsistent with the same-name pin in the '/home/eda/lib/smic/SP013D3_V1p4/apollo/SP013D3_V1p2_8MT' physical library. No physical link for the logical lib cell. (PSYN-058)
Warning: The pin direction of 'PAD' pin on 'PBCD2' cell in the 'SP013D3_V1p2_typ' technology library is inconsistent with the same-name pin in the '/home/eda/lib/smic/SP013D3_V1p4/apollo/SP013D3_V1p2_8MT' physical library. No physical link for the logical lib cell. (PSYN-058)
Warning: The pin direction of 'OEN' pin on 'PBCU8' cell in the 'SP013D3_V1p2_typ' technology library is inconsistent with the same-name pin in the '/home/eda/lib/smic/SP013D3_V1p4/apollo/SP013D3_V1p2_8MT' physical library. No physical link for the logical lib cell. (PSYN-058)
Warning: The pin direction of 'I' pin on 'PBCU8' cell in the 'SP013D3_V1p2_typ' technology library is inconsistent with the same-name pin in the '/home/eda/lib/smic/SP013D3_V1p4/apollo/SP013D3_V1p2_8MT' physical library. No physical link for the logical lib cell. (PSYN-058)
Warning: The pin direction of 'REN' pin on 'PBCU8' cell in the 'SP013D3_V1p2_typ' technology library is inconsistent with the same-name pin in the '/home/eda/lib/smic/SP013D3_V1p4/apollo/SP013D3_V1p2_8MT' physical library. No physical link for the logical lib cell. (PSYN-058)
Warning: The pin direction of 'C' pin on 'PBCU8' cell in the 'SP013D3_V1p2_typ' technology library is inconsistent with the same-name pin in the '/home/eda/lib/smic/SP013D3_V1p4/apollo/SP013D3_V1p2_8MT' physical library. No physical link for the logical lib cell. (PSYN-058)
Warning: The pin direction of 'PAD' pin on 'PBCU8' cell in the 'SP013D3_V1p2_typ' technology library is inconsistent with the same-name pin in the '/home/eda/lib/smic/SP013D3_V1p4/apollo/SP013D3_V1p2_8MT' physical library. No physical link for the logical lib cell. (PSYN-058)
Warning: The pin direction of 'OEN' pin on 'PBCU2' cell in the 'SP013D3_V1p2_typ' technology library is inconsistent with the same-name pin in the '/home/eda/lib/smic/SP013D3_V1p4/apollo/SP013D3_V1p2_8MT' physical library. No physical link for the logical lib cell. (PSYN-058)
Warning: The pin direction of 'I' pin on 'PBCU2' cell in the 'SP013D3_V1p2_typ' technology library is inconsistent with the same-name pin in the '/home/eda/lib/smic/SP013D3_V1p4/apollo/SP013D3_V1p2_8MT' physical library. No physical link for the logical lib cell. (PSYN-058)
Warning: The pin direction of 'REN' pin on 'PBCU2' cell in the 'SP013D3_V1p2_typ' technology library is inconsistent with the same-name pin in the '/home/eda/lib/smic/SP013D3_V1p4/apollo/SP013D3_V1p2_8MT' physical library. No physical link for the logical lib cell. (PSYN-058)
Warning: The pin direction of 'C' pin on 'PBCU2' cell in the 'SP013D3_V1p2_typ' technology library is inconsistent with the same-name pin in the '/home/eda/lib/smic/SP013D3_V1p4/apollo/SP013D3_V1p2_8MT' physical library. No physical link for the logical lib cell. (PSYN-058)
Warning: The pin direction of 'PAD' pin on 'PBCU2' cell in the 'SP013D3_V1p2_typ' technology library is inconsistent with the same-name pin in the '/home/eda/lib/smic/SP013D3_V1p4/apollo/SP013D3_V1p2_8MT' physical library. No physical link for the logical lib cell. (PSYN-058)
Warning: The pin direction of 'OEN' pin on 'PBSL8' cell in the 'SP013D3_V1p2_typ' technology library is inconsistent with the same-name pin in the '/home/eda/lib/smic/SP013D3_V1p4/apollo/SP013D3_V1p2_8MT' physical library. No physical link for the logical lib cell. (PSYN-058)
Warning: The pin direction of 'I' pin on 'PBSL8' cell in the 'SP013D3_V1p2_typ' technology library is inconsistent with the same-name pin in the '/home/eda/lib/smic/SP013D3_V1p4/apollo/SP013D3_V1p2_8MT' physical library. No physical link for the logical lib cell. (PSYN-058)
Warning: The pin direction of 'C' pin on 'PBSL8' cell in the 'SP013D3_V1p2_typ' technology library is inconsistent with the same-name pin in the '/home/eda/lib/smic/SP013D3_V1p4/apollo/SP013D3_V1p2_8MT' physical library. No physical link for the logical lib cell. (PSYN-058)
Warning: The pin direction of 'PAD' pin on 'PBSL8' cell in the 'SP013D3_V1p2_typ' technology library is inconsistent with the same-name pin in the '/home/eda/lib/smic/SP013D3_V1p4/apollo/SP013D3_V1p2_8MT' physical library. No physical link for the logical lib cell. (PSYN-058)
Warning: The pin direction of 'OEN' pin on 'PBS12' cell in the 'SP013D3_V1p2_typ' technology library is inconsistent with the same-name pin in the '/home/eda/lib/smic/SP013D3_V1p4/apollo/SP013D3_V1p2_8MT' physical library. No physical link for the logical lib cell. (PSYN-058)
Warning: The pin direction of 'I' pin on 'PBS12' cell in the 'SP013D3_V1p2_typ' technology library is inconsistent with the same-name pin in the '/home/eda/lib/smic/SP013D3_V1p4/apollo/SP013D3_V1p2_8MT' physical library. No physical link for the logical lib cell. (PSYN-058)
Warning: The pin direction of 'C' pin on 'PBS12' cell in the 'SP013D3_V1p2_typ' technology library is inconsistent with the same-name pin in the '/home/eda/lib/smic/SP013D3_V1p4/apollo/SP013D3_V1p2_8MT' physical library. No physical link for the logical lib cell. (PSYN-058)
Warning: The pin direction of 'PAD' pin on 'PBS12' cell in the 'SP013D3_V1p2_typ' technology library is inconsistent with the same-name pin in the '/home/eda/lib/smic/SP013D3_V1p4/apollo/SP013D3_V1p2_8MT' physical library. No physical link for the logical lib cell. (PSYN-058)
Warning: The pin direction of 'OEN' pin on 'PBSD8' cell in the 'SP013D3_V1p2_typ' technology library is inconsistent with the same-name pin in the '/home/eda/lib/smic/SP013D3_V1p4/apollo/SP013D3_V1p2_8MT' physical library. No physical link for the logical lib cell. (PSYN-058)
Warning: The pin direction of 'I' pin on 'PBSD8' cell in the 'SP013D3_V1p2_typ' technology library is inconsistent with the same-name pin in the '/home/eda/lib/smic/SP013D3_V1p4/apollo/SP013D3_V1p2_8MT' physical library. No physical link for the logical lib cell. (PSYN-058)
Warning: The pin direction of 'C' pin on 'PBSD8' cell in the 'SP013D3_V1p2_typ' technology library is inconsistent with the same-name pin in the '/home/eda/lib/smic/SP013D3_V1p4/apollo/SP013D3_V1p2_8MT' physical library. No physical link for the logical lib cell. (PSYN-058)
Warning: The pin direction of 'PAD' pin on 'PBSD8' cell in the 'SP013D3_V1p2_typ' technology library is inconsistent with the same-name pin in the '/home/eda/lib/smic/SP013D3_V1p4/apollo/SP013D3_V1p2_8MT' physical library. No physical link for the logical lib cell. (PSYN-058)
Warning: The pin direction of 'OEN' pin on 'PBSD2' cell in the 'SP013D3_V1p2_typ' technology library is inconsistent with the same-name pin in the '/home/eda/lib/smic/SP013D3_V1p4/apollo/SP013D3_V1p2_8MT' physical library. No physical link for the logical lib cell. (PSYN-058)
Warning: The pin direction of 'I' pin on 'PBSD2' cell in the 'SP013D3_V1p2_typ' technology library is inconsistent with the same-name pin in the '/home/eda/lib/smic/SP013D3_V1p4/apollo/SP013D3_V1p2_8MT' physical library. No physical link for the logical lib cell. (PSYN-058)
Warning: The pin direction of 'C' pin on 'PBSD2' cell in the 'SP013D3_V1p2_typ' technology library is inconsistent with the same-name pin in the '/home/eda/lib/smic/SP013D3_V1p4/apollo/SP013D3_V1p2_8MT' physical library. No physical link for the logical lib cell. (PSYN-058)
Warning: The pin direction of 'PAD' pin on 'PBSD2' cell in the 'SP013D3_V1p2_typ' technology library is inconsistent with the same-name pin in the '/home/eda/lib/smic/SP013D3_V1p4/apollo/SP013D3_V1p2_8MT' physical library. No physical link for the logical lib cell. (PSYN-058)
Warning: The pin direction of 'OEN' pin on 'PBSU2' cell in the 'SP013D3_V1p2_typ' technology library is inconsistent with the same-name pin in the '/home/eda/lib/smic/SP013D3_V1p4/apollo/SP013D3_V1p2_8MT' physical library. No physical link for the logical lib cell. (PSYN-058)
Warning: The pin direction of 'I' pin on 'PBSU2' cell in the 'SP013D3_V1p2_typ' technology library is inconsistent with the same-name pin in the '/home/eda/lib/smic/SP013D3_V1p4/apollo/SP013D3_V1p2_8MT' physical library. No physical link for the logical lib cell. (PSYN-058)
Warning: The pin direction of 'C' pin on 'PBSU2' cell in the 'SP013D3_V1p2_typ' technology library is inconsistent with the same-name pin in the '/home/eda/lib/smic/SP013D3_V1p4/apollo/SP013D3_V1p2_8MT' physical library. No physical link for the logical lib cell. (PSYN-058)
Warning: The pin direction of 'PAD' pin on 'PBSU2' cell in the 'SP013D3_V1p2_typ' technology library is inconsistent with the same-name pin in the '/home/eda/lib/smic/SP013D3_V1p4/apollo/SP013D3_V1p2_8MT' physical library. No physical link for the logical lib cell. (PSYN-058)
Warning: The pin direction of 'OEN' pin on 'PBSU8' cell in the 'SP013D3_V1p2_typ' technology library is inconsistent with the same-name pin in the '/home/eda/lib/smic/SP013D3_V1p4/apollo/SP013D3_V1p2_8MT' physical library. No physical link for the logical lib cell. (PSYN-058)
Warning: The pin direction of 'I' pin on 'PBSU8' cell in the 'SP013D3_V1p2_typ' technology library is inconsistent with the same-name pin in the '/home/eda/lib/smic/SP013D3_V1p4/apollo/SP013D3_V1p2_8MT' physical library. No physical link for the logical lib cell. (PSYN-058)
Warning: The pin direction of 'C' pin on 'PBSU8' cell in the 'SP013D3_V1p2_typ' technology library is inconsistent with the same-name pin in the '/home/eda/lib/smic/SP013D3_V1p4/apollo/SP013D3_V1p2_8MT' physical library. No physical link for the logical lib cell. (PSYN-058)
Warning: The pin direction of 'PAD' pin on 'PBSU8' cell in the 'SP013D3_V1p2_typ' technology library is inconsistent with the same-name pin in the '/home/eda/lib/smic/SP013D3_V1p4/apollo/SP013D3_V1p2_8MT' physical library. No physical link for the logical lib cell. (PSYN-058)
Warning: The pin direction of 'OEN' pin on 'PBUL8' cell in the 'SP013D3_V1p2_typ' technology library is inconsistent with the same-name pin in the '/home/eda/lib/smic/SP013D3_V1p4/apollo/SP013D3_V1p2_8MT' physical library. No physical link for the logical lib cell. (PSYN-058)
Warning: The pin direction of 'I' pin on 'PBUL8' cell in the 'SP013D3_V1p2_typ' technology library is inconsistent with the same-name pin in the '/home/eda/lib/smic/SP013D3_V1p4/apollo/SP013D3_V1p2_8MT' physical library. No physical link for the logical lib cell. (PSYN-058)
Warning: The pin direction of 'C' pin on 'PBUL8' cell in the 'SP013D3_V1p2_typ' technology library is inconsistent with the same-name pin in the '/home/eda/lib/smic/SP013D3_V1p4/apollo/SP013D3_V1p2_8MT' physical library. No physical link for the logical lib cell. (PSYN-058)
Warning: The pin direction of 'PAD' pin on 'PBUL8' cell in the 'SP013D3_V1p2_typ' technology library is inconsistent with the same-name pin in the '/home/eda/lib/smic/SP013D3_V1p4/apollo/SP013D3_V1p2_8MT' physical library. No physical link for the logical lib cell. (PSYN-058)
Warning: The pin direction of 'OEN' pin on 'PBU12' cell in the 'SP013D3_V1p2_typ' technology library is inconsistent with the same-name pin in the '/home/eda/lib/smic/SP013D3_V1p4/apollo/SP013D3_V1p2_8MT' physical library. No physical link for the logical lib cell. (PSYN-058)
Warning: The pin direction of 'I' pin on 'PBU12' cell in the 'SP013D3_V1p2_typ' technology library is inconsistent with the same-name pin in the '/home/eda/lib/smic/SP013D3_V1p4/apollo/SP013D3_V1p2_8MT' physical library. No physical link for the logical lib cell. (PSYN-058)
Warning: The pin direction of 'C' pin on 'PBU12' cell in the 'SP013D3_V1p2_typ' technology library is inconsistent with the same-name pin in the '/home/eda/lib/smic/SP013D3_V1p4/apollo/SP013D3_V1p2_8MT' physical library. No physical link for the logical lib cell. (PSYN-058)
Warning: The pin direction of 'PAD' pin on 'PBU12' cell in the 'SP013D3_V1p2_typ' technology library is inconsistent with the same-name pin in the '/home/eda/lib/smic/SP013D3_V1p4/apollo/SP013D3_V1p2_8MT' physical library. No physical link for the logical lib cell. (PSYN-058)
Warning: The pin direction of 'OEN' pin on 'PBDL8' cell in the 'SP013D3_V1p2_typ' technology library is inconsistent with the same-name pin in the '/home/eda/lib/smic/SP013D3_V1p4/apollo/SP013D3_V1p2_8MT' physical library. No physical link for the logical lib cell. (PSYN-058)
Warning: The pin direction of 'I' pin on 'PBDL8' cell in the 'SP013D3_V1p2_typ' technology library is inconsistent with the same-name pin in the '/home/eda/lib/smic/SP013D3_V1p4/apollo/SP013D3_V1p2_8MT' physical library. No physical link for the logical lib cell. (PSYN-058)
Warning: The pin direction of 'C' pin on 'PBDL8' cell in the 'SP013D3_V1p2_typ' technology library is inconsistent with the same-name pin in the '/home/eda/lib/smic/SP013D3_V1p4/apollo/SP013D3_V1p2_8MT' physical library. No physical link for the logical lib cell. (PSYN-058)
Warning: The pin direction of 'PAD' pin on 'PBDL8' cell in the 'SP013D3_V1p2_typ' technology library is inconsistent with the same-name pin in the '/home/eda/lib/smic/SP013D3_V1p4/apollo/SP013D3_V1p2_8MT' physical library. No physical link for the logical lib cell. (PSYN-058)
Warning: The pin direction of 'OEN' pin on 'PBD12' cell in the 'SP013D3_V1p2_typ' technology library is inconsistent with the same-name pin in the '/home/eda/lib/smic/SP013D3_V1p4/apollo/SP013D3_V1p2_8MT' physical library. No physical link for the logical lib cell. (PSYN-058)
Warning: The pin direction of 'I' pin on 'PBD12' cell in the 'SP013D3_V1p2_typ' technology library is inconsistent with the same-name pin in the '/home/eda/lib/smic/SP013D3_V1p4/apollo/SP013D3_V1p2_8MT' physical library. No physical link for the logical lib cell. (PSYN-058)
Warning: The pin direction of 'C' pin on 'PBD12' cell in the 'SP013D3_V1p2_typ' technology library is inconsistent with the same-name pin in the '/home/eda/lib/smic/SP013D3_V1p4/apollo/SP013D3_V1p2_8MT' physical library. No physical link for the logical lib cell. (PSYN-058)
Warning: The pin direction of 'PAD' pin on 'PBD12' cell in the 'SP013D3_V1p2_typ' technology library is inconsistent with the same-name pin in the '/home/eda/lib/smic/SP013D3_V1p4/apollo/SP013D3_V1p2_8MT' physical library. No physical link for the logical lib cell. (PSYN-058)
Warning: The pin direction of 'I' pin on 'POL12' cell in the 'SP013D3_V1p2_typ' technology library is inconsistent with the same-name pin in the '/home/eda/lib/smic/SP013D3_V1p4/apollo/SP013D3_V1p2_8MT' physical library. No physical link for the logical lib cell. (PSYN-058)
Warning: The pin direction of 'PAD' pin on 'POL12' cell in the 'SP013D3_V1p2_typ' technology library is inconsistent with the same-name pin in the '/home/eda/lib/smic/SP013D3_V1p4/apollo/SP013D3_V1p2_8MT' physical library. No physical link for the logical lib cell. (PSYN-058)
Warning: The pin direction of 'OEN' pin on 'POTL8' cell in the 'SP013D3_V1p2_typ' technology library is inconsistent with the same-name pin in the '/home/eda/lib/smic/SP013D3_V1p4/apollo/SP013D3_V1p2_8MT' physical library. No physical link for the logical lib cell. (PSYN-058)
Warning: The pin direction of 'I' pin on 'POTL8' cell in the 'SP013D3_V1p2_typ' technology library is inconsistent with the same-name pin in the '/home/eda/lib/smic/SP013D3_V1p4/apollo/SP013D3_V1p2_8MT' physical library. No physical link for the logical lib cell. (PSYN-058)
Warning: The pin direction of 'PAD' pin on 'POTL8' cell in the 'SP013D3_V1p2_typ' technology library is inconsistent with the same-name pin in the '/home/eda/lib/smic/SP013D3_V1p4/apollo/SP013D3_V1p2_8MT' physical library. No physical link for the logical lib cell. (PSYN-058)
Warning: The pin direction of 'OEN' pin on 'POT12' cell in the 'SP013D3_V1p2_typ' technology library is inconsistent with the same-name pin in the '/home/eda/lib/smic/SP013D3_V1p4/apollo/SP013D3_V1p2_8MT' physical library. No physical link for the logical lib cell. (PSYN-058)
Warning: The pin direction of 'I' pin on 'POT12' cell in the 'SP013D3_V1p2_typ' technology library is inconsistent with the same-name pin in the '/home/eda/lib/smic/SP013D3_V1p4/apollo/SP013D3_V1p2_8MT' physical library. No physical link for the logical lib cell. (PSYN-058)
Warning: The pin direction of 'PAD' pin on 'POT12' cell in the 'SP013D3_V1p2_typ' technology library is inconsistent with the same-name pin in the '/home/eda/lib/smic/SP013D3_V1p4/apollo/SP013D3_V1p2_8MT' physical library. No physical link for the logical lib cell. (PSYN-058)
Warning: The pin direction of 'XIN' pin on 'PXWE2' cell in the 'SP013D3_V1p2_typ' technology library is inconsistent with the same-name pin in the '/home/eda/lib/smic/SP013D3_V1p4/apollo/SP013D3_V1p2_8MT' physical library. No physical link for the logical lib cell. (PSYN-058)
Warning: The pin direction of 'E' pin on 'PXWE2' cell in the 'SP013D3_V1p2_typ' technology library is inconsistent with the same-name pin in the '/home/eda/lib/smic/SP013D3_V1p4/apollo/SP013D3_V1p2_8MT' physical library. No physical link for the logical lib cell. (PSYN-058)
Warning: The pin direction of 'XOUT' pin on 'PXWE2' cell in the 'SP013D3_V1p2_typ' technology library is inconsistent with the same-name pin in the '/home/eda/lib/smic/SP013D3_V1p4/apollo/SP013D3_V1p2_8MT' physical library. No physical link for the logical lib cell. (PSYN-058)
Warning: The pin direction of 'XC' pin on 'PXWE2' cell in the 'SP013D3_V1p2_typ' technology library is inconsistent with the same-name pin in the '/home/eda/lib/smic/SP013D3_V1p4/apollo/SP013D3_V1p2_8MT' physical library. No physical link for the logical lib cell. (PSYN-058)
Warning: The pin direction of 'VSS' pin on 'PVSS1' cell in the 'SP013D3_V1p2_typ' technology library is inconsistent with the same-name pin in the '/home/eda/lib/smic/SP013D3_V1p4/apollo/SP013D3_V1p2_8MT' physical library. No physical link for the logical lib cell. (PSYN-058)
Warning: The pin direction of 'VDD' pin on 'PVDD1' cell in the 'SP013D3_V1p2_typ' technology library is inconsistent with the same-name pin in the '/home/eda/lib/smic/SP013D3_V1p4/apollo/SP013D3_V1p2_8MT' physical library. No physical link for the logical lib cell. (PSYN-058)
Warning: The pin direction of 'XIN' pin on 'PXWE1' cell in the 'SP013D3_V1p2_typ' technology library is inconsistent with the same-name pin in the '/home/eda/lib/smic/SP013D3_V1p4/apollo/SP013D3_V1p2_8MT' physical library. No physical link for the logical lib cell. (PSYN-058)
Warning: The pin direction of 'E' pin on 'PXWE1' cell in the 'SP013D3_V1p2_typ' technology library is inconsistent with the same-name pin in the '/home/eda/lib/smic/SP013D3_V1p4/apollo/SP013D3_V1p2_8MT' physical library. No physical link for the logical lib cell. (PSYN-058)
Warning: The pin direction of 'XOUT' pin on 'PXWE1' cell in the 'SP013D3_V1p2_typ' technology library is inconsistent with the same-name pin in the '/home/eda/lib/smic/SP013D3_V1p4/apollo/SP013D3_V1p2_8MT' physical library. No physical link for the logical lib cell. (PSYN-058)
Warning: The pin direction of 'XC' pin on 'PXWE1' cell in the 'SP013D3_V1p2_typ' technology library is inconsistent with the same-name pin in the '/home/eda/lib/smic/SP013D3_V1p4/apollo/SP013D3_V1p2_8MT' physical library. No physical link for the logical lib cell. (PSYN-058)
Warning: The pin direction of 'OEN' pin on 'PBCD16' cell in the 'SP013D3_V1p2_typ' technology library is inconsistent with the same-name pin in the '/home/eda/lib/smic/SP013D3_V1p4/apollo/SP013D3_V1p2_8MT' physical library. No physical link for the logical lib cell. (PSYN-058)
Warning: The pin direction of 'I' pin on 'PBCD16' cell in the 'SP013D3_V1p2_typ' technology library is inconsistent with the same-name pin in the '/home/eda/lib/smic/SP013D3_V1p4/apollo/SP013D3_V1p2_8MT' physical library. No physical link for the logical lib cell. (PSYN-058)
Warning: The pin direction of 'REN' pin on 'PBCD16' cell in the 'SP013D3_V1p2_typ' technology library is inconsistent with the same-name pin in the '/home/eda/lib/smic/SP013D3_V1p4/apollo/SP013D3_V1p2_8MT' physical library. No physical link for the logical lib cell. (PSYN-058)
Warning: The pin direction of 'C' pin on 'PBCD16' cell in the 'SP013D3_V1p2_typ' technology library is inconsistent with the same-name pin in the '/home/eda/lib/smic/SP013D3_V1p4/apollo/SP013D3_V1p2_8MT' physical library. No physical link for the logical lib cell. (PSYN-058)
Warning: The pin direction of 'PAD' pin on 'PBCD16' cell in the 'SP013D3_V1p2_typ' technology library is inconsistent with the same-name pin in the '/home/eda/lib/smic/SP013D3_V1p4/apollo/SP013D3_V1p2_8MT' physical library. No physical link for the logical lib cell. (PSYN-058)
Warning: The pin direction of 'OEN' pin on 'PBCU16' cell in the 'SP013D3_V1p2_typ' technology library is inconsistent with the same-name pin in the '/home/eda/lib/smic/SP013D3_V1p4/apollo/SP013D3_V1p2_8MT' physical library. No physical link for the logical lib cell. (PSYN-058)
Warning: The pin direction of 'I' pin on 'PBCU16' cell in the 'SP013D3_V1p2_typ' technology library is inconsistent with the same-name pin in the '/home/eda/lib/smic/SP013D3_V1p4/apollo/SP013D3_V1p2_8MT' physical library. No physical link for the logical lib cell. (PSYN-058)
Warning: The pin direction of 'REN' pin on 'PBCU16' cell in the 'SP013D3_V1p2_typ' technology library is inconsistent with the same-name pin in the '/home/eda/lib/smic/SP013D3_V1p4/apollo/SP013D3_V1p2_8MT' physical library. No physical link for the logical lib cell. (PSYN-058)
Warning: The pin direction of 'C' pin on 'PBCU16' cell in the 'SP013D3_V1p2_typ' technology library is inconsistent with the same-name pin in the '/home/eda/lib/smic/SP013D3_V1p4/apollo/SP013D3_V1p2_8MT' physical library. No physical link for the logical lib cell. (PSYN-058)
Warning: The pin direction of 'PAD' pin on 'PBCU16' cell in the 'SP013D3_V1p2_typ' technology library is inconsistent with the same-name pin in the '/home/eda/lib/smic/SP013D3_V1p4/apollo/SP013D3_V1p2_8MT' physical library. No physical link for the logical lib cell. (PSYN-058)
Warning: The pin direction of 'OEN' pin on 'PBSL16' cell in the 'SP013D3_V1p2_typ' technology library is inconsistent with the same-name pin in the '/home/eda/lib/smic/SP013D3_V1p4/apollo/SP013D3_V1p2_8MT' physical library. No physical link for the logical lib cell. (PSYN-058)
Warning: The pin direction of 'I' pin on 'PBSL16' cell in the 'SP013D3_V1p2_typ' technology library is inconsistent with the same-name pin in the '/home/eda/lib/smic/SP013D3_V1p4/apollo/SP013D3_V1p2_8MT' physical library. No physical link for the logical lib cell. (PSYN-058)
Warning: The pin direction of 'C' pin on 'PBSL16' cell in the 'SP013D3_V1p2_typ' technology library is inconsistent with the same-name pin in the '/home/eda/lib/smic/SP013D3_V1p4/apollo/SP013D3_V1p2_8MT' physical library. No physical link for the logical lib cell. (PSYN-058)
Warning: The pin direction of 'PAD' pin on 'PBSL16' cell in the 'SP013D3_V1p2_typ' technology library is inconsistent with the same-name pin in the '/home/eda/lib/smic/SP013D3_V1p4/apollo/SP013D3_V1p2_8MT' physical library. No physical link for the logical lib cell. (PSYN-058)
Warning: The pin direction of 'OEN' pin on 'PBSD16' cell in the 'SP013D3_V1p2_typ' technology library is inconsistent with the same-name pin in the '/home/eda/lib/smic/SP013D3_V1p4/apollo/SP013D3_V1p2_8MT' physical library. No physical link for the logical lib cell. (PSYN-058)
Warning: The pin direction of 'I' pin on 'PBSD16' cell in the 'SP013D3_V1p2_typ' technology library is inconsistent with the same-name pin in the '/home/eda/lib/smic/SP013D3_V1p4/apollo/SP013D3_V1p2_8MT' physical library. No physical link for the logical lib cell. (PSYN-058)
Warning: The pin direction of 'C' pin on 'PBSD16' cell in the 'SP013D3_V1p2_typ' technology library is inconsistent with the same-name pin in the '/home/eda/lib/smic/SP013D3_V1p4/apollo/SP013D3_V1p2_8MT' physical library. No physical link for the logical lib cell. (PSYN-058)
Warning: The pin direction of 'PAD' pin on 'PBSD16' cell in the 'SP013D3_V1p2_typ' technology library is inconsistent with the same-name pin in the '/home/eda/lib/smic/SP013D3_V1p4/apollo/SP013D3_V1p2_8MT' physical library. No physical link for the logical lib cell. (PSYN-058)
Warning: The pin direction of 'OEN' pin on 'PBSU16' cell in the 'SP013D3_V1p2_typ' technology library is inconsistent with the same-name pin in the '/home/eda/lib/smic/SP013D3_V1p4/apollo/SP013D3_V1p2_8MT' physical library. No physical link for the logical lib cell. (PSYN-058)
Warning: The pin direction of 'I' pin on 'PBSU16' cell in the 'SP013D3_V1p2_typ' technology library is inconsistent with the same-name pin in the '/home/eda/lib/smic/SP013D3_V1p4/apollo/SP013D3_V1p2_8MT' physical library. No physical link for the logical lib cell. (PSYN-058)
Warning: The pin direction of 'C' pin on 'PBSU16' cell in the 'SP013D3_V1p2_typ' technology library is inconsistent with the same-name pin in the '/home/eda/lib/smic/SP013D3_V1p4/apollo/SP013D3_V1p2_8MT' physical library. No physical link for the logical lib cell. (PSYN-058)
Warning: The pin direction of 'PAD' pin on 'PBSU16' cell in the 'SP013D3_V1p2_typ' technology library is inconsistent with the same-name pin in the '/home/eda/lib/smic/SP013D3_V1p4/apollo/SP013D3_V1p2_8MT' physical library. No physical link for the logical lib cell. (PSYN-058)
Warning: The pin direction of 'OEN' pin on 'PBUL16' cell in the 'SP013D3_V1p2_typ' technology library is inconsistent with the same-name pin in the '/home/eda/lib/smic/SP013D3_V1p4/apollo/SP013D3_V1p2_8MT' physical library. No physical link for the logical lib cell. (PSYN-058)
Warning: The pin direction of 'I' pin on 'PBUL16' cell in the 'SP013D3_V1p2_typ' technology library is inconsistent with the same-name pin in the '/home/eda/lib/smic/SP013D3_V1p4/apollo/SP013D3_V1p2_8MT' physical library. No physical link for the logical lib cell. (PSYN-058)
Warning: The pin direction of 'C' pin on 'PBUL16' cell in the 'SP013D3_V1p2_typ' technology library is inconsistent with the same-name pin in the '/home/eda/lib/smic/SP013D3_V1p4/apollo/SP013D3_V1p2_8MT' physical library. No physical link for the logical lib cell. (PSYN-058)
Warning: The pin direction of 'PAD' pin on 'PBUL16' cell in the 'SP013D3_V1p2_typ' technology library is inconsistent with the same-name pin in the '/home/eda/lib/smic/SP013D3_V1p4/apollo/SP013D3_V1p2_8MT' physical library. No physical link for the logical lib cell. (PSYN-058)
Warning: The pin direction of 'OEN' pin on 'PBDL16' cell in the 'SP013D3_V1p2_typ' technology library is inconsistent with the same-name pin in the '/home/eda/lib/smic/SP013D3_V1p4/apollo/SP013D3_V1p2_8MT' physical library. No physical link for the logical lib cell. (PSYN-058)
Warning: The pin direction of 'I' pin on 'PBDL16' cell in the 'SP013D3_V1p2_typ' technology library is inconsistent with the same-name pin in the '/home/eda/lib/smic/SP013D3_V1p4/apollo/SP013D3_V1p2_8MT' physical library. No physical link for the logical lib cell. (PSYN-058)
Warning: The pin direction of 'C' pin on 'PBDL16' cell in the 'SP013D3_V1p2_typ' technology library is inconsistent with the same-name pin in the '/home/eda/lib/smic/SP013D3_V1p4/apollo/SP013D3_V1p2_8MT' physical library. No physical link for the logical lib cell. (PSYN-058)
Warning: The pin direction of 'PAD' pin on 'PBDL16' cell in the 'SP013D3_V1p2_typ' technology library is inconsistent with the same-name pin in the '/home/eda/lib/smic/SP013D3_V1p4/apollo/SP013D3_V1p2_8MT' physical library. No physical link for the logical lib cell. (PSYN-058)
Warning: The pin direction of 'OEN' pin on 'POTL16' cell in the 'SP013D3_V1p2_typ' technology library is inconsistent with the same-name pin in the '/home/eda/lib/smic/SP013D3_V1p4/apollo/SP013D3_V1p2_8MT' physical library. No physical link for the logical lib cell. (PSYN-058)
Warning: The pin direction of 'I' pin on 'POTL16' cell in the 'SP013D3_V1p2_typ' technology library is inconsistent with the same-name pin in the '/home/eda/lib/smic/SP013D3_V1p4/apollo/SP013D3_V1p2_8MT' physical library. No physical link for the logical lib cell. (PSYN-058)
Warning: The pin direction of 'PAD' pin on 'POTL16' cell in the 'SP013D3_V1p2_typ' technology library is inconsistent with the same-name pin in the '/home/eda/lib/smic/SP013D3_V1p4/apollo/SP013D3_V1p2_8MT' physical library. No physical link for the logical lib cell. (PSYN-058)
Warning: The pin direction of 'OEN' pin on 'PCI6BS' cell in the 'SP013D3_V1p2_typ' technology library is inconsistent with the same-name pin in the '/home/eda/lib/smic/SP013D3_V1p4/apollo/SP013D3_V1p2_8MT' physical library. No physical link for the logical lib cell. (PSYN-058)
Warning: The pin direction of 'I' pin on 'PCI6BS' cell in the 'SP013D3_V1p2_typ' technology library is inconsistent with the same-name pin in the '/home/eda/lib/smic/SP013D3_V1p4/apollo/SP013D3_V1p2_8MT' physical library. No physical link for the logical lib cell. (PSYN-058)
Warning: The pin direction of 'C' pin on 'PCI6BS' cell in the 'SP013D3_V1p2_typ' technology library is inconsistent with the same-name pin in the '/home/eda/lib/smic/SP013D3_V1p4/apollo/SP013D3_V1p2_8MT' physical library. No physical link for the logical lib cell. (PSYN-058)
Warning: The pin direction of 'PAD' pin on 'PCI6BS' cell in the 'SP013D3_V1p2_typ' technology library is inconsistent with the same-name pin in the '/home/eda/lib/smic/SP013D3_V1p4/apollo/SP013D3_V1p2_8MT' physical library. No physical link for the logical lib cell. (PSYN-058)
Warning: The pin direction of 'OEN' pin on 'PCI3BS' cell in the 'SP013D3_V1p2_typ' technology library is inconsistent with the same-name pin in the '/home/eda/lib/smic/SP013D3_V1p4/apollo/SP013D3_V1p2_8MT' physical library. No physical link for the logical lib cell. (PSYN-058)
Warning: The pin direction of 'I' pin on 'PCI3BS' cell in the 'SP013D3_V1p2_typ' technology library is inconsistent with the same-name pin in the '/home/eda/lib/smic/SP013D3_V1p4/apollo/SP013D3_V1p2_8MT' physical library. No physical link for the logical lib cell. (PSYN-058)
Warning: The pin direction of 'C' pin on 'PCI3BS' cell in the 'SP013D3_V1p2_typ' technology library is inconsistent with the same-name pin in the '/home/eda/lib/smic/SP013D3_V1p4/apollo/SP013D3_V1p2_8MT' physical library. No physical link for the logical lib cell. (PSYN-058)
Warning: The pin direction of 'PAD' pin on 'PCI3BS' cell in the 'SP013D3_V1p2_typ' technology library is inconsistent with the same-name pin in the '/home/eda/lib/smic/SP013D3_V1p4/apollo/SP013D3_V1p2_8MT' physical library. No physical link for the logical lib cell. (PSYN-058)
Warning: The pin direction of 'OEN' pin on 'PBCD24' cell in the 'SP013D3_V1p2_typ' technology library is inconsistent with the same-name pin in the '/home/eda/lib/smic/SP013D3_V1p4/apollo/SP013D3_V1p2_8MT' physical library. No physical link for the logical lib cell. (PSYN-058)
Warning: The pin direction of 'I' pin on 'PBCD24' cell in the 'SP013D3_V1p2_typ' technology library is inconsistent with the same-name pin in the '/home/eda/lib/smic/SP013D3_V1p4/apollo/SP013D3_V1p2_8MT' physical library. No physical link for the logical lib cell. (PSYN-058)
Warning: The pin direction of 'REN' pin on 'PBCD24' cell in the 'SP013D3_V1p2_typ' technology library is inconsistent with the same-name pin in the '/home/eda/lib/smic/SP013D3_V1p4/apollo/SP013D3_V1p2_8MT' physical library. No physical link for the logical lib cell. (PSYN-058)
Warning: The pin direction of 'C' pin on 'PBCD24' cell in the 'SP013D3_V1p2_typ' technology library is inconsistent with the same-name pin in the '/home/eda/lib/smic/SP013D3_V1p4/apollo/SP013D3_V1p2_8MT' physical library. No physical link for the logical lib cell. (PSYN-058)
Warning: The pin direction of 'PAD' pin on 'PBCD24' cell in the 'SP013D3_V1p2_typ' technology library is inconsistent with the same-name pin in the '/home/eda/lib/smic/SP013D3_V1p4/apollo/SP013D3_V1p2_8MT' physical library. No physical link for the logical lib cell. (PSYN-058)
Warning: The pin direction of 'OEN' pin on 'PBCU24' cell in the 'SP013D3_V1p2_typ' technology library is inconsistent with the same-name pin in the '/home/eda/lib/smic/SP013D3_V1p4/apollo/SP013D3_V1p2_8MT' physical library. No physical link for the logical lib cell. (PSYN-058)
Warning: The pin direction of 'I' pin on 'PBCU24' cell in the 'SP013D3_V1p2_typ' technology library is inconsistent with the same-name pin in the '/home/eda/lib/smic/SP013D3_V1p4/apollo/SP013D3_V1p2_8MT' physical library. No physical link for the logical lib cell. (PSYN-058)
Warning: The pin direction of 'REN' pin on 'PBCU24' cell in the 'SP013D3_V1p2_typ' technology library is inconsistent with the same-name pin in the '/home/eda/lib/smic/SP013D3_V1p4/apollo/SP013D3_V1p2_8MT' physical library. No physical link for the logical lib cell. (PSYN-058)
Warning: The pin direction of 'C' pin on 'PBCU24' cell in the 'SP013D3_V1p2_typ' technology library is inconsistent with the same-name pin in the '/home/eda/lib/smic/SP013D3_V1p4/apollo/SP013D3_V1p2_8MT' physical library. No physical link for the logical lib cell. (PSYN-058)
Warning: The pin direction of 'PAD' pin on 'PBCU24' cell in the 'SP013D3_V1p2_typ' technology library is inconsistent with the same-name pin in the '/home/eda/lib/smic/SP013D3_V1p4/apollo/SP013D3_V1p2_8MT' physical library. No physical link for the logical lib cell. (PSYN-058)
Warning: The pin direction of 'OEN' pin on 'PBSL24' cell in the 'SP013D3_V1p2_typ' technology library is inconsistent with the same-name pin in the '/home/eda/lib/smic/SP013D3_V1p4/apollo/SP013D3_V1p2_8MT' physical library. No physical link for the logical lib cell. (PSYN-058)
Warning: The pin direction of 'I' pin on 'PBSL24' cell in the 'SP013D3_V1p2_typ' technology library is inconsistent with the same-name pin in the '/home/eda/lib/smic/SP013D3_V1p4/apollo/SP013D3_V1p2_8MT' physical library. No physical link for the logical lib cell. (PSYN-058)
Warning: The pin direction of 'C' pin on 'PBSL24' cell in the 'SP013D3_V1p2_typ' technology library is inconsistent with the same-name pin in the '/home/eda/lib/smic/SP013D3_V1p4/apollo/SP013D3_V1p2_8MT' physical library. No physical link for the logical lib cell. (PSYN-058)
Warning: The pin direction of 'PAD' pin on 'PBSL24' cell in the 'SP013D3_V1p2_typ' technology library is inconsistent with the same-name pin in the '/home/eda/lib/smic/SP013D3_V1p4/apollo/SP013D3_V1p2_8MT' physical library. No physical link for the logical lib cell. (PSYN-058)
Warning: The pin direction of 'OEN' pin on 'PBSD24' cell in the 'SP013D3_V1p2_typ' technology library is inconsistent with the same-name pin in the '/home/eda/lib/smic/SP013D3_V1p4/apollo/SP013D3_V1p2_8MT' physical library. No physical link for the logical lib cell. (PSYN-058)
Warning: The pin direction of 'I' pin on 'PBSD24' cell in the 'SP013D3_V1p2_typ' technology library is inconsistent with the same-name pin in the '/home/eda/lib/smic/SP013D3_V1p4/apollo/SP013D3_V1p2_8MT' physical library. No physical link for the logical lib cell. (PSYN-058)
Warning: The pin direction of 'C' pin on 'PBSD24' cell in the 'SP013D3_V1p2_typ' technology library is inconsistent with the same-name pin in the '/home/eda/lib/smic/SP013D3_V1p4/apollo/SP013D3_V1p2_8MT' physical library. No physical link for the logical lib cell. (PSYN-058)
Warning: The pin direction of 'PAD' pin on 'PBSD24' cell in the 'SP013D3_V1p2_typ' technology library is inconsistent with the same-name pin in the '/home/eda/lib/smic/SP013D3_V1p4/apollo/SP013D3_V1p2_8MT' physical library. No physical link for the logical lib cell. (PSYN-058)
Warning: The pin direction of 'OEN' pin on 'PBSU24' cell in the 'SP013D3_V1p2_typ' technology library is inconsistent with the same-name pin in the '/home/eda/lib/smic/SP013D3_V1p4/apollo/SP013D3_V1p2_8MT' physical library. No physical link for the logical lib cell. (PSYN-058)
Warning: The pin direction of 'I' pin on 'PBSU24' cell in the 'SP013D3_V1p2_typ' technology library is inconsistent with the same-name pin in the '/home/eda/lib/smic/SP013D3_V1p4/apollo/SP013D3_V1p2_8MT' physical library. No physical link for the logical lib cell. (PSYN-058)
Warning: The pin direction of 'C' pin on 'PBSU24' cell in the 'SP013D3_V1p2_typ' technology library is inconsistent with the same-name pin in the '/home/eda/lib/smic/SP013D3_V1p4/apollo/SP013D3_V1p2_8MT' physical library. No physical link for the logical lib cell. (PSYN-058)
Warning: The pin direction of 'PAD' pin on 'PBSU24' cell in the 'SP013D3_V1p2_typ' technology library is inconsistent with the same-name pin in the '/home/eda/lib/smic/SP013D3_V1p4/apollo/SP013D3_V1p2_8MT' physical library. No physical link for the logical lib cell. (PSYN-058)
Warning: The pin direction of 'OEN' pin on 'PBUL24' cell in the 'SP013D3_V1p2_typ' technology library is inconsistent with the same-name pin in the '/home/eda/lib/smic/SP013D3_V1p4/apollo/SP013D3_V1p2_8MT' physical library. No physical link for the logical lib cell. (PSYN-058)
Warning: The pin direction of 'I' pin on 'PBUL24' cell in the 'SP013D3_V1p2_typ' technology library is inconsistent with the same-name pin in the '/home/eda/lib/smic/SP013D3_V1p4/apollo/SP013D3_V1p2_8MT' physical library. No physical link for the logical lib cell. (PSYN-058)
Warning: The pin direction of 'C' pin on 'PBUL24' cell in the 'SP013D3_V1p2_typ' technology library is inconsistent with the same-name pin in the '/home/eda/lib/smic/SP013D3_V1p4/apollo/SP013D3_V1p2_8MT' physical library. No physical link for the logical lib cell. (PSYN-058)
Warning: The pin direction of 'PAD' pin on 'PBUL24' cell in the 'SP013D3_V1p2_typ' technology library is inconsistent with the same-name pin in the '/home/eda/lib/smic/SP013D3_V1p4/apollo/SP013D3_V1p2_8MT' physical library. No physical link for the logical lib cell. (PSYN-058)
Warning: The pin direction of 'OEN' pin on 'PBDL24' cell in the 'SP013D3_V1p2_typ' technology library is inconsistent with the same-name pin in the '/home/eda/lib/smic/SP013D3_V1p4/apollo/SP013D3_V1p2_8MT' physical library. No physical link for the logical lib cell. (PSYN-058)
Warning: The pin direction of 'I' pin on 'PBDL24' cell in the 'SP013D3_V1p2_typ' technology library is inconsistent with the same-name pin in the '/home/eda/lib/smic/SP013D3_V1p4/apollo/SP013D3_V1p2_8MT' physical library. No physical link for the logical lib cell. (PSYN-058)
Warning: The pin direction of 'C' pin on 'PBDL24' cell in the 'SP013D3_V1p2_typ' technology library is inconsistent with the same-name pin in the '/home/eda/lib/smic/SP013D3_V1p4/apollo/SP013D3_V1p2_8MT' physical library. No physical link for the logical lib cell. (PSYN-058)
Warning: The pin direction of 'PAD' pin on 'PBDL24' cell in the 'SP013D3_V1p2_typ' technology library is inconsistent with the same-name pin in the '/home/eda/lib/smic/SP013D3_V1p4/apollo/SP013D3_V1p2_8MT' physical library. No physical link for the logical lib cell. (PSYN-058)
Warning: The pin direction of 'OEN' pin on 'POTL24' cell in the 'SP013D3_V1p2_typ' technology library is inconsistent with the same-name pin in the '/home/eda/lib/smic/SP013D3_V1p4/apollo/SP013D3_V1p2_8MT' physical library. No physical link for the logical lib cell. (PSYN-058)
Warning: The pin direction of 'I' pin on 'POTL24' cell in the 'SP013D3_V1p2_typ' technology library is inconsistent with the same-name pin in the '/home/eda/lib/smic/SP013D3_V1p4/apollo/SP013D3_V1p2_8MT' physical library. No physical link for the logical lib cell. (PSYN-058)
Warning: The pin direction of 'PAD' pin on 'POTL24' cell in the 'SP013D3_V1p2_typ' technology library is inconsistent with the same-name pin in the '/home/eda/lib/smic/SP013D3_V1p4/apollo/SP013D3_V1p2_8MT' physical library. No physical link for the logical lib cell. (PSYN-058)
Warning: The pin direction of 'VDD1' pin on 'PDIODE' cell in the 'SP013D3_V1p2_typ' technology library is inconsistent with the same-name pin in the '/home/eda/lib/smic/SP013D3_V1p4/apollo/SP013D3_V1p2_8MT' physical library. No physical link for the logical lib cell. (PSYN-058)
Warning: The pin direction of 'VDD2' pin on 'PDIODE' cell in the 'SP013D3_V1p2_typ' technology library is inconsistent with the same-name pin in the '/home/eda/lib/smic/SP013D3_V1p4/apollo/SP013D3_V1p2_8MT' physical library. No physical link for the logical lib cell. (PSYN-058)
Warning: The pin direction of 'VSS1' pin on 'PDIODE' cell in the 'SP013D3_V1p2_typ' technology library is inconsistent with the same-name pin in the '/home/eda/lib/smic/SP013D3_V1p4/apollo/SP013D3_V1p2_8MT' physical library. No physical link for the logical lib cell. (PSYN-058)
Warning: The pin direction of 'VSS2' pin on 'PDIODE' cell in the 'SP013D3_V1p2_typ' technology library is inconsistent with the same-name pin in the '/home/eda/lib/smic/SP013D3_V1p4/apollo/SP013D3_V1p2_8MT' physical library. No physical link for the logical lib cell. (PSYN-058)
Warning: The pin direction of 'OEN' pin on 'PBCDL8' cell in the 'SP013D3_V1p2_typ' technology library is inconsistent with the same-name pin in the '/home/eda/lib/smic/SP013D3_V1p4/apollo/SP013D3_V1p2_8MT' physical library. No physical link for the logical lib cell. (PSYN-058)
Warning: The pin direction of 'I' pin on 'PBCDL8' cell in the 'SP013D3_V1p2_typ' technology library is inconsistent with the same-name pin in the '/home/eda/lib/smic/SP013D3_V1p4/apollo/SP013D3_V1p2_8MT' physical library. No physical link for the logical lib cell. (PSYN-058)
Warning: The pin direction of 'REN' pin on 'PBCDL8' cell in the 'SP013D3_V1p2_typ' technology library is inconsistent with the same-name pin in the '/home/eda/lib/smic/SP013D3_V1p4/apollo/SP013D3_V1p2_8MT' physical library. No physical link for the logical lib cell. (PSYN-058)
Warning: The pin direction of 'C' pin on 'PBCDL8' cell in the 'SP013D3_V1p2_typ' technology library is inconsistent with the same-name pin in the '/home/eda/lib/smic/SP013D3_V1p4/apollo/SP013D3_V1p2_8MT' physical library. No physical link for the logical lib cell. (PSYN-058)
Warning: The pin direction of 'PAD' pin on 'PBCDL8' cell in the 'SP013D3_V1p2_typ' technology library is inconsistent with the same-name pin in the '/home/eda/lib/smic/SP013D3_V1p4/apollo/SP013D3_V1p2_8MT' physical library. No physical link for the logical lib cell. (PSYN-058)
Warning: The pin direction of 'OEN' pin on 'PBCD12' cell in the 'SP013D3_V1p2_typ' technology library is inconsistent with the same-name pin in the '/home/eda/lib/smic/SP013D3_V1p4/apollo/SP013D3_V1p2_8MT' physical library. No physical link for the logical lib cell. (PSYN-058)
Warning: The pin direction of 'I' pin on 'PBCD12' cell in the 'SP013D3_V1p2_typ' technology library is inconsistent with the same-name pin in the '/home/eda/lib/smic/SP013D3_V1p4/apollo/SP013D3_V1p2_8MT' physical library. No physical link for the logical lib cell. (PSYN-058)
Warning: The pin direction of 'REN' pin on 'PBCD12' cell in the 'SP013D3_V1p2_typ' technology library is inconsistent with the same-name pin in the '/home/eda/lib/smic/SP013D3_V1p4/apollo/SP013D3_V1p2_8MT' physical library. No physical link for the logical lib cell. (PSYN-058)
Warning: The pin direction of 'C' pin on 'PBCD12' cell in the 'SP013D3_V1p2_typ' technology library is inconsistent with the same-name pin in the '/home/eda/lib/smic/SP013D3_V1p4/apollo/SP013D3_V1p2_8MT' physical library. No physical link for the logical lib cell. (PSYN-058)
Warning: The pin direction of 'PAD' pin on 'PBCD12' cell in the 'SP013D3_V1p2_typ' technology library is inconsistent with the same-name pin in the '/home/eda/lib/smic/SP013D3_V1p4/apollo/SP013D3_V1p2_8MT' physical library. No physical link for the logical lib cell. (PSYN-058)
Warning: The pin direction of 'OEN' pin on 'PBCUL8' cell in the 'SP013D3_V1p2_typ' technology library is inconsistent with the same-name pin in the '/home/eda/lib/smic/SP013D3_V1p4/apollo/SP013D3_V1p2_8MT' physical library. No physical link for the logical lib cell. (PSYN-058)
Warning: The pin direction of 'I' pin on 'PBCUL8' cell in the 'SP013D3_V1p2_typ' technology library is inconsistent with the same-name pin in the '/home/eda/lib/smic/SP013D3_V1p4/apollo/SP013D3_V1p2_8MT' physical library. No physical link for the logical lib cell. (PSYN-058)
Warning: The pin direction of 'REN' pin on 'PBCUL8' cell in the 'SP013D3_V1p2_typ' technology library is inconsistent with the same-name pin in the '/home/eda/lib/smic/SP013D3_V1p4/apollo/SP013D3_V1p2_8MT' physical library. No physical link for the logical lib cell. (PSYN-058)
Warning: The pin direction of 'C' pin on 'PBCUL8' cell in the 'SP013D3_V1p2_typ' technology library is inconsistent with the same-name pin in the '/home/eda/lib/smic/SP013D3_V1p4/apollo/SP013D3_V1p2_8MT' physical library. No physical link for the logical lib cell. (PSYN-058)
Warning: The pin direction of 'PAD' pin on 'PBCUL8' cell in the 'SP013D3_V1p2_typ' technology library is inconsistent with the same-name pin in the '/home/eda/lib/smic/SP013D3_V1p4/apollo/SP013D3_V1p2_8MT' physical library. No physical link for the logical lib cell. (PSYN-058)
Warning: The pin direction of 'OEN' pin on 'PBCU12' cell in the 'SP013D3_V1p2_typ' technology library is inconsistent with the same-name pin in the '/home/eda/lib/smic/SP013D3_V1p4/apollo/SP013D3_V1p2_8MT' physical library. No physical link for the logical lib cell. (PSYN-058)
Warning: The pin direction of 'I' pin on 'PBCU12' cell in the 'SP013D3_V1p2_typ' technology library is inconsistent with the same-name pin in the '/home/eda/lib/smic/SP013D3_V1p4/apollo/SP013D3_V1p2_8MT' physical library. No physical link for the logical lib cell. (PSYN-058)
Warning: The pin direction of 'REN' pin on 'PBCU12' cell in the 'SP013D3_V1p2_typ' technology library is inconsistent with the same-name pin in the '/home/eda/lib/smic/SP013D3_V1p4/apollo/SP013D3_V1p2_8MT' physical library. No physical link for the logical lib cell. (PSYN-058)
Warning: The pin direction of 'C' pin on 'PBCU12' cell in the 'SP013D3_V1p2_typ' technology library is inconsistent with the same-name pin in the '/home/eda/lib/smic/SP013D3_V1p4/apollo/SP013D3_V1p2_8MT' physical library. No physical link for the logical lib cell. (PSYN-058)
Warning: The pin direction of 'PAD' pin on 'PBCU12' cell in the 'SP013D3_V1p2_typ' technology library is inconsistent with the same-name pin in the '/home/eda/lib/smic/SP013D3_V1p4/apollo/SP013D3_V1p2_8MT' physical library. No physical link for the logical lib cell. (PSYN-058)
Warning: The pin direction of 'OEN' pin on 'PBSL12' cell in the 'SP013D3_V1p2_typ' technology library is inconsistent with the same-name pin in the '/home/eda/lib/smic/SP013D3_V1p4/apollo/SP013D3_V1p2_8MT' physical library. No physical link for the logical lib cell. (PSYN-058)
Warning: The pin direction of 'I' pin on 'PBSL12' cell in the 'SP013D3_V1p2_typ' technology library is inconsistent with the same-name pin in the '/home/eda/lib/smic/SP013D3_V1p4/apollo/SP013D3_V1p2_8MT' physical library. No physical link for the logical lib cell. (PSYN-058)
Warning: The pin direction of 'C' pin on 'PBSL12' cell in the 'SP013D3_V1p2_typ' technology library is inconsistent with the same-name pin in the '/home/eda/lib/smic/SP013D3_V1p4/apollo/SP013D3_V1p2_8MT' physical library. No physical link for the logical lib cell. (PSYN-058)
Warning: The pin direction of 'PAD' pin on 'PBSL12' cell in the 'SP013D3_V1p2_typ' technology library is inconsistent with the same-name pin in the '/home/eda/lib/smic/SP013D3_V1p4/apollo/SP013D3_V1p2_8MT' physical library. No physical link for the logical lib cell. (PSYN-058)
Warning: The pin direction of 'OEN' pin on 'PBSDL8' cell in the 'SP013D3_V1p2_typ' technology library is inconsistent with the same-name pin in the '/home/eda/lib/smic/SP013D3_V1p4/apollo/SP013D3_V1p2_8MT' physical library. No physical link for the logical lib cell. (PSYN-058)
Warning: The pin direction of 'I' pin on 'PBSDL8' cell in the 'SP013D3_V1p2_typ' technology library is inconsistent with the same-name pin in the '/home/eda/lib/smic/SP013D3_V1p4/apollo/SP013D3_V1p2_8MT' physical library. No physical link for the logical lib cell. (PSYN-058)
Warning: The pin direction of 'C' pin on 'PBSDL8' cell in the 'SP013D3_V1p2_typ' technology library is inconsistent with the same-name pin in the '/home/eda/lib/smic/SP013D3_V1p4/apollo/SP013D3_V1p2_8MT' physical library. No physical link for the logical lib cell. (PSYN-058)
Warning: The pin direction of 'PAD' pin on 'PBSDL8' cell in the 'SP013D3_V1p2_typ' technology library is inconsistent with the same-name pin in the '/home/eda/lib/smic/SP013D3_V1p4/apollo/SP013D3_V1p2_8MT' physical library. No physical link for the logical lib cell. (PSYN-058)
Warning: The pin direction of 'OEN' pin on 'PBSD12' cell in the 'SP013D3_V1p2_typ' technology library is inconsistent with the same-name pin in the '/home/eda/lib/smic/SP013D3_V1p4/apollo/SP013D3_V1p2_8MT' physical library. No physical link for the logical lib cell. (PSYN-058)
Warning: The pin direction of 'I' pin on 'PBSD12' cell in the 'SP013D3_V1p2_typ' technology library is inconsistent with the same-name pin in the '/home/eda/lib/smic/SP013D3_V1p4/apollo/SP013D3_V1p2_8MT' physical library. No physical link for the logical lib cell. (PSYN-058)
Warning: The pin direction of 'C' pin on 'PBSD12' cell in the 'SP013D3_V1p2_typ' technology library is inconsistent with the same-name pin in the '/home/eda/lib/smic/SP013D3_V1p4/apollo/SP013D3_V1p2_8MT' physical library. No physical link for the logical lib cell. (PSYN-058)
Warning: The pin direction of 'PAD' pin on 'PBSD12' cell in the 'SP013D3_V1p2_typ' technology library is inconsistent with the same-name pin in the '/home/eda/lib/smic/SP013D3_V1p4/apollo/SP013D3_V1p2_8MT' physical library. No physical link for the logical lib cell. (PSYN-058)
Warning: The pin direction of 'OEN' pin on 'PBSU12' cell in the 'SP013D3_V1p2_typ' technology library is inconsistent with the same-name pin in the '/home/eda/lib/smic/SP013D3_V1p4/apollo/SP013D3_V1p2_8MT' physical library. No physical link for the logical lib cell. (PSYN-058)
Warning: The pin direction of 'I' pin on 'PBSU12' cell in the 'SP013D3_V1p2_typ' technology library is inconsistent with the same-name pin in the '/home/eda/lib/smic/SP013D3_V1p4/apollo/SP013D3_V1p2_8MT' physical library. No physical link for the logical lib cell. (PSYN-058)
Warning: The pin direction of 'C' pin on 'PBSU12' cell in the 'SP013D3_V1p2_typ' technology library is inconsistent with the same-name pin in the '/home/eda/lib/smic/SP013D3_V1p4/apollo/SP013D3_V1p2_8MT' physical library. No physical link for the logical lib cell. (PSYN-058)
Warning: The pin direction of 'PAD' pin on 'PBSU12' cell in the 'SP013D3_V1p2_typ' technology library is inconsistent with the same-name pin in the '/home/eda/lib/smic/SP013D3_V1p4/apollo/SP013D3_V1p2_8MT' physical library. No physical link for the logical lib cell. (PSYN-058)
Warning: The pin direction of 'OEN' pin on 'PBSUL8' cell in the 'SP013D3_V1p2_typ' technology library is inconsistent with the same-name pin in the '/home/eda/lib/smic/SP013D3_V1p4/apollo/SP013D3_V1p2_8MT' physical library. No physical link for the logical lib cell. (PSYN-058)
Warning: The pin direction of 'I' pin on 'PBSUL8' cell in the 'SP013D3_V1p2_typ' technology library is inconsistent with the same-name pin in the '/home/eda/lib/smic/SP013D3_V1p4/apollo/SP013D3_V1p2_8MT' physical library. No physical link for the logical lib cell. (PSYN-058)
Warning: The pin direction of 'C' pin on 'PBSUL8' cell in the 'SP013D3_V1p2_typ' technology library is inconsistent with the same-name pin in the '/home/eda/lib/smic/SP013D3_V1p4/apollo/SP013D3_V1p2_8MT' physical library. No physical link for the logical lib cell. (PSYN-058)
Warning: The pin direction of 'PAD' pin on 'PBSUL8' cell in the 'SP013D3_V1p2_typ' technology library is inconsistent with the same-name pin in the '/home/eda/lib/smic/SP013D3_V1p4/apollo/SP013D3_V1p2_8MT' physical library. No physical link for the logical lib cell. (PSYN-058)
Warning: The pin direction of 'OEN' pin on 'PBUL12' cell in the 'SP013D3_V1p2_typ' technology library is inconsistent with the same-name pin in the '/home/eda/lib/smic/SP013D3_V1p4/apollo/SP013D3_V1p2_8MT' physical library. No physical link for the logical lib cell. (PSYN-058)
Warning: The pin direction of 'I' pin on 'PBUL12' cell in the 'SP013D3_V1p2_typ' technology library is inconsistent with the same-name pin in the '/home/eda/lib/smic/SP013D3_V1p4/apollo/SP013D3_V1p2_8MT' physical library. No physical link for the logical lib cell. (PSYN-058)
Warning: The pin direction of 'C' pin on 'PBUL12' cell in the 'SP013D3_V1p2_typ' technology library is inconsistent with the same-name pin in the '/home/eda/lib/smic/SP013D3_V1p4/apollo/SP013D3_V1p2_8MT' physical library. No physical link for the logical lib cell. (PSYN-058)
Warning: The pin direction of 'PAD' pin on 'PBUL12' cell in the 'SP013D3_V1p2_typ' technology library is inconsistent with the same-name pin in the '/home/eda/lib/smic/SP013D3_V1p4/apollo/SP013D3_V1p2_8MT' physical library. No physical link for the logical lib cell. (PSYN-058)
Warning: The pin direction of 'OEN' pin on 'PBDL12' cell in the 'SP013D3_V1p2_typ' technology library is inconsistent with the same-name pin in the '/home/eda/lib/smic/SP013D3_V1p4/apollo/SP013D3_V1p2_8MT' physical library. No physical link for the logical lib cell. (PSYN-058)
Warning: The pin direction of 'I' pin on 'PBDL12' cell in the 'SP013D3_V1p2_typ' technology library is inconsistent with the same-name pin in the '/home/eda/lib/smic/SP013D3_V1p4/apollo/SP013D3_V1p2_8MT' physical library. No physical link for the logical lib cell. (PSYN-058)
Warning: The pin direction of 'C' pin on 'PBDL12' cell in the 'SP013D3_V1p2_typ' technology library is inconsistent with the same-name pin in the '/home/eda/lib/smic/SP013D3_V1p4/apollo/SP013D3_V1p2_8MT' physical library. No physical link for the logical lib cell. (PSYN-058)
Warning: The pin direction of 'PAD' pin on 'PBDL12' cell in the 'SP013D3_V1p2_typ' technology library is inconsistent with the same-name pin in the '/home/eda/lib/smic/SP013D3_V1p4/apollo/SP013D3_V1p2_8MT' physical library. No physical link for the logical lib cell. (PSYN-058)
Warning: The pin direction of 'OEN' pin on 'POTL12' cell in the 'SP013D3_V1p2_typ' technology library is inconsistent with the same-name pin in the '/home/eda/lib/smic/SP013D3_V1p4/apollo/SP013D3_V1p2_8MT' physical library. No physical link for the logical lib cell. (PSYN-058)
Warning: The pin direction of 'I' pin on 'POTL12' cell in the 'SP013D3_V1p2_typ' technology library is inconsistent with the same-name pin in the '/home/eda/lib/smic/SP013D3_V1p4/apollo/SP013D3_V1p2_8MT' physical library. No physical link for the logical lib cell. (PSYN-058)
Warning: The pin direction of 'PAD' pin on 'POTL12' cell in the 'SP013D3_V1p2_typ' technology library is inconsistent with the same-name pin in the '/home/eda/lib/smic/SP013D3_V1p4/apollo/SP013D3_V1p2_8MT' physical library. No physical link for the logical lib cell. (PSYN-058)
Warning: The pin direction of 'OEN' pin on 'PBCDL16' cell in the 'SP013D3_V1p2_typ' technology library is inconsistent with the same-name pin in the '/home/eda/lib/smic/SP013D3_V1p4/apollo/SP013D3_V1p2_8MT' physical library. No physical link for the logical lib cell. (PSYN-058)
Warning: The pin direction of 'I' pin on 'PBCDL16' cell in the 'SP013D3_V1p2_typ' technology library is inconsistent with the same-name pin in the '/home/eda/lib/smic/SP013D3_V1p4/apollo/SP013D3_V1p2_8MT' physical library. No physical link for the logical lib cell. (PSYN-058)
Warning: The pin direction of 'REN' pin on 'PBCDL16' cell in the 'SP013D3_V1p2_typ' technology library is inconsistent with the same-name pin in the '/home/eda/lib/smic/SP013D3_V1p4/apollo/SP013D3_V1p2_8MT' physical library. No physical link for the logical lib cell. (PSYN-058)
Warning: The pin direction of 'C' pin on 'PBCDL16' cell in the 'SP013D3_V1p2_typ' technology library is inconsistent with the same-name pin in the '/home/eda/lib/smic/SP013D3_V1p4/apollo/SP013D3_V1p2_8MT' physical library. No physical link for the logical lib cell. (PSYN-058)
Warning: The pin direction of 'PAD' pin on 'PBCDL16' cell in the 'SP013D3_V1p2_typ' technology library is inconsistent with the same-name pin in the '/home/eda/lib/smic/SP013D3_V1p4/apollo/SP013D3_V1p2_8MT' physical library. No physical link for the logical lib cell. (PSYN-058)
Warning: The pin direction of 'OEN' pin on 'PBCUL16' cell in the 'SP013D3_V1p2_typ' technology library is inconsistent with the same-name pin in the '/home/eda/lib/smic/SP013D3_V1p4/apollo/SP013D3_V1p2_8MT' physical library. No physical link for the logical lib cell. (PSYN-058)
Warning: The pin direction of 'I' pin on 'PBCUL16' cell in the 'SP013D3_V1p2_typ' technology library is inconsistent with the same-name pin in the '/home/eda/lib/smic/SP013D3_V1p4/apollo/SP013D3_V1p2_8MT' physical library. No physical link for the logical lib cell. (PSYN-058)
Warning: The pin direction of 'REN' pin on 'PBCUL16' cell in the 'SP013D3_V1p2_typ' technology library is inconsistent with the same-name pin in the '/home/eda/lib/smic/SP013D3_V1p4/apollo/SP013D3_V1p2_8MT' physical library. No physical link for the logical lib cell. (PSYN-058)
Warning: The pin direction of 'C' pin on 'PBCUL16' cell in the 'SP013D3_V1p2_typ' technology library is inconsistent with the same-name pin in the '/home/eda/lib/smic/SP013D3_V1p4/apollo/SP013D3_V1p2_8MT' physical library. No physical link for the logical lib cell. (PSYN-058)
Warning: The pin direction of 'PAD' pin on 'PBCUL16' cell in the 'SP013D3_V1p2_typ' technology library is inconsistent with the same-name pin in the '/home/eda/lib/smic/SP013D3_V1p4/apollo/SP013D3_V1p2_8MT' physical library. No physical link for the logical lib cell. (PSYN-058)
Warning: The pin direction of 'OEN' pin on 'PBSDL16' cell in the 'SP013D3_V1p2_typ' technology library is inconsistent with the same-name pin in the '/home/eda/lib/smic/SP013D3_V1p4/apollo/SP013D3_V1p2_8MT' physical library. No physical link for the logical lib cell. (PSYN-058)
Warning: The pin direction of 'I' pin on 'PBSDL16' cell in the 'SP013D3_V1p2_typ' technology library is inconsistent with the same-name pin in the '/home/eda/lib/smic/SP013D3_V1p4/apollo/SP013D3_V1p2_8MT' physical library. No physical link for the logical lib cell. (PSYN-058)
Warning: The pin direction of 'C' pin on 'PBSDL16' cell in the 'SP013D3_V1p2_typ' technology library is inconsistent with the same-name pin in the '/home/eda/lib/smic/SP013D3_V1p4/apollo/SP013D3_V1p2_8MT' physical library. No physical link for the logical lib cell. (PSYN-058)
Warning: The pin direction of 'PAD' pin on 'PBSDL16' cell in the 'SP013D3_V1p2_typ' technology library is inconsistent with the same-name pin in the '/home/eda/lib/smic/SP013D3_V1p4/apollo/SP013D3_V1p2_8MT' physical library. No physical link for the logical lib cell. (PSYN-058)
Warning: The pin direction of 'OEN' pin on 'PBSUL16' cell in the 'SP013D3_V1p2_typ' technology library is inconsistent with the same-name pin in the '/home/eda/lib/smic/SP013D3_V1p4/apollo/SP013D3_V1p2_8MT' physical library. No physical link for the logical lib cell. (PSYN-058)
Warning: The pin direction of 'I' pin on 'PBSUL16' cell in the 'SP013D3_V1p2_typ' technology library is inconsistent with the same-name pin in the '/home/eda/lib/smic/SP013D3_V1p4/apollo/SP013D3_V1p2_8MT' physical library. No physical link for the logical lib cell. (PSYN-058)
Warning: The pin direction of 'C' pin on 'PBSUL16' cell in the 'SP013D3_V1p2_typ' technology library is inconsistent with the same-name pin in the '/home/eda/lib/smic/SP013D3_V1p4/apollo/SP013D3_V1p2_8MT' physical library. No physical link for the logical lib cell. (PSYN-058)
Warning: The pin direction of 'PAD' pin on 'PBSUL16' cell in the 'SP013D3_V1p2_typ' technology library is inconsistent with the same-name pin in the '/home/eda/lib/smic/SP013D3_V1p4/apollo/SP013D3_V1p2_8MT' physical library. No physical link for the logical lib cell. (PSYN-058)
Warning: The pin direction of 'OEN' pin on 'PBCDL24' cell in the 'SP013D3_V1p2_typ' technology library is inconsistent with the same-name pin in the '/home/eda/lib/smic/SP013D3_V1p4/apollo/SP013D3_V1p2_8MT' physical library. No physical link for the logical lib cell. (PSYN-058)
Warning: The pin direction of 'I' pin on 'PBCDL24' cell in the 'SP013D3_V1p2_typ' technology library is inconsistent with the same-name pin in the '/home/eda/lib/smic/SP013D3_V1p4/apollo/SP013D3_V1p2_8MT' physical library. No physical link for the logical lib cell. (PSYN-058)
Warning: The pin direction of 'REN' pin on 'PBCDL24' cell in the 'SP013D3_V1p2_typ' technology library is inconsistent with the same-name pin in the '/home/eda/lib/smic/SP013D3_V1p4/apollo/SP013D3_V1p2_8MT' physical library. No physical link for the logical lib cell. (PSYN-058)
Warning: The pin direction of 'C' pin on 'PBCDL24' cell in the 'SP013D3_V1p2_typ' technology library is inconsistent with the same-name pin in the '/home/eda/lib/smic/SP013D3_V1p4/apollo/SP013D3_V1p2_8MT' physical library. No physical link for the logical lib cell. (PSYN-058)
Warning: The pin direction of 'PAD' pin on 'PBCDL24' cell in the 'SP013D3_V1p2_typ' technology library is inconsistent with the same-name pin in the '/home/eda/lib/smic/SP013D3_V1p4/apollo/SP013D3_V1p2_8MT' physical library. No physical link for the logical lib cell. (PSYN-058)
Warning: The pin direction of 'OEN' pin on 'PBCUL24' cell in the 'SP013D3_V1p2_typ' technology library is inconsistent with the same-name pin in the '/home/eda/lib/smic/SP013D3_V1p4/apollo/SP013D3_V1p2_8MT' physical library. No physical link for the logical lib cell. (PSYN-058)
Warning: The pin direction of 'I' pin on 'PBCUL24' cell in the 'SP013D3_V1p2_typ' technology library is inconsistent with the same-name pin in the '/home/eda/lib/smic/SP013D3_V1p4/apollo/SP013D3_V1p2_8MT' physical library. No physical link for the logical lib cell. (PSYN-058)
Warning: The pin direction of 'REN' pin on 'PBCUL24' cell in the 'SP013D3_V1p2_typ' technology library is inconsistent with the same-name pin in the '/home/eda/lib/smic/SP013D3_V1p4/apollo/SP013D3_V1p2_8MT' physical library. No physical link for the logical lib cell. (PSYN-058)
Warning: The pin direction of 'C' pin on 'PBCUL24' cell in the 'SP013D3_V1p2_typ' technology library is inconsistent with the same-name pin in the '/home/eda/lib/smic/SP013D3_V1p4/apollo/SP013D3_V1p2_8MT' physical library. No physical link for the logical lib cell. (PSYN-058)
Warning: The pin direction of 'PAD' pin on 'PBCUL24' cell in the 'SP013D3_V1p2_typ' technology library is inconsistent with the same-name pin in the '/home/eda/lib/smic/SP013D3_V1p4/apollo/SP013D3_V1p2_8MT' physical library. No physical link for the logical lib cell. (PSYN-058)
Warning: The pin direction of 'OEN' pin on 'PBSDL24' cell in the 'SP013D3_V1p2_typ' technology library is inconsistent with the same-name pin in the '/home/eda/lib/smic/SP013D3_V1p4/apollo/SP013D3_V1p2_8MT' physical library. No physical link for the logical lib cell. (PSYN-058)
Warning: The pin direction of 'I' pin on 'PBSDL24' cell in the 'SP013D3_V1p2_typ' technology library is inconsistent with the same-name pin in the '/home/eda/lib/smic/SP013D3_V1p4/apollo/SP013D3_V1p2_8MT' physical library. No physical link for the logical lib cell. (PSYN-058)
Warning: The pin direction of 'C' pin on 'PBSDL24' cell in the 'SP013D3_V1p2_typ' technology library is inconsistent with the same-name pin in the '/home/eda/lib/smic/SP013D3_V1p4/apollo/SP013D3_V1p2_8MT' physical library. No physical link for the logical lib cell. (PSYN-058)
Warning: The pin direction of 'PAD' pin on 'PBSDL24' cell in the 'SP013D3_V1p2_typ' technology library is inconsistent with the same-name pin in the '/home/eda/lib/smic/SP013D3_V1p4/apollo/SP013D3_V1p2_8MT' physical library. No physical link for the logical lib cell. (PSYN-058)
Warning: The pin direction of 'OEN' pin on 'PBSUL24' cell in the 'SP013D3_V1p2_typ' technology library is inconsistent with the same-name pin in the '/home/eda/lib/smic/SP013D3_V1p4/apollo/SP013D3_V1p2_8MT' physical library. No physical link for the logical lib cell. (PSYN-058)
Warning: The pin direction of 'I' pin on 'PBSUL24' cell in the 'SP013D3_V1p2_typ' technology library is inconsistent with the same-name pin in the '/home/eda/lib/smic/SP013D3_V1p4/apollo/SP013D3_V1p2_8MT' physical library. No physical link for the logical lib cell. (PSYN-058)
Warning: The pin direction of 'C' pin on 'PBSUL24' cell in the 'SP013D3_V1p2_typ' technology library is inconsistent with the same-name pin in the '/home/eda/lib/smic/SP013D3_V1p4/apollo/SP013D3_V1p2_8MT' physical library. No physical link for the logical lib cell. (PSYN-058)
Warning: The pin direction of 'PAD' pin on 'PBSUL24' cell in the 'SP013D3_V1p2_typ' technology library is inconsistent with the same-name pin in the '/home/eda/lib/smic/SP013D3_V1p4/apollo/SP013D3_V1p2_8MT' physical library. No physical link for the logical lib cell. (PSYN-058)
Warning: The pin direction of 'VSS1' pin on 'PDIODE8' cell in the 'SP013D3_V1p2_typ' technology library is inconsistent with the same-name pin in the '/home/eda/lib/smic/SP013D3_V1p4/apollo/SP013D3_V1p2_8MT' physical library. No physical link for the logical lib cell. (PSYN-058)
Warning: The pin direction of 'VSS2' pin on 'PDIODE8' cell in the 'SP013D3_V1p2_typ' technology library is inconsistent with the same-name pin in the '/home/eda/lib/smic/SP013D3_V1p4/apollo/SP013D3_V1p2_8MT' physical library. No physical link for the logical lib cell. (PSYN-058)
Warning: The pin direction of 'OEN' pin on 'PBCDL12' cell in the 'SP013D3_V1p2_typ' technology library is inconsistent with the same-name pin in the '/home/eda/lib/smic/SP013D3_V1p4/apollo/SP013D3_V1p2_8MT' physical library. No physical link for the logical lib cell. (PSYN-058)
Warning: The pin direction of 'I' pin on 'PBCDL12' cell in the 'SP013D3_V1p2_typ' technology library is inconsistent with the same-name pin in the '/home/eda/lib/smic/SP013D3_V1p4/apollo/SP013D3_V1p2_8MT' physical library. No physical link for the logical lib cell. (PSYN-058)
Warning: The pin direction of 'REN' pin on 'PBCDL12' cell in the 'SP013D3_V1p2_typ' technology library is inconsistent with the same-name pin in the '/home/eda/lib/smic/SP013D3_V1p4/apollo/SP013D3_V1p2_8MT' physical library. No physical link for the logical lib cell. (PSYN-058)
Warning: The pin direction of 'C' pin on 'PBCDL12' cell in the 'SP013D3_V1p2_typ' technology library is inconsistent with the same-name pin in the '/home/eda/lib/smic/SP013D3_V1p4/apollo/SP013D3_V1p2_8MT' physical library. No physical link for the logical lib cell. (PSYN-058)
Warning: The pin direction of 'PAD' pin on 'PBCDL12' cell in the 'SP013D3_V1p2_typ' technology library is inconsistent with the same-name pin in the '/home/eda/lib/smic/SP013D3_V1p4/apollo/SP013D3_V1p2_8MT' physical library. No physical link for the logical lib cell. (PSYN-058)
Warning: The pin direction of 'OEN' pin on 'PBCUL12' cell in the 'SP013D3_V1p2_typ' technology library is inconsistent with the same-name pin in the '/home/eda/lib/smic/SP013D3_V1p4/apollo/SP013D3_V1p2_8MT' physical library. No physical link for the logical lib cell. (PSYN-058)
Warning: The pin direction of 'I' pin on 'PBCUL12' cell in the 'SP013D3_V1p2_typ' technology library is inconsistent with the same-name pin in the '/home/eda/lib/smic/SP013D3_V1p4/apollo/SP013D3_V1p2_8MT' physical library. No physical link for the logical lib cell. (PSYN-058)
Warning: The pin direction of 'REN' pin on 'PBCUL12' cell in the 'SP013D3_V1p2_typ' technology library is inconsistent with the same-name pin in the '/home/eda/lib/smic/SP013D3_V1p4/apollo/SP013D3_V1p2_8MT' physical library. No physical link for the logical lib cell. (PSYN-058)
Warning: The pin direction of 'C' pin on 'PBCUL12' cell in the 'SP013D3_V1p2_typ' technology library is inconsistent with the same-name pin in the '/home/eda/lib/smic/SP013D3_V1p4/apollo/SP013D3_V1p2_8MT' physical library. No physical link for the logical lib cell. (PSYN-058)
Warning: The pin direction of 'PAD' pin on 'PBCUL12' cell in the 'SP013D3_V1p2_typ' technology library is inconsistent with the same-name pin in the '/home/eda/lib/smic/SP013D3_V1p4/apollo/SP013D3_V1p2_8MT' physical library. No physical link for the logical lib cell. (PSYN-058)
Warning: The pin direction of 'OEN' pin on 'PBSDL12' cell in the 'SP013D3_V1p2_typ' technology library is inconsistent with the same-name pin in the '/home/eda/lib/smic/SP013D3_V1p4/apollo/SP013D3_V1p2_8MT' physical library. No physical link for the logical lib cell. (PSYN-058)
Warning: The pin direction of 'I' pin on 'PBSDL12' cell in the 'SP013D3_V1p2_typ' technology library is inconsistent with the same-name pin in the '/home/eda/lib/smic/SP013D3_V1p4/apollo/SP013D3_V1p2_8MT' physical library. No physical link for the logical lib cell. (PSYN-058)
Warning: The pin direction of 'C' pin on 'PBSDL12' cell in the 'SP013D3_V1p2_typ' technology library is inconsistent with the same-name pin in the '/home/eda/lib/smic/SP013D3_V1p4/apollo/SP013D3_V1p2_8MT' physical library. No physical link for the logical lib cell. (PSYN-058)
Warning: The pin direction of 'PAD' pin on 'PBSDL12' cell in the 'SP013D3_V1p2_typ' technology library is inconsistent with the same-name pin in the '/home/eda/lib/smic/SP013D3_V1p4/apollo/SP013D3_V1p2_8MT' physical library. No physical link for the logical lib cell. (PSYN-058)
Warning: The pin direction of 'OEN' pin on 'PBSUL12' cell in the 'SP013D3_V1p2_typ' technology library is inconsistent with the same-name pin in the '/home/eda/lib/smic/SP013D3_V1p4/apollo/SP013D3_V1p2_8MT' physical library. No physical link for the logical lib cell. (PSYN-058)
Warning: The pin direction of 'I' pin on 'PBSUL12' cell in the 'SP013D3_V1p2_typ' technology library is inconsistent with the same-name pin in the '/home/eda/lib/smic/SP013D3_V1p4/apollo/SP013D3_V1p2_8MT' physical library. No physical link for the logical lib cell. (PSYN-058)
Warning: The pin direction of 'C' pin on 'PBSUL12' cell in the 'SP013D3_V1p2_typ' technology library is inconsistent with the same-name pin in the '/home/eda/lib/smic/SP013D3_V1p4/apollo/SP013D3_V1p2_8MT' physical library. No physical link for the logical lib cell. (PSYN-058)
Warning: The pin direction of 'PAD' pin on 'PBSUL12' cell in the 'SP013D3_V1p2_typ' technology library is inconsistent with the same-name pin in the '/home/eda/lib/smic/SP013D3_V1p4/apollo/SP013D3_V1p2_8MT' physical library. No physical link for the logical lib cell. (PSYN-058)
Warning: The pin direction of 'VDD' pin on 'PVDD1CE' cell in the 'SP013D3_V1p2_typ' technology library is inconsistent with the same-name pin in the '/home/eda/lib/smic/SP013D3_V1p4/apollo/SP013D3_V1p2_8MT' physical library. No physical link for the logical lib cell. (PSYN-058)
Warning: The pin direction of 'VSS1' pin on 'P1DIODE8' cell in the 'SP013D3_V1p2_typ' technology library is inconsistent with the same-name pin in the '/home/eda/lib/smic/SP013D3_V1p4/apollo/SP013D3_V1p2_8MT' physical library. No physical link for the logical lib cell. (PSYN-058)
Warning: The pin direction of 'VSS2' pin on 'P1DIODE8' cell in the 'SP013D3_V1p2_typ' technology library is inconsistent with the same-name pin in the '/home/eda/lib/smic/SP013D3_V1p4/apollo/SP013D3_V1p2_8MT' physical library. No physical link for the logical lib cell. (PSYN-058)
Warning: The pin direction of 'VDD1' pin on 'P1DIODE' cell in the 'SP013D3_V1p2_typ' technology library is inconsistent with the same-name pin in the '/home/eda/lib/smic/SP013D3_V1p4/apollo/SP013D3_V1p2_8MT' physical library. No physical link for the logical lib cell. (PSYN-058)
Warning: The pin direction of 'VDD2' pin on 'P1DIODE' cell in the 'SP013D3_V1p2_typ' technology library is inconsistent with the same-name pin in the '/home/eda/lib/smic/SP013D3_V1p4/apollo/SP013D3_V1p2_8MT' physical library. No physical link for the logical lib cell. (PSYN-058)
Warning: The pin direction of 'VSS1' pin on 'P1DIODE' cell in the 'SP013D3_V1p2_typ' technology library is inconsistent with the same-name pin in the '/home/eda/lib/smic/SP013D3_V1p4/apollo/SP013D3_V1p2_8MT' physical library. No physical link for the logical lib cell. (PSYN-058)
Warning: The pin direction of 'VSS2' pin on 'P1DIODE' cell in the 'SP013D3_V1p2_typ' technology library is inconsistent with the same-name pin in the '/home/eda/lib/smic/SP013D3_V1p4/apollo/SP013D3_V1p2_8MT' physical library. No physical link for the logical lib cell. (PSYN-058)
Warning: The pin direction of 'SVSS1ANP' pin on 'PVSS1ANP' cell in the 'SP013D3_V1p2_typ' technology library is inconsistent with the same-name pin in the '/home/eda/lib/smic/SP013D3_V1p4/apollo/SP013D3_V1p2_8MT' physical library. No physical link for the logical lib cell. (PSYN-058)
Warning: The pin direction of 'SVDD1ANP' pin on 'PVDD1ANP' cell in the 'SP013D3_V1p2_typ' technology library is inconsistent with the same-name pin in the '/home/eda/lib/smic/SP013D3_V1p4/apollo/SP013D3_V1p2_8MT' physical library. No physical link for the logical lib cell. (PSYN-058)
Warning: The pin direction of 'VPP' pin on 'PVPP' cell in the 'SP013D3_V1p2_typ' technology library is inconsistent with the same-name pin in the '/home/eda/lib/smic/SP013D3_V1p4/apollo/SP013D3_V1p2_8MT' physical library. No physical link for the logical lib cell. (PSYN-058)
Warning: The pin direction of 'SVSS1CANP' pin on 'PVSS1CANP' cell in the 'SP013D3_V1p2_typ' technology library is inconsistent with the same-name pin in the '/home/eda/lib/smic/SP013D3_V1p4/apollo/SP013D3_V1p2_8MT' physical library. No physical link for the logical lib cell. (PSYN-058)
Warning: The pin direction of 'SVDD1CANP' pin on 'PVDD1CANP' cell in the 'SP013D3_V1p2_typ' technology library is inconsistent with the same-name pin in the '/home/eda/lib/smic/SP013D3_V1p4/apollo/SP013D3_V1p2_8MT' physical library. No physical link for the logical lib cell. (PSYN-058)
Warning: The 'PB12' cell in the 'SP013D3_V1p2_typ' technology library is being 
	marked as "dont_use". (PSYN-039)
Warning: The 'PB12' cell in the 'SP013D3_V1p2_typ' technology library does not 
	have corresponding physical cell description. (PSYN-024)
Warning: The 'PB16' cell in the 'SP013D3_V1p2_typ' technology library is being 
	marked as "dont_use". (PSYN-039)
Warning: The 'PB16' cell in the 'SP013D3_V1p2_typ' technology library does not 
	have corresponding physical cell description. (PSYN-024)
Warning: The 'PB2' cell in the 'SP013D3_V1p2_typ' technology library is being 
	marked as "dont_use". (PSYN-039)
Warning: The 'PB2' cell in the 'SP013D3_V1p2_typ' technology library does not 
	have corresponding physical cell description. (PSYN-024)
Warning: The 'PB24' cell in the 'SP013D3_V1p2_typ' technology library is being 
	marked as "dont_use". (PSYN-039)
Warning: The 'PB24' cell in the 'SP013D3_V1p2_typ' technology library does not 
	have corresponding physical cell description. (PSYN-024)
Warning: The 'PB4' cell in the 'SP013D3_V1p2_typ' technology library is being 
	marked as "dont_use". (PSYN-039)
Warning: The 'PB4' cell in the 'SP013D3_V1p2_typ' technology library does not 
	have corresponding physical cell description. (PSYN-024)
Warning: The 'PB8' cell in the 'SP013D3_V1p2_typ' technology library is being 
	marked as "dont_use". (PSYN-039)
Warning: The 'PB8' cell in the 'SP013D3_V1p2_typ' technology library does not 
	have corresponding physical cell description. (PSYN-024)
Warning: The 'PBCD12' cell in the 'SP013D3_V1p2_typ' technology library is being 
	marked as "dont_use". (PSYN-039)
Warning: The 'PBCD12' cell in the 'SP013D3_V1p2_typ' technology library does not 
	have corresponding physical cell description. (PSYN-024)
Warning: The 'PBCD16' cell in the 'SP013D3_V1p2_typ' technology library is being 
	marked as "dont_use". (PSYN-039)
Warning: The 'PBCD16' cell in the 'SP013D3_V1p2_typ' technology library does not 
	have corresponding physical cell description. (PSYN-024)
Warning: The 'PBCD2' cell in the 'SP013D3_V1p2_typ' technology library is being 
	marked as "dont_use". (PSYN-039)
Warning: The 'PBCD2' cell in the 'SP013D3_V1p2_typ' technology library does not 
	have corresponding physical cell description. (PSYN-024)
Warning: The 'PBCD24' cell in the 'SP013D3_V1p2_typ' technology library is being 
	marked as "dont_use". (PSYN-039)
Warning: The 'PBCD24' cell in the 'SP013D3_V1p2_typ' technology library does not 
	have corresponding physical cell description. (PSYN-024)
Warning: The 'PBCD4' cell in the 'SP013D3_V1p2_typ' technology library is being 
	marked as "dont_use". (PSYN-039)
Warning: The 'PBCD4' cell in the 'SP013D3_V1p2_typ' technology library does not 
	have corresponding physical cell description. (PSYN-024)
Warning: The 'PBCD8' cell in the 'SP013D3_V1p2_typ' technology library is being 
	marked as "dont_use". (PSYN-039)
Warning: The 'PBCD8' cell in the 'SP013D3_V1p2_typ' technology library does not 
	have corresponding physical cell description. (PSYN-024)
Warning: The 'PBCDL12' cell in the 'SP013D3_V1p2_typ' technology library is being 
	marked as "dont_use". (PSYN-039)
Warning: The 'PBCDL12' cell in the 'SP013D3_V1p2_typ' technology library does not 
	have corresponding physical cell description. (PSYN-024)
Warning: The 'PBCDL16' cell in the 'SP013D3_V1p2_typ' technology library is being 
	marked as "dont_use". (PSYN-039)
Warning: The 'PBCDL16' cell in the 'SP013D3_V1p2_typ' technology library does not 
	have corresponding physical cell description. (PSYN-024)
Warning: The 'PBCDL24' cell in the 'SP013D3_V1p2_typ' technology library is being 
	marked as "dont_use". (PSYN-039)
Warning: The 'PBCDL24' cell in the 'SP013D3_V1p2_typ' technology library does not 
	have corresponding physical cell description. (PSYN-024)
Warning: The 'PBCDL8' cell in the 'SP013D3_V1p2_typ' technology library is being 
	marked as "dont_use". (PSYN-039)
Warning: The 'PBCDL8' cell in the 'SP013D3_V1p2_typ' technology library does not 
	have corresponding physical cell description. (PSYN-024)
Warning: The 'PBCU12' cell in the 'SP013D3_V1p2_typ' technology library is being 
	marked as "dont_use". (PSYN-039)
Warning: The 'PBCU12' cell in the 'SP013D3_V1p2_typ' technology library does not 
	have corresponding physical cell description. (PSYN-024)
Warning: The 'PBCU16' cell in the 'SP013D3_V1p2_typ' technology library is being 
	marked as "dont_use". (PSYN-039)
Warning: The 'PBCU16' cell in the 'SP013D3_V1p2_typ' technology library does not 
	have corresponding physical cell description. (PSYN-024)
Warning: The 'PBCU2' cell in the 'SP013D3_V1p2_typ' technology library is being 
	marked as "dont_use". (PSYN-039)
Warning: The 'PBCU2' cell in the 'SP013D3_V1p2_typ' technology library does not 
	have corresponding physical cell description. (PSYN-024)
Warning: The 'PBCU24' cell in the 'SP013D3_V1p2_typ' technology library is being 
	marked as "dont_use". (PSYN-039)
Warning: The 'PBCU24' cell in the 'SP013D3_V1p2_typ' technology library does not 
	have corresponding physical cell description. (PSYN-024)
Warning: The 'PBCU4' cell in the 'SP013D3_V1p2_typ' technology library is being 
	marked as "dont_use". (PSYN-039)
Warning: The 'PBCU4' cell in the 'SP013D3_V1p2_typ' technology library does not 
	have corresponding physical cell description. (PSYN-024)
Warning: The 'PBCU8' cell in the 'SP013D3_V1p2_typ' technology library is being 
	marked as "dont_use". (PSYN-039)
Warning: The 'PBCU8' cell in the 'SP013D3_V1p2_typ' technology library does not 
	have corresponding physical cell description. (PSYN-024)
Warning: The 'PBCUL12' cell in the 'SP013D3_V1p2_typ' technology library is being 
	marked as "dont_use". (PSYN-039)
Warning: The 'PBCUL12' cell in the 'SP013D3_V1p2_typ' technology library does not 
	have corresponding physical cell description. (PSYN-024)
Warning: The 'PBCUL16' cell in the 'SP013D3_V1p2_typ' technology library is being 
	marked as "dont_use". (PSYN-039)
Warning: The 'PBCUL16' cell in the 'SP013D3_V1p2_typ' technology library does not 
	have corresponding physical cell description. (PSYN-024)
Warning: The 'PBCUL24' cell in the 'SP013D3_V1p2_typ' technology library is being 
	marked as "dont_use". (PSYN-039)
Warning: The 'PBCUL24' cell in the 'SP013D3_V1p2_typ' technology library does not 
	have corresponding physical cell description. (PSYN-024)
Warning: The 'PBCUL8' cell in the 'SP013D3_V1p2_typ' technology library is being 
	marked as "dont_use". (PSYN-039)
Warning: The 'PBCUL8' cell in the 'SP013D3_V1p2_typ' technology library does not 
	have corresponding physical cell description. (PSYN-024)
Warning: The 'PBD12' cell in the 'SP013D3_V1p2_typ' technology library is being 
	marked as "dont_use". (PSYN-039)
Warning: The 'PBD12' cell in the 'SP013D3_V1p2_typ' technology library does not 
	have corresponding physical cell description. (PSYN-024)
Warning: The 'PBD16' cell in the 'SP013D3_V1p2_typ' technology library is being 
	marked as "dont_use". (PSYN-039)
Warning: The 'PBD16' cell in the 'SP013D3_V1p2_typ' technology library does not 
	have corresponding physical cell description. (PSYN-024)
Warning: The 'PBD2' cell in the 'SP013D3_V1p2_typ' technology library is being 
	marked as "dont_use". (PSYN-039)
Warning: The 'PBD2' cell in the 'SP013D3_V1p2_typ' technology library does not 
	have corresponding physical cell description. (PSYN-024)
Warning: The 'PBD24' cell in the 'SP013D3_V1p2_typ' technology library is being 
	marked as "dont_use". (PSYN-039)
Warning: The 'PBD24' cell in the 'SP013D3_V1p2_typ' technology library does not 
	have corresponding physical cell description. (PSYN-024)
Warning: The 'PBD4' cell in the 'SP013D3_V1p2_typ' technology library is being 
	marked as "dont_use". (PSYN-039)
Warning: The 'PBD4' cell in the 'SP013D3_V1p2_typ' technology library does not 
	have corresponding physical cell description. (PSYN-024)
Warning: The 'PBD8' cell in the 'SP013D3_V1p2_typ' technology library is being 
	marked as "dont_use". (PSYN-039)
Warning: The 'PBD8' cell in the 'SP013D3_V1p2_typ' technology library does not 
	have corresponding physical cell description. (PSYN-024)
Warning: The 'PBDL12' cell in the 'SP013D3_V1p2_typ' technology library is being 
	marked as "dont_use". (PSYN-039)
Warning: The 'PBDL12' cell in the 'SP013D3_V1p2_typ' technology library does not 
	have corresponding physical cell description. (PSYN-024)
Warning: The 'PBDL16' cell in the 'SP013D3_V1p2_typ' technology library is being 
	marked as "dont_use". (PSYN-039)
Warning: The 'PBDL16' cell in the 'SP013D3_V1p2_typ' technology library does not 
	have corresponding physical cell description. (PSYN-024)
Warning: The 'PBDL24' cell in the 'SP013D3_V1p2_typ' technology library is being 
	marked as "dont_use". (PSYN-039)
Warning: The 'PBDL24' cell in the 'SP013D3_V1p2_typ' technology library does not 
	have corresponding physical cell description. (PSYN-024)
Warning: The 'PBDL8' cell in the 'SP013D3_V1p2_typ' technology library is being 
	marked as "dont_use". (PSYN-039)
Warning: The 'PBDL8' cell in the 'SP013D3_V1p2_typ' technology library does not 
	have corresponding physical cell description. (PSYN-024)
Warning: The 'PBL12' cell in the 'SP013D3_V1p2_typ' technology library is being 
	marked as "dont_use". (PSYN-039)
Warning: The 'PBL12' cell in the 'SP013D3_V1p2_typ' technology library does not 
	have corresponding physical cell description. (PSYN-024)
Warning: The 'PBL16' cell in the 'SP013D3_V1p2_typ' technology library is being 
	marked as "dont_use". (PSYN-039)
Warning: The 'PBL16' cell in the 'SP013D3_V1p2_typ' technology library does not 
	have corresponding physical cell description. (PSYN-024)
Warning: The 'PBL24' cell in the 'SP013D3_V1p2_typ' technology library is being 
	marked as "dont_use". (PSYN-039)
Warning: The 'PBL24' cell in the 'SP013D3_V1p2_typ' technology library does not 
	have corresponding physical cell description. (PSYN-024)
Warning: The 'PBL8' cell in the 'SP013D3_V1p2_typ' technology library is being 
	marked as "dont_use". (PSYN-039)
Warning: The 'PBL8' cell in the 'SP013D3_V1p2_typ' technology library does not 
	have corresponding physical cell description. (PSYN-024)
Warning: The 'PBS12' cell in the 'SP013D3_V1p2_typ' technology library is being 
	marked as "dont_use". (PSYN-039)
Warning: The 'PBS12' cell in the 'SP013D3_V1p2_typ' technology library does not 
	have corresponding physical cell description. (PSYN-024)
Warning: The 'PBS16' cell in the 'SP013D3_V1p2_typ' technology library is being 
	marked as "dont_use". (PSYN-039)
Warning: The 'PBS16' cell in the 'SP013D3_V1p2_typ' technology library does not 
	have corresponding physical cell description. (PSYN-024)
Warning: The 'PBS2' cell in the 'SP013D3_V1p2_typ' technology library is being 
	marked as "dont_use". (PSYN-039)
Warning: The 'PBS2' cell in the 'SP013D3_V1p2_typ' technology library does not 
	have corresponding physical cell description. (PSYN-024)
Warning: The 'PBS24' cell in the 'SP013D3_V1p2_typ' technology library is being 
	marked as "dont_use". (PSYN-039)
Warning: The 'PBS24' cell in the 'SP013D3_V1p2_typ' technology library does not 
	have corresponding physical cell description. (PSYN-024)
Warning: The 'PBS4' cell in the 'SP013D3_V1p2_typ' technology library is being 
	marked as "dont_use". (PSYN-039)
Warning: The 'PBS4' cell in the 'SP013D3_V1p2_typ' technology library does not 
	have corresponding physical cell description. (PSYN-024)
Warning: The 'PBS8' cell in the 'SP013D3_V1p2_typ' technology library is being 
	marked as "dont_use". (PSYN-039)
Warning: The 'PBS8' cell in the 'SP013D3_V1p2_typ' technology library does not 
	have corresponding physical cell description. (PSYN-024)
Warning: The 'PBSD12' cell in the 'SP013D3_V1p2_typ' technology library is being 
	marked as "dont_use". (PSYN-039)
Warning: The 'PBSD12' cell in the 'SP013D3_V1p2_typ' technology library does not 
	have corresponding physical cell description. (PSYN-024)
Warning: The 'PBSD16' cell in the 'SP013D3_V1p2_typ' technology library is being 
	marked as "dont_use". (PSYN-039)
Warning: The 'PBSD16' cell in the 'SP013D3_V1p2_typ' technology library does not 
	have corresponding physical cell description. (PSYN-024)
Warning: The 'PBSD2' cell in the 'SP013D3_V1p2_typ' technology library is being 
	marked as "dont_use". (PSYN-039)
Warning: The 'PBSD2' cell in the 'SP013D3_V1p2_typ' technology library does not 
	have corresponding physical cell description. (PSYN-024)
Warning: The 'PBSD24' cell in the 'SP013D3_V1p2_typ' technology library is being 
	marked as "dont_use". (PSYN-039)
Warning: The 'PBSD24' cell in the 'SP013D3_V1p2_typ' technology library does not 
	have corresponding physical cell description. (PSYN-024)
Warning: The 'PBSD4' cell in the 'SP013D3_V1p2_typ' technology library is being 
	marked as "dont_use". (PSYN-039)
Warning: The 'PBSD4' cell in the 'SP013D3_V1p2_typ' technology library does not 
	have corresponding physical cell description. (PSYN-024)
Warning: The 'PBSD8' cell in the 'SP013D3_V1p2_typ' technology library is being 
	marked as "dont_use". (PSYN-039)
Warning: The 'PBSD8' cell in the 'SP013D3_V1p2_typ' technology library does not 
	have corresponding physical cell description. (PSYN-024)
Warning: The 'PBSDL12' cell in the 'SP013D3_V1p2_typ' technology library is being 
	marked as "dont_use". (PSYN-039)
Warning: The 'PBSDL12' cell in the 'SP013D3_V1p2_typ' technology library does not 
	have corresponding physical cell description. (PSYN-024)
Warning: The 'PBSDL16' cell in the 'SP013D3_V1p2_typ' technology library is being 
	marked as "dont_use". (PSYN-039)
Warning: The 'PBSDL16' cell in the 'SP013D3_V1p2_typ' technology library does not 
	have corresponding physical cell description. (PSYN-024)
Warning: The 'PBSDL24' cell in the 'SP013D3_V1p2_typ' technology library is being 
	marked as "dont_use". (PSYN-039)
Warning: The 'PBSDL24' cell in the 'SP013D3_V1p2_typ' technology library does not 
	have corresponding physical cell description. (PSYN-024)
Warning: The 'PBSDL8' cell in the 'SP013D3_V1p2_typ' technology library is being 
	marked as "dont_use". (PSYN-039)
Warning: The 'PBSDL8' cell in the 'SP013D3_V1p2_typ' technology library does not 
	have corresponding physical cell description. (PSYN-024)
Warning: The 'PBSL12' cell in the 'SP013D3_V1p2_typ' technology library is being 
	marked as "dont_use". (PSYN-039)
Warning: The 'PBSL12' cell in the 'SP013D3_V1p2_typ' technology library does not 
	have corresponding physical cell description. (PSYN-024)
Warning: The 'PBSL16' cell in the 'SP013D3_V1p2_typ' technology library is being 
	marked as "dont_use". (PSYN-039)
Warning: The 'PBSL16' cell in the 'SP013D3_V1p2_typ' technology library does not 
	have corresponding physical cell description. (PSYN-024)
Warning: The 'PBSL24' cell in the 'SP013D3_V1p2_typ' technology library is being 
	marked as "dont_use". (PSYN-039)
Warning: The 'PBSL24' cell in the 'SP013D3_V1p2_typ' technology library does not 
	have corresponding physical cell description. (PSYN-024)
Warning: The 'PBSL8' cell in the 'SP013D3_V1p2_typ' technology library is being 
	marked as "dont_use". (PSYN-039)
Warning: The 'PBSL8' cell in the 'SP013D3_V1p2_typ' technology library does not 
	have corresponding physical cell description. (PSYN-024)
Warning: The 'PBSU12' cell in the 'SP013D3_V1p2_typ' technology library is being 
	marked as "dont_use". (PSYN-039)
Warning: The 'PBSU12' cell in the 'SP013D3_V1p2_typ' technology library does not 
	have corresponding physical cell description. (PSYN-024)
Warning: The 'PBSU16' cell in the 'SP013D3_V1p2_typ' technology library is being 
	marked as "dont_use". (PSYN-039)
Warning: The 'PBSU16' cell in the 'SP013D3_V1p2_typ' technology library does not 
	have corresponding physical cell description. (PSYN-024)
Warning: The 'PBSU2' cell in the 'SP013D3_V1p2_typ' technology library is being 
	marked as "dont_use". (PSYN-039)
Warning: The 'PBSU2' cell in the 'SP013D3_V1p2_typ' technology library does not 
	have corresponding physical cell description. (PSYN-024)
Warning: The 'PBSU24' cell in the 'SP013D3_V1p2_typ' technology library is being 
	marked as "dont_use". (PSYN-039)
Warning: The 'PBSU24' cell in the 'SP013D3_V1p2_typ' technology library does not 
	have corresponding physical cell description. (PSYN-024)
Warning: The 'PBSU4' cell in the 'SP013D3_V1p2_typ' technology library is being 
	marked as "dont_use". (PSYN-039)
Warning: The 'PBSU4' cell in the 'SP013D3_V1p2_typ' technology library does not 
	have corresponding physical cell description. (PSYN-024)
Warning: The 'PBSU8' cell in the 'SP013D3_V1p2_typ' technology library is being 
	marked as "dont_use". (PSYN-039)
Warning: The 'PBSU8' cell in the 'SP013D3_V1p2_typ' technology library does not 
	have corresponding physical cell description. (PSYN-024)
Warning: The 'PBSUL12' cell in the 'SP013D3_V1p2_typ' technology library is being 
	marked as "dont_use". (PSYN-039)
Warning: The 'PBSUL12' cell in the 'SP013D3_V1p2_typ' technology library does not 
	have corresponding physical cell description. (PSYN-024)
Warning: The 'PBSUL16' cell in the 'SP013D3_V1p2_typ' technology library is being 
	marked as "dont_use". (PSYN-039)
Warning: The 'PBSUL16' cell in the 'SP013D3_V1p2_typ' technology library does not 
	have corresponding physical cell description. (PSYN-024)
Warning: The 'PBSUL24' cell in the 'SP013D3_V1p2_typ' technology library is being 
	marked as "dont_use". (PSYN-039)
Warning: The 'PBSUL24' cell in the 'SP013D3_V1p2_typ' technology library does not 
	have corresponding physical cell description. (PSYN-024)
Warning: The 'PBSUL8' cell in the 'SP013D3_V1p2_typ' technology library is being 
	marked as "dont_use". (PSYN-039)
Warning: The 'PBSUL8' cell in the 'SP013D3_V1p2_typ' technology library does not 
	have corresponding physical cell description. (PSYN-024)
Warning: The 'PBU12' cell in the 'SP013D3_V1p2_typ' technology library is being 
	marked as "dont_use". (PSYN-039)
Warning: The 'PBU12' cell in the 'SP013D3_V1p2_typ' technology library does not 
	have corresponding physical cell description. (PSYN-024)
Warning: The 'PBU16' cell in the 'SP013D3_V1p2_typ' technology library is being 
	marked as "dont_use". (PSYN-039)
Warning: The 'PBU16' cell in the 'SP013D3_V1p2_typ' technology library does not 
	have corresponding physical cell description. (PSYN-024)
Warning: The 'PBU2' cell in the 'SP013D3_V1p2_typ' technology library is being 
	marked as "dont_use". (PSYN-039)
Warning: The 'PBU2' cell in the 'SP013D3_V1p2_typ' technology library does not 
	have corresponding physical cell description. (PSYN-024)
Warning: The 'PBU24' cell in the 'SP013D3_V1p2_typ' technology library is being 
	marked as "dont_use". (PSYN-039)
Warning: The 'PBU24' cell in the 'SP013D3_V1p2_typ' technology library does not 
	have corresponding physical cell description. (PSYN-024)
Warning: The 'PBU4' cell in the 'SP013D3_V1p2_typ' technology library is being 
	marked as "dont_use". (PSYN-039)
Warning: The 'PBU4' cell in the 'SP013D3_V1p2_typ' technology library does not 
	have corresponding physical cell description. (PSYN-024)
Warning: The 'PBU8' cell in the 'SP013D3_V1p2_typ' technology library is being 
	marked as "dont_use". (PSYN-039)
Warning: The 'PBU8' cell in the 'SP013D3_V1p2_typ' technology library does not 
	have corresponding physical cell description. (PSYN-024)
Warning: The 'PBUL12' cell in the 'SP013D3_V1p2_typ' technology library is being 
	marked as "dont_use". (PSYN-039)
Warning: The 'PBUL12' cell in the 'SP013D3_V1p2_typ' technology library does not 
	have corresponding physical cell description. (PSYN-024)
Warning: The 'PBUL16' cell in the 'SP013D3_V1p2_typ' technology library is being 
	marked as "dont_use". (PSYN-039)
Warning: The 'PBUL16' cell in the 'SP013D3_V1p2_typ' technology library does not 
	have corresponding physical cell description. (PSYN-024)
Warning: The 'PBUL24' cell in the 'SP013D3_V1p2_typ' technology library is being 
	marked as "dont_use". (PSYN-039)
Warning: The 'PBUL24' cell in the 'SP013D3_V1p2_typ' technology library does not 
	have corresponding physical cell description. (PSYN-024)
Warning: The 'PBUL8' cell in the 'SP013D3_V1p2_typ' technology library is being 
	marked as "dont_use". (PSYN-039)
Warning: The 'PBUL8' cell in the 'SP013D3_V1p2_typ' technology library does not 
	have corresponding physical cell description. (PSYN-024)
Warning: The 'PI' cell in the 'SP013D3_V1p2_typ' technology library is being 
	marked as "dont_use". (PSYN-039)
Warning: The 'PI' cell in the 'SP013D3_V1p2_typ' technology library does not 
	have corresponding physical cell description. (PSYN-024)
Warning: The 'PICD' cell in the 'SP013D3_V1p2_typ' technology library is being 
	marked as "dont_use". (PSYN-039)
Warning: The 'PICD' cell in the 'SP013D3_V1p2_typ' technology library does not 
	have corresponding physical cell description. (PSYN-024)
Warning: The 'PICU' cell in the 'SP013D3_V1p2_typ' technology library is being 
	marked as "dont_use". (PSYN-039)
Warning: The 'PICU' cell in the 'SP013D3_V1p2_typ' technology library does not 
	have corresponding physical cell description. (PSYN-024)
Warning: The 'PID' cell in the 'SP013D3_V1p2_typ' technology library is being 
	marked as "dont_use". (PSYN-039)
Warning: The 'PID' cell in the 'SP013D3_V1p2_typ' technology library does not 
	have corresponding physical cell description. (PSYN-024)
Warning: The 'PIS' cell in the 'SP013D3_V1p2_typ' technology library is being 
	marked as "dont_use". (PSYN-039)
Warning: The 'PIS' cell in the 'SP013D3_V1p2_typ' technology library does not 
	have corresponding physical cell description. (PSYN-024)
Warning: The 'PISD' cell in the 'SP013D3_V1p2_typ' technology library is being 
	marked as "dont_use". (PSYN-039)
Warning: The 'PISD' cell in the 'SP013D3_V1p2_typ' technology library does not 
	have corresponding physical cell description. (PSYN-024)
Warning: The 'PISU' cell in the 'SP013D3_V1p2_typ' technology library is being 
	marked as "dont_use". (PSYN-039)
Warning: The 'PISU' cell in the 'SP013D3_V1p2_typ' technology library does not 
	have corresponding physical cell description. (PSYN-024)
Warning: The 'PIU' cell in the 'SP013D3_V1p2_typ' technology library is being 
	marked as "dont_use". (PSYN-039)
Warning: The 'PIU' cell in the 'SP013D3_V1p2_typ' technology library does not 
	have corresponding physical cell description. (PSYN-024)
Warning: The 'PO12' cell in the 'SP013D3_V1p2_typ' technology library is being 
	marked as "dont_use". (PSYN-039)
Warning: The 'PO12' cell in the 'SP013D3_V1p2_typ' technology library does not 
	have corresponding physical cell description. (PSYN-024)
Warning: The 'PO16' cell in the 'SP013D3_V1p2_typ' technology library is being 
	marked as "dont_use". (PSYN-039)
Warning: The 'PO16' cell in the 'SP013D3_V1p2_typ' technology library does not 
	have corresponding physical cell description. (PSYN-024)
Warning: The 'PO2' cell in the 'SP013D3_V1p2_typ' technology library is being 
	marked as "dont_use". (PSYN-039)
Warning: The 'PO2' cell in the 'SP013D3_V1p2_typ' technology library does not 
	have corresponding physical cell description. (PSYN-024)
Warning: The 'PO24' cell in the 'SP013D3_V1p2_typ' technology library is being 
	marked as "dont_use". (PSYN-039)
Warning: The 'PO24' cell in the 'SP013D3_V1p2_typ' technology library does not 
	have corresponding physical cell description. (PSYN-024)
Warning: The 'PO4' cell in the 'SP013D3_V1p2_typ' technology library is being 
	marked as "dont_use". (PSYN-039)
Warning: The 'PO4' cell in the 'SP013D3_V1p2_typ' technology library does not 
	have corresponding physical cell description. (PSYN-024)
Warning: The 'PO8' cell in the 'SP013D3_V1p2_typ' technology library is being 
	marked as "dont_use". (PSYN-039)
Warning: The 'PO8' cell in the 'SP013D3_V1p2_typ' technology library does not 
	have corresponding physical cell description. (PSYN-024)
Warning: The 'POL12' cell in the 'SP013D3_V1p2_typ' technology library is being 
	marked as "dont_use". (PSYN-039)
Warning: The 'POL12' cell in the 'SP013D3_V1p2_typ' technology library does not 
	have corresponding physical cell description. (PSYN-024)
Warning: The 'POL16' cell in the 'SP013D3_V1p2_typ' technology library is being 
	marked as "dont_use". (PSYN-039)
Warning: The 'POL16' cell in the 'SP013D3_V1p2_typ' technology library does not 
	have corresponding physical cell description. (PSYN-024)
Warning: The 'POL24' cell in the 'SP013D3_V1p2_typ' technology library is being 
	marked as "dont_use". (PSYN-039)
Warning: The 'POL24' cell in the 'SP013D3_V1p2_typ' technology library does not 
	have corresponding physical cell description. (PSYN-024)
Warning: The 'POL8' cell in the 'SP013D3_V1p2_typ' technology library is being 
	marked as "dont_use". (PSYN-039)
Warning: The 'POL8' cell in the 'SP013D3_V1p2_typ' technology library does not 
	have corresponding physical cell description. (PSYN-024)
Warning: The 'POT12' cell in the 'SP013D3_V1p2_typ' technology library is being 
	marked as "dont_use". (PSYN-039)
Warning: The 'POT12' cell in the 'SP013D3_V1p2_typ' technology library does not 
	have corresponding physical cell description. (PSYN-024)
Warning: The 'POT16' cell in the 'SP013D3_V1p2_typ' technology library is being 
	marked as "dont_use". (PSYN-039)
Warning: The 'POT16' cell in the 'SP013D3_V1p2_typ' technology library does not 
	have corresponding physical cell description. (PSYN-024)
Warning: The 'POT2' cell in the 'SP013D3_V1p2_typ' technology library is being 
	marked as "dont_use". (PSYN-039)
Warning: The 'POT2' cell in the 'SP013D3_V1p2_typ' technology library does not 
	have corresponding physical cell description. (PSYN-024)
Warning: The 'POT24' cell in the 'SP013D3_V1p2_typ' technology library is being 
	marked as "dont_use". (PSYN-039)
Warning: The 'POT24' cell in the 'SP013D3_V1p2_typ' technology library does not 
	have corresponding physical cell description. (PSYN-024)
Warning: The 'POT4' cell in the 'SP013D3_V1p2_typ' technology library is being 
	marked as "dont_use". (PSYN-039)
Warning: The 'POT4' cell in the 'SP013D3_V1p2_typ' technology library does not 
	have corresponding physical cell description. (PSYN-024)
Warning: The 'POT8' cell in the 'SP013D3_V1p2_typ' technology library is being 
	marked as "dont_use". (PSYN-039)
Warning: The 'POT8' cell in the 'SP013D3_V1p2_typ' technology library does not 
	have corresponding physical cell description. (PSYN-024)
Warning: The 'POTL12' cell in the 'SP013D3_V1p2_typ' technology library is being 
	marked as "dont_use". (PSYN-039)
Warning: The 'POTL12' cell in the 'SP013D3_V1p2_typ' technology library does not 
	have corresponding physical cell description. (PSYN-024)
Warning: The 'POTL16' cell in the 'SP013D3_V1p2_typ' technology library is being 
	marked as "dont_use". (PSYN-039)
Warning: The 'POTL16' cell in the 'SP013D3_V1p2_typ' technology library does not 
	have corresponding physical cell description. (PSYN-024)
Warning: The 'POTL24' cell in the 'SP013D3_V1p2_typ' technology library is being 
	marked as "dont_use". (PSYN-039)
Warning: The 'POTL24' cell in the 'SP013D3_V1p2_typ' technology library does not 
	have corresponding physical cell description. (PSYN-024)
Warning: The 'POTL8' cell in the 'SP013D3_V1p2_typ' technology library is being 
	marked as "dont_use". (PSYN-039)
Warning: The 'POTL8' cell in the 'SP013D3_V1p2_typ' technology library does not 
	have corresponding physical cell description. (PSYN-024)
Warning: The 'PX1' cell in the 'SP013D3_V1p2_typ' technology library is being 
	marked as "dont_use". (PSYN-039)
Warning: The 'PX1' cell in the 'SP013D3_V1p2_typ' technology library does not 
	have corresponding physical cell description. (PSYN-024)
Warning: The 'PX2' cell in the 'SP013D3_V1p2_typ' technology library is being 
	marked as "dont_use". (PSYN-039)
Warning: The 'PX2' cell in the 'SP013D3_V1p2_typ' technology library does not 
	have corresponding physical cell description. (PSYN-024)
Warning: The 'PX3' cell in the 'SP013D3_V1p2_typ' technology library is being 
	marked as "dont_use". (PSYN-039)
Warning: The 'PX3' cell in the 'SP013D3_V1p2_typ' technology library does not 
	have corresponding physical cell description. (PSYN-024)
Warning: The 'PXWE1' cell in the 'SP013D3_V1p2_typ' technology library is being 
	marked as "dont_use". (PSYN-039)
Warning: The 'PXWE1' cell in the 'SP013D3_V1p2_typ' technology library does not 
	have corresponding physical cell description. (PSYN-024)
Warning: The 'PXWE2' cell in the 'SP013D3_V1p2_typ' technology library is being 
	marked as "dont_use". (PSYN-039)
Warning: The 'PXWE2' cell in the 'SP013D3_V1p2_typ' technology library does not 
	have corresponding physical cell description. (PSYN-024)
Warning: The 'PXWE3' cell in the 'SP013D3_V1p2_typ' technology library is being 
	marked as "dont_use". (PSYN-039)
Warning: The 'PXWE3' cell in the 'SP013D3_V1p2_typ' technology library does not 
	have corresponding physical cell description. (PSYN-024)
Warning: The 'PCI3B' cell in the 'SP013D3_V1p2_typ' technology library is being 
	marked as "dont_use". (PSYN-039)
Warning: The 'PCI3B' cell in the 'SP013D3_V1p2_typ' technology library does not 
	have corresponding physical cell description. (PSYN-024)
Warning: The 'PCI3BS' cell in the 'SP013D3_V1p2_typ' technology library is being 
	marked as "dont_use". (PSYN-039)
Warning: The 'PCI3BS' cell in the 'SP013D3_V1p2_typ' technology library does not 
	have corresponding physical cell description. (PSYN-024)
Warning: The 'PCI6B' cell in the 'SP013D3_V1p2_typ' technology library is being 
	marked as "dont_use". (PSYN-039)
Warning: The 'PCI6B' cell in the 'SP013D3_V1p2_typ' technology library does not 
	have corresponding physical cell description. (PSYN-024)
Warning: The 'PCI6BS' cell in the 'SP013D3_V1p2_typ' technology library is being 
	marked as "dont_use". (PSYN-039)
Warning: The 'PCI6BS' cell in the 'SP013D3_V1p2_typ' technology library does not 
	have corresponding physical cell description. (PSYN-024)
Warning: The 'PANA3AP' cell in the 'SP013D3_V1p2_typ' technology library is being 
	marked as "dont_use". (PSYN-039)
Warning: The 'PANA3AP' cell in the 'SP013D3_V1p2_typ' technology library does not 
	have corresponding physical cell description. (PSYN-024)
Warning: The 'PANA1AP' cell in the 'SP013D3_V1p2_typ' technology library is being 
	marked as "dont_use". (PSYN-039)
Warning: The 'PANA1AP' cell in the 'SP013D3_V1p2_typ' technology library does not 
	have corresponding physical cell description. (PSYN-024)
Warning: The 'PANA1AP1' cell in the 'SP013D3_V1p2_typ' technology library is being 
	marked as "dont_use". (PSYN-039)
Warning: The 'PANA1AP1' cell in the 'SP013D3_V1p2_typ' technology library does not 
	have corresponding physical cell description. (PSYN-024)
Warning: The 'PANA2AP' cell in the 'SP013D3_V1p2_typ' technology library is being 
	marked as "dont_use". (PSYN-039)
Warning: The 'PANA2AP' cell in the 'SP013D3_V1p2_typ' technology library does not 
	have corresponding physical cell description. (PSYN-024)
Warning: The 'PANA2AP1' cell in the 'SP013D3_V1p2_typ' technology library is being 
	marked as "dont_use". (PSYN-039)
Warning: The 'PANA2AP1' cell in the 'SP013D3_V1p2_typ' technology library does not 
	have corresponding physical cell description. (PSYN-024)
Warning: The 'PANA4AP' cell in the 'SP013D3_V1p2_typ' technology library is being 
	marked as "dont_use". (PSYN-039)
Warning: The 'PANA4AP' cell in the 'SP013D3_V1p2_typ' technology library does not 
	have corresponding physical cell description. (PSYN-024)
Warning: The 'PDIODE' cell in the 'SP013D3_V1p2_typ' technology library is being 
	marked as "dont_use". (PSYN-039)
Warning: The 'PDIODE' cell in the 'SP013D3_V1p2_typ' technology library does not 
	have corresponding physical cell description. (PSYN-024)
Warning: The 'PDIODE8' cell in the 'SP013D3_V1p2_typ' technology library is being 
	marked as "dont_use". (PSYN-039)
Warning: The 'PDIODE8' cell in the 'SP013D3_V1p2_typ' technology library does not 
	have corresponding physical cell description. (PSYN-024)
Warning: The 'PVDD1' cell in the 'SP013D3_V1p2_typ' technology library is being 
	marked as "dont_use". (PSYN-039)
Warning: The 'PVDD1' cell in the 'SP013D3_V1p2_typ' technology library does not 
	have corresponding physical cell description. (PSYN-024)
Warning: The 'PVDD1AP' cell in the 'SP013D3_V1p2_typ' technology library is being 
	marked as "dont_use". (PSYN-039)
Warning: The 'PVDD1AP' cell in the 'SP013D3_V1p2_typ' technology library does not 
	have corresponding physical cell description. (PSYN-024)
Warning: The 'PVDD1AP1' cell in the 'SP013D3_V1p2_typ' technology library is being 
	marked as "dont_use". (PSYN-039)
Warning: The 'PVDD1AP1' cell in the 'SP013D3_V1p2_typ' technology library does not 
	have corresponding physical cell description. (PSYN-024)
Warning: The 'PVDD1ANP' cell in the 'SP013D3_V1p2_typ' technology library is being 
	marked as "dont_use". (PSYN-039)
Warning: The 'PVDD1ANP' cell in the 'SP013D3_V1p2_typ' technology library does not 
	have corresponding physical cell description. (PSYN-024)
Warning: The 'PVDD1CANP' cell in the 'SP013D3_V1p2_typ' technology library is being 
	marked as "dont_use". (PSYN-039)
Warning: The 'PVDD1CANP' cell in the 'SP013D3_V1p2_typ' technology library does not 
	have corresponding physical cell description. (PSYN-024)
Warning: The 'PVDD1CAP' cell in the 'SP013D3_V1p2_typ' technology library is being 
	marked as "dont_use". (PSYN-039)
Warning: The 'PVDD1CAP' cell in the 'SP013D3_V1p2_typ' technology library does not 
	have corresponding physical cell description. (PSYN-024)
Warning: The 'PVDD1CAP1' cell in the 'SP013D3_V1p2_typ' technology library is being 
	marked as "dont_use". (PSYN-039)
Warning: The 'PVDD1CAP1' cell in the 'SP013D3_V1p2_typ' technology library does not 
	have corresponding physical cell description. (PSYN-024)
Warning: The 'PVDD3AP' cell in the 'SP013D3_V1p2_typ' technology library is being 
	marked as "dont_use". (PSYN-039)
Warning: The 'PVDD3AP' cell in the 'SP013D3_V1p2_typ' technology library does not 
	have corresponding physical cell description. (PSYN-024)
Warning: The 'PVDD3CAP' cell in the 'SP013D3_V1p2_typ' technology library is being 
	marked as "dont_use". (PSYN-039)
Warning: The 'PVDD3CAP' cell in the 'SP013D3_V1p2_typ' technology library does not 
	have corresponding physical cell description. (PSYN-024)
Warning: The 'PVSS1' cell in the 'SP013D3_V1p2_typ' technology library is being 
	marked as "dont_use". (PSYN-039)
Warning: The 'PVSS1' cell in the 'SP013D3_V1p2_typ' technology library does not 
	have corresponding physical cell description. (PSYN-024)
Warning: The 'PVSS1AP' cell in the 'SP013D3_V1p2_typ' technology library is being 
	marked as "dont_use". (PSYN-039)
Warning: The 'PVSS1AP' cell in the 'SP013D3_V1p2_typ' technology library does not 
	have corresponding physical cell description. (PSYN-024)
Warning: The 'PVSS1AP1' cell in the 'SP013D3_V1p2_typ' technology library is being 
	marked as "dont_use". (PSYN-039)
Warning: The 'PVSS1AP1' cell in the 'SP013D3_V1p2_typ' technology library does not 
	have corresponding physical cell description. (PSYN-024)
Warning: The 'PVSS1CANP' cell in the 'SP013D3_V1p2_typ' technology library is being 
	marked as "dont_use". (PSYN-039)
Warning: The 'PVSS1CANP' cell in the 'SP013D3_V1p2_typ' technology library does not 
	have corresponding physical cell description. (PSYN-024)
Warning: The 'PVSS1CAP' cell in the 'SP013D3_V1p2_typ' technology library is being 
	marked as "dont_use". (PSYN-039)
Warning: The 'PVSS1CAP' cell in the 'SP013D3_V1p2_typ' technology library does not 
	have corresponding physical cell description. (PSYN-024)
Warning: The 'PVSS1ANP' cell in the 'SP013D3_V1p2_typ' technology library is being 
	marked as "dont_use". (PSYN-039)
Warning: The 'PVSS1ANP' cell in the 'SP013D3_V1p2_typ' technology library does not 
	have corresponding physical cell description. (PSYN-024)
Warning: The 'PVSS1CAP1' cell in the 'SP013D3_V1p2_typ' technology library is being 
	marked as "dont_use". (PSYN-039)
Warning: The 'PVSS1CAP1' cell in the 'SP013D3_V1p2_typ' technology library does not 
	have corresponding physical cell description. (PSYN-024)
Warning: The 'PVSS3' cell in the 'SP013D3_V1p2_typ' technology library is being 
	marked as "dont_use". (PSYN-039)
Warning: The 'PVSS3' cell in the 'SP013D3_V1p2_typ' technology library does not 
	have corresponding physical cell description. (PSYN-024)
Warning: The 'PVSS3AP' cell in the 'SP013D3_V1p2_typ' technology library is being 
	marked as "dont_use". (PSYN-039)
Warning: The 'PVSS3AP' cell in the 'SP013D3_V1p2_typ' technology library does not 
	have corresponding physical cell description. (PSYN-024)
Warning: The 'PVSS3CAP' cell in the 'SP013D3_V1p2_typ' technology library is being 
	marked as "dont_use". (PSYN-039)
Warning: The 'PVSS3CAP' cell in the 'SP013D3_V1p2_typ' technology library does not 
	have corresponding physical cell description. (PSYN-024)
Warning: The 'PVPP' cell in the 'SP013D3_V1p2_typ' technology library is being 
	marked as "dont_use". (PSYN-039)
Warning: The 'PVPP' cell in the 'SP013D3_V1p2_typ' technology library does not 
	have corresponding physical cell description. (PSYN-024)
Warning: The 'P1DIODE' cell in the 'SP013D3_V1p2_typ' technology library is being 
	marked as "dont_use". (PSYN-039)
Warning: The 'P1DIODE' cell in the 'SP013D3_V1p2_typ' technology library does not 
	have corresponding physical cell description. (PSYN-024)
Warning: The 'P1DIODE8' cell in the 'SP013D3_V1p2_typ' technology library is being 
	marked as "dont_use". (PSYN-039)
Warning: The 'P1DIODE8' cell in the 'SP013D3_V1p2_typ' technology library does not 
	have corresponding physical cell description. (PSYN-024)
Warning: The 'PVDD1CE' cell in the 'SP013D3_V1p2_typ' technology library is being 
	marked as "dont_use". (PSYN-039)
Warning: The 'PVDD1CE' cell in the 'SP013D3_V1p2_typ' technology library does not 
	have corresponding physical cell description. (PSYN-024)
Warning: Cell PVDD1CE has no orientation; check FRAM library library /home/eda/lib/smic/SP013D3_V1p4/apollo/SP013D3_V1p2_8MT cell symmetry.  (PSYN-650)
Warning: Cell PVDD1CE orientation is set to the default. (PSYN-651)
Warning: Cell P1DIODE8 has no orientation; check FRAM library library /home/eda/lib/smic/SP013D3_V1p4/apollo/SP013D3_V1p2_8MT cell symmetry.  (PSYN-650)
Warning: Cell P1DIODE8 orientation is set to the default. (PSYN-651)
Warning: Cell P1DIODE has no orientation; check FRAM library library /home/eda/lib/smic/SP013D3_V1p4/apollo/SP013D3_V1p2_8MT cell symmetry.  (PSYN-650)
Warning: Cell P1DIODE orientation is set to the default. (PSYN-651)
Warning: Cell PVPP has no orientation; check FRAM library library /home/eda/lib/smic/SP013D3_V1p4/apollo/SP013D3_V1p2_8MT cell symmetry.  (PSYN-650)
Warning: Cell PVPP orientation is set to the default. (PSYN-651)
Warning: Cell PVSS3CAP has no orientation; check FRAM library library /home/eda/lib/smic/SP013D3_V1p4/apollo/SP013D3_V1p2_8MT cell symmetry.  (PSYN-650)
Warning: Cell PVSS3CAP orientation is set to the default. (PSYN-651)
Warning: Cell PVSS3AP has no orientation; check FRAM library library /home/eda/lib/smic/SP013D3_V1p4/apollo/SP013D3_V1p2_8MT cell symmetry.  (PSYN-650)
Warning: Cell PVSS3AP orientation is set to the default. (PSYN-651)
Warning: Cell PVSS3 has no orientation; check FRAM library library /home/eda/lib/smic/SP013D3_V1p4/apollo/SP013D3_V1p2_8MT cell symmetry.  (PSYN-650)
Warning: Cell PVSS3 orientation is set to the default. (PSYN-651)
Warning: Cell PVSS1CAP1 has no orientation; check FRAM library library /home/eda/lib/smic/SP013D3_V1p4/apollo/SP013D3_V1p2_8MT cell symmetry.  (PSYN-650)
Warning: Cell PVSS1CAP1 orientation is set to the default. (PSYN-651)
Warning: Cell PVSS1ANP has no orientation; check FRAM library library /home/eda/lib/smic/SP013D3_V1p4/apollo/SP013D3_V1p2_8MT cell symmetry.  (PSYN-650)
Warning: Cell PVSS1ANP orientation is set to the default. (PSYN-651)
Warning: Cell PVSS1CAP has no orientation; check FRAM library library /home/eda/lib/smic/SP013D3_V1p4/apollo/SP013D3_V1p2_8MT cell symmetry.  (PSYN-650)
Warning: Cell PVSS1CAP orientation is set to the default. (PSYN-651)
Warning: Cell PVSS1CANP has no orientation; check FRAM library library /home/eda/lib/smic/SP013D3_V1p4/apollo/SP013D3_V1p2_8MT cell symmetry.  (PSYN-650)
Warning: Cell PVSS1CANP orientation is set to the default. (PSYN-651)
Warning: Cell PVSS1AP1 has no orientation; check FRAM library library /home/eda/lib/smic/SP013D3_V1p4/apollo/SP013D3_V1p2_8MT cell symmetry.  (PSYN-650)
Warning: Cell PVSS1AP1 orientation is set to the default. (PSYN-651)
Warning: Cell PVSS1AP has no orientation; check FRAM library library /home/eda/lib/smic/SP013D3_V1p4/apollo/SP013D3_V1p2_8MT cell symmetry.  (PSYN-650)
Warning: Cell PVSS1AP orientation is set to the default. (PSYN-651)
Warning: Cell PVSS1 has no orientation; check FRAM library library /home/eda/lib/smic/SP013D3_V1p4/apollo/SP013D3_V1p2_8MT cell symmetry.  (PSYN-650)
Warning: Cell PVSS1 orientation is set to the default. (PSYN-651)
Warning: Cell PVDD3CAP has no orientation; check FRAM library library /home/eda/lib/smic/SP013D3_V1p4/apollo/SP013D3_V1p2_8MT cell symmetry.  (PSYN-650)
Warning: Cell PVDD3CAP orientation is set to the default. (PSYN-651)
Warning: Cell PVDD3AP has no orientation; check FRAM library library /home/eda/lib/smic/SP013D3_V1p4/apollo/SP013D3_V1p2_8MT cell symmetry.  (PSYN-650)
Warning: Cell PVDD3AP orientation is set to the default. (PSYN-651)
Warning: Cell PVDD1CAP1 has no orientation; check FRAM library library /home/eda/lib/smic/SP013D3_V1p4/apollo/SP013D3_V1p2_8MT cell symmetry.  (PSYN-650)
Warning: Cell PVDD1CAP1 orientation is set to the default. (PSYN-651)
Warning: Cell PVDD1CAP has no orientation; check FRAM library library /home/eda/lib/smic/SP013D3_V1p4/apollo/SP013D3_V1p2_8MT cell symmetry.  (PSYN-650)
Warning: Cell PVDD1CAP orientation is set to the default. (PSYN-651)
Warning: Cell PVDD1CANP has no orientation; check FRAM library library /home/eda/lib/smic/SP013D3_V1p4/apollo/SP013D3_V1p2_8MT cell symmetry.  (PSYN-650)
Warning: Cell PVDD1CANP orientation is set to the default. (PSYN-651)
Warning: Cell PVDD1ANP has no orientation; check FRAM library library /home/eda/lib/smic/SP013D3_V1p4/apollo/SP013D3_V1p2_8MT cell symmetry.  (PSYN-650)
Warning: Cell PVDD1ANP orientation is set to the default. (PSYN-651)
Warning: Cell PVDD1AP1 has no orientation; check FRAM library library /home/eda/lib/smic/SP013D3_V1p4/apollo/SP013D3_V1p2_8MT cell symmetry.  (PSYN-650)
Warning: Cell PVDD1AP1 orientation is set to the default. (PSYN-651)
Warning: Cell PVDD1AP has no orientation; check FRAM library library /home/eda/lib/smic/SP013D3_V1p4/apollo/SP013D3_V1p2_8MT cell symmetry.  (PSYN-650)
Warning: Cell PVDD1AP orientation is set to the default. (PSYN-651)
Warning: Cell PVDD1 has no orientation; check FRAM library library /home/eda/lib/smic/SP013D3_V1p4/apollo/SP013D3_V1p2_8MT cell symmetry.  (PSYN-650)
Warning: Cell PVDD1 orientation is set to the default. (PSYN-651)
Warning: Cell PDIODE8 has no orientation; check FRAM library library /home/eda/lib/smic/SP013D3_V1p4/apollo/SP013D3_V1p2_8MT cell symmetry.  (PSYN-650)
Warning: Cell PDIODE8 orientation is set to the default. (PSYN-651)
Warning: Cell PDIODE has no orientation; check FRAM library library /home/eda/lib/smic/SP013D3_V1p4/apollo/SP013D3_V1p2_8MT cell symmetry.  (PSYN-650)
Warning: Cell PDIODE orientation is set to the default. (PSYN-651)
Warning: Cell PANA4AP has no orientation; check FRAM library library /home/eda/lib/smic/SP013D3_V1p4/apollo/SP013D3_V1p2_8MT cell symmetry.  (PSYN-650)
Warning: Cell PANA4AP orientation is set to the default. (PSYN-651)
Warning: Cell PANA2AP1 has no orientation; check FRAM library library /home/eda/lib/smic/SP013D3_V1p4/apollo/SP013D3_V1p2_8MT cell symmetry.  (PSYN-650)
Warning: Cell PANA2AP1 orientation is set to the default. (PSYN-651)
Warning: Cell PANA2AP has no orientation; check FRAM library library /home/eda/lib/smic/SP013D3_V1p4/apollo/SP013D3_V1p2_8MT cell symmetry.  (PSYN-650)
Warning: Cell PANA2AP orientation is set to the default. (PSYN-651)
Warning: Cell PANA1AP1 has no orientation; check FRAM library library /home/eda/lib/smic/SP013D3_V1p4/apollo/SP013D3_V1p2_8MT cell symmetry.  (PSYN-650)
Warning: Cell PANA1AP1 orientation is set to the default. (PSYN-651)
Warning: Cell PANA1AP has no orientation; check FRAM library library /home/eda/lib/smic/SP013D3_V1p4/apollo/SP013D3_V1p2_8MT cell symmetry.  (PSYN-650)
Warning: Cell PANA1AP orientation is set to the default. (PSYN-651)
Warning: Cell PANA3AP has no orientation; check FRAM library library /home/eda/lib/smic/SP013D3_V1p4/apollo/SP013D3_V1p2_8MT cell symmetry.  (PSYN-650)
Warning: Cell PANA3AP orientation is set to the default. (PSYN-651)
Warning: Cell PCI6BS has no orientation; check FRAM library library /home/eda/lib/smic/SP013D3_V1p4/apollo/SP013D3_V1p2_8MT cell symmetry.  (PSYN-650)
Warning: Cell PCI6BS orientation is set to the default. (PSYN-651)
Warning: Cell PCI6B has no orientation; check FRAM library library /home/eda/lib/smic/SP013D3_V1p4/apollo/SP013D3_V1p2_8MT cell symmetry.  (PSYN-650)
Warning: Cell PCI6B orientation is set to the default. (PSYN-651)
Warning: Cell PCI3BS has no orientation; check FRAM library library /home/eda/lib/smic/SP013D3_V1p4/apollo/SP013D3_V1p2_8MT cell symmetry.  (PSYN-650)
Warning: Cell PCI3BS orientation is set to the default. (PSYN-651)
Warning: Cell PCI3B has no orientation; check FRAM library library /home/eda/lib/smic/SP013D3_V1p4/apollo/SP013D3_V1p2_8MT cell symmetry.  (PSYN-650)
Warning: Cell PCI3B orientation is set to the default. (PSYN-651)
Warning: Cell PXWE3 has no orientation; check FRAM library library /home/eda/lib/smic/SP013D3_V1p4/apollo/SP013D3_V1p2_8MT cell symmetry.  (PSYN-650)
Warning: Cell PXWE3 orientation is set to the default. (PSYN-651)
Warning: Cell PXWE2 has no orientation; check FRAM library library /home/eda/lib/smic/SP013D3_V1p4/apollo/SP013D3_V1p2_8MT cell symmetry.  (PSYN-650)
Warning: Cell PXWE2 orientation is set to the default. (PSYN-651)
Warning: Cell PXWE1 has no orientation; check FRAM library library /home/eda/lib/smic/SP013D3_V1p4/apollo/SP013D3_V1p2_8MT cell symmetry.  (PSYN-650)
Warning: Cell PXWE1 orientation is set to the default. (PSYN-651)
Warning: Cell PX3 has no orientation; check FRAM library library /home/eda/lib/smic/SP013D3_V1p4/apollo/SP013D3_V1p2_8MT cell symmetry.  (PSYN-650)
Warning: Cell PX3 orientation is set to the default. (PSYN-651)
Warning: Cell PX2 has no orientation; check FRAM library library /home/eda/lib/smic/SP013D3_V1p4/apollo/SP013D3_V1p2_8MT cell symmetry.  (PSYN-650)
Warning: Cell PX2 orientation is set to the default. (PSYN-651)
Warning: Cell PX1 has no orientation; check FRAM library library /home/eda/lib/smic/SP013D3_V1p4/apollo/SP013D3_V1p2_8MT cell symmetry.  (PSYN-650)
Warning: Cell PX1 orientation is set to the default. (PSYN-651)
Warning: Cell POTL8 has no orientation; check FRAM library library /home/eda/lib/smic/SP013D3_V1p4/apollo/SP013D3_V1p2_8MT cell symmetry.  (PSYN-650)
Warning: Cell POTL8 orientation is set to the default. (PSYN-651)
Warning: Cell POTL24 has no orientation; check FRAM library library /home/eda/lib/smic/SP013D3_V1p4/apollo/SP013D3_V1p2_8MT cell symmetry.  (PSYN-650)
Warning: Cell POTL24 orientation is set to the default. (PSYN-651)
Warning: Cell POTL16 has no orientation; check FRAM library library /home/eda/lib/smic/SP013D3_V1p4/apollo/SP013D3_V1p2_8MT cell symmetry.  (PSYN-650)
Warning: Cell POTL16 orientation is set to the default. (PSYN-651)
Warning: Cell POTL12 has no orientation; check FRAM library library /home/eda/lib/smic/SP013D3_V1p4/apollo/SP013D3_V1p2_8MT cell symmetry.  (PSYN-650)
Warning: Cell POTL12 orientation is set to the default. (PSYN-651)
Warning: Cell POT8 has no orientation; check FRAM library library /home/eda/lib/smic/SP013D3_V1p4/apollo/SP013D3_V1p2_8MT cell symmetry.  (PSYN-650)
Warning: Cell POT8 orientation is set to the default. (PSYN-651)
Warning: Cell POT4 has no orientation; check FRAM library library /home/eda/lib/smic/SP013D3_V1p4/apollo/SP013D3_V1p2_8MT cell symmetry.  (PSYN-650)
Warning: Cell POT4 orientation is set to the default. (PSYN-651)
Warning: Cell POT24 has no orientation; check FRAM library library /home/eda/lib/smic/SP013D3_V1p4/apollo/SP013D3_V1p2_8MT cell symmetry.  (PSYN-650)
Warning: Cell POT24 orientation is set to the default. (PSYN-651)
Warning: Cell POT2 has no orientation; check FRAM library library /home/eda/lib/smic/SP013D3_V1p4/apollo/SP013D3_V1p2_8MT cell symmetry.  (PSYN-650)
Warning: Cell POT2 orientation is set to the default. (PSYN-651)
Warning: Cell POT16 has no orientation; check FRAM library library /home/eda/lib/smic/SP013D3_V1p4/apollo/SP013D3_V1p2_8MT cell symmetry.  (PSYN-650)
Warning: Cell POT16 orientation is set to the default. (PSYN-651)
Warning: Cell POT12 has no orientation; check FRAM library library /home/eda/lib/smic/SP013D3_V1p4/apollo/SP013D3_V1p2_8MT cell symmetry.  (PSYN-650)
Warning: Cell POT12 orientation is set to the default. (PSYN-651)
Warning: Cell POL8 has no orientation; check FRAM library library /home/eda/lib/smic/SP013D3_V1p4/apollo/SP013D3_V1p2_8MT cell symmetry.  (PSYN-650)
Warning: Cell POL8 orientation is set to the default. (PSYN-651)
Warning: Cell POL24 has no orientation; check FRAM library library /home/eda/lib/smic/SP013D3_V1p4/apollo/SP013D3_V1p2_8MT cell symmetry.  (PSYN-650)
Warning: Cell POL24 orientation is set to the default. (PSYN-651)
Warning: Cell POL16 has no orientation; check FRAM library library /home/eda/lib/smic/SP013D3_V1p4/apollo/SP013D3_V1p2_8MT cell symmetry.  (PSYN-650)
Warning: Cell POL16 orientation is set to the default. (PSYN-651)
Warning: Cell POL12 has no orientation; check FRAM library library /home/eda/lib/smic/SP013D3_V1p4/apollo/SP013D3_V1p2_8MT cell symmetry.  (PSYN-650)
Warning: Cell POL12 orientation is set to the default. (PSYN-651)
Warning: Cell PO8 has no orientation; check FRAM library library /home/eda/lib/smic/SP013D3_V1p4/apollo/SP013D3_V1p2_8MT cell symmetry.  (PSYN-650)
Warning: Cell PO8 orientation is set to the default. (PSYN-651)
Warning: Cell PO4 has no orientation; check FRAM library library /home/eda/lib/smic/SP013D3_V1p4/apollo/SP013D3_V1p2_8MT cell symmetry.  (PSYN-650)
Warning: Cell PO4 orientation is set to the default. (PSYN-651)
Warning: Cell PO24 has no orientation; check FRAM library library /home/eda/lib/smic/SP013D3_V1p4/apollo/SP013D3_V1p2_8MT cell symmetry.  (PSYN-650)
Warning: Cell PO24 orientation is set to the default. (PSYN-651)
Warning: Cell PO2 has no orientation; check FRAM library library /home/eda/lib/smic/SP013D3_V1p4/apollo/SP013D3_V1p2_8MT cell symmetry.  (PSYN-650)
Warning: Cell PO2 orientation is set to the default. (PSYN-651)
Warning: Cell PO16 has no orientation; check FRAM library library /home/eda/lib/smic/SP013D3_V1p4/apollo/SP013D3_V1p2_8MT cell symmetry.  (PSYN-650)
Warning: Cell PO16 orientation is set to the default. (PSYN-651)
Warning: Cell PO12 has no orientation; check FRAM library library /home/eda/lib/smic/SP013D3_V1p4/apollo/SP013D3_V1p2_8MT cell symmetry.  (PSYN-650)
Warning: Cell PO12 orientation is set to the default. (PSYN-651)
Warning: Cell PIU has no orientation; check FRAM library library /home/eda/lib/smic/SP013D3_V1p4/apollo/SP013D3_V1p2_8MT cell symmetry.  (PSYN-650)
Warning: Cell PIU orientation is set to the default. (PSYN-651)
Warning: Cell PISU has no orientation; check FRAM library library /home/eda/lib/smic/SP013D3_V1p4/apollo/SP013D3_V1p2_8MT cell symmetry.  (PSYN-650)
Warning: Cell PISU orientation is set to the default. (PSYN-651)
Warning: Cell PISD has no orientation; check FRAM library library /home/eda/lib/smic/SP013D3_V1p4/apollo/SP013D3_V1p2_8MT cell symmetry.  (PSYN-650)
Warning: Cell PISD orientation is set to the default. (PSYN-651)
Warning: Cell PIS has no orientation; check FRAM library library /home/eda/lib/smic/SP013D3_V1p4/apollo/SP013D3_V1p2_8MT cell symmetry.  (PSYN-650)
Warning: Cell PIS orientation is set to the default. (PSYN-651)
Warning: Cell PID has no orientation; check FRAM library library /home/eda/lib/smic/SP013D3_V1p4/apollo/SP013D3_V1p2_8MT cell symmetry.  (PSYN-650)
Warning: Cell PID orientation is set to the default. (PSYN-651)
Warning: Cell PICU has no orientation; check FRAM library library /home/eda/lib/smic/SP013D3_V1p4/apollo/SP013D3_V1p2_8MT cell symmetry.  (PSYN-650)
Warning: Cell PICU orientation is set to the default. (PSYN-651)
Warning: Cell PICD has no orientation; check FRAM library library /home/eda/lib/smic/SP013D3_V1p4/apollo/SP013D3_V1p2_8MT cell symmetry.  (PSYN-650)
Warning: Cell PICD orientation is set to the default. (PSYN-651)
Warning: Cell PI has no orientation; check FRAM library library /home/eda/lib/smic/SP013D3_V1p4/apollo/SP013D3_V1p2_8MT cell symmetry.  (PSYN-650)
Warning: Cell PI orientation is set to the default. (PSYN-651)
Warning: Cell PBUL8 has no orientation; check FRAM library library /home/eda/lib/smic/SP013D3_V1p4/apollo/SP013D3_V1p2_8MT cell symmetry.  (PSYN-650)
Warning: Cell PBUL8 orientation is set to the default. (PSYN-651)
Warning: Cell PBUL24 has no orientation; check FRAM library library /home/eda/lib/smic/SP013D3_V1p4/apollo/SP013D3_V1p2_8MT cell symmetry.  (PSYN-650)
Warning: Cell PBUL24 orientation is set to the default. (PSYN-651)
Warning: Cell PBUL16 has no orientation; check FRAM library library /home/eda/lib/smic/SP013D3_V1p4/apollo/SP013D3_V1p2_8MT cell symmetry.  (PSYN-650)
Warning: Cell PBUL16 orientation is set to the default. (PSYN-651)
Warning: Cell PBUL12 has no orientation; check FRAM library library /home/eda/lib/smic/SP013D3_V1p4/apollo/SP013D3_V1p2_8MT cell symmetry.  (PSYN-650)
Warning: Cell PBUL12 orientation is set to the default. (PSYN-651)
Warning: Cell PBU8 has no orientation; check FRAM library library /home/eda/lib/smic/SP013D3_V1p4/apollo/SP013D3_V1p2_8MT cell symmetry.  (PSYN-650)
Warning: Cell PBU8 orientation is set to the default. (PSYN-651)
Warning: Cell PBU4 has no orientation; check FRAM library library /home/eda/lib/smic/SP013D3_V1p4/apollo/SP013D3_V1p2_8MT cell symmetry.  (PSYN-650)
Warning: Cell PBU4 orientation is set to the default. (PSYN-651)
Warning: Cell PBU24 has no orientation; check FRAM library library /home/eda/lib/smic/SP013D3_V1p4/apollo/SP013D3_V1p2_8MT cell symmetry.  (PSYN-650)
Warning: Cell PBU24 orientation is set to the default. (PSYN-651)
Warning: Cell PBU2 has no orientation; check FRAM library library /home/eda/lib/smic/SP013D3_V1p4/apollo/SP013D3_V1p2_8MT cell symmetry.  (PSYN-650)
Warning: Cell PBU2 orientation is set to the default. (PSYN-651)
Warning: Cell PBU16 has no orientation; check FRAM library library /home/eda/lib/smic/SP013D3_V1p4/apollo/SP013D3_V1p2_8MT cell symmetry.  (PSYN-650)
Warning: Cell PBU16 orientation is set to the default. (PSYN-651)
Warning: Cell PBU12 has no orientation; check FRAM library library /home/eda/lib/smic/SP013D3_V1p4/apollo/SP013D3_V1p2_8MT cell symmetry.  (PSYN-650)
Warning: Cell PBU12 orientation is set to the default. (PSYN-651)
Warning: Cell PBSUL8 has no orientation; check FRAM library library /home/eda/lib/smic/SP013D3_V1p4/apollo/SP013D3_V1p2_8MT cell symmetry.  (PSYN-650)
Warning: Cell PBSUL8 orientation is set to the default. (PSYN-651)
Warning: Cell PBSUL24 has no orientation; check FRAM library library /home/eda/lib/smic/SP013D3_V1p4/apollo/SP013D3_V1p2_8MT cell symmetry.  (PSYN-650)
Warning: Cell PBSUL24 orientation is set to the default. (PSYN-651)
Warning: Cell PBSUL16 has no orientation; check FRAM library library /home/eda/lib/smic/SP013D3_V1p4/apollo/SP013D3_V1p2_8MT cell symmetry.  (PSYN-650)
Warning: Cell PBSUL16 orientation is set to the default. (PSYN-651)
Warning: Cell PBSUL12 has no orientation; check FRAM library library /home/eda/lib/smic/SP013D3_V1p4/apollo/SP013D3_V1p2_8MT cell symmetry.  (PSYN-650)
Warning: Cell PBSUL12 orientation is set to the default. (PSYN-651)
Warning: Cell PBSU8 has no orientation; check FRAM library library /home/eda/lib/smic/SP013D3_V1p4/apollo/SP013D3_V1p2_8MT cell symmetry.  (PSYN-650)
Warning: Cell PBSU8 orientation is set to the default. (PSYN-651)
Warning: Cell PBSU4 has no orientation; check FRAM library library /home/eda/lib/smic/SP013D3_V1p4/apollo/SP013D3_V1p2_8MT cell symmetry.  (PSYN-650)
Warning: Cell PBSU4 orientation is set to the default. (PSYN-651)
Warning: Cell PBSU24 has no orientation; check FRAM library library /home/eda/lib/smic/SP013D3_V1p4/apollo/SP013D3_V1p2_8MT cell symmetry.  (PSYN-650)
Warning: Cell PBSU24 orientation is set to the default. (PSYN-651)
Warning: Cell PBSU2 has no orientation; check FRAM library library /home/eda/lib/smic/SP013D3_V1p4/apollo/SP013D3_V1p2_8MT cell symmetry.  (PSYN-650)
Warning: Cell PBSU2 orientation is set to the default. (PSYN-651)
Warning: Cell PBSU16 has no orientation; check FRAM library library /home/eda/lib/smic/SP013D3_V1p4/apollo/SP013D3_V1p2_8MT cell symmetry.  (PSYN-650)
Warning: Cell PBSU16 orientation is set to the default. (PSYN-651)
Warning: Cell PBSU12 has no orientation; check FRAM library library /home/eda/lib/smic/SP013D3_V1p4/apollo/SP013D3_V1p2_8MT cell symmetry.  (PSYN-650)
Warning: Cell PBSU12 orientation is set to the default. (PSYN-651)
Warning: Cell PBSL8 has no orientation; check FRAM library library /home/eda/lib/smic/SP013D3_V1p4/apollo/SP013D3_V1p2_8MT cell symmetry.  (PSYN-650)
Warning: Cell PBSL8 orientation is set to the default. (PSYN-651)
Warning: Cell PBSL24 has no orientation; check FRAM library library /home/eda/lib/smic/SP013D3_V1p4/apollo/SP013D3_V1p2_8MT cell symmetry.  (PSYN-650)
Warning: Cell PBSL24 orientation is set to the default. (PSYN-651)
Warning: Cell PBSL16 has no orientation; check FRAM library library /home/eda/lib/smic/SP013D3_V1p4/apollo/SP013D3_V1p2_8MT cell symmetry.  (PSYN-650)
Warning: Cell PBSL16 orientation is set to the default. (PSYN-651)
Warning: Cell PBSL12 has no orientation; check FRAM library library /home/eda/lib/smic/SP013D3_V1p4/apollo/SP013D3_V1p2_8MT cell symmetry.  (PSYN-650)
Warning: Cell PBSL12 orientation is set to the default. (PSYN-651)
Warning: Cell PBSDL8 has no orientation; check FRAM library library /home/eda/lib/smic/SP013D3_V1p4/apollo/SP013D3_V1p2_8MT cell symmetry.  (PSYN-650)
Warning: Cell PBSDL8 orientation is set to the default. (PSYN-651)
Warning: Cell PBSDL24 has no orientation; check FRAM library library /home/eda/lib/smic/SP013D3_V1p4/apollo/SP013D3_V1p2_8MT cell symmetry.  (PSYN-650)
Warning: Cell PBSDL24 orientation is set to the default. (PSYN-651)
Warning: Cell PBSDL16 has no orientation; check FRAM library library /home/eda/lib/smic/SP013D3_V1p4/apollo/SP013D3_V1p2_8MT cell symmetry.  (PSYN-650)
Warning: Cell PBSDL16 orientation is set to the default. (PSYN-651)
Warning: Cell PBSDL12 has no orientation; check FRAM library library /home/eda/lib/smic/SP013D3_V1p4/apollo/SP013D3_V1p2_8MT cell symmetry.  (PSYN-650)
Warning: Cell PBSDL12 orientation is set to the default. (PSYN-651)
Warning: Cell PBSD8 has no orientation; check FRAM library library /home/eda/lib/smic/SP013D3_V1p4/apollo/SP013D3_V1p2_8MT cell symmetry.  (PSYN-650)
Warning: Cell PBSD8 orientation is set to the default. (PSYN-651)
Warning: Cell PBSD4 has no orientation; check FRAM library library /home/eda/lib/smic/SP013D3_V1p4/apollo/SP013D3_V1p2_8MT cell symmetry.  (PSYN-650)
Warning: Cell PBSD4 orientation is set to the default. (PSYN-651)
Warning: Cell PBSD24 has no orientation; check FRAM library library /home/eda/lib/smic/SP013D3_V1p4/apollo/SP013D3_V1p2_8MT cell symmetry.  (PSYN-650)
Warning: Cell PBSD24 orientation is set to the default. (PSYN-651)
Warning: Cell PBSD2 has no orientation; check FRAM library library /home/eda/lib/smic/SP013D3_V1p4/apollo/SP013D3_V1p2_8MT cell symmetry.  (PSYN-650)
Warning: Cell PBSD2 orientation is set to the default. (PSYN-651)
Warning: Cell PBSD16 has no orientation; check FRAM library library /home/eda/lib/smic/SP013D3_V1p4/apollo/SP013D3_V1p2_8MT cell symmetry.  (PSYN-650)
Warning: Cell PBSD16 orientation is set to the default. (PSYN-651)
Warning: Cell PBSD12 has no orientation; check FRAM library library /home/eda/lib/smic/SP013D3_V1p4/apollo/SP013D3_V1p2_8MT cell symmetry.  (PSYN-650)
Warning: Cell PBSD12 orientation is set to the default. (PSYN-651)
Warning: Cell PBS8 has no orientation; check FRAM library library /home/eda/lib/smic/SP013D3_V1p4/apollo/SP013D3_V1p2_8MT cell symmetry.  (PSYN-650)
Warning: Cell PBS8 orientation is set to the default. (PSYN-651)
Warning: Cell PBS4 has no orientation; check FRAM library library /home/eda/lib/smic/SP013D3_V1p4/apollo/SP013D3_V1p2_8MT cell symmetry.  (PSYN-650)
Warning: Cell PBS4 orientation is set to the default. (PSYN-651)
Warning: Cell PBS24 has no orientation; check FRAM library library /home/eda/lib/smic/SP013D3_V1p4/apollo/SP013D3_V1p2_8MT cell symmetry.  (PSYN-650)
Warning: Cell PBS24 orientation is set to the default. (PSYN-651)
Warning: Cell PBS2 has no orientation; check FRAM library library /home/eda/lib/smic/SP013D3_V1p4/apollo/SP013D3_V1p2_8MT cell symmetry.  (PSYN-650)
Warning: Cell PBS2 orientation is set to the default. (PSYN-651)
Warning: Cell PBS16 has no orientation; check FRAM library library /home/eda/lib/smic/SP013D3_V1p4/apollo/SP013D3_V1p2_8MT cell symmetry.  (PSYN-650)
Warning: Cell PBS16 orientation is set to the default. (PSYN-651)
Warning: Cell PBS12 has no orientation; check FRAM library library /home/eda/lib/smic/SP013D3_V1p4/apollo/SP013D3_V1p2_8MT cell symmetry.  (PSYN-650)
Warning: Cell PBS12 orientation is set to the default. (PSYN-651)
Warning: Cell PBL8 has no orientation; check FRAM library library /home/eda/lib/smic/SP013D3_V1p4/apollo/SP013D3_V1p2_8MT cell symmetry.  (PSYN-650)
Warning: Cell PBL8 orientation is set to the default. (PSYN-651)
Warning: Cell PBL24 has no orientation; check FRAM library library /home/eda/lib/smic/SP013D3_V1p4/apollo/SP013D3_V1p2_8MT cell symmetry.  (PSYN-650)
Warning: Cell PBL24 orientation is set to the default. (PSYN-651)
Warning: Cell PBL16 has no orientation; check FRAM library library /home/eda/lib/smic/SP013D3_V1p4/apollo/SP013D3_V1p2_8MT cell symmetry.  (PSYN-650)
Warning: Cell PBL16 orientation is set to the default. (PSYN-651)
Warning: Cell PBL12 has no orientation; check FRAM library library /home/eda/lib/smic/SP013D3_V1p4/apollo/SP013D3_V1p2_8MT cell symmetry.  (PSYN-650)
Warning: Cell PBL12 orientation is set to the default. (PSYN-651)
Warning: Cell PBDL8 has no orientation; check FRAM library library /home/eda/lib/smic/SP013D3_V1p4/apollo/SP013D3_V1p2_8MT cell symmetry.  (PSYN-650)
Warning: Cell PBDL8 orientation is set to the default. (PSYN-651)
Warning: Cell PBDL24 has no orientation; check FRAM library library /home/eda/lib/smic/SP013D3_V1p4/apollo/SP013D3_V1p2_8MT cell symmetry.  (PSYN-650)
Warning: Cell PBDL24 orientation is set to the default. (PSYN-651)
Warning: Cell PBDL16 has no orientation; check FRAM library library /home/eda/lib/smic/SP013D3_V1p4/apollo/SP013D3_V1p2_8MT cell symmetry.  (PSYN-650)
Warning: Cell PBDL16 orientation is set to the default. (PSYN-651)
Warning: Cell PBDL12 has no orientation; check FRAM library library /home/eda/lib/smic/SP013D3_V1p4/apollo/SP013D3_V1p2_8MT cell symmetry.  (PSYN-650)
Warning: Cell PBDL12 orientation is set to the default. (PSYN-651)
Warning: Cell PBD8 has no orientation; check FRAM library library /home/eda/lib/smic/SP013D3_V1p4/apollo/SP013D3_V1p2_8MT cell symmetry.  (PSYN-650)
Warning: Cell PBD8 orientation is set to the default. (PSYN-651)
Warning: Cell PBD4 has no orientation; check FRAM library library /home/eda/lib/smic/SP013D3_V1p4/apollo/SP013D3_V1p2_8MT cell symmetry.  (PSYN-650)
Warning: Cell PBD4 orientation is set to the default. (PSYN-651)
Warning: Cell PBD24 has no orientation; check FRAM library library /home/eda/lib/smic/SP013D3_V1p4/apollo/SP013D3_V1p2_8MT cell symmetry.  (PSYN-650)
Warning: Cell PBD24 orientation is set to the default. (PSYN-651)
Warning: Cell PBD2 has no orientation; check FRAM library library /home/eda/lib/smic/SP013D3_V1p4/apollo/SP013D3_V1p2_8MT cell symmetry.  (PSYN-650)
Warning: Cell PBD2 orientation is set to the default. (PSYN-651)
Warning: Cell PBD16 has no orientation; check FRAM library library /home/eda/lib/smic/SP013D3_V1p4/apollo/SP013D3_V1p2_8MT cell symmetry.  (PSYN-650)
Warning: Cell PBD16 orientation is set to the default. (PSYN-651)
Warning: Cell PBD12 has no orientation; check FRAM library library /home/eda/lib/smic/SP013D3_V1p4/apollo/SP013D3_V1p2_8MT cell symmetry.  (PSYN-650)
Warning: Cell PBD12 orientation is set to the default. (PSYN-651)
Warning: Cell PBCUL8 has no orientation; check FRAM library library /home/eda/lib/smic/SP013D3_V1p4/apollo/SP013D3_V1p2_8MT cell symmetry.  (PSYN-650)
Warning: Cell PBCUL8 orientation is set to the default. (PSYN-651)
Warning: Cell PBCUL24 has no orientation; check FRAM library library /home/eda/lib/smic/SP013D3_V1p4/apollo/SP013D3_V1p2_8MT cell symmetry.  (PSYN-650)
Warning: Cell PBCUL24 orientation is set to the default. (PSYN-651)
Warning: Cell PBCUL16 has no orientation; check FRAM library library /home/eda/lib/smic/SP013D3_V1p4/apollo/SP013D3_V1p2_8MT cell symmetry.  (PSYN-650)
Warning: Cell PBCUL16 orientation is set to the default. (PSYN-651)
Warning: Cell PBCUL12 has no orientation; check FRAM library library /home/eda/lib/smic/SP013D3_V1p4/apollo/SP013D3_V1p2_8MT cell symmetry.  (PSYN-650)
Warning: Cell PBCUL12 orientation is set to the default. (PSYN-651)
Warning: Cell PBCU8 has no orientation; check FRAM library library /home/eda/lib/smic/SP013D3_V1p4/apollo/SP013D3_V1p2_8MT cell symmetry.  (PSYN-650)
Warning: Cell PBCU8 orientation is set to the default. (PSYN-651)
Warning: Cell PBCU4 has no orientation; check FRAM library library /home/eda/lib/smic/SP013D3_V1p4/apollo/SP013D3_V1p2_8MT cell symmetry.  (PSYN-650)
Warning: Cell PBCU4 orientation is set to the default. (PSYN-651)
Warning: Cell PBCU24 has no orientation; check FRAM library library /home/eda/lib/smic/SP013D3_V1p4/apollo/SP013D3_V1p2_8MT cell symmetry.  (PSYN-650)
Warning: Cell PBCU24 orientation is set to the default. (PSYN-651)
Warning: Cell PBCU2 has no orientation; check FRAM library library /home/eda/lib/smic/SP013D3_V1p4/apollo/SP013D3_V1p2_8MT cell symmetry.  (PSYN-650)
Warning: Cell PBCU2 orientation is set to the default. (PSYN-651)
Warning: Cell PBCU16 has no orientation; check FRAM library library /home/eda/lib/smic/SP013D3_V1p4/apollo/SP013D3_V1p2_8MT cell symmetry.  (PSYN-650)
Warning: Cell PBCU16 orientation is set to the default. (PSYN-651)
Warning: Cell PBCU12 has no orientation; check FRAM library library /home/eda/lib/smic/SP013D3_V1p4/apollo/SP013D3_V1p2_8MT cell symmetry.  (PSYN-650)
Warning: Cell PBCU12 orientation is set to the default. (PSYN-651)
Warning: Cell PBCDL8 has no orientation; check FRAM library library /home/eda/lib/smic/SP013D3_V1p4/apollo/SP013D3_V1p2_8MT cell symmetry.  (PSYN-650)
Warning: Cell PBCDL8 orientation is set to the default. (PSYN-651)
Warning: Cell PBCDL24 has no orientation; check FRAM library library /home/eda/lib/smic/SP013D3_V1p4/apollo/SP013D3_V1p2_8MT cell symmetry.  (PSYN-650)
Warning: Cell PBCDL24 orientation is set to the default. (PSYN-651)
Warning: Cell PBCDL16 has no orientation; check FRAM library library /home/eda/lib/smic/SP013D3_V1p4/apollo/SP013D3_V1p2_8MT cell symmetry.  (PSYN-650)
Warning: Cell PBCDL16 orientation is set to the default. (PSYN-651)
Warning: Cell PBCDL12 has no orientation; check FRAM library library /home/eda/lib/smic/SP013D3_V1p4/apollo/SP013D3_V1p2_8MT cell symmetry.  (PSYN-650)
Warning: Cell PBCDL12 orientation is set to the default. (PSYN-651)
Warning: Cell PBCD8 has no orientation; check FRAM library library /home/eda/lib/smic/SP013D3_V1p4/apollo/SP013D3_V1p2_8MT cell symmetry.  (PSYN-650)
Warning: Cell PBCD8 orientation is set to the default. (PSYN-651)
Warning: Cell PBCD4 has no orientation; check FRAM library library /home/eda/lib/smic/SP013D3_V1p4/apollo/SP013D3_V1p2_8MT cell symmetry.  (PSYN-650)
Warning: Cell PBCD4 orientation is set to the default. (PSYN-651)
Warning: Cell PBCD24 has no orientation; check FRAM library library /home/eda/lib/smic/SP013D3_V1p4/apollo/SP013D3_V1p2_8MT cell symmetry.  (PSYN-650)
Warning: Cell PBCD24 orientation is set to the default. (PSYN-651)
Warning: Cell PBCD2 has no orientation; check FRAM library library /home/eda/lib/smic/SP013D3_V1p4/apollo/SP013D3_V1p2_8MT cell symmetry.  (PSYN-650)
Warning: Cell PBCD2 orientation is set to the default. (PSYN-651)
Warning: Cell PBCD16 has no orientation; check FRAM library library /home/eda/lib/smic/SP013D3_V1p4/apollo/SP013D3_V1p2_8MT cell symmetry.  (PSYN-650)
Warning: Cell PBCD16 orientation is set to the default. (PSYN-651)
Warning: Cell PBCD12 has no orientation; check FRAM library library /home/eda/lib/smic/SP013D3_V1p4/apollo/SP013D3_V1p2_8MT cell symmetry.  (PSYN-650)
Warning: Cell PBCD12 orientation is set to the default. (PSYN-651)
Warning: Cell PB8 has no orientation; check FRAM library library /home/eda/lib/smic/SP013D3_V1p4/apollo/SP013D3_V1p2_8MT cell symmetry.  (PSYN-650)
Warning: Cell PB8 orientation is set to the default. (PSYN-651)
Warning: Cell PB4 has no orientation; check FRAM library library /home/eda/lib/smic/SP013D3_V1p4/apollo/SP013D3_V1p2_8MT cell symmetry.  (PSYN-650)
Warning: Cell PB4 orientation is set to the default. (PSYN-651)
Warning: Cell PB24 has no orientation; check FRAM library library /home/eda/lib/smic/SP013D3_V1p4/apollo/SP013D3_V1p2_8MT cell symmetry.  (PSYN-650)
Warning: Cell PB24 orientation is set to the default. (PSYN-651)
Warning: Cell PB2 has no orientation; check FRAM library library /home/eda/lib/smic/SP013D3_V1p4/apollo/SP013D3_V1p2_8MT cell symmetry.  (PSYN-650)
Warning: Cell PB2 orientation is set to the default. (PSYN-651)
Warning: Cell PB16 has no orientation; check FRAM library library /home/eda/lib/smic/SP013D3_V1p4/apollo/SP013D3_V1p2_8MT cell symmetry.  (PSYN-650)
Warning: Cell PB16 orientation is set to the default. (PSYN-651)
Warning: Cell PB12 has no orientation; check FRAM library library /home/eda/lib/smic/SP013D3_V1p4/apollo/SP013D3_V1p2_8MT cell symmetry.  (PSYN-650)
Warning: Cell PB12 orientation is set to the default. (PSYN-651)

  Linking design 'control_pad'
  Using the following designs and libraries:
  --------------------------------------------------------------------------
  control_pad                 floorplan.CEL
  typical_1v2c25 (library)    /home/eda/lib/smic/aci/sc-x/synopsys/typical_1v2c25.db
  SP013D3_V1p2_typ (library)  /home/eda/lib/smic/SP013D3_V1p4/syn/SP013D3_V1p2_typ.db

Warning: Cell PFILL001 has no orientation; check FRAM library library /home/eda/lib/smic/SP013D3_V1p4/apollo/SP013D3_V1p2_8MT cell symmetry.  (PSYN-650)
Warning: Cell PFILL001 orientation is set to the default. (PSYN-651)
Warning: Cell PCORNER has no orientation; check FRAM library library /home/eda/lib/smic/SP013D3_V1p4/apollo/SP013D3_V1p2_8MT cell symmetry.  (PSYN-650)
Warning: Cell PCORNER orientation is set to the default. (PSYN-651)
Warning: Cell PVSS2 has no orientation; check FRAM library library /home/eda/lib/smic/SP013D3_V1p4/apollo/SP013D3_V1p2_8MT cell symmetry.  (PSYN-650)
Warning: Cell PVSS2 orientation is set to the default. (PSYN-651)
Warning: Cell PVDD2 has no orientation; check FRAM library library /home/eda/lib/smic/SP013D3_V1p4/apollo/SP013D3_V1p2_8MT cell symmetry.  (PSYN-650)
Warning: Cell PVDD2 orientation is set to the default. (PSYN-651)
# GUI Debug: Building dc from empty. -- Time: 1sec 728ms
Information: The design has horizontal rows, and Y-symmetry has been used for sites. (MWDC-217)
Floorplan loading succeeded.
Warning: Cell 'i_rst' is being marked as "dont_touch" because it has 
	a fixed_placement attribute. (PSYN-040)
Warning: Cell 'i_clk' is being marked as "dont_touch" because it has 
	a fixed_placement attribute. (PSYN-040)
Warning: Cell 'i_zero' is being marked as "dont_touch" because it has 
	a fixed_placement attribute. (PSYN-040)
Warning: Cell 'i_opcode_0' is being marked as "dont_touch" because it has 
	a fixed_placement attribute. (PSYN-040)
Warning: Cell 'i_opcode_1' is being marked as "dont_touch" because it has 
	a fixed_placement attribute. (PSYN-040)
Warning: Cell 'i_opcode_2' is being marked as "dont_touch" because it has 
	a fixed_placement attribute. (PSYN-040)
Warning: Cell 'i_rd' is being marked as "dont_touch" because it has 
	a fixed_placement attribute. (PSYN-040)
Warning: Cell 'i_wr' is being marked as "dont_touch" because it has 
	a fixed_placement attribute. (PSYN-040)
Warning: Cell 'i_ld_ir' is being marked as "dont_touch" because it has 
	a fixed_placement attribute. (PSYN-040)
Warning: Cell 'i_ld_ac' is being marked as "dont_touch" because it has 
	a fixed_placement attribute. (PSYN-040)
Note - message 'PSYN-040' limit (10) exceeded.  Remainder will be suppressed.
Warning: The trip points for the library named SP013D3_V1p2_typ differ from those in the library named typical_1v2c25. (TIM-164)
Warning: Reference TLATNTSCAX8 contains internal pins with clock attribute. (TIM-103)
Warning: Reference TLATNTSCAX6 contains internal pins with clock attribute. (TIM-103)
Warning: Reference TLATNTSCAX4 contains internal pins with clock attribute. (TIM-103)
Warning: Reference TLATNTSCAX3 contains internal pins with clock attribute. (TIM-103)
Warning: Reference TLATNTSCAX20 contains internal pins with clock attribute. (TIM-103)
Warning: Reference TLATNTSCAX2 contains internal pins with clock attribute. (TIM-103)
Warning: Reference TLATNTSCAX16 contains internal pins with clock attribute. (TIM-103)
Warning: Reference TLATNTSCAX12 contains internal pins with clock attribute. (TIM-103)
Warning: Reference TLATNCAX8 contains internal pins with clock attribute. (TIM-103)
Warning: Reference TLATNCAX6 contains internal pins with clock attribute. (TIM-103)
Warning: Reference TLATNCAX4 contains internal pins with clock attribute. (TIM-103)
Warning: Reference TLATNCAX3 contains internal pins with clock attribute. (TIM-103)
Warning: Reference TLATNCAX20 contains internal pins with clock attribute. (TIM-103)
Warning: Reference TLATNCAX2 contains internal pins with clock attribute. (TIM-103)
Warning: Reference TLATNCAX16 contains internal pins with clock attribute. (TIM-103)
Warning: Reference TLATNCAX12 contains internal pins with clock attribute. (TIM-103)
Information: Total 0 power/ground net(s) have been created.
1
derive_pg_connection -power_net VDD -power_pin VDD -ground_net VSS -ground_pin VSS ; # Connect P/G Pins to supply nets, 
Information: connected 2 power ports and 2 ground ports
1
derive_pg_connection -power_net VDD -ground_net VSS -tie ; # Connect P/G Pins to supply nets, 
reconnected total 0 tie highs and 0 tie lows
1
save_mw_cel -as floorplanafterpn 
Information: Performing CEL netlist consistency check. (MWDC-118)
Information: CEL consistency check PASSED. (MWDC-119)
Information: Saved design named floorplanafterpn. (UIG-5)
1
################################################ 
#Route Standard Cell Rails 
############################################### 
set_preroute_drc_strategy -min_layer METAL1 -max_layer METAL8 
1
preroute_standard_cells -nets "VDD VSS" -remove_floating_pieces -do_not_route_over_macros ; 
Using [3 x 3] Fat Wire Table for METAL1
Using [3 x 3] Fat Wire Table for METAL2
Using [3 x 3] Fat Wire Table for METAL3
Using [3 x 3] Fat Wire Table for METAL4
Using [3 x 3] Fat Wire Table for METAL5
Using [3 x 3] Fat Wire Table for METAL6
Using [3 x 3] Fat Wire Table for METAL7
Using [2 x 2] Fat Wire Table for VIA12
Using [2 x 2] Fat Wire Table for VIA23
Using [2 x 2] Fat Wire Table for VIA34
Using [2 x 2] Fat Wire Table for VIA45
Using [2 x 2] Fat Wire Table for VIA56
Using [2 x 2] Fat Wire Table for VIA67
Prerouting standard cells horizontally: 
 [done] 

[Prerouter] CPU = 00:00:00, Elapsed = 00:00:00
	Peak Memory =      729M Data =       13M
1
create_fp_placement -congestion -timing -no_hierarchy_gravity 
Warning: No scan chain found. (VFP-425)
CPU time for freeing timing design =    0:00:00
Elapsed time for freeing timing design =    0:00:01
num_cpus = 1
Reference Point: Lower Left-hand corner of Core Base Array
Reference Point: Lower Left-hand corner of Core Base Array
Reference Point: Lower Left-hand corner of Core Base Array
Reference Point: Lower Left-hand corner of Core Base Array
Reference Point: Lower Left-hand corner of Core Base Array
flip_chip = 0
*** Performing global placement...
Transferring Data From Milkyway...
Number of plan group pins = 0
  0 blocks freed
  0 bytes freed
Placement Effort Level: Low
Placement Design Stats
Num std     cells  = 27 (fixed = 0)
Num macros  cells  = 0 (fixed = 0)
Num IOs     cells  = 27
Num bump    cells  = 0
Num LS/ISO  cells  = 0
Num no type cells  = 0
Num other   cells  = 0
Num cells with no net connections = 0
Num non-zero wt nets = 51
Num     zero wt nets = 0
A net with highest fanout (7) is i_control\/state[2]
grouping macros ...
0 macro arrays generated automatically.
0 array cells created
No large HMs were processed
coarse place 0% done.
coarse place 50% done.
coarse place 100% done.
Transferring Data to Milkyway ...
Calculating timing weight ...
Information: linking reference library : /home/eda/lib/smic/aci/sc-x/apollo/smic13g. (PSYN-878)
Information: linking reference library : /home/eda/lib/smic/SP013D3_V1p4/apollo/SP013D3_V1p2_8MT. (PSYN-878)
Warning: The pin direction of 'PAD' pin on 'PANA4AP' cell in the 'SP013D3_V1p2_typ' technology library is inconsistent with the same-name pin in the '/home/eda/lib/smic/SP013D3_V1p4/apollo/SP013D3_V1p2_8MT' physical library. No physical link for the logical lib cell. (PSYN-058)
Warning: The pin direction of 'PAD' pin on 'PANA3AP' cell in the 'SP013D3_V1p2_typ' technology library is inconsistent with the same-name pin in the '/home/eda/lib/smic/SP013D3_V1p4/apollo/SP013D3_V1p2_8MT' physical library. No physical link for the logical lib cell. (PSYN-058)
Warning: The pin direction of 'SVDD1AP' pin on 'PVDD1AP' cell in the 'SP013D3_V1p2_typ' technology library is inconsistent with the same-name pin in the '/home/eda/lib/smic/SP013D3_V1p4/apollo/SP013D3_V1p2_8MT' physical library. No physical link for the logical lib cell. (PSYN-058)
Warning: The pin direction of 'SAVDD' pin on 'PVDD3AP' cell in the 'SP013D3_V1p2_typ' technology library is inconsistent with the same-name pin in the '/home/eda/lib/smic/SP013D3_V1p4/apollo/SP013D3_V1p2_8MT' physical library. No physical link for the logical lib cell. (PSYN-058)
Warning: The pin direction of 'SAVSS' pin on 'PVSS3AP' cell in the 'SP013D3_V1p2_typ' technology library is inconsistent with the same-name pin in the '/home/eda/lib/smic/SP013D3_V1p4/apollo/SP013D3_V1p2_8MT' physical library. No physical link for the logical lib cell. (PSYN-058)
Warning: The pin direction of 'SVSS1AP' pin on 'PVSS1AP' cell in the 'SP013D3_V1p2_typ' technology library is inconsistent with the same-name pin in the '/home/eda/lib/smic/SP013D3_V1p4/apollo/SP013D3_V1p2_8MT' physical library. No physical link for the logical lib cell. (PSYN-058)
Warning: The pin direction of 'PAD' pin on 'PANA1AP' cell in the 'SP013D3_V1p2_typ' technology library is inconsistent with the same-name pin in the '/home/eda/lib/smic/SP013D3_V1p4/apollo/SP013D3_V1p2_8MT' physical library. No physical link for the logical lib cell. (PSYN-058)
Warning: The pin direction of 'PAD' pin on 'PANA2AP' cell in the 'SP013D3_V1p2_typ' technology library is inconsistent with the same-name pin in the '/home/eda/lib/smic/SP013D3_V1p4/apollo/SP013D3_V1p2_8MT' physical library. No physical link for the logical lib cell. (PSYN-058)
Warning: The pin direction of 'SVDD1CAP' pin on 'PVDD1CAP' cell in the 'SP013D3_V1p2_typ' technology library is inconsistent with the same-name pin in the '/home/eda/lib/smic/SP013D3_V1p4/apollo/SP013D3_V1p2_8MT' physical library. No physical link for the logical lib cell. (PSYN-058)
Warning: The pin direction of 'SAVDD' pin on 'PVDD3CAP' cell in the 'SP013D3_V1p2_typ' technology library is inconsistent with the same-name pin in the '/home/eda/lib/smic/SP013D3_V1p4/apollo/SP013D3_V1p2_8MT' physical library. No physical link for the logical lib cell. (PSYN-058)
Warning: The pin direction of 'SVSS1CAP' pin on 'PVSS1CAP' cell in the 'SP013D3_V1p2_typ' technology library is inconsistent with the same-name pin in the '/home/eda/lib/smic/SP013D3_V1p4/apollo/SP013D3_V1p2_8MT' physical library. No physical link for the logical lib cell. (PSYN-058)
Warning: The pin direction of 'SAVSS' pin on 'PVSS3CAP' cell in the 'SP013D3_V1p2_typ' technology library is inconsistent with the same-name pin in the '/home/eda/lib/smic/SP013D3_V1p4/apollo/SP013D3_V1p2_8MT' physical library. No physical link for the logical lib cell. (PSYN-058)
Warning: The pin direction of 'SVDD1AP1' pin on 'PVDD1AP1' cell in the 'SP013D3_V1p2_typ' technology library is inconsistent with the same-name pin in the '/home/eda/lib/smic/SP013D3_V1p4/apollo/SP013D3_V1p2_8MT' physical library. No physical link for the logical lib cell. (PSYN-058)
Warning: The pin direction of 'SVSS1AP1' pin on 'PVSS1AP1' cell in the 'SP013D3_V1p2_typ' technology library is inconsistent with the same-name pin in the '/home/eda/lib/smic/SP013D3_V1p4/apollo/SP013D3_V1p2_8MT' physical library. No physical link for the logical lib cell. (PSYN-058)
Warning: The pin direction of 'PAD' pin on 'PANA1AP1' cell in the 'SP013D3_V1p2_typ' technology library is inconsistent with the same-name pin in the '/home/eda/lib/smic/SP013D3_V1p4/apollo/SP013D3_V1p2_8MT' physical library. No physical link for the logical lib cell. (PSYN-058)
Warning: The pin direction of 'PAD' pin on 'PANA2AP1' cell in the 'SP013D3_V1p2_typ' technology library is inconsistent with the same-name pin in the '/home/eda/lib/smic/SP013D3_V1p4/apollo/SP013D3_V1p2_8MT' physical library. No physical link for the logical lib cell. (PSYN-058)
Warning: The pin direction of 'SVDD1CAP1' pin on 'PVDD1CAP1' cell in the 'SP013D3_V1p2_typ' technology library is inconsistent with the same-name pin in the '/home/eda/lib/smic/SP013D3_V1p4/apollo/SP013D3_V1p2_8MT' physical library. No physical link for the logical lib cell. (PSYN-058)
Warning: The pin direction of 'SVSS1CAP1' pin on 'PVSS1CAP1' cell in the 'SP013D3_V1p2_typ' technology library is inconsistent with the same-name pin in the '/home/eda/lib/smic/SP013D3_V1p4/apollo/SP013D3_V1p2_8MT' physical library. No physical link for the logical lib cell. (PSYN-058)
Warning: The pin direction of 'PAD' pin on 'PI' cell in the 'SP013D3_V1p2_typ' technology library is inconsistent with the same-name pin in the '/home/eda/lib/smic/SP013D3_V1p4/apollo/SP013D3_V1p2_8MT' physical library. No physical link for the logical lib cell. (PSYN-058)
Warning: The pin direction of 'C' pin on 'PI' cell in the 'SP013D3_V1p2_typ' technology library is inconsistent with the same-name pin in the '/home/eda/lib/smic/SP013D3_V1p4/apollo/SP013D3_V1p2_8MT' physical library. No physical link for the logical lib cell. (PSYN-058)
Warning: The pin direction of 'PAD' pin on 'PIS' cell in the 'SP013D3_V1p2_typ' technology library is inconsistent with the same-name pin in the '/home/eda/lib/smic/SP013D3_V1p4/apollo/SP013D3_V1p2_8MT' physical library. No physical link for the logical lib cell. (PSYN-058)
Warning: The pin direction of 'C' pin on 'PIS' cell in the 'SP013D3_V1p2_typ' technology library is inconsistent with the same-name pin in the '/home/eda/lib/smic/SP013D3_V1p4/apollo/SP013D3_V1p2_8MT' physical library. No physical link for the logical lib cell. (PSYN-058)
Warning: The pin direction of 'OEN' pin on 'PB4' cell in the 'SP013D3_V1p2_typ' technology library is inconsistent with the same-name pin in the '/home/eda/lib/smic/SP013D3_V1p4/apollo/SP013D3_V1p2_8MT' physical library. No physical link for the logical lib cell. (PSYN-058)
Warning: The pin direction of 'I' pin on 'PB4' cell in the 'SP013D3_V1p2_typ' technology library is inconsistent with the same-name pin in the '/home/eda/lib/smic/SP013D3_V1p4/apollo/SP013D3_V1p2_8MT' physical library. No physical link for the logical lib cell. (PSYN-058)
Warning: The pin direction of 'C' pin on 'PB4' cell in the 'SP013D3_V1p2_typ' technology library is inconsistent with the same-name pin in the '/home/eda/lib/smic/SP013D3_V1p4/apollo/SP013D3_V1p2_8MT' physical library. No physical link for the logical lib cell. (PSYN-058)
Warning: The pin direction of 'PAD' pin on 'PB4' cell in the 'SP013D3_V1p2_typ' technology library is inconsistent with the same-name pin in the '/home/eda/lib/smic/SP013D3_V1p4/apollo/SP013D3_V1p2_8MT' physical library. No physical link for the logical lib cell. (PSYN-058)
Warning: The pin direction of 'I' pin on 'PO4' cell in the 'SP013D3_V1p2_typ' technology library is inconsistent with the same-name pin in the '/home/eda/lib/smic/SP013D3_V1p4/apollo/SP013D3_V1p2_8MT' physical library. No physical link for the logical lib cell. (PSYN-058)
Warning: The pin direction of 'PAD' pin on 'PO4' cell in the 'SP013D3_V1p2_typ' technology library is inconsistent with the same-name pin in the '/home/eda/lib/smic/SP013D3_V1p4/apollo/SP013D3_V1p2_8MT' physical library. No physical link for the logical lib cell. (PSYN-058)
Warning: The pin direction of 'XIN' pin on 'PX3' cell in the 'SP013D3_V1p2_typ' technology library is inconsistent with the same-name pin in the '/home/eda/lib/smic/SP013D3_V1p4/apollo/SP013D3_V1p2_8MT' physical library. No physical link for the logical lib cell. (PSYN-058)
Warning: The pin direction of 'XOUT' pin on 'PX3' cell in the 'SP013D3_V1p2_typ' technology library is inconsistent with the same-name pin in the '/home/eda/lib/smic/SP013D3_V1p4/apollo/SP013D3_V1p2_8MT' physical library. No physical link for the logical lib cell. (PSYN-058)
Warning: The pin direction of 'XC' pin on 'PX3' cell in the 'SP013D3_V1p2_typ' technology library is inconsistent with the same-name pin in the '/home/eda/lib/smic/SP013D3_V1p4/apollo/SP013D3_V1p2_8MT' physical library. No physical link for the logical lib cell. (PSYN-058)
Warning: The pin direction of 'OEN' pin on 'PB2' cell in the 'SP013D3_V1p2_typ' technology library is inconsistent with the same-name pin in the '/home/eda/lib/smic/SP013D3_V1p4/apollo/SP013D3_V1p2_8MT' physical library. No physical link for the logical lib cell. (PSYN-058)
Warning: The pin direction of 'I' pin on 'PB2' cell in the 'SP013D3_V1p2_typ' technology library is inconsistent with the same-name pin in the '/home/eda/lib/smic/SP013D3_V1p4/apollo/SP013D3_V1p2_8MT' physical library. No physical link for the logical lib cell. (PSYN-058)
Warning: The pin direction of 'C' pin on 'PB2' cell in the 'SP013D3_V1p2_typ' technology library is inconsistent with the same-name pin in the '/home/eda/lib/smic/SP013D3_V1p4/apollo/SP013D3_V1p2_8MT' physical library. No physical link for the logical lib cell. (PSYN-058)
Warning: The pin direction of 'PAD' pin on 'PB2' cell in the 'SP013D3_V1p2_typ' technology library is inconsistent with the same-name pin in the '/home/eda/lib/smic/SP013D3_V1p4/apollo/SP013D3_V1p2_8MT' physical library. No physical link for the logical lib cell. (PSYN-058)
Warning: The pin direction of 'OEN' pin on 'PB8' cell in the 'SP013D3_V1p2_typ' technology library is inconsistent with the same-name pin in the '/home/eda/lib/smic/SP013D3_V1p4/apollo/SP013D3_V1p2_8MT' physical library. No physical link for the logical lib cell. (PSYN-058)
Warning: The pin direction of 'I' pin on 'PB8' cell in the 'SP013D3_V1p2_typ' technology library is inconsistent with the same-name pin in the '/home/eda/lib/smic/SP013D3_V1p4/apollo/SP013D3_V1p2_8MT' physical library. No physical link for the logical lib cell. (PSYN-058)
Warning: The pin direction of 'C' pin on 'PB8' cell in the 'SP013D3_V1p2_typ' technology library is inconsistent with the same-name pin in the '/home/eda/lib/smic/SP013D3_V1p4/apollo/SP013D3_V1p2_8MT' physical library. No physical link for the logical lib cell. (PSYN-058)
Warning: The pin direction of 'PAD' pin on 'PB8' cell in the 'SP013D3_V1p2_typ' technology library is inconsistent with the same-name pin in the '/home/eda/lib/smic/SP013D3_V1p4/apollo/SP013D3_V1p2_8MT' physical library. No physical link for the logical lib cell. (PSYN-058)
Warning: The pin direction of 'I' pin on 'PO8' cell in the 'SP013D3_V1p2_typ' technology library is inconsistent with the same-name pin in the '/home/eda/lib/smic/SP013D3_V1p4/apollo/SP013D3_V1p2_8MT' physical library. No physical link for the logical lib cell. (PSYN-058)
Warning: The pin direction of 'PAD' pin on 'PO8' cell in the 'SP013D3_V1p2_typ' technology library is inconsistent with the same-name pin in the '/home/eda/lib/smic/SP013D3_V1p4/apollo/SP013D3_V1p2_8MT' physical library. No physical link for the logical lib cell. (PSYN-058)
Warning: The pin direction of 'I' pin on 'PO2' cell in the 'SP013D3_V1p2_typ' technology library is inconsistent with the same-name pin in the '/home/eda/lib/smic/SP013D3_V1p4/apollo/SP013D3_V1p2_8MT' physical library. No physical link for the logical lib cell. (PSYN-058)
Warning: The pin direction of 'PAD' pin on 'PO2' cell in the 'SP013D3_V1p2_typ' technology library is inconsistent with the same-name pin in the '/home/eda/lib/smic/SP013D3_V1p4/apollo/SP013D3_V1p2_8MT' physical library. No physical link for the logical lib cell. (PSYN-058)
Warning: The pin direction of 'PAD' pin on 'PID' cell in the 'SP013D3_V1p2_typ' technology library is inconsistent with the same-name pin in the '/home/eda/lib/smic/SP013D3_V1p4/apollo/SP013D3_V1p2_8MT' physical library. No physical link for the logical lib cell. (PSYN-058)
Warning: The pin direction of 'C' pin on 'PID' cell in the 'SP013D3_V1p2_typ' technology library is inconsistent with the same-name pin in the '/home/eda/lib/smic/SP013D3_V1p4/apollo/SP013D3_V1p2_8MT' physical library. No physical link for the logical lib cell. (PSYN-058)
Warning: The pin direction of 'XIN' pin on 'PX2' cell in the 'SP013D3_V1p2_typ' technology library is inconsistent with the same-name pin in the '/home/eda/lib/smic/SP013D3_V1p4/apollo/SP013D3_V1p2_8MT' physical library. No physical link for the logical lib cell. (PSYN-058)
Warning: The pin direction of 'XOUT' pin on 'PX2' cell in the 'SP013D3_V1p2_typ' technology library is inconsistent with the same-name pin in the '/home/eda/lib/smic/SP013D3_V1p4/apollo/SP013D3_V1p2_8MT' physical library. No physical link for the logical lib cell. (PSYN-058)
Warning: The pin direction of 'XC' pin on 'PX2' cell in the 'SP013D3_V1p2_typ' technology library is inconsistent with the same-name pin in the '/home/eda/lib/smic/SP013D3_V1p4/apollo/SP013D3_V1p2_8MT' physical library. No physical link for the logical lib cell. (PSYN-058)
Warning: The pin direction of 'PAD' pin on 'PIU' cell in the 'SP013D3_V1p2_typ' technology library is inconsistent with the same-name pin in the '/home/eda/lib/smic/SP013D3_V1p4/apollo/SP013D3_V1p2_8MT' physical library. No physical link for the logical lib cell. (PSYN-058)
Warning: The pin direction of 'C' pin on 'PIU' cell in the 'SP013D3_V1p2_typ' technology library is inconsistent with the same-name pin in the '/home/eda/lib/smic/SP013D3_V1p4/apollo/SP013D3_V1p2_8MT' physical library. No physical link for the logical lib cell. (PSYN-058)
Warning: The pin direction of 'XIN' pin on 'PX1' cell in the 'SP013D3_V1p2_typ' technology library is inconsistent with the same-name pin in the '/home/eda/lib/smic/SP013D3_V1p4/apollo/SP013D3_V1p2_8MT' physical library. No physical link for the logical lib cell. (PSYN-058)
Warning: The pin direction of 'XOUT' pin on 'PX1' cell in the 'SP013D3_V1p2_typ' technology library is inconsistent with the same-name pin in the '/home/eda/lib/smic/SP013D3_V1p4/apollo/SP013D3_V1p2_8MT' physical library. No physical link for the logical lib cell. (PSYN-058)
Warning: The pin direction of 'XC' pin on 'PX1' cell in the 'SP013D3_V1p2_typ' technology library is inconsistent with the same-name pin in the '/home/eda/lib/smic/SP013D3_V1p4/apollo/SP013D3_V1p2_8MT' physical library. No physical link for the logical lib cell. (PSYN-058)
Warning: The pin direction of 'OEN' pin on 'PB16' cell in the 'SP013D3_V1p2_typ' technology library is inconsistent with the same-name pin in the '/home/eda/lib/smic/SP013D3_V1p4/apollo/SP013D3_V1p2_8MT' physical library. No physical link for the logical lib cell. (PSYN-058)
Warning: The pin direction of 'I' pin on 'PB16' cell in the 'SP013D3_V1p2_typ' technology library is inconsistent with the same-name pin in the '/home/eda/lib/smic/SP013D3_V1p4/apollo/SP013D3_V1p2_8MT' physical library. No physical link for the logical lib cell. (PSYN-058)
Warning: The pin direction of 'C' pin on 'PB16' cell in the 'SP013D3_V1p2_typ' technology library is inconsistent with the same-name pin in the '/home/eda/lib/smic/SP013D3_V1p4/apollo/SP013D3_V1p2_8MT' physical library. No physical link for the logical lib cell. (PSYN-058)
Warning: The pin direction of 'PAD' pin on 'PB16' cell in the 'SP013D3_V1p2_typ' technology library is inconsistent with the same-name pin in the '/home/eda/lib/smic/SP013D3_V1p4/apollo/SP013D3_V1p2_8MT' physical library. No physical link for the logical lib cell. (PSYN-058)
Warning: The pin direction of 'I' pin on 'PO16' cell in the 'SP013D3_V1p2_typ' technology library is inconsistent with the same-name pin in the '/home/eda/lib/smic/SP013D3_V1p4/apollo/SP013D3_V1p2_8MT' physical library. No physical link for the logical lib cell. (PSYN-058)
Warning: The pin direction of 'PAD' pin on 'PO16' cell in the 'SP013D3_V1p2_typ' technology library is inconsistent with the same-name pin in the '/home/eda/lib/smic/SP013D3_V1p4/apollo/SP013D3_V1p2_8MT' physical library. No physical link for the logical lib cell. (PSYN-058)
Warning: The pin direction of 'OEN' pin on 'PB24' cell in the 'SP013D3_V1p2_typ' technology library is inconsistent with the same-name pin in the '/home/eda/lib/smic/SP013D3_V1p4/apollo/SP013D3_V1p2_8MT' physical library. No physical link for the logical lib cell. (PSYN-058)
Warning: The pin direction of 'I' pin on 'PB24' cell in the 'SP013D3_V1p2_typ' technology library is inconsistent with the same-name pin in the '/home/eda/lib/smic/SP013D3_V1p4/apollo/SP013D3_V1p2_8MT' physical library. No physical link for the logical lib cell. (PSYN-058)
Warning: The pin direction of 'C' pin on 'PB24' cell in the 'SP013D3_V1p2_typ' technology library is inconsistent with the same-name pin in the '/home/eda/lib/smic/SP013D3_V1p4/apollo/SP013D3_V1p2_8MT' physical library. No physical link for the logical lib cell. (PSYN-058)
Warning: The pin direction of 'PAD' pin on 'PB24' cell in the 'SP013D3_V1p2_typ' technology library is inconsistent with the same-name pin in the '/home/eda/lib/smic/SP013D3_V1p4/apollo/SP013D3_V1p2_8MT' physical library. No physical link for the logical lib cell. (PSYN-058)
Warning: The pin direction of 'OEN' pin on 'PBS4' cell in the 'SP013D3_V1p2_typ' technology library is inconsistent with the same-name pin in the '/home/eda/lib/smic/SP013D3_V1p4/apollo/SP013D3_V1p2_8MT' physical library. No physical link for the logical lib cell. (PSYN-058)
Warning: The pin direction of 'I' pin on 'PBS4' cell in the 'SP013D3_V1p2_typ' technology library is inconsistent with the same-name pin in the '/home/eda/lib/smic/SP013D3_V1p4/apollo/SP013D3_V1p2_8MT' physical library. No physical link for the logical lib cell. (PSYN-058)
Warning: The pin direction of 'C' pin on 'PBS4' cell in the 'SP013D3_V1p2_typ' technology library is inconsistent with the same-name pin in the '/home/eda/lib/smic/SP013D3_V1p4/apollo/SP013D3_V1p2_8MT' physical library. No physical link for the logical lib cell. (PSYN-058)
Warning: The pin direction of 'PAD' pin on 'PBS4' cell in the 'SP013D3_V1p2_typ' technology library is inconsistent with the same-name pin in the '/home/eda/lib/smic/SP013D3_V1p4/apollo/SP013D3_V1p2_8MT' physical library. No physical link for the logical lib cell. (PSYN-058)
Warning: The pin direction of 'OEN' pin on 'PBU4' cell in the 'SP013D3_V1p2_typ' technology library is inconsistent with the same-name pin in the '/home/eda/lib/smic/SP013D3_V1p4/apollo/SP013D3_V1p2_8MT' physical library. No physical link for the logical lib cell. (PSYN-058)
Warning: The pin direction of 'I' pin on 'PBU4' cell in the 'SP013D3_V1p2_typ' technology library is inconsistent with the same-name pin in the '/home/eda/lib/smic/SP013D3_V1p4/apollo/SP013D3_V1p2_8MT' physical library. No physical link for the logical lib cell. (PSYN-058)
Warning: The pin direction of 'C' pin on 'PBU4' cell in the 'SP013D3_V1p2_typ' technology library is inconsistent with the same-name pin in the '/home/eda/lib/smic/SP013D3_V1p4/apollo/SP013D3_V1p2_8MT' physical library. No physical link for the logical lib cell. (PSYN-058)
Warning: The pin direction of 'PAD' pin on 'PBU4' cell in the 'SP013D3_V1p2_typ' technology library is inconsistent with the same-name pin in the '/home/eda/lib/smic/SP013D3_V1p4/apollo/SP013D3_V1p2_8MT' physical library. No physical link for the logical lib cell. (PSYN-058)
Warning: The pin direction of 'OEN' pin on 'PBD4' cell in the 'SP013D3_V1p2_typ' technology library is inconsistent with the same-name pin in the '/home/eda/lib/smic/SP013D3_V1p4/apollo/SP013D3_V1p2_8MT' physical library. No physical link for the logical lib cell. (PSYN-058)
Warning: The pin direction of 'I' pin on 'PBD4' cell in the 'SP013D3_V1p2_typ' technology library is inconsistent with the same-name pin in the '/home/eda/lib/smic/SP013D3_V1p4/apollo/SP013D3_V1p2_8MT' physical library. No physical link for the logical lib cell. (PSYN-058)
Warning: The pin direction of 'C' pin on 'PBD4' cell in the 'SP013D3_V1p2_typ' technology library is inconsistent with the same-name pin in the '/home/eda/lib/smic/SP013D3_V1p4/apollo/SP013D3_V1p2_8MT' physical library. No physical link for the logical lib cell. (PSYN-058)
Warning: The pin direction of 'PAD' pin on 'PBD4' cell in the 'SP013D3_V1p2_typ' technology library is inconsistent with the same-name pin in the '/home/eda/lib/smic/SP013D3_V1p4/apollo/SP013D3_V1p2_8MT' physical library. No physical link for the logical lib cell. (PSYN-058)
Warning: The pin direction of 'I' pin on 'PO24' cell in the 'SP013D3_V1p2_typ' technology library is inconsistent with the same-name pin in the '/home/eda/lib/smic/SP013D3_V1p4/apollo/SP013D3_V1p2_8MT' physical library. No physical link for the logical lib cell. (PSYN-058)
Warning: The pin direction of 'PAD' pin on 'PO24' cell in the 'SP013D3_V1p2_typ' technology library is inconsistent with the same-name pin in the '/home/eda/lib/smic/SP013D3_V1p4/apollo/SP013D3_V1p2_8MT' physical library. No physical link for the logical lib cell. (PSYN-058)
Warning: The pin direction of 'OEN' pin on 'POT4' cell in the 'SP013D3_V1p2_typ' technology library is inconsistent with the same-name pin in the '/home/eda/lib/smic/SP013D3_V1p4/apollo/SP013D3_V1p2_8MT' physical library. No physical link for the logical lib cell. (PSYN-058)
Warning: The pin direction of 'I' pin on 'POT4' cell in the 'SP013D3_V1p2_typ' technology library is inconsistent with the same-name pin in the '/home/eda/lib/smic/SP013D3_V1p4/apollo/SP013D3_V1p2_8MT' physical library. No physical link for the logical lib cell. (PSYN-058)
Warning: The pin direction of 'PAD' pin on 'POT4' cell in the 'SP013D3_V1p2_typ' technology library is inconsistent with the same-name pin in the '/home/eda/lib/smic/SP013D3_V1p4/apollo/SP013D3_V1p2_8MT' physical library. No physical link for the logical lib cell. (PSYN-058)
Warning: The pin direction of 'OEN' pin on 'PB12' cell in the 'SP013D3_V1p2_typ' technology library is inconsistent with the same-name pin in the '/home/eda/lib/smic/SP013D3_V1p4/apollo/SP013D3_V1p2_8MT' physical library. No physical link for the logical lib cell. (PSYN-058)
Warning: The pin direction of 'I' pin on 'PB12' cell in the 'SP013D3_V1p2_typ' technology library is inconsistent with the same-name pin in the '/home/eda/lib/smic/SP013D3_V1p4/apollo/SP013D3_V1p2_8MT' physical library. No physical link for the logical lib cell. (PSYN-058)
Warning: The pin direction of 'C' pin on 'PB12' cell in the 'SP013D3_V1p2_typ' technology library is inconsistent with the same-name pin in the '/home/eda/lib/smic/SP013D3_V1p4/apollo/SP013D3_V1p2_8MT' physical library. No physical link for the logical lib cell. (PSYN-058)
Warning: The pin direction of 'PAD' pin on 'PB12' cell in the 'SP013D3_V1p2_typ' technology library is inconsistent with the same-name pin in the '/home/eda/lib/smic/SP013D3_V1p4/apollo/SP013D3_V1p2_8MT' physical library. No physical link for the logical lib cell. (PSYN-058)
Warning: The pin direction of 'OEN' pin on 'PBL8' cell in the 'SP013D3_V1p2_typ' technology library is inconsistent with the same-name pin in the '/home/eda/lib/smic/SP013D3_V1p4/apollo/SP013D3_V1p2_8MT' physical library. No physical link for the logical lib cell. (PSYN-058)
Warning: The pin direction of 'I' pin on 'PBL8' cell in the 'SP013D3_V1p2_typ' technology library is inconsistent with the same-name pin in the '/home/eda/lib/smic/SP013D3_V1p4/apollo/SP013D3_V1p2_8MT' physical library. No physical link for the logical lib cell. (PSYN-058)
Warning: The pin direction of 'C' pin on 'PBL8' cell in the 'SP013D3_V1p2_typ' technology library is inconsistent with the same-name pin in the '/home/eda/lib/smic/SP013D3_V1p4/apollo/SP013D3_V1p2_8MT' physical library. No physical link for the logical lib cell. (PSYN-058)
Warning: The pin direction of 'PAD' pin on 'PBL8' cell in the 'SP013D3_V1p2_typ' technology library is inconsistent with the same-name pin in the '/home/eda/lib/smic/SP013D3_V1p4/apollo/SP013D3_V1p2_8MT' physical library. No physical link for the logical lib cell. (PSYN-058)
Warning: The pin direction of 'OEN' pin on 'PBS8' cell in the 'SP013D3_V1p2_typ' technology library is inconsistent with the same-name pin in the '/home/eda/lib/smic/SP013D3_V1p4/apollo/SP013D3_V1p2_8MT' physical library. No physical link for the logical lib cell. (PSYN-058)
Warning: The pin direction of 'I' pin on 'PBS8' cell in the 'SP013D3_V1p2_typ' technology library is inconsistent with the same-name pin in the '/home/eda/lib/smic/SP013D3_V1p4/apollo/SP013D3_V1p2_8MT' physical library. No physical link for the logical lib cell. (PSYN-058)
Warning: The pin direction of 'C' pin on 'PBS8' cell in the 'SP013D3_V1p2_typ' technology library is inconsistent with the same-name pin in the '/home/eda/lib/smic/SP013D3_V1p4/apollo/SP013D3_V1p2_8MT' physical library. No physical link for the logical lib cell. (PSYN-058)
Warning: The pin direction of 'PAD' pin on 'PBS8' cell in the 'SP013D3_V1p2_typ' technology library is inconsistent with the same-name pin in the '/home/eda/lib/smic/SP013D3_V1p4/apollo/SP013D3_V1p2_8MT' physical library. No physical link for the logical lib cell. (PSYN-058)
Warning: The pin direction of 'OEN' pin on 'PBS2' cell in the 'SP013D3_V1p2_typ' technology library is inconsistent with the same-name pin in the '/home/eda/lib/smic/SP013D3_V1p4/apollo/SP013D3_V1p2_8MT' physical library. No physical link for the logical lib cell. (PSYN-058)
Warning: The pin direction of 'I' pin on 'PBS2' cell in the 'SP013D3_V1p2_typ' technology library is inconsistent with the same-name pin in the '/home/eda/lib/smic/SP013D3_V1p4/apollo/SP013D3_V1p2_8MT' physical library. No physical link for the logical lib cell. (PSYN-058)
Warning: The pin direction of 'C' pin on 'PBS2' cell in the 'SP013D3_V1p2_typ' technology library is inconsistent with the same-name pin in the '/home/eda/lib/smic/SP013D3_V1p4/apollo/SP013D3_V1p2_8MT' physical library. No physical link for the logical lib cell. (PSYN-058)
Warning: The pin direction of 'PAD' pin on 'PBS2' cell in the 'SP013D3_V1p2_typ' technology library is inconsistent with the same-name pin in the '/home/eda/lib/smic/SP013D3_V1p4/apollo/SP013D3_V1p2_8MT' physical library. No physical link for the logical lib cell. (PSYN-058)
Warning: The pin direction of 'OEN' pin on 'PBU8' cell in the 'SP013D3_V1p2_typ' technology library is inconsistent with the same-name pin in the '/home/eda/lib/smic/SP013D3_V1p4/apollo/SP013D3_V1p2_8MT' physical library. No physical link for the logical lib cell. (PSYN-058)
Warning: The pin direction of 'I' pin on 'PBU8' cell in the 'SP013D3_V1p2_typ' technology library is inconsistent with the same-name pin in the '/home/eda/lib/smic/SP013D3_V1p4/apollo/SP013D3_V1p2_8MT' physical library. No physical link for the logical lib cell. (PSYN-058)
Warning: The pin direction of 'C' pin on 'PBU8' cell in the 'SP013D3_V1p2_typ' technology library is inconsistent with the same-name pin in the '/home/eda/lib/smic/SP013D3_V1p4/apollo/SP013D3_V1p2_8MT' physical library. No physical link for the logical lib cell. (PSYN-058)
Warning: The pin direction of 'PAD' pin on 'PBU8' cell in the 'SP013D3_V1p2_typ' technology library is inconsistent with the same-name pin in the '/home/eda/lib/smic/SP013D3_V1p4/apollo/SP013D3_V1p2_8MT' physical library. No physical link for the logical lib cell. (PSYN-058)
Warning: The pin direction of 'OEN' pin on 'PBU2' cell in the 'SP013D3_V1p2_typ' technology library is inconsistent with the same-name pin in the '/home/eda/lib/smic/SP013D3_V1p4/apollo/SP013D3_V1p2_8MT' physical library. No physical link for the logical lib cell. (PSYN-058)
Warning: The pin direction of 'I' pin on 'PBU2' cell in the 'SP013D3_V1p2_typ' technology library is inconsistent with the same-name pin in the '/home/eda/lib/smic/SP013D3_V1p4/apollo/SP013D3_V1p2_8MT' physical library. No physical link for the logical lib cell. (PSYN-058)
Warning: The pin direction of 'C' pin on 'PBU2' cell in the 'SP013D3_V1p2_typ' technology library is inconsistent with the same-name pin in the '/home/eda/lib/smic/SP013D3_V1p4/apollo/SP013D3_V1p2_8MT' physical library. No physical link for the logical lib cell. (PSYN-058)
Warning: The pin direction of 'PAD' pin on 'PBU2' cell in the 'SP013D3_V1p2_typ' technology library is inconsistent with the same-name pin in the '/home/eda/lib/smic/SP013D3_V1p4/apollo/SP013D3_V1p2_8MT' physical library. No physical link for the logical lib cell. (PSYN-058)
Warning: The pin direction of 'OEN' pin on 'PBD8' cell in the 'SP013D3_V1p2_typ' technology library is inconsistent with the same-name pin in the '/home/eda/lib/smic/SP013D3_V1p4/apollo/SP013D3_V1p2_8MT' physical library. No physical link for the logical lib cell. (PSYN-058)
Warning: The pin direction of 'I' pin on 'PBD8' cell in the 'SP013D3_V1p2_typ' technology library is inconsistent with the same-name pin in the '/home/eda/lib/smic/SP013D3_V1p4/apollo/SP013D3_V1p2_8MT' physical library. No physical link for the logical lib cell. (PSYN-058)
Warning: The pin direction of 'C' pin on 'PBD8' cell in the 'SP013D3_V1p2_typ' technology library is inconsistent with the same-name pin in the '/home/eda/lib/smic/SP013D3_V1p4/apollo/SP013D3_V1p2_8MT' physical library. No physical link for the logical lib cell. (PSYN-058)
Warning: The pin direction of 'PAD' pin on 'PBD8' cell in the 'SP013D3_V1p2_typ' technology library is inconsistent with the same-name pin in the '/home/eda/lib/smic/SP013D3_V1p4/apollo/SP013D3_V1p2_8MT' physical library. No physical link for the logical lib cell. (PSYN-058)
Warning: The pin direction of 'OEN' pin on 'PBD2' cell in the 'SP013D3_V1p2_typ' technology library is inconsistent with the same-name pin in the '/home/eda/lib/smic/SP013D3_V1p4/apollo/SP013D3_V1p2_8MT' physical library. No physical link for the logical lib cell. (PSYN-058)
Warning: The pin direction of 'I' pin on 'PBD2' cell in the 'SP013D3_V1p2_typ' technology library is inconsistent with the same-name pin in the '/home/eda/lib/smic/SP013D3_V1p4/apollo/SP013D3_V1p2_8MT' physical library. No physical link for the logical lib cell. (PSYN-058)
Warning: The pin direction of 'C' pin on 'PBD2' cell in the 'SP013D3_V1p2_typ' technology library is inconsistent with the same-name pin in the '/home/eda/lib/smic/SP013D3_V1p4/apollo/SP013D3_V1p2_8MT' physical library. No physical link for the logical lib cell. (PSYN-058)
Warning: The pin direction of 'PAD' pin on 'PBD2' cell in the 'SP013D3_V1p2_typ' technology library is inconsistent with the same-name pin in the '/home/eda/lib/smic/SP013D3_V1p4/apollo/SP013D3_V1p2_8MT' physical library. No physical link for the logical lib cell. (PSYN-058)
Warning: The pin direction of 'I' pin on 'POL8' cell in the 'SP013D3_V1p2_typ' technology library is inconsistent with the same-name pin in the '/home/eda/lib/smic/SP013D3_V1p4/apollo/SP013D3_V1p2_8MT' physical library. No physical link for the logical lib cell. (PSYN-058)
Warning: The pin direction of 'PAD' pin on 'POL8' cell in the 'SP013D3_V1p2_typ' technology library is inconsistent with the same-name pin in the '/home/eda/lib/smic/SP013D3_V1p4/apollo/SP013D3_V1p2_8MT' physical library. No physical link for the logical lib cell. (PSYN-058)
Warning: The pin direction of 'I' pin on 'PO12' cell in the 'SP013D3_V1p2_typ' technology library is inconsistent with the same-name pin in the '/home/eda/lib/smic/SP013D3_V1p4/apollo/SP013D3_V1p2_8MT' physical library. No physical link for the logical lib cell. (PSYN-058)
Warning: The pin direction of 'PAD' pin on 'PO12' cell in the 'SP013D3_V1p2_typ' technology library is inconsistent with the same-name pin in the '/home/eda/lib/smic/SP013D3_V1p4/apollo/SP013D3_V1p2_8MT' physical library. No physical link for the logical lib cell. (PSYN-058)
Warning: The pin direction of 'OEN' pin on 'POT8' cell in the 'SP013D3_V1p2_typ' technology library is inconsistent with the same-name pin in the '/home/eda/lib/smic/SP013D3_V1p4/apollo/SP013D3_V1p2_8MT' physical library. No physical link for the logical lib cell. (PSYN-058)
Warning: The pin direction of 'I' pin on 'POT8' cell in the 'SP013D3_V1p2_typ' technology library is inconsistent with the same-name pin in the '/home/eda/lib/smic/SP013D3_V1p4/apollo/SP013D3_V1p2_8MT' physical library. No physical link for the logical lib cell. (PSYN-058)
Warning: The pin direction of 'PAD' pin on 'POT8' cell in the 'SP013D3_V1p2_typ' technology library is inconsistent with the same-name pin in the '/home/eda/lib/smic/SP013D3_V1p4/apollo/SP013D3_V1p2_8MT' physical library. No physical link for the logical lib cell. (PSYN-058)
Warning: The pin direction of 'OEN' pin on 'POT2' cell in the 'SP013D3_V1p2_typ' technology library is inconsistent with the same-name pin in the '/home/eda/lib/smic/SP013D3_V1p4/apollo/SP013D3_V1p2_8MT' physical library. No physical link for the logical lib cell. (PSYN-058)
Warning: The pin direction of 'I' pin on 'POT2' cell in the 'SP013D3_V1p2_typ' technology library is inconsistent with the same-name pin in the '/home/eda/lib/smic/SP013D3_V1p4/apollo/SP013D3_V1p2_8MT' physical library. No physical link for the logical lib cell. (PSYN-058)
Warning: The pin direction of 'PAD' pin on 'POT2' cell in the 'SP013D3_V1p2_typ' technology library is inconsistent with the same-name pin in the '/home/eda/lib/smic/SP013D3_V1p4/apollo/SP013D3_V1p2_8MT' physical library. No physical link for the logical lib cell. (PSYN-058)
Warning: The pin direction of 'PAD' pin on 'PICD' cell in the 'SP013D3_V1p2_typ' technology library is inconsistent with the same-name pin in the '/home/eda/lib/smic/SP013D3_V1p4/apollo/SP013D3_V1p2_8MT' physical library. No physical link for the logical lib cell. (PSYN-058)
Warning: The pin direction of 'REN' pin on 'PICD' cell in the 'SP013D3_V1p2_typ' technology library is inconsistent with the same-name pin in the '/home/eda/lib/smic/SP013D3_V1p4/apollo/SP013D3_V1p2_8MT' physical library. No physical link for the logical lib cell. (PSYN-058)
Warning: The pin direction of 'C' pin on 'PICD' cell in the 'SP013D3_V1p2_typ' technology library is inconsistent with the same-name pin in the '/home/eda/lib/smic/SP013D3_V1p4/apollo/SP013D3_V1p2_8MT' physical library. No physical link for the logical lib cell. (PSYN-058)
Warning: The pin direction of 'PAD' pin on 'PISD' cell in the 'SP013D3_V1p2_typ' technology library is inconsistent with the same-name pin in the '/home/eda/lib/smic/SP013D3_V1p4/apollo/SP013D3_V1p2_8MT' physical library. No physical link for the logical lib cell. (PSYN-058)
Warning: The pin direction of 'C' pin on 'PISD' cell in the 'SP013D3_V1p2_typ' technology library is inconsistent with the same-name pin in the '/home/eda/lib/smic/SP013D3_V1p4/apollo/SP013D3_V1p2_8MT' physical library. No physical link for the logical lib cell. (PSYN-058)
Warning: The pin direction of 'PAD' pin on 'PICU' cell in the 'SP013D3_V1p2_typ' technology library is inconsistent with the same-name pin in the '/home/eda/lib/smic/SP013D3_V1p4/apollo/SP013D3_V1p2_8MT' physical library. No physical link for the logical lib cell. (PSYN-058)
Warning: The pin direction of 'REN' pin on 'PICU' cell in the 'SP013D3_V1p2_typ' technology library is inconsistent with the same-name pin in the '/home/eda/lib/smic/SP013D3_V1p4/apollo/SP013D3_V1p2_8MT' physical library. No physical link for the logical lib cell. (PSYN-058)
Warning: The pin direction of 'C' pin on 'PICU' cell in the 'SP013D3_V1p2_typ' technology library is inconsistent with the same-name pin in the '/home/eda/lib/smic/SP013D3_V1p4/apollo/SP013D3_V1p2_8MT' physical library. No physical link for the logical lib cell. (PSYN-058)
Warning: The pin direction of 'PAD' pin on 'PISU' cell in the 'SP013D3_V1p2_typ' technology library is inconsistent with the same-name pin in the '/home/eda/lib/smic/SP013D3_V1p4/apollo/SP013D3_V1p2_8MT' physical library. No physical link for the logical lib cell. (PSYN-058)
Warning: The pin direction of 'C' pin on 'PISU' cell in the 'SP013D3_V1p2_typ' technology library is inconsistent with the same-name pin in the '/home/eda/lib/smic/SP013D3_V1p4/apollo/SP013D3_V1p2_8MT' physical library. No physical link for the logical lib cell. (PSYN-058)
Warning: The pin direction of 'OEN' pin on 'PCI6B' cell in the 'SP013D3_V1p2_typ' technology library is inconsistent with the same-name pin in the '/home/eda/lib/smic/SP013D3_V1p4/apollo/SP013D3_V1p2_8MT' physical library. No physical link for the logical lib cell. (PSYN-058)
Warning: The pin direction of 'I' pin on 'PCI6B' cell in the 'SP013D3_V1p2_typ' technology library is inconsistent with the same-name pin in the '/home/eda/lib/smic/SP013D3_V1p4/apollo/SP013D3_V1p2_8MT' physical library. No physical link for the logical lib cell. (PSYN-058)
Warning: The pin direction of 'C' pin on 'PCI6B' cell in the 'SP013D3_V1p2_typ' technology library is inconsistent with the same-name pin in the '/home/eda/lib/smic/SP013D3_V1p4/apollo/SP013D3_V1p2_8MT' physical library. No physical link for the logical lib cell. (PSYN-058)
Warning: The pin direction of 'PAD' pin on 'PCI6B' cell in the 'SP013D3_V1p2_typ' technology library is inconsistent with the same-name pin in the '/home/eda/lib/smic/SP013D3_V1p4/apollo/SP013D3_V1p2_8MT' physical library. No physical link for the logical lib cell. (PSYN-058)
Warning: The pin direction of 'OEN' pin on 'PCI3B' cell in the 'SP013D3_V1p2_typ' technology library is inconsistent with the same-name pin in the '/home/eda/lib/smic/SP013D3_V1p4/apollo/SP013D3_V1p2_8MT' physical library. No physical link for the logical lib cell. (PSYN-058)
Warning: The pin direction of 'I' pin on 'PCI3B' cell in the 'SP013D3_V1p2_typ' technology library is inconsistent with the same-name pin in the '/home/eda/lib/smic/SP013D3_V1p4/apollo/SP013D3_V1p2_8MT' physical library. No physical link for the logical lib cell. (PSYN-058)
Warning: The pin direction of 'C' pin on 'PCI3B' cell in the 'SP013D3_V1p2_typ' technology library is inconsistent with the same-name pin in the '/home/eda/lib/smic/SP013D3_V1p4/apollo/SP013D3_V1p2_8MT' physical library. No physical link for the logical lib cell. (PSYN-058)
Warning: The pin direction of 'PAD' pin on 'PCI3B' cell in the 'SP013D3_V1p2_typ' technology library is inconsistent with the same-name pin in the '/home/eda/lib/smic/SP013D3_V1p4/apollo/SP013D3_V1p2_8MT' physical library. No physical link for the logical lib cell. (PSYN-058)
Warning: The pin direction of 'OEN' pin on 'PBL16' cell in the 'SP013D3_V1p2_typ' technology library is inconsistent with the same-name pin in the '/home/eda/lib/smic/SP013D3_V1p4/apollo/SP013D3_V1p2_8MT' physical library. No physical link for the logical lib cell. (PSYN-058)
Warning: The pin direction of 'I' pin on 'PBL16' cell in the 'SP013D3_V1p2_typ' technology library is inconsistent with the same-name pin in the '/home/eda/lib/smic/SP013D3_V1p4/apollo/SP013D3_V1p2_8MT' physical library. No physical link for the logical lib cell. (PSYN-058)
Warning: The pin direction of 'C' pin on 'PBL16' cell in the 'SP013D3_V1p2_typ' technology library is inconsistent with the same-name pin in the '/home/eda/lib/smic/SP013D3_V1p4/apollo/SP013D3_V1p2_8MT' physical library. No physical link for the logical lib cell. (PSYN-058)
Warning: The pin direction of 'PAD' pin on 'PBL16' cell in the 'SP013D3_V1p2_typ' technology library is inconsistent with the same-name pin in the '/home/eda/lib/smic/SP013D3_V1p4/apollo/SP013D3_V1p2_8MT' physical library. No physical link for the logical lib cell. (PSYN-058)
Warning: The pin direction of 'OEN' pin on 'PBS16' cell in the 'SP013D3_V1p2_typ' technology library is inconsistent with the same-name pin in the '/home/eda/lib/smic/SP013D3_V1p4/apollo/SP013D3_V1p2_8MT' physical library. No physical link for the logical lib cell. (PSYN-058)
Warning: The pin direction of 'I' pin on 'PBS16' cell in the 'SP013D3_V1p2_typ' technology library is inconsistent with the same-name pin in the '/home/eda/lib/smic/SP013D3_V1p4/apollo/SP013D3_V1p2_8MT' physical library. No physical link for the logical lib cell. (PSYN-058)
Warning: The pin direction of 'C' pin on 'PBS16' cell in the 'SP013D3_V1p2_typ' technology library is inconsistent with the same-name pin in the '/home/eda/lib/smic/SP013D3_V1p4/apollo/SP013D3_V1p2_8MT' physical library. No physical link for the logical lib cell. (PSYN-058)
Warning: The pin direction of 'PAD' pin on 'PBS16' cell in the 'SP013D3_V1p2_typ' technology library is inconsistent with the same-name pin in the '/home/eda/lib/smic/SP013D3_V1p4/apollo/SP013D3_V1p2_8MT' physical library. No physical link for the logical lib cell. (PSYN-058)
Warning: The pin direction of 'OEN' pin on 'PBU16' cell in the 'SP013D3_V1p2_typ' technology library is inconsistent with the same-name pin in the '/home/eda/lib/smic/SP013D3_V1p4/apollo/SP013D3_V1p2_8MT' physical library. No physical link for the logical lib cell. (PSYN-058)
Warning: The pin direction of 'I' pin on 'PBU16' cell in the 'SP013D3_V1p2_typ' technology library is inconsistent with the same-name pin in the '/home/eda/lib/smic/SP013D3_V1p4/apollo/SP013D3_V1p2_8MT' physical library. No physical link for the logical lib cell. (PSYN-058)
Warning: The pin direction of 'C' pin on 'PBU16' cell in the 'SP013D3_V1p2_typ' technology library is inconsistent with the same-name pin in the '/home/eda/lib/smic/SP013D3_V1p4/apollo/SP013D3_V1p2_8MT' physical library. No physical link for the logical lib cell. (PSYN-058)
Warning: The pin direction of 'PAD' pin on 'PBU16' cell in the 'SP013D3_V1p2_typ' technology library is inconsistent with the same-name pin in the '/home/eda/lib/smic/SP013D3_V1p4/apollo/SP013D3_V1p2_8MT' physical library. No physical link for the logical lib cell. (PSYN-058)
Warning: The pin direction of 'OEN' pin on 'PBD16' cell in the 'SP013D3_V1p2_typ' technology library is inconsistent with the same-name pin in the '/home/eda/lib/smic/SP013D3_V1p4/apollo/SP013D3_V1p2_8MT' physical library. No physical link for the logical lib cell. (PSYN-058)
Warning: The pin direction of 'I' pin on 'PBD16' cell in the 'SP013D3_V1p2_typ' technology library is inconsistent with the same-name pin in the '/home/eda/lib/smic/SP013D3_V1p4/apollo/SP013D3_V1p2_8MT' physical library. No physical link for the logical lib cell. (PSYN-058)
Warning: The pin direction of 'C' pin on 'PBD16' cell in the 'SP013D3_V1p2_typ' technology library is inconsistent with the same-name pin in the '/home/eda/lib/smic/SP013D3_V1p4/apollo/SP013D3_V1p2_8MT' physical library. No physical link for the logical lib cell. (PSYN-058)
Warning: The pin direction of 'PAD' pin on 'PBD16' cell in the 'SP013D3_V1p2_typ' technology library is inconsistent with the same-name pin in the '/home/eda/lib/smic/SP013D3_V1p4/apollo/SP013D3_V1p2_8MT' physical library. No physical link for the logical lib cell. (PSYN-058)
Warning: The pin direction of 'I' pin on 'POL16' cell in the 'SP013D3_V1p2_typ' technology library is inconsistent with the same-name pin in the '/home/eda/lib/smic/SP013D3_V1p4/apollo/SP013D3_V1p2_8MT' physical library. No physical link for the logical lib cell. (PSYN-058)
Warning: The pin direction of 'PAD' pin on 'POL16' cell in the 'SP013D3_V1p2_typ' technology library is inconsistent with the same-name pin in the '/home/eda/lib/smic/SP013D3_V1p4/apollo/SP013D3_V1p2_8MT' physical library. No physical link for the logical lib cell. (PSYN-058)
Warning: The pin direction of 'OEN' pin on 'POT16' cell in the 'SP013D3_V1p2_typ' technology library is inconsistent with the same-name pin in the '/home/eda/lib/smic/SP013D3_V1p4/apollo/SP013D3_V1p2_8MT' physical library. No physical link for the logical lib cell. (PSYN-058)
Warning: The pin direction of 'I' pin on 'POT16' cell in the 'SP013D3_V1p2_typ' technology library is inconsistent with the same-name pin in the '/home/eda/lib/smic/SP013D3_V1p4/apollo/SP013D3_V1p2_8MT' physical library. No physical link for the logical lib cell. (PSYN-058)
Warning: The pin direction of 'PAD' pin on 'POT16' cell in the 'SP013D3_V1p2_typ' technology library is inconsistent with the same-name pin in the '/home/eda/lib/smic/SP013D3_V1p4/apollo/SP013D3_V1p2_8MT' physical library. No physical link for the logical lib cell. (PSYN-058)
Warning: The pin direction of 'OEN' pin on 'PBL24' cell in the 'SP013D3_V1p2_typ' technology library is inconsistent with the same-name pin in the '/home/eda/lib/smic/SP013D3_V1p4/apollo/SP013D3_V1p2_8MT' physical library. No physical link for the logical lib cell. (PSYN-058)
Warning: The pin direction of 'I' pin on 'PBL24' cell in the 'SP013D3_V1p2_typ' technology library is inconsistent with the same-name pin in the '/home/eda/lib/smic/SP013D3_V1p4/apollo/SP013D3_V1p2_8MT' physical library. No physical link for the logical lib cell. (PSYN-058)
Warning: The pin direction of 'C' pin on 'PBL24' cell in the 'SP013D3_V1p2_typ' technology library is inconsistent with the same-name pin in the '/home/eda/lib/smic/SP013D3_V1p4/apollo/SP013D3_V1p2_8MT' physical library. No physical link for the logical lib cell. (PSYN-058)
Warning: The pin direction of 'PAD' pin on 'PBL24' cell in the 'SP013D3_V1p2_typ' technology library is inconsistent with the same-name pin in the '/home/eda/lib/smic/SP013D3_V1p4/apollo/SP013D3_V1p2_8MT' physical library. No physical link for the logical lib cell. (PSYN-058)
Warning: The pin direction of 'OEN' pin on 'PBCD4' cell in the 'SP013D3_V1p2_typ' technology library is inconsistent with the same-name pin in the '/home/eda/lib/smic/SP013D3_V1p4/apollo/SP013D3_V1p2_8MT' physical library. No physical link for the logical lib cell. (PSYN-058)
Warning: The pin direction of 'I' pin on 'PBCD4' cell in the 'SP013D3_V1p2_typ' technology library is inconsistent with the same-name pin in the '/home/eda/lib/smic/SP013D3_V1p4/apollo/SP013D3_V1p2_8MT' physical library. No physical link for the logical lib cell. (PSYN-058)
Warning: The pin direction of 'REN' pin on 'PBCD4' cell in the 'SP013D3_V1p2_typ' technology library is inconsistent with the same-name pin in the '/home/eda/lib/smic/SP013D3_V1p4/apollo/SP013D3_V1p2_8MT' physical library. No physical link for the logical lib cell. (PSYN-058)
Warning: The pin direction of 'C' pin on 'PBCD4' cell in the 'SP013D3_V1p2_typ' technology library is inconsistent with the same-name pin in the '/home/eda/lib/smic/SP013D3_V1p4/apollo/SP013D3_V1p2_8MT' physical library. No physical link for the logical lib cell. (PSYN-058)
Warning: The pin direction of 'PAD' pin on 'PBCD4' cell in the 'SP013D3_V1p2_typ' technology library is inconsistent with the same-name pin in the '/home/eda/lib/smic/SP013D3_V1p4/apollo/SP013D3_V1p2_8MT' physical library. No physical link for the logical lib cell. (PSYN-058)
Warning: The pin direction of 'OEN' pin on 'PBCU4' cell in the 'SP013D3_V1p2_typ' technology library is inconsistent with the same-name pin in the '/home/eda/lib/smic/SP013D3_V1p4/apollo/SP013D3_V1p2_8MT' physical library. No physical link for the logical lib cell. (PSYN-058)
Warning: The pin direction of 'I' pin on 'PBCU4' cell in the 'SP013D3_V1p2_typ' technology library is inconsistent with the same-name pin in the '/home/eda/lib/smic/SP013D3_V1p4/apollo/SP013D3_V1p2_8MT' physical library. No physical link for the logical lib cell. (PSYN-058)
Warning: The pin direction of 'REN' pin on 'PBCU4' cell in the 'SP013D3_V1p2_typ' technology library is inconsistent with the same-name pin in the '/home/eda/lib/smic/SP013D3_V1p4/apollo/SP013D3_V1p2_8MT' physical library. No physical link for the logical lib cell. (PSYN-058)
Warning: The pin direction of 'C' pin on 'PBCU4' cell in the 'SP013D3_V1p2_typ' technology library is inconsistent with the same-name pin in the '/home/eda/lib/smic/SP013D3_V1p4/apollo/SP013D3_V1p2_8MT' physical library. No physical link for the logical lib cell. (PSYN-058)
Warning: The pin direction of 'PAD' pin on 'PBCU4' cell in the 'SP013D3_V1p2_typ' technology library is inconsistent with the same-name pin in the '/home/eda/lib/smic/SP013D3_V1p4/apollo/SP013D3_V1p2_8MT' physical library. No physical link for the logical lib cell. (PSYN-058)
Warning: The pin direction of 'OEN' pin on 'PBS24' cell in the 'SP013D3_V1p2_typ' technology library is inconsistent with the same-name pin in the '/home/eda/lib/smic/SP013D3_V1p4/apollo/SP013D3_V1p2_8MT' physical library. No physical link for the logical lib cell. (PSYN-058)
Warning: The pin direction of 'I' pin on 'PBS24' cell in the 'SP013D3_V1p2_typ' technology library is inconsistent with the same-name pin in the '/home/eda/lib/smic/SP013D3_V1p4/apollo/SP013D3_V1p2_8MT' physical library. No physical link for the logical lib cell. (PSYN-058)
Warning: The pin direction of 'C' pin on 'PBS24' cell in the 'SP013D3_V1p2_typ' technology library is inconsistent with the same-name pin in the '/home/eda/lib/smic/SP013D3_V1p4/apollo/SP013D3_V1p2_8MT' physical library. No physical link for the logical lib cell. (PSYN-058)
Warning: The pin direction of 'PAD' pin on 'PBS24' cell in the 'SP013D3_V1p2_typ' technology library is inconsistent with the same-name pin in the '/home/eda/lib/smic/SP013D3_V1p4/apollo/SP013D3_V1p2_8MT' physical library. No physical link for the logical lib cell. (PSYN-058)
Warning: The pin direction of 'OEN' pin on 'PBSD4' cell in the 'SP013D3_V1p2_typ' technology library is inconsistent with the same-name pin in the '/home/eda/lib/smic/SP013D3_V1p4/apollo/SP013D3_V1p2_8MT' physical library. No physical link for the logical lib cell. (PSYN-058)
Warning: The pin direction of 'I' pin on 'PBSD4' cell in the 'SP013D3_V1p2_typ' technology library is inconsistent with the same-name pin in the '/home/eda/lib/smic/SP013D3_V1p4/apollo/SP013D3_V1p2_8MT' physical library. No physical link for the logical lib cell. (PSYN-058)
Warning: The pin direction of 'C' pin on 'PBSD4' cell in the 'SP013D3_V1p2_typ' technology library is inconsistent with the same-name pin in the '/home/eda/lib/smic/SP013D3_V1p4/apollo/SP013D3_V1p2_8MT' physical library. No physical link for the logical lib cell. (PSYN-058)
Warning: The pin direction of 'PAD' pin on 'PBSD4' cell in the 'SP013D3_V1p2_typ' technology library is inconsistent with the same-name pin in the '/home/eda/lib/smic/SP013D3_V1p4/apollo/SP013D3_V1p2_8MT' physical library. No physical link for the logical lib cell. (PSYN-058)
Warning: The pin direction of 'OEN' pin on 'PBSU4' cell in the 'SP013D3_V1p2_typ' technology library is inconsistent with the same-name pin in the '/home/eda/lib/smic/SP013D3_V1p4/apollo/SP013D3_V1p2_8MT' physical library. No physical link for the logical lib cell. (PSYN-058)
Warning: The pin direction of 'I' pin on 'PBSU4' cell in the 'SP013D3_V1p2_typ' technology library is inconsistent with the same-name pin in the '/home/eda/lib/smic/SP013D3_V1p4/apollo/SP013D3_V1p2_8MT' physical library. No physical link for the logical lib cell. (PSYN-058)
Warning: The pin direction of 'C' pin on 'PBSU4' cell in the 'SP013D3_V1p2_typ' technology library is inconsistent with the same-name pin in the '/home/eda/lib/smic/SP013D3_V1p4/apollo/SP013D3_V1p2_8MT' physical library. No physical link for the logical lib cell. (PSYN-058)
Warning: The pin direction of 'PAD' pin on 'PBSU4' cell in the 'SP013D3_V1p2_typ' technology library is inconsistent with the same-name pin in the '/home/eda/lib/smic/SP013D3_V1p4/apollo/SP013D3_V1p2_8MT' physical library. No physical link for the logical lib cell. (PSYN-058)
Warning: The pin direction of 'OEN' pin on 'PBU24' cell in the 'SP013D3_V1p2_typ' technology library is inconsistent with the same-name pin in the '/home/eda/lib/smic/SP013D3_V1p4/apollo/SP013D3_V1p2_8MT' physical library. No physical link for the logical lib cell. (PSYN-058)
Warning: The pin direction of 'I' pin on 'PBU24' cell in the 'SP013D3_V1p2_typ' technology library is inconsistent with the same-name pin in the '/home/eda/lib/smic/SP013D3_V1p4/apollo/SP013D3_V1p2_8MT' physical library. No physical link for the logical lib cell. (PSYN-058)
Warning: The pin direction of 'C' pin on 'PBU24' cell in the 'SP013D3_V1p2_typ' technology library is inconsistent with the same-name pin in the '/home/eda/lib/smic/SP013D3_V1p4/apollo/SP013D3_V1p2_8MT' physical library. No physical link for the logical lib cell. (PSYN-058)
Warning: The pin direction of 'PAD' pin on 'PBU24' cell in the 'SP013D3_V1p2_typ' technology library is inconsistent with the same-name pin in the '/home/eda/lib/smic/SP013D3_V1p4/apollo/SP013D3_V1p2_8MT' physical library. No physical link for the logical lib cell. (PSYN-058)
Warning: The pin direction of 'OEN' pin on 'PBD24' cell in the 'SP013D3_V1p2_typ' technology library is inconsistent with the same-name pin in the '/home/eda/lib/smic/SP013D3_V1p4/apollo/SP013D3_V1p2_8MT' physical library. No physical link for the logical lib cell. (PSYN-058)
Warning: The pin direction of 'I' pin on 'PBD24' cell in the 'SP013D3_V1p2_typ' technology library is inconsistent with the same-name pin in the '/home/eda/lib/smic/SP013D3_V1p4/apollo/SP013D3_V1p2_8MT' physical library. No physical link for the logical lib cell. (PSYN-058)
Warning: The pin direction of 'C' pin on 'PBD24' cell in the 'SP013D3_V1p2_typ' technology library is inconsistent with the same-name pin in the '/home/eda/lib/smic/SP013D3_V1p4/apollo/SP013D3_V1p2_8MT' physical library. No physical link for the logical lib cell. (PSYN-058)
Warning: The pin direction of 'PAD' pin on 'PBD24' cell in the 'SP013D3_V1p2_typ' technology library is inconsistent with the same-name pin in the '/home/eda/lib/smic/SP013D3_V1p4/apollo/SP013D3_V1p2_8MT' physical library. No physical link for the logical lib cell. (PSYN-058)
Warning: The pin direction of 'I' pin on 'POL24' cell in the 'SP013D3_V1p2_typ' technology library is inconsistent with the same-name pin in the '/home/eda/lib/smic/SP013D3_V1p4/apollo/SP013D3_V1p2_8MT' physical library. No physical link for the logical lib cell. (PSYN-058)
Warning: The pin direction of 'PAD' pin on 'POL24' cell in the 'SP013D3_V1p2_typ' technology library is inconsistent with the same-name pin in the '/home/eda/lib/smic/SP013D3_V1p4/apollo/SP013D3_V1p2_8MT' physical library. No physical link for the logical lib cell. (PSYN-058)
Warning: The pin direction of 'OEN' pin on 'POT24' cell in the 'SP013D3_V1p2_typ' technology library is inconsistent with the same-name pin in the '/home/eda/lib/smic/SP013D3_V1p4/apollo/SP013D3_V1p2_8MT' physical library. No physical link for the logical lib cell. (PSYN-058)
Warning: The pin direction of 'I' pin on 'POT24' cell in the 'SP013D3_V1p2_typ' technology library is inconsistent with the same-name pin in the '/home/eda/lib/smic/SP013D3_V1p4/apollo/SP013D3_V1p2_8MT' physical library. No physical link for the logical lib cell. (PSYN-058)
Warning: The pin direction of 'PAD' pin on 'POT24' cell in the 'SP013D3_V1p2_typ' technology library is inconsistent with the same-name pin in the '/home/eda/lib/smic/SP013D3_V1p4/apollo/SP013D3_V1p2_8MT' physical library. No physical link for the logical lib cell. (PSYN-058)
Warning: The pin direction of 'VSS' pin on 'PVSS3' cell in the 'SP013D3_V1p2_typ' technology library is inconsistent with the same-name pin in the '/home/eda/lib/smic/SP013D3_V1p4/apollo/SP013D3_V1p2_8MT' physical library. No physical link for the logical lib cell. (PSYN-058)
Warning: The pin direction of 'XIN' pin on 'PXWE3' cell in the 'SP013D3_V1p2_typ' technology library is inconsistent with the same-name pin in the '/home/eda/lib/smic/SP013D3_V1p4/apollo/SP013D3_V1p2_8MT' physical library. No physical link for the logical lib cell. (PSYN-058)
Warning: The pin direction of 'E' pin on 'PXWE3' cell in the 'SP013D3_V1p2_typ' technology library is inconsistent with the same-name pin in the '/home/eda/lib/smic/SP013D3_V1p4/apollo/SP013D3_V1p2_8MT' physical library. No physical link for the logical lib cell. (PSYN-058)
Warning: The pin direction of 'XOUT' pin on 'PXWE3' cell in the 'SP013D3_V1p2_typ' technology library is inconsistent with the same-name pin in the '/home/eda/lib/smic/SP013D3_V1p4/apollo/SP013D3_V1p2_8MT' physical library. No physical link for the logical lib cell. (PSYN-058)
Warning: The pin direction of 'XC' pin on 'PXWE3' cell in the 'SP013D3_V1p2_typ' technology library is inconsistent with the same-name pin in the '/home/eda/lib/smic/SP013D3_V1p4/apollo/SP013D3_V1p2_8MT' physical library. No physical link for the logical lib cell. (PSYN-058)
Warning: The pin direction of 'OEN' pin on 'PBL12' cell in the 'SP013D3_V1p2_typ' technology library is inconsistent with the same-name pin in the '/home/eda/lib/smic/SP013D3_V1p4/apollo/SP013D3_V1p2_8MT' physical library. No physical link for the logical lib cell. (PSYN-058)
Warning: The pin direction of 'I' pin on 'PBL12' cell in the 'SP013D3_V1p2_typ' technology library is inconsistent with the same-name pin in the '/home/eda/lib/smic/SP013D3_V1p4/apollo/SP013D3_V1p2_8MT' physical library. No physical link for the logical lib cell. (PSYN-058)
Warning: The pin direction of 'C' pin on 'PBL12' cell in the 'SP013D3_V1p2_typ' technology library is inconsistent with the same-name pin in the '/home/eda/lib/smic/SP013D3_V1p4/apollo/SP013D3_V1p2_8MT' physical library. No physical link for the logical lib cell. (PSYN-058)
Warning: The pin direction of 'PAD' pin on 'PBL12' cell in the 'SP013D3_V1p2_typ' technology library is inconsistent with the same-name pin in the '/home/eda/lib/smic/SP013D3_V1p4/apollo/SP013D3_V1p2_8MT' physical library. No physical link for the logical lib cell. (PSYN-058)
Warning: The pin direction of 'OEN' pin on 'PBCD8' cell in the 'SP013D3_V1p2_typ' technology library is inconsistent with the same-name pin in the '/home/eda/lib/smic/SP013D3_V1p4/apollo/SP013D3_V1p2_8MT' physical library. No physical link for the logical lib cell. (PSYN-058)
Warning: The pin direction of 'I' pin on 'PBCD8' cell in the 'SP013D3_V1p2_typ' technology library is inconsistent with the same-name pin in the '/home/eda/lib/smic/SP013D3_V1p4/apollo/SP013D3_V1p2_8MT' physical library. No physical link for the logical lib cell. (PSYN-058)
Warning: The pin direction of 'REN' pin on 'PBCD8' cell in the 'SP013D3_V1p2_typ' technology library is inconsistent with the same-name pin in the '/home/eda/lib/smic/SP013D3_V1p4/apollo/SP013D3_V1p2_8MT' physical library. No physical link for the logical lib cell. (PSYN-058)
Warning: The pin direction of 'C' pin on 'PBCD8' cell in the 'SP013D3_V1p2_typ' technology library is inconsistent with the same-name pin in the '/home/eda/lib/smic/SP013D3_V1p4/apollo/SP013D3_V1p2_8MT' physical library. No physical link for the logical lib cell. (PSYN-058)
Warning: The pin direction of 'PAD' pin on 'PBCD8' cell in the 'SP013D3_V1p2_typ' technology library is inconsistent with the same-name pin in the '/home/eda/lib/smic/SP013D3_V1p4/apollo/SP013D3_V1p2_8MT' physical library. No physical link for the logical lib cell. (PSYN-058)
Warning: The pin direction of 'OEN' pin on 'PBCD2' cell in the 'SP013D3_V1p2_typ' technology library is inconsistent with the same-name pin in the '/home/eda/lib/smic/SP013D3_V1p4/apollo/SP013D3_V1p2_8MT' physical library. No physical link for the logical lib cell. (PSYN-058)
Warning: The pin direction of 'I' pin on 'PBCD2' cell in the 'SP013D3_V1p2_typ' technology library is inconsistent with the same-name pin in the '/home/eda/lib/smic/SP013D3_V1p4/apollo/SP013D3_V1p2_8MT' physical library. No physical link for the logical lib cell. (PSYN-058)
Warning: The pin direction of 'REN' pin on 'PBCD2' cell in the 'SP013D3_V1p2_typ' technology library is inconsistent with the same-name pin in the '/home/eda/lib/smic/SP013D3_V1p4/apollo/SP013D3_V1p2_8MT' physical library. No physical link for the logical lib cell. (PSYN-058)
Warning: The pin direction of 'C' pin on 'PBCD2' cell in the 'SP013D3_V1p2_typ' technology library is inconsistent with the same-name pin in the '/home/eda/lib/smic/SP013D3_V1p4/apollo/SP013D3_V1p2_8MT' physical library. No physical link for the logical lib cell. (PSYN-058)
Warning: The pin direction of 'PAD' pin on 'PBCD2' cell in the 'SP013D3_V1p2_typ' technology library is inconsistent with the same-name pin in the '/home/eda/lib/smic/SP013D3_V1p4/apollo/SP013D3_V1p2_8MT' physical library. No physical link for the logical lib cell. (PSYN-058)
Warning: The pin direction of 'OEN' pin on 'PBCU8' cell in the 'SP013D3_V1p2_typ' technology library is inconsistent with the same-name pin in the '/home/eda/lib/smic/SP013D3_V1p4/apollo/SP013D3_V1p2_8MT' physical library. No physical link for the logical lib cell. (PSYN-058)
Warning: The pin direction of 'I' pin on 'PBCU8' cell in the 'SP013D3_V1p2_typ' technology library is inconsistent with the same-name pin in the '/home/eda/lib/smic/SP013D3_V1p4/apollo/SP013D3_V1p2_8MT' physical library. No physical link for the logical lib cell. (PSYN-058)
Warning: The pin direction of 'REN' pin on 'PBCU8' cell in the 'SP013D3_V1p2_typ' technology library is inconsistent with the same-name pin in the '/home/eda/lib/smic/SP013D3_V1p4/apollo/SP013D3_V1p2_8MT' physical library. No physical link for the logical lib cell. (PSYN-058)
Warning: The pin direction of 'C' pin on 'PBCU8' cell in the 'SP013D3_V1p2_typ' technology library is inconsistent with the same-name pin in the '/home/eda/lib/smic/SP013D3_V1p4/apollo/SP013D3_V1p2_8MT' physical library. No physical link for the logical lib cell. (PSYN-058)
Warning: The pin direction of 'PAD' pin on 'PBCU8' cell in the 'SP013D3_V1p2_typ' technology library is inconsistent with the same-name pin in the '/home/eda/lib/smic/SP013D3_V1p4/apollo/SP013D3_V1p2_8MT' physical library. No physical link for the logical lib cell. (PSYN-058)
Warning: The pin direction of 'OEN' pin on 'PBCU2' cell in the 'SP013D3_V1p2_typ' technology library is inconsistent with the same-name pin in the '/home/eda/lib/smic/SP013D3_V1p4/apollo/SP013D3_V1p2_8MT' physical library. No physical link for the logical lib cell. (PSYN-058)
Warning: The pin direction of 'I' pin on 'PBCU2' cell in the 'SP013D3_V1p2_typ' technology library is inconsistent with the same-name pin in the '/home/eda/lib/smic/SP013D3_V1p4/apollo/SP013D3_V1p2_8MT' physical library. No physical link for the logical lib cell. (PSYN-058)
Warning: The pin direction of 'REN' pin on 'PBCU2' cell in the 'SP013D3_V1p2_typ' technology library is inconsistent with the same-name pin in the '/home/eda/lib/smic/SP013D3_V1p4/apollo/SP013D3_V1p2_8MT' physical library. No physical link for the logical lib cell. (PSYN-058)
Warning: The pin direction of 'C' pin on 'PBCU2' cell in the 'SP013D3_V1p2_typ' technology library is inconsistent with the same-name pin in the '/home/eda/lib/smic/SP013D3_V1p4/apollo/SP013D3_V1p2_8MT' physical library. No physical link for the logical lib cell. (PSYN-058)
Warning: The pin direction of 'PAD' pin on 'PBCU2' cell in the 'SP013D3_V1p2_typ' technology library is inconsistent with the same-name pin in the '/home/eda/lib/smic/SP013D3_V1p4/apollo/SP013D3_V1p2_8MT' physical library. No physical link for the logical lib cell. (PSYN-058)
Warning: The pin direction of 'OEN' pin on 'PBSL8' cell in the 'SP013D3_V1p2_typ' technology library is inconsistent with the same-name pin in the '/home/eda/lib/smic/SP013D3_V1p4/apollo/SP013D3_V1p2_8MT' physical library. No physical link for the logical lib cell. (PSYN-058)
Warning: The pin direction of 'I' pin on 'PBSL8' cell in the 'SP013D3_V1p2_typ' technology library is inconsistent with the same-name pin in the '/home/eda/lib/smic/SP013D3_V1p4/apollo/SP013D3_V1p2_8MT' physical library. No physical link for the logical lib cell. (PSYN-058)
Warning: The pin direction of 'C' pin on 'PBSL8' cell in the 'SP013D3_V1p2_typ' technology library is inconsistent with the same-name pin in the '/home/eda/lib/smic/SP013D3_V1p4/apollo/SP013D3_V1p2_8MT' physical library. No physical link for the logical lib cell. (PSYN-058)
Warning: The pin direction of 'PAD' pin on 'PBSL8' cell in the 'SP013D3_V1p2_typ' technology library is inconsistent with the same-name pin in the '/home/eda/lib/smic/SP013D3_V1p4/apollo/SP013D3_V1p2_8MT' physical library. No physical link for the logical lib cell. (PSYN-058)
Warning: The pin direction of 'OEN' pin on 'PBS12' cell in the 'SP013D3_V1p2_typ' technology library is inconsistent with the same-name pin in the '/home/eda/lib/smic/SP013D3_V1p4/apollo/SP013D3_V1p2_8MT' physical library. No physical link for the logical lib cell. (PSYN-058)
Warning: The pin direction of 'I' pin on 'PBS12' cell in the 'SP013D3_V1p2_typ' technology library is inconsistent with the same-name pin in the '/home/eda/lib/smic/SP013D3_V1p4/apollo/SP013D3_V1p2_8MT' physical library. No physical link for the logical lib cell. (PSYN-058)
Warning: The pin direction of 'C' pin on 'PBS12' cell in the 'SP013D3_V1p2_typ' technology library is inconsistent with the same-name pin in the '/home/eda/lib/smic/SP013D3_V1p4/apollo/SP013D3_V1p2_8MT' physical library. No physical link for the logical lib cell. (PSYN-058)
Warning: The pin direction of 'PAD' pin on 'PBS12' cell in the 'SP013D3_V1p2_typ' technology library is inconsistent with the same-name pin in the '/home/eda/lib/smic/SP013D3_V1p4/apollo/SP013D3_V1p2_8MT' physical library. No physical link for the logical lib cell. (PSYN-058)
Warning: The pin direction of 'OEN' pin on 'PBSD8' cell in the 'SP013D3_V1p2_typ' technology library is inconsistent with the same-name pin in the '/home/eda/lib/smic/SP013D3_V1p4/apollo/SP013D3_V1p2_8MT' physical library. No physical link for the logical lib cell. (PSYN-058)
Warning: The pin direction of 'I' pin on 'PBSD8' cell in the 'SP013D3_V1p2_typ' technology library is inconsistent with the same-name pin in the '/home/eda/lib/smic/SP013D3_V1p4/apollo/SP013D3_V1p2_8MT' physical library. No physical link for the logical lib cell. (PSYN-058)
Warning: The pin direction of 'C' pin on 'PBSD8' cell in the 'SP013D3_V1p2_typ' technology library is inconsistent with the same-name pin in the '/home/eda/lib/smic/SP013D3_V1p4/apollo/SP013D3_V1p2_8MT' physical library. No physical link for the logical lib cell. (PSYN-058)
Warning: The pin direction of 'PAD' pin on 'PBSD8' cell in the 'SP013D3_V1p2_typ' technology library is inconsistent with the same-name pin in the '/home/eda/lib/smic/SP013D3_V1p4/apollo/SP013D3_V1p2_8MT' physical library. No physical link for the logical lib cell. (PSYN-058)
Warning: The pin direction of 'OEN' pin on 'PBSD2' cell in the 'SP013D3_V1p2_typ' technology library is inconsistent with the same-name pin in the '/home/eda/lib/smic/SP013D3_V1p4/apollo/SP013D3_V1p2_8MT' physical library. No physical link for the logical lib cell. (PSYN-058)
Warning: The pin direction of 'I' pin on 'PBSD2' cell in the 'SP013D3_V1p2_typ' technology library is inconsistent with the same-name pin in the '/home/eda/lib/smic/SP013D3_V1p4/apollo/SP013D3_V1p2_8MT' physical library. No physical link for the logical lib cell. (PSYN-058)
Warning: The pin direction of 'C' pin on 'PBSD2' cell in the 'SP013D3_V1p2_typ' technology library is inconsistent with the same-name pin in the '/home/eda/lib/smic/SP013D3_V1p4/apollo/SP013D3_V1p2_8MT' physical library. No physical link for the logical lib cell. (PSYN-058)
Warning: The pin direction of 'PAD' pin on 'PBSD2' cell in the 'SP013D3_V1p2_typ' technology library is inconsistent with the same-name pin in the '/home/eda/lib/smic/SP013D3_V1p4/apollo/SP013D3_V1p2_8MT' physical library. No physical link for the logical lib cell. (PSYN-058)
Warning: The pin direction of 'OEN' pin on 'PBSU2' cell in the 'SP013D3_V1p2_typ' technology library is inconsistent with the same-name pin in the '/home/eda/lib/smic/SP013D3_V1p4/apollo/SP013D3_V1p2_8MT' physical library. No physical link for the logical lib cell. (PSYN-058)
Warning: The pin direction of 'I' pin on 'PBSU2' cell in the 'SP013D3_V1p2_typ' technology library is inconsistent with the same-name pin in the '/home/eda/lib/smic/SP013D3_V1p4/apollo/SP013D3_V1p2_8MT' physical library. No physical link for the logical lib cell. (PSYN-058)
Warning: The pin direction of 'C' pin on 'PBSU2' cell in the 'SP013D3_V1p2_typ' technology library is inconsistent with the same-name pin in the '/home/eda/lib/smic/SP013D3_V1p4/apollo/SP013D3_V1p2_8MT' physical library. No physical link for the logical lib cell. (PSYN-058)
Warning: The pin direction of 'PAD' pin on 'PBSU2' cell in the 'SP013D3_V1p2_typ' technology library is inconsistent with the same-name pin in the '/home/eda/lib/smic/SP013D3_V1p4/apollo/SP013D3_V1p2_8MT' physical library. No physical link for the logical lib cell. (PSYN-058)
Warning: The pin direction of 'OEN' pin on 'PBSU8' cell in the 'SP013D3_V1p2_typ' technology library is inconsistent with the same-name pin in the '/home/eda/lib/smic/SP013D3_V1p4/apollo/SP013D3_V1p2_8MT' physical library. No physical link for the logical lib cell. (PSYN-058)
Warning: The pin direction of 'I' pin on 'PBSU8' cell in the 'SP013D3_V1p2_typ' technology library is inconsistent with the same-name pin in the '/home/eda/lib/smic/SP013D3_V1p4/apollo/SP013D3_V1p2_8MT' physical library. No physical link for the logical lib cell. (PSYN-058)
Warning: The pin direction of 'C' pin on 'PBSU8' cell in the 'SP013D3_V1p2_typ' technology library is inconsistent with the same-name pin in the '/home/eda/lib/smic/SP013D3_V1p4/apollo/SP013D3_V1p2_8MT' physical library. No physical link for the logical lib cell. (PSYN-058)
Warning: The pin direction of 'PAD' pin on 'PBSU8' cell in the 'SP013D3_V1p2_typ' technology library is inconsistent with the same-name pin in the '/home/eda/lib/smic/SP013D3_V1p4/apollo/SP013D3_V1p2_8MT' physical library. No physical link for the logical lib cell. (PSYN-058)
Warning: The pin direction of 'OEN' pin on 'PBUL8' cell in the 'SP013D3_V1p2_typ' technology library is inconsistent with the same-name pin in the '/home/eda/lib/smic/SP013D3_V1p4/apollo/SP013D3_V1p2_8MT' physical library. No physical link for the logical lib cell. (PSYN-058)
Warning: The pin direction of 'I' pin on 'PBUL8' cell in the 'SP013D3_V1p2_typ' technology library is inconsistent with the same-name pin in the '/home/eda/lib/smic/SP013D3_V1p4/apollo/SP013D3_V1p2_8MT' physical library. No physical link for the logical lib cell. (PSYN-058)
Warning: The pin direction of 'C' pin on 'PBUL8' cell in the 'SP013D3_V1p2_typ' technology library is inconsistent with the same-name pin in the '/home/eda/lib/smic/SP013D3_V1p4/apollo/SP013D3_V1p2_8MT' physical library. No physical link for the logical lib cell. (PSYN-058)
Warning: The pin direction of 'PAD' pin on 'PBUL8' cell in the 'SP013D3_V1p2_typ' technology library is inconsistent with the same-name pin in the '/home/eda/lib/smic/SP013D3_V1p4/apollo/SP013D3_V1p2_8MT' physical library. No physical link for the logical lib cell. (PSYN-058)
Warning: The pin direction of 'OEN' pin on 'PBU12' cell in the 'SP013D3_V1p2_typ' technology library is inconsistent with the same-name pin in the '/home/eda/lib/smic/SP013D3_V1p4/apollo/SP013D3_V1p2_8MT' physical library. No physical link for the logical lib cell. (PSYN-058)
Warning: The pin direction of 'I' pin on 'PBU12' cell in the 'SP013D3_V1p2_typ' technology library is inconsistent with the same-name pin in the '/home/eda/lib/smic/SP013D3_V1p4/apollo/SP013D3_V1p2_8MT' physical library. No physical link for the logical lib cell. (PSYN-058)
Warning: The pin direction of 'C' pin on 'PBU12' cell in the 'SP013D3_V1p2_typ' technology library is inconsistent with the same-name pin in the '/home/eda/lib/smic/SP013D3_V1p4/apollo/SP013D3_V1p2_8MT' physical library. No physical link for the logical lib cell. (PSYN-058)
Warning: The pin direction of 'PAD' pin on 'PBU12' cell in the 'SP013D3_V1p2_typ' technology library is inconsistent with the same-name pin in the '/home/eda/lib/smic/SP013D3_V1p4/apollo/SP013D3_V1p2_8MT' physical library. No physical link for the logical lib cell. (PSYN-058)
Warning: The pin direction of 'OEN' pin on 'PBDL8' cell in the 'SP013D3_V1p2_typ' technology library is inconsistent with the same-name pin in the '/home/eda/lib/smic/SP013D3_V1p4/apollo/SP013D3_V1p2_8MT' physical library. No physical link for the logical lib cell. (PSYN-058)
Warning: The pin direction of 'I' pin on 'PBDL8' cell in the 'SP013D3_V1p2_typ' technology library is inconsistent with the same-name pin in the '/home/eda/lib/smic/SP013D3_V1p4/apollo/SP013D3_V1p2_8MT' physical library. No physical link for the logical lib cell. (PSYN-058)
Warning: The pin direction of 'C' pin on 'PBDL8' cell in the 'SP013D3_V1p2_typ' technology library is inconsistent with the same-name pin in the '/home/eda/lib/smic/SP013D3_V1p4/apollo/SP013D3_V1p2_8MT' physical library. No physical link for the logical lib cell. (PSYN-058)
Warning: The pin direction of 'PAD' pin on 'PBDL8' cell in the 'SP013D3_V1p2_typ' technology library is inconsistent with the same-name pin in the '/home/eda/lib/smic/SP013D3_V1p4/apollo/SP013D3_V1p2_8MT' physical library. No physical link for the logical lib cell. (PSYN-058)
Warning: The pin direction of 'OEN' pin on 'PBD12' cell in the 'SP013D3_V1p2_typ' technology library is inconsistent with the same-name pin in the '/home/eda/lib/smic/SP013D3_V1p4/apollo/SP013D3_V1p2_8MT' physical library. No physical link for the logical lib cell. (PSYN-058)
Warning: The pin direction of 'I' pin on 'PBD12' cell in the 'SP013D3_V1p2_typ' technology library is inconsistent with the same-name pin in the '/home/eda/lib/smic/SP013D3_V1p4/apollo/SP013D3_V1p2_8MT' physical library. No physical link for the logical lib cell. (PSYN-058)
Warning: The pin direction of 'C' pin on 'PBD12' cell in the 'SP013D3_V1p2_typ' technology library is inconsistent with the same-name pin in the '/home/eda/lib/smic/SP013D3_V1p4/apollo/SP013D3_V1p2_8MT' physical library. No physical link for the logical lib cell. (PSYN-058)
Warning: The pin direction of 'PAD' pin on 'PBD12' cell in the 'SP013D3_V1p2_typ' technology library is inconsistent with the same-name pin in the '/home/eda/lib/smic/SP013D3_V1p4/apollo/SP013D3_V1p2_8MT' physical library. No physical link for the logical lib cell. (PSYN-058)
Warning: The pin direction of 'I' pin on 'POL12' cell in the 'SP013D3_V1p2_typ' technology library is inconsistent with the same-name pin in the '/home/eda/lib/smic/SP013D3_V1p4/apollo/SP013D3_V1p2_8MT' physical library. No physical link for the logical lib cell. (PSYN-058)
Warning: The pin direction of 'PAD' pin on 'POL12' cell in the 'SP013D3_V1p2_typ' technology library is inconsistent with the same-name pin in the '/home/eda/lib/smic/SP013D3_V1p4/apollo/SP013D3_V1p2_8MT' physical library. No physical link for the logical lib cell. (PSYN-058)
Warning: The pin direction of 'OEN' pin on 'POTL8' cell in the 'SP013D3_V1p2_typ' technology library is inconsistent with the same-name pin in the '/home/eda/lib/smic/SP013D3_V1p4/apollo/SP013D3_V1p2_8MT' physical library. No physical link for the logical lib cell. (PSYN-058)
Warning: The pin direction of 'I' pin on 'POTL8' cell in the 'SP013D3_V1p2_typ' technology library is inconsistent with the same-name pin in the '/home/eda/lib/smic/SP013D3_V1p4/apollo/SP013D3_V1p2_8MT' physical library. No physical link for the logical lib cell. (PSYN-058)
Warning: The pin direction of 'PAD' pin on 'POTL8' cell in the 'SP013D3_V1p2_typ' technology library is inconsistent with the same-name pin in the '/home/eda/lib/smic/SP013D3_V1p4/apollo/SP013D3_V1p2_8MT' physical library. No physical link for the logical lib cell. (PSYN-058)
Warning: The pin direction of 'OEN' pin on 'POT12' cell in the 'SP013D3_V1p2_typ' technology library is inconsistent with the same-name pin in the '/home/eda/lib/smic/SP013D3_V1p4/apollo/SP013D3_V1p2_8MT' physical library. No physical link for the logical lib cell. (PSYN-058)
Warning: The pin direction of 'I' pin on 'POT12' cell in the 'SP013D3_V1p2_typ' technology library is inconsistent with the same-name pin in the '/home/eda/lib/smic/SP013D3_V1p4/apollo/SP013D3_V1p2_8MT' physical library. No physical link for the logical lib cell. (PSYN-058)
Warning: The pin direction of 'PAD' pin on 'POT12' cell in the 'SP013D3_V1p2_typ' technology library is inconsistent with the same-name pin in the '/home/eda/lib/smic/SP013D3_V1p4/apollo/SP013D3_V1p2_8MT' physical library. No physical link for the logical lib cell. (PSYN-058)
Warning: The pin direction of 'XIN' pin on 'PXWE2' cell in the 'SP013D3_V1p2_typ' technology library is inconsistent with the same-name pin in the '/home/eda/lib/smic/SP013D3_V1p4/apollo/SP013D3_V1p2_8MT' physical library. No physical link for the logical lib cell. (PSYN-058)
Warning: The pin direction of 'E' pin on 'PXWE2' cell in the 'SP013D3_V1p2_typ' technology library is inconsistent with the same-name pin in the '/home/eda/lib/smic/SP013D3_V1p4/apollo/SP013D3_V1p2_8MT' physical library. No physical link for the logical lib cell. (PSYN-058)
Warning: The pin direction of 'XOUT' pin on 'PXWE2' cell in the 'SP013D3_V1p2_typ' technology library is inconsistent with the same-name pin in the '/home/eda/lib/smic/SP013D3_V1p4/apollo/SP013D3_V1p2_8MT' physical library. No physical link for the logical lib cell. (PSYN-058)
Warning: The pin direction of 'XC' pin on 'PXWE2' cell in the 'SP013D3_V1p2_typ' technology library is inconsistent with the same-name pin in the '/home/eda/lib/smic/SP013D3_V1p4/apollo/SP013D3_V1p2_8MT' physical library. No physical link for the logical lib cell. (PSYN-058)
Warning: The pin direction of 'VSS' pin on 'PVSS1' cell in the 'SP013D3_V1p2_typ' technology library is inconsistent with the same-name pin in the '/home/eda/lib/smic/SP013D3_V1p4/apollo/SP013D3_V1p2_8MT' physical library. No physical link for the logical lib cell. (PSYN-058)
Warning: The pin direction of 'VDD' pin on 'PVDD1' cell in the 'SP013D3_V1p2_typ' technology library is inconsistent with the same-name pin in the '/home/eda/lib/smic/SP013D3_V1p4/apollo/SP013D3_V1p2_8MT' physical library. No physical link for the logical lib cell. (PSYN-058)
Warning: The pin direction of 'XIN' pin on 'PXWE1' cell in the 'SP013D3_V1p2_typ' technology library is inconsistent with the same-name pin in the '/home/eda/lib/smic/SP013D3_V1p4/apollo/SP013D3_V1p2_8MT' physical library. No physical link for the logical lib cell. (PSYN-058)
Warning: The pin direction of 'E' pin on 'PXWE1' cell in the 'SP013D3_V1p2_typ' technology library is inconsistent with the same-name pin in the '/home/eda/lib/smic/SP013D3_V1p4/apollo/SP013D3_V1p2_8MT' physical library. No physical link for the logical lib cell. (PSYN-058)
Warning: The pin direction of 'XOUT' pin on 'PXWE1' cell in the 'SP013D3_V1p2_typ' technology library is inconsistent with the same-name pin in the '/home/eda/lib/smic/SP013D3_V1p4/apollo/SP013D3_V1p2_8MT' physical library. No physical link for the logical lib cell. (PSYN-058)
Warning: The pin direction of 'XC' pin on 'PXWE1' cell in the 'SP013D3_V1p2_typ' technology library is inconsistent with the same-name pin in the '/home/eda/lib/smic/SP013D3_V1p4/apollo/SP013D3_V1p2_8MT' physical library. No physical link for the logical lib cell. (PSYN-058)
Warning: The pin direction of 'OEN' pin on 'PBCD16' cell in the 'SP013D3_V1p2_typ' technology library is inconsistent with the same-name pin in the '/home/eda/lib/smic/SP013D3_V1p4/apollo/SP013D3_V1p2_8MT' physical library. No physical link for the logical lib cell. (PSYN-058)
Warning: The pin direction of 'I' pin on 'PBCD16' cell in the 'SP013D3_V1p2_typ' technology library is inconsistent with the same-name pin in the '/home/eda/lib/smic/SP013D3_V1p4/apollo/SP013D3_V1p2_8MT' physical library. No physical link for the logical lib cell. (PSYN-058)
Warning: The pin direction of 'REN' pin on 'PBCD16' cell in the 'SP013D3_V1p2_typ' technology library is inconsistent with the same-name pin in the '/home/eda/lib/smic/SP013D3_V1p4/apollo/SP013D3_V1p2_8MT' physical library. No physical link for the logical lib cell. (PSYN-058)
Warning: The pin direction of 'C' pin on 'PBCD16' cell in the 'SP013D3_V1p2_typ' technology library is inconsistent with the same-name pin in the '/home/eda/lib/smic/SP013D3_V1p4/apollo/SP013D3_V1p2_8MT' physical library. No physical link for the logical lib cell. (PSYN-058)
Warning: The pin direction of 'PAD' pin on 'PBCD16' cell in the 'SP013D3_V1p2_typ' technology library is inconsistent with the same-name pin in the '/home/eda/lib/smic/SP013D3_V1p4/apollo/SP013D3_V1p2_8MT' physical library. No physical link for the logical lib cell. (PSYN-058)
Warning: The pin direction of 'OEN' pin on 'PBCU16' cell in the 'SP013D3_V1p2_typ' technology library is inconsistent with the same-name pin in the '/home/eda/lib/smic/SP013D3_V1p4/apollo/SP013D3_V1p2_8MT' physical library. No physical link for the logical lib cell. (PSYN-058)
Warning: The pin direction of 'I' pin on 'PBCU16' cell in the 'SP013D3_V1p2_typ' technology library is inconsistent with the same-name pin in the '/home/eda/lib/smic/SP013D3_V1p4/apollo/SP013D3_V1p2_8MT' physical library. No physical link for the logical lib cell. (PSYN-058)
Warning: The pin direction of 'REN' pin on 'PBCU16' cell in the 'SP013D3_V1p2_typ' technology library is inconsistent with the same-name pin in the '/home/eda/lib/smic/SP013D3_V1p4/apollo/SP013D3_V1p2_8MT' physical library. No physical link for the logical lib cell. (PSYN-058)
Warning: The pin direction of 'C' pin on 'PBCU16' cell in the 'SP013D3_V1p2_typ' technology library is inconsistent with the same-name pin in the '/home/eda/lib/smic/SP013D3_V1p4/apollo/SP013D3_V1p2_8MT' physical library. No physical link for the logical lib cell. (PSYN-058)
Warning: The pin direction of 'PAD' pin on 'PBCU16' cell in the 'SP013D3_V1p2_typ' technology library is inconsistent with the same-name pin in the '/home/eda/lib/smic/SP013D3_V1p4/apollo/SP013D3_V1p2_8MT' physical library. No physical link for the logical lib cell. (PSYN-058)
Warning: The pin direction of 'OEN' pin on 'PBSL16' cell in the 'SP013D3_V1p2_typ' technology library is inconsistent with the same-name pin in the '/home/eda/lib/smic/SP013D3_V1p4/apollo/SP013D3_V1p2_8MT' physical library. No physical link for the logical lib cell. (PSYN-058)
Warning: The pin direction of 'I' pin on 'PBSL16' cell in the 'SP013D3_V1p2_typ' technology library is inconsistent with the same-name pin in the '/home/eda/lib/smic/SP013D3_V1p4/apollo/SP013D3_V1p2_8MT' physical library. No physical link for the logical lib cell. (PSYN-058)
Warning: The pin direction of 'C' pin on 'PBSL16' cell in the 'SP013D3_V1p2_typ' technology library is inconsistent with the same-name pin in the '/home/eda/lib/smic/SP013D3_V1p4/apollo/SP013D3_V1p2_8MT' physical library. No physical link for the logical lib cell. (PSYN-058)
Warning: The pin direction of 'PAD' pin on 'PBSL16' cell in the 'SP013D3_V1p2_typ' technology library is inconsistent with the same-name pin in the '/home/eda/lib/smic/SP013D3_V1p4/apollo/SP013D3_V1p2_8MT' physical library. No physical link for the logical lib cell. (PSYN-058)
Warning: The pin direction of 'OEN' pin on 'PBSD16' cell in the 'SP013D3_V1p2_typ' technology library is inconsistent with the same-name pin in the '/home/eda/lib/smic/SP013D3_V1p4/apollo/SP013D3_V1p2_8MT' physical library. No physical link for the logical lib cell. (PSYN-058)
Warning: The pin direction of 'I' pin on 'PBSD16' cell in the 'SP013D3_V1p2_typ' technology library is inconsistent with the same-name pin in the '/home/eda/lib/smic/SP013D3_V1p4/apollo/SP013D3_V1p2_8MT' physical library. No physical link for the logical lib cell. (PSYN-058)
Warning: The pin direction of 'C' pin on 'PBSD16' cell in the 'SP013D3_V1p2_typ' technology library is inconsistent with the same-name pin in the '/home/eda/lib/smic/SP013D3_V1p4/apollo/SP013D3_V1p2_8MT' physical library. No physical link for the logical lib cell. (PSYN-058)
Warning: The pin direction of 'PAD' pin on 'PBSD16' cell in the 'SP013D3_V1p2_typ' technology library is inconsistent with the same-name pin in the '/home/eda/lib/smic/SP013D3_V1p4/apollo/SP013D3_V1p2_8MT' physical library. No physical link for the logical lib cell. (PSYN-058)
Warning: The pin direction of 'OEN' pin on 'PBSU16' cell in the 'SP013D3_V1p2_typ' technology library is inconsistent with the same-name pin in the '/home/eda/lib/smic/SP013D3_V1p4/apollo/SP013D3_V1p2_8MT' physical library. No physical link for the logical lib cell. (PSYN-058)
Warning: The pin direction of 'I' pin on 'PBSU16' cell in the 'SP013D3_V1p2_typ' technology library is inconsistent with the same-name pin in the '/home/eda/lib/smic/SP013D3_V1p4/apollo/SP013D3_V1p2_8MT' physical library. No physical link for the logical lib cell. (PSYN-058)
Warning: The pin direction of 'C' pin on 'PBSU16' cell in the 'SP013D3_V1p2_typ' technology library is inconsistent with the same-name pin in the '/home/eda/lib/smic/SP013D3_V1p4/apollo/SP013D3_V1p2_8MT' physical library. No physical link for the logical lib cell. (PSYN-058)
Warning: The pin direction of 'PAD' pin on 'PBSU16' cell in the 'SP013D3_V1p2_typ' technology library is inconsistent with the same-name pin in the '/home/eda/lib/smic/SP013D3_V1p4/apollo/SP013D3_V1p2_8MT' physical library. No physical link for the logical lib cell. (PSYN-058)
Warning: The pin direction of 'OEN' pin on 'PBUL16' cell in the 'SP013D3_V1p2_typ' technology library is inconsistent with the same-name pin in the '/home/eda/lib/smic/SP013D3_V1p4/apollo/SP013D3_V1p2_8MT' physical library. No physical link for the logical lib cell. (PSYN-058)
Warning: The pin direction of 'I' pin on 'PBUL16' cell in the 'SP013D3_V1p2_typ' technology library is inconsistent with the same-name pin in the '/home/eda/lib/smic/SP013D3_V1p4/apollo/SP013D3_V1p2_8MT' physical library. No physical link for the logical lib cell. (PSYN-058)
Warning: The pin direction of 'C' pin on 'PBUL16' cell in the 'SP013D3_V1p2_typ' technology library is inconsistent with the same-name pin in the '/home/eda/lib/smic/SP013D3_V1p4/apollo/SP013D3_V1p2_8MT' physical library. No physical link for the logical lib cell. (PSYN-058)
Warning: The pin direction of 'PAD' pin on 'PBUL16' cell in the 'SP013D3_V1p2_typ' technology library is inconsistent with the same-name pin in the '/home/eda/lib/smic/SP013D3_V1p4/apollo/SP013D3_V1p2_8MT' physical library. No physical link for the logical lib cell. (PSYN-058)
Warning: The pin direction of 'OEN' pin on 'PBDL16' cell in the 'SP013D3_V1p2_typ' technology library is inconsistent with the same-name pin in the '/home/eda/lib/smic/SP013D3_V1p4/apollo/SP013D3_V1p2_8MT' physical library. No physical link for the logical lib cell. (PSYN-058)
Warning: The pin direction of 'I' pin on 'PBDL16' cell in the 'SP013D3_V1p2_typ' technology library is inconsistent with the same-name pin in the '/home/eda/lib/smic/SP013D3_V1p4/apollo/SP013D3_V1p2_8MT' physical library. No physical link for the logical lib cell. (PSYN-058)
Warning: The pin direction of 'C' pin on 'PBDL16' cell in the 'SP013D3_V1p2_typ' technology library is inconsistent with the same-name pin in the '/home/eda/lib/smic/SP013D3_V1p4/apollo/SP013D3_V1p2_8MT' physical library. No physical link for the logical lib cell. (PSYN-058)
Warning: The pin direction of 'PAD' pin on 'PBDL16' cell in the 'SP013D3_V1p2_typ' technology library is inconsistent with the same-name pin in the '/home/eda/lib/smic/SP013D3_V1p4/apollo/SP013D3_V1p2_8MT' physical library. No physical link for the logical lib cell. (PSYN-058)
Warning: The pin direction of 'OEN' pin on 'POTL16' cell in the 'SP013D3_V1p2_typ' technology library is inconsistent with the same-name pin in the '/home/eda/lib/smic/SP013D3_V1p4/apollo/SP013D3_V1p2_8MT' physical library. No physical link for the logical lib cell. (PSYN-058)
Warning: The pin direction of 'I' pin on 'POTL16' cell in the 'SP013D3_V1p2_typ' technology library is inconsistent with the same-name pin in the '/home/eda/lib/smic/SP013D3_V1p4/apollo/SP013D3_V1p2_8MT' physical library. No physical link for the logical lib cell. (PSYN-058)
Warning: The pin direction of 'PAD' pin on 'POTL16' cell in the 'SP013D3_V1p2_typ' technology library is inconsistent with the same-name pin in the '/home/eda/lib/smic/SP013D3_V1p4/apollo/SP013D3_V1p2_8MT' physical library. No physical link for the logical lib cell. (PSYN-058)
Warning: The pin direction of 'OEN' pin on 'PCI6BS' cell in the 'SP013D3_V1p2_typ' technology library is inconsistent with the same-name pin in the '/home/eda/lib/smic/SP013D3_V1p4/apollo/SP013D3_V1p2_8MT' physical library. No physical link for the logical lib cell. (PSYN-058)
Warning: The pin direction of 'I' pin on 'PCI6BS' cell in the 'SP013D3_V1p2_typ' technology library is inconsistent with the same-name pin in the '/home/eda/lib/smic/SP013D3_V1p4/apollo/SP013D3_V1p2_8MT' physical library. No physical link for the logical lib cell. (PSYN-058)
Warning: The pin direction of 'C' pin on 'PCI6BS' cell in the 'SP013D3_V1p2_typ' technology library is inconsistent with the same-name pin in the '/home/eda/lib/smic/SP013D3_V1p4/apollo/SP013D3_V1p2_8MT' physical library. No physical link for the logical lib cell. (PSYN-058)
Warning: The pin direction of 'PAD' pin on 'PCI6BS' cell in the 'SP013D3_V1p2_typ' technology library is inconsistent with the same-name pin in the '/home/eda/lib/smic/SP013D3_V1p4/apollo/SP013D3_V1p2_8MT' physical library. No physical link for the logical lib cell. (PSYN-058)
Warning: The pin direction of 'OEN' pin on 'PCI3BS' cell in the 'SP013D3_V1p2_typ' technology library is inconsistent with the same-name pin in the '/home/eda/lib/smic/SP013D3_V1p4/apollo/SP013D3_V1p2_8MT' physical library. No physical link for the logical lib cell. (PSYN-058)
Warning: The pin direction of 'I' pin on 'PCI3BS' cell in the 'SP013D3_V1p2_typ' technology library is inconsistent with the same-name pin in the '/home/eda/lib/smic/SP013D3_V1p4/apollo/SP013D3_V1p2_8MT' physical library. No physical link for the logical lib cell. (PSYN-058)
Warning: The pin direction of 'C' pin on 'PCI3BS' cell in the 'SP013D3_V1p2_typ' technology library is inconsistent with the same-name pin in the '/home/eda/lib/smic/SP013D3_V1p4/apollo/SP013D3_V1p2_8MT' physical library. No physical link for the logical lib cell. (PSYN-058)
Warning: The pin direction of 'PAD' pin on 'PCI3BS' cell in the 'SP013D3_V1p2_typ' technology library is inconsistent with the same-name pin in the '/home/eda/lib/smic/SP013D3_V1p4/apollo/SP013D3_V1p2_8MT' physical library. No physical link for the logical lib cell. (PSYN-058)
Warning: The pin direction of 'OEN' pin on 'PBCD24' cell in the 'SP013D3_V1p2_typ' technology library is inconsistent with the same-name pin in the '/home/eda/lib/smic/SP013D3_V1p4/apollo/SP013D3_V1p2_8MT' physical library. No physical link for the logical lib cell. (PSYN-058)
Warning: The pin direction of 'I' pin on 'PBCD24' cell in the 'SP013D3_V1p2_typ' technology library is inconsistent with the same-name pin in the '/home/eda/lib/smic/SP013D3_V1p4/apollo/SP013D3_V1p2_8MT' physical library. No physical link for the logical lib cell. (PSYN-058)
Warning: The pin direction of 'REN' pin on 'PBCD24' cell in the 'SP013D3_V1p2_typ' technology library is inconsistent with the same-name pin in the '/home/eda/lib/smic/SP013D3_V1p4/apollo/SP013D3_V1p2_8MT' physical library. No physical link for the logical lib cell. (PSYN-058)
Warning: The pin direction of 'C' pin on 'PBCD24' cell in the 'SP013D3_V1p2_typ' technology library is inconsistent with the same-name pin in the '/home/eda/lib/smic/SP013D3_V1p4/apollo/SP013D3_V1p2_8MT' physical library. No physical link for the logical lib cell. (PSYN-058)
Warning: The pin direction of 'PAD' pin on 'PBCD24' cell in the 'SP013D3_V1p2_typ' technology library is inconsistent with the same-name pin in the '/home/eda/lib/smic/SP013D3_V1p4/apollo/SP013D3_V1p2_8MT' physical library. No physical link for the logical lib cell. (PSYN-058)
Warning: The pin direction of 'OEN' pin on 'PBCU24' cell in the 'SP013D3_V1p2_typ' technology library is inconsistent with the same-name pin in the '/home/eda/lib/smic/SP013D3_V1p4/apollo/SP013D3_V1p2_8MT' physical library. No physical link for the logical lib cell. (PSYN-058)
Warning: The pin direction of 'I' pin on 'PBCU24' cell in the 'SP013D3_V1p2_typ' technology library is inconsistent with the same-name pin in the '/home/eda/lib/smic/SP013D3_V1p4/apollo/SP013D3_V1p2_8MT' physical library. No physical link for the logical lib cell. (PSYN-058)
Warning: The pin direction of 'REN' pin on 'PBCU24' cell in the 'SP013D3_V1p2_typ' technology library is inconsistent with the same-name pin in the '/home/eda/lib/smic/SP013D3_V1p4/apollo/SP013D3_V1p2_8MT' physical library. No physical link for the logical lib cell. (PSYN-058)
Warning: The pin direction of 'C' pin on 'PBCU24' cell in the 'SP013D3_V1p2_typ' technology library is inconsistent with the same-name pin in the '/home/eda/lib/smic/SP013D3_V1p4/apollo/SP013D3_V1p2_8MT' physical library. No physical link for the logical lib cell. (PSYN-058)
Warning: The pin direction of 'PAD' pin on 'PBCU24' cell in the 'SP013D3_V1p2_typ' technology library is inconsistent with the same-name pin in the '/home/eda/lib/smic/SP013D3_V1p4/apollo/SP013D3_V1p2_8MT' physical library. No physical link for the logical lib cell. (PSYN-058)
Warning: The pin direction of 'OEN' pin on 'PBSL24' cell in the 'SP013D3_V1p2_typ' technology library is inconsistent with the same-name pin in the '/home/eda/lib/smic/SP013D3_V1p4/apollo/SP013D3_V1p2_8MT' physical library. No physical link for the logical lib cell. (PSYN-058)
Warning: The pin direction of 'I' pin on 'PBSL24' cell in the 'SP013D3_V1p2_typ' technology library is inconsistent with the same-name pin in the '/home/eda/lib/smic/SP013D3_V1p4/apollo/SP013D3_V1p2_8MT' physical library. No physical link for the logical lib cell. (PSYN-058)
Warning: The pin direction of 'C' pin on 'PBSL24' cell in the 'SP013D3_V1p2_typ' technology library is inconsistent with the same-name pin in the '/home/eda/lib/smic/SP013D3_V1p4/apollo/SP013D3_V1p2_8MT' physical library. No physical link for the logical lib cell. (PSYN-058)
Warning: The pin direction of 'PAD' pin on 'PBSL24' cell in the 'SP013D3_V1p2_typ' technology library is inconsistent with the same-name pin in the '/home/eda/lib/smic/SP013D3_V1p4/apollo/SP013D3_V1p2_8MT' physical library. No physical link for the logical lib cell. (PSYN-058)
Warning: The pin direction of 'OEN' pin on 'PBSD24' cell in the 'SP013D3_V1p2_typ' technology library is inconsistent with the same-name pin in the '/home/eda/lib/smic/SP013D3_V1p4/apollo/SP013D3_V1p2_8MT' physical library. No physical link for the logical lib cell. (PSYN-058)
Warning: The pin direction of 'I' pin on 'PBSD24' cell in the 'SP013D3_V1p2_typ' technology library is inconsistent with the same-name pin in the '/home/eda/lib/smic/SP013D3_V1p4/apollo/SP013D3_V1p2_8MT' physical library. No physical link for the logical lib cell. (PSYN-058)
Warning: The pin direction of 'C' pin on 'PBSD24' cell in the 'SP013D3_V1p2_typ' technology library is inconsistent with the same-name pin in the '/home/eda/lib/smic/SP013D3_V1p4/apollo/SP013D3_V1p2_8MT' physical library. No physical link for the logical lib cell. (PSYN-058)
Warning: The pin direction of 'PAD' pin on 'PBSD24' cell in the 'SP013D3_V1p2_typ' technology library is inconsistent with the same-name pin in the '/home/eda/lib/smic/SP013D3_V1p4/apollo/SP013D3_V1p2_8MT' physical library. No physical link for the logical lib cell. (PSYN-058)
Warning: The pin direction of 'OEN' pin on 'PBSU24' cell in the 'SP013D3_V1p2_typ' technology library is inconsistent with the same-name pin in the '/home/eda/lib/smic/SP013D3_V1p4/apollo/SP013D3_V1p2_8MT' physical library. No physical link for the logical lib cell. (PSYN-058)
Warning: The pin direction of 'I' pin on 'PBSU24' cell in the 'SP013D3_V1p2_typ' technology library is inconsistent with the same-name pin in the '/home/eda/lib/smic/SP013D3_V1p4/apollo/SP013D3_V1p2_8MT' physical library. No physical link for the logical lib cell. (PSYN-058)
Warning: The pin direction of 'C' pin on 'PBSU24' cell in the 'SP013D3_V1p2_typ' technology library is inconsistent with the same-name pin in the '/home/eda/lib/smic/SP013D3_V1p4/apollo/SP013D3_V1p2_8MT' physical library. No physical link for the logical lib cell. (PSYN-058)
Warning: The pin direction of 'PAD' pin on 'PBSU24' cell in the 'SP013D3_V1p2_typ' technology library is inconsistent with the same-name pin in the '/home/eda/lib/smic/SP013D3_V1p4/apollo/SP013D3_V1p2_8MT' physical library. No physical link for the logical lib cell. (PSYN-058)
Warning: The pin direction of 'OEN' pin on 'PBUL24' cell in the 'SP013D3_V1p2_typ' technology library is inconsistent with the same-name pin in the '/home/eda/lib/smic/SP013D3_V1p4/apollo/SP013D3_V1p2_8MT' physical library. No physical link for the logical lib cell. (PSYN-058)
Warning: The pin direction of 'I' pin on 'PBUL24' cell in the 'SP013D3_V1p2_typ' technology library is inconsistent with the same-name pin in the '/home/eda/lib/smic/SP013D3_V1p4/apollo/SP013D3_V1p2_8MT' physical library. No physical link for the logical lib cell. (PSYN-058)
Warning: The pin direction of 'C' pin on 'PBUL24' cell in the 'SP013D3_V1p2_typ' technology library is inconsistent with the same-name pin in the '/home/eda/lib/smic/SP013D3_V1p4/apollo/SP013D3_V1p2_8MT' physical library. No physical link for the logical lib cell. (PSYN-058)
Warning: The pin direction of 'PAD' pin on 'PBUL24' cell in the 'SP013D3_V1p2_typ' technology library is inconsistent with the same-name pin in the '/home/eda/lib/smic/SP013D3_V1p4/apollo/SP013D3_V1p2_8MT' physical library. No physical link for the logical lib cell. (PSYN-058)
Warning: The pin direction of 'OEN' pin on 'PBDL24' cell in the 'SP013D3_V1p2_typ' technology library is inconsistent with the same-name pin in the '/home/eda/lib/smic/SP013D3_V1p4/apollo/SP013D3_V1p2_8MT' physical library. No physical link for the logical lib cell. (PSYN-058)
Warning: The pin direction of 'I' pin on 'PBDL24' cell in the 'SP013D3_V1p2_typ' technology library is inconsistent with the same-name pin in the '/home/eda/lib/smic/SP013D3_V1p4/apollo/SP013D3_V1p2_8MT' physical library. No physical link for the logical lib cell. (PSYN-058)
Warning: The pin direction of 'C' pin on 'PBDL24' cell in the 'SP013D3_V1p2_typ' technology library is inconsistent with the same-name pin in the '/home/eda/lib/smic/SP013D3_V1p4/apollo/SP013D3_V1p2_8MT' physical library. No physical link for the logical lib cell. (PSYN-058)
Warning: The pin direction of 'PAD' pin on 'PBDL24' cell in the 'SP013D3_V1p2_typ' technology library is inconsistent with the same-name pin in the '/home/eda/lib/smic/SP013D3_V1p4/apollo/SP013D3_V1p2_8MT' physical library. No physical link for the logical lib cell. (PSYN-058)
Warning: The pin direction of 'OEN' pin on 'POTL24' cell in the 'SP013D3_V1p2_typ' technology library is inconsistent with the same-name pin in the '/home/eda/lib/smic/SP013D3_V1p4/apollo/SP013D3_V1p2_8MT' physical library. No physical link for the logical lib cell. (PSYN-058)
Warning: The pin direction of 'I' pin on 'POTL24' cell in the 'SP013D3_V1p2_typ' technology library is inconsistent with the same-name pin in the '/home/eda/lib/smic/SP013D3_V1p4/apollo/SP013D3_V1p2_8MT' physical library. No physical link for the logical lib cell. (PSYN-058)
Warning: The pin direction of 'PAD' pin on 'POTL24' cell in the 'SP013D3_V1p2_typ' technology library is inconsistent with the same-name pin in the '/home/eda/lib/smic/SP013D3_V1p4/apollo/SP013D3_V1p2_8MT' physical library. No physical link for the logical lib cell. (PSYN-058)
Warning: The pin direction of 'VDD1' pin on 'PDIODE' cell in the 'SP013D3_V1p2_typ' technology library is inconsistent with the same-name pin in the '/home/eda/lib/smic/SP013D3_V1p4/apollo/SP013D3_V1p2_8MT' physical library. No physical link for the logical lib cell. (PSYN-058)
Warning: The pin direction of 'VDD2' pin on 'PDIODE' cell in the 'SP013D3_V1p2_typ' technology library is inconsistent with the same-name pin in the '/home/eda/lib/smic/SP013D3_V1p4/apollo/SP013D3_V1p2_8MT' physical library. No physical link for the logical lib cell. (PSYN-058)
Warning: The pin direction of 'VSS1' pin on 'PDIODE' cell in the 'SP013D3_V1p2_typ' technology library is inconsistent with the same-name pin in the '/home/eda/lib/smic/SP013D3_V1p4/apollo/SP013D3_V1p2_8MT' physical library. No physical link for the logical lib cell. (PSYN-058)
Warning: The pin direction of 'VSS2' pin on 'PDIODE' cell in the 'SP013D3_V1p2_typ' technology library is inconsistent with the same-name pin in the '/home/eda/lib/smic/SP013D3_V1p4/apollo/SP013D3_V1p2_8MT' physical library. No physical link for the logical lib cell. (PSYN-058)
Warning: The pin direction of 'OEN' pin on 'PBCDL8' cell in the 'SP013D3_V1p2_typ' technology library is inconsistent with the same-name pin in the '/home/eda/lib/smic/SP013D3_V1p4/apollo/SP013D3_V1p2_8MT' physical library. No physical link for the logical lib cell. (PSYN-058)
Warning: The pin direction of 'I' pin on 'PBCDL8' cell in the 'SP013D3_V1p2_typ' technology library is inconsistent with the same-name pin in the '/home/eda/lib/smic/SP013D3_V1p4/apollo/SP013D3_V1p2_8MT' physical library. No physical link for the logical lib cell. (PSYN-058)
Warning: The pin direction of 'REN' pin on 'PBCDL8' cell in the 'SP013D3_V1p2_typ' technology library is inconsistent with the same-name pin in the '/home/eda/lib/smic/SP013D3_V1p4/apollo/SP013D3_V1p2_8MT' physical library. No physical link for the logical lib cell. (PSYN-058)
Warning: The pin direction of 'C' pin on 'PBCDL8' cell in the 'SP013D3_V1p2_typ' technology library is inconsistent with the same-name pin in the '/home/eda/lib/smic/SP013D3_V1p4/apollo/SP013D3_V1p2_8MT' physical library. No physical link for the logical lib cell. (PSYN-058)
Warning: The pin direction of 'PAD' pin on 'PBCDL8' cell in the 'SP013D3_V1p2_typ' technology library is inconsistent with the same-name pin in the '/home/eda/lib/smic/SP013D3_V1p4/apollo/SP013D3_V1p2_8MT' physical library. No physical link for the logical lib cell. (PSYN-058)
Warning: The pin direction of 'OEN' pin on 'PBCD12' cell in the 'SP013D3_V1p2_typ' technology library is inconsistent with the same-name pin in the '/home/eda/lib/smic/SP013D3_V1p4/apollo/SP013D3_V1p2_8MT' physical library. No physical link for the logical lib cell. (PSYN-058)
Warning: The pin direction of 'I' pin on 'PBCD12' cell in the 'SP013D3_V1p2_typ' technology library is inconsistent with the same-name pin in the '/home/eda/lib/smic/SP013D3_V1p4/apollo/SP013D3_V1p2_8MT' physical library. No physical link for the logical lib cell. (PSYN-058)
Warning: The pin direction of 'REN' pin on 'PBCD12' cell in the 'SP013D3_V1p2_typ' technology library is inconsistent with the same-name pin in the '/home/eda/lib/smic/SP013D3_V1p4/apollo/SP013D3_V1p2_8MT' physical library. No physical link for the logical lib cell. (PSYN-058)
Warning: The pin direction of 'C' pin on 'PBCD12' cell in the 'SP013D3_V1p2_typ' technology library is inconsistent with the same-name pin in the '/home/eda/lib/smic/SP013D3_V1p4/apollo/SP013D3_V1p2_8MT' physical library. No physical link for the logical lib cell. (PSYN-058)
Warning: The pin direction of 'PAD' pin on 'PBCD12' cell in the 'SP013D3_V1p2_typ' technology library is inconsistent with the same-name pin in the '/home/eda/lib/smic/SP013D3_V1p4/apollo/SP013D3_V1p2_8MT' physical library. No physical link for the logical lib cell. (PSYN-058)
Warning: The pin direction of 'OEN' pin on 'PBCUL8' cell in the 'SP013D3_V1p2_typ' technology library is inconsistent with the same-name pin in the '/home/eda/lib/smic/SP013D3_V1p4/apollo/SP013D3_V1p2_8MT' physical library. No physical link for the logical lib cell. (PSYN-058)
Warning: The pin direction of 'I' pin on 'PBCUL8' cell in the 'SP013D3_V1p2_typ' technology library is inconsistent with the same-name pin in the '/home/eda/lib/smic/SP013D3_V1p4/apollo/SP013D3_V1p2_8MT' physical library. No physical link for the logical lib cell. (PSYN-058)
Warning: The pin direction of 'REN' pin on 'PBCUL8' cell in the 'SP013D3_V1p2_typ' technology library is inconsistent with the same-name pin in the '/home/eda/lib/smic/SP013D3_V1p4/apollo/SP013D3_V1p2_8MT' physical library. No physical link for the logical lib cell. (PSYN-058)
Warning: The pin direction of 'C' pin on 'PBCUL8' cell in the 'SP013D3_V1p2_typ' technology library is inconsistent with the same-name pin in the '/home/eda/lib/smic/SP013D3_V1p4/apollo/SP013D3_V1p2_8MT' physical library. No physical link for the logical lib cell. (PSYN-058)
Warning: The pin direction of 'PAD' pin on 'PBCUL8' cell in the 'SP013D3_V1p2_typ' technology library is inconsistent with the same-name pin in the '/home/eda/lib/smic/SP013D3_V1p4/apollo/SP013D3_V1p2_8MT' physical library. No physical link for the logical lib cell. (PSYN-058)
Warning: The pin direction of 'OEN' pin on 'PBCU12' cell in the 'SP013D3_V1p2_typ' technology library is inconsistent with the same-name pin in the '/home/eda/lib/smic/SP013D3_V1p4/apollo/SP013D3_V1p2_8MT' physical library. No physical link for the logical lib cell. (PSYN-058)
Warning: The pin direction of 'I' pin on 'PBCU12' cell in the 'SP013D3_V1p2_typ' technology library is inconsistent with the same-name pin in the '/home/eda/lib/smic/SP013D3_V1p4/apollo/SP013D3_V1p2_8MT' physical library. No physical link for the logical lib cell. (PSYN-058)
Warning: The pin direction of 'REN' pin on 'PBCU12' cell in the 'SP013D3_V1p2_typ' technology library is inconsistent with the same-name pin in the '/home/eda/lib/smic/SP013D3_V1p4/apollo/SP013D3_V1p2_8MT' physical library. No physical link for the logical lib cell. (PSYN-058)
Warning: The pin direction of 'C' pin on 'PBCU12' cell in the 'SP013D3_V1p2_typ' technology library is inconsistent with the same-name pin in the '/home/eda/lib/smic/SP013D3_V1p4/apollo/SP013D3_V1p2_8MT' physical library. No physical link for the logical lib cell. (PSYN-058)
Warning: The pin direction of 'PAD' pin on 'PBCU12' cell in the 'SP013D3_V1p2_typ' technology library is inconsistent with the same-name pin in the '/home/eda/lib/smic/SP013D3_V1p4/apollo/SP013D3_V1p2_8MT' physical library. No physical link for the logical lib cell. (PSYN-058)
Warning: The pin direction of 'OEN' pin on 'PBSL12' cell in the 'SP013D3_V1p2_typ' technology library is inconsistent with the same-name pin in the '/home/eda/lib/smic/SP013D3_V1p4/apollo/SP013D3_V1p2_8MT' physical library. No physical link for the logical lib cell. (PSYN-058)
Warning: The pin direction of 'I' pin on 'PBSL12' cell in the 'SP013D3_V1p2_typ' technology library is inconsistent with the same-name pin in the '/home/eda/lib/smic/SP013D3_V1p4/apollo/SP013D3_V1p2_8MT' physical library. No physical link for the logical lib cell. (PSYN-058)
Warning: The pin direction of 'C' pin on 'PBSL12' cell in the 'SP013D3_V1p2_typ' technology library is inconsistent with the same-name pin in the '/home/eda/lib/smic/SP013D3_V1p4/apollo/SP013D3_V1p2_8MT' physical library. No physical link for the logical lib cell. (PSYN-058)
Warning: The pin direction of 'PAD' pin on 'PBSL12' cell in the 'SP013D3_V1p2_typ' technology library is inconsistent with the same-name pin in the '/home/eda/lib/smic/SP013D3_V1p4/apollo/SP013D3_V1p2_8MT' physical library. No physical link for the logical lib cell. (PSYN-058)
Warning: The pin direction of 'OEN' pin on 'PBSDL8' cell in the 'SP013D3_V1p2_typ' technology library is inconsistent with the same-name pin in the '/home/eda/lib/smic/SP013D3_V1p4/apollo/SP013D3_V1p2_8MT' physical library. No physical link for the logical lib cell. (PSYN-058)
Warning: The pin direction of 'I' pin on 'PBSDL8' cell in the 'SP013D3_V1p2_typ' technology library is inconsistent with the same-name pin in the '/home/eda/lib/smic/SP013D3_V1p4/apollo/SP013D3_V1p2_8MT' physical library. No physical link for the logical lib cell. (PSYN-058)
Warning: The pin direction of 'C' pin on 'PBSDL8' cell in the 'SP013D3_V1p2_typ' technology library is inconsistent with the same-name pin in the '/home/eda/lib/smic/SP013D3_V1p4/apollo/SP013D3_V1p2_8MT' physical library. No physical link for the logical lib cell. (PSYN-058)
Warning: The pin direction of 'PAD' pin on 'PBSDL8' cell in the 'SP013D3_V1p2_typ' technology library is inconsistent with the same-name pin in the '/home/eda/lib/smic/SP013D3_V1p4/apollo/SP013D3_V1p2_8MT' physical library. No physical link for the logical lib cell. (PSYN-058)
Warning: The pin direction of 'OEN' pin on 'PBSD12' cell in the 'SP013D3_V1p2_typ' technology library is inconsistent with the same-name pin in the '/home/eda/lib/smic/SP013D3_V1p4/apollo/SP013D3_V1p2_8MT' physical library. No physical link for the logical lib cell. (PSYN-058)
Warning: The pin direction of 'I' pin on 'PBSD12' cell in the 'SP013D3_V1p2_typ' technology library is inconsistent with the same-name pin in the '/home/eda/lib/smic/SP013D3_V1p4/apollo/SP013D3_V1p2_8MT' physical library. No physical link for the logical lib cell. (PSYN-058)
Warning: The pin direction of 'C' pin on 'PBSD12' cell in the 'SP013D3_V1p2_typ' technology library is inconsistent with the same-name pin in the '/home/eda/lib/smic/SP013D3_V1p4/apollo/SP013D3_V1p2_8MT' physical library. No physical link for the logical lib cell. (PSYN-058)
Warning: The pin direction of 'PAD' pin on 'PBSD12' cell in the 'SP013D3_V1p2_typ' technology library is inconsistent with the same-name pin in the '/home/eda/lib/smic/SP013D3_V1p4/apollo/SP013D3_V1p2_8MT' physical library. No physical link for the logical lib cell. (PSYN-058)
Warning: The pin direction of 'OEN' pin on 'PBSU12' cell in the 'SP013D3_V1p2_typ' technology library is inconsistent with the same-name pin in the '/home/eda/lib/smic/SP013D3_V1p4/apollo/SP013D3_V1p2_8MT' physical library. No physical link for the logical lib cell. (PSYN-058)
Warning: The pin direction of 'I' pin on 'PBSU12' cell in the 'SP013D3_V1p2_typ' technology library is inconsistent with the same-name pin in the '/home/eda/lib/smic/SP013D3_V1p4/apollo/SP013D3_V1p2_8MT' physical library. No physical link for the logical lib cell. (PSYN-058)
Warning: The pin direction of 'C' pin on 'PBSU12' cell in the 'SP013D3_V1p2_typ' technology library is inconsistent with the same-name pin in the '/home/eda/lib/smic/SP013D3_V1p4/apollo/SP013D3_V1p2_8MT' physical library. No physical link for the logical lib cell. (PSYN-058)
Warning: The pin direction of 'PAD' pin on 'PBSU12' cell in the 'SP013D3_V1p2_typ' technology library is inconsistent with the same-name pin in the '/home/eda/lib/smic/SP013D3_V1p4/apollo/SP013D3_V1p2_8MT' physical library. No physical link for the logical lib cell. (PSYN-058)
Warning: The pin direction of 'OEN' pin on 'PBSUL8' cell in the 'SP013D3_V1p2_typ' technology library is inconsistent with the same-name pin in the '/home/eda/lib/smic/SP013D3_V1p4/apollo/SP013D3_V1p2_8MT' physical library. No physical link for the logical lib cell. (PSYN-058)
Warning: The pin direction of 'I' pin on 'PBSUL8' cell in the 'SP013D3_V1p2_typ' technology library is inconsistent with the same-name pin in the '/home/eda/lib/smic/SP013D3_V1p4/apollo/SP013D3_V1p2_8MT' physical library. No physical link for the logical lib cell. (PSYN-058)
Warning: The pin direction of 'C' pin on 'PBSUL8' cell in the 'SP013D3_V1p2_typ' technology library is inconsistent with the same-name pin in the '/home/eda/lib/smic/SP013D3_V1p4/apollo/SP013D3_V1p2_8MT' physical library. No physical link for the logical lib cell. (PSYN-058)
Warning: The pin direction of 'PAD' pin on 'PBSUL8' cell in the 'SP013D3_V1p2_typ' technology library is inconsistent with the same-name pin in the '/home/eda/lib/smic/SP013D3_V1p4/apollo/SP013D3_V1p2_8MT' physical library. No physical link for the logical lib cell. (PSYN-058)
Warning: The pin direction of 'OEN' pin on 'PBUL12' cell in the 'SP013D3_V1p2_typ' technology library is inconsistent with the same-name pin in the '/home/eda/lib/smic/SP013D3_V1p4/apollo/SP013D3_V1p2_8MT' physical library. No physical link for the logical lib cell. (PSYN-058)
Warning: The pin direction of 'I' pin on 'PBUL12' cell in the 'SP013D3_V1p2_typ' technology library is inconsistent with the same-name pin in the '/home/eda/lib/smic/SP013D3_V1p4/apollo/SP013D3_V1p2_8MT' physical library. No physical link for the logical lib cell. (PSYN-058)
Warning: The pin direction of 'C' pin on 'PBUL12' cell in the 'SP013D3_V1p2_typ' technology library is inconsistent with the same-name pin in the '/home/eda/lib/smic/SP013D3_V1p4/apollo/SP013D3_V1p2_8MT' physical library. No physical link for the logical lib cell. (PSYN-058)
Warning: The pin direction of 'PAD' pin on 'PBUL12' cell in the 'SP013D3_V1p2_typ' technology library is inconsistent with the same-name pin in the '/home/eda/lib/smic/SP013D3_V1p4/apollo/SP013D3_V1p2_8MT' physical library. No physical link for the logical lib cell. (PSYN-058)
Warning: The pin direction of 'OEN' pin on 'PBDL12' cell in the 'SP013D3_V1p2_typ' technology library is inconsistent with the same-name pin in the '/home/eda/lib/smic/SP013D3_V1p4/apollo/SP013D3_V1p2_8MT' physical library. No physical link for the logical lib cell. (PSYN-058)
Warning: The pin direction of 'I' pin on 'PBDL12' cell in the 'SP013D3_V1p2_typ' technology library is inconsistent with the same-name pin in the '/home/eda/lib/smic/SP013D3_V1p4/apollo/SP013D3_V1p2_8MT' physical library. No physical link for the logical lib cell. (PSYN-058)
Warning: The pin direction of 'C' pin on 'PBDL12' cell in the 'SP013D3_V1p2_typ' technology library is inconsistent with the same-name pin in the '/home/eda/lib/smic/SP013D3_V1p4/apollo/SP013D3_V1p2_8MT' physical library. No physical link for the logical lib cell. (PSYN-058)
Warning: The pin direction of 'PAD' pin on 'PBDL12' cell in the 'SP013D3_V1p2_typ' technology library is inconsistent with the same-name pin in the '/home/eda/lib/smic/SP013D3_V1p4/apollo/SP013D3_V1p2_8MT' physical library. No physical link for the logical lib cell. (PSYN-058)
Warning: The pin direction of 'OEN' pin on 'POTL12' cell in the 'SP013D3_V1p2_typ' technology library is inconsistent with the same-name pin in the '/home/eda/lib/smic/SP013D3_V1p4/apollo/SP013D3_V1p2_8MT' physical library. No physical link for the logical lib cell. (PSYN-058)
Warning: The pin direction of 'I' pin on 'POTL12' cell in the 'SP013D3_V1p2_typ' technology library is inconsistent with the same-name pin in the '/home/eda/lib/smic/SP013D3_V1p4/apollo/SP013D3_V1p2_8MT' physical library. No physical link for the logical lib cell. (PSYN-058)
Warning: The pin direction of 'PAD' pin on 'POTL12' cell in the 'SP013D3_V1p2_typ' technology library is inconsistent with the same-name pin in the '/home/eda/lib/smic/SP013D3_V1p4/apollo/SP013D3_V1p2_8MT' physical library. No physical link for the logical lib cell. (PSYN-058)
Warning: The pin direction of 'OEN' pin on 'PBCDL16' cell in the 'SP013D3_V1p2_typ' technology library is inconsistent with the same-name pin in the '/home/eda/lib/smic/SP013D3_V1p4/apollo/SP013D3_V1p2_8MT' physical library. No physical link for the logical lib cell. (PSYN-058)
Warning: The pin direction of 'I' pin on 'PBCDL16' cell in the 'SP013D3_V1p2_typ' technology library is inconsistent with the same-name pin in the '/home/eda/lib/smic/SP013D3_V1p4/apollo/SP013D3_V1p2_8MT' physical library. No physical link for the logical lib cell. (PSYN-058)
Warning: The pin direction of 'REN' pin on 'PBCDL16' cell in the 'SP013D3_V1p2_typ' technology library is inconsistent with the same-name pin in the '/home/eda/lib/smic/SP013D3_V1p4/apollo/SP013D3_V1p2_8MT' physical library. No physical link for the logical lib cell. (PSYN-058)
Warning: The pin direction of 'C' pin on 'PBCDL16' cell in the 'SP013D3_V1p2_typ' technology library is inconsistent with the same-name pin in the '/home/eda/lib/smic/SP013D3_V1p4/apollo/SP013D3_V1p2_8MT' physical library. No physical link for the logical lib cell. (PSYN-058)
Warning: The pin direction of 'PAD' pin on 'PBCDL16' cell in the 'SP013D3_V1p2_typ' technology library is inconsistent with the same-name pin in the '/home/eda/lib/smic/SP013D3_V1p4/apollo/SP013D3_V1p2_8MT' physical library. No physical link for the logical lib cell. (PSYN-058)
Warning: The pin direction of 'OEN' pin on 'PBCUL16' cell in the 'SP013D3_V1p2_typ' technology library is inconsistent with the same-name pin in the '/home/eda/lib/smic/SP013D3_V1p4/apollo/SP013D3_V1p2_8MT' physical library. No physical link for the logical lib cell. (PSYN-058)
Warning: The pin direction of 'I' pin on 'PBCUL16' cell in the 'SP013D3_V1p2_typ' technology library is inconsistent with the same-name pin in the '/home/eda/lib/smic/SP013D3_V1p4/apollo/SP013D3_V1p2_8MT' physical library. No physical link for the logical lib cell. (PSYN-058)
Warning: The pin direction of 'REN' pin on 'PBCUL16' cell in the 'SP013D3_V1p2_typ' technology library is inconsistent with the same-name pin in the '/home/eda/lib/smic/SP013D3_V1p4/apollo/SP013D3_V1p2_8MT' physical library. No physical link for the logical lib cell. (PSYN-058)
Warning: The pin direction of 'C' pin on 'PBCUL16' cell in the 'SP013D3_V1p2_typ' technology library is inconsistent with the same-name pin in the '/home/eda/lib/smic/SP013D3_V1p4/apollo/SP013D3_V1p2_8MT' physical library. No physical link for the logical lib cell. (PSYN-058)
Warning: The pin direction of 'PAD' pin on 'PBCUL16' cell in the 'SP013D3_V1p2_typ' technology library is inconsistent with the same-name pin in the '/home/eda/lib/smic/SP013D3_V1p4/apollo/SP013D3_V1p2_8MT' physical library. No physical link for the logical lib cell. (PSYN-058)
Warning: The pin direction of 'OEN' pin on 'PBSDL16' cell in the 'SP013D3_V1p2_typ' technology library is inconsistent with the same-name pin in the '/home/eda/lib/smic/SP013D3_V1p4/apollo/SP013D3_V1p2_8MT' physical library. No physical link for the logical lib cell. (PSYN-058)
Warning: The pin direction of 'I' pin on 'PBSDL16' cell in the 'SP013D3_V1p2_typ' technology library is inconsistent with the same-name pin in the '/home/eda/lib/smic/SP013D3_V1p4/apollo/SP013D3_V1p2_8MT' physical library. No physical link for the logical lib cell. (PSYN-058)
Warning: The pin direction of 'C' pin on 'PBSDL16' cell in the 'SP013D3_V1p2_typ' technology library is inconsistent with the same-name pin in the '/home/eda/lib/smic/SP013D3_V1p4/apollo/SP013D3_V1p2_8MT' physical library. No physical link for the logical lib cell. (PSYN-058)
Warning: The pin direction of 'PAD' pin on 'PBSDL16' cell in the 'SP013D3_V1p2_typ' technology library is inconsistent with the same-name pin in the '/home/eda/lib/smic/SP013D3_V1p4/apollo/SP013D3_V1p2_8MT' physical library. No physical link for the logical lib cell. (PSYN-058)
Warning: The pin direction of 'OEN' pin on 'PBSUL16' cell in the 'SP013D3_V1p2_typ' technology library is inconsistent with the same-name pin in the '/home/eda/lib/smic/SP013D3_V1p4/apollo/SP013D3_V1p2_8MT' physical library. No physical link for the logical lib cell. (PSYN-058)
Warning: The pin direction of 'I' pin on 'PBSUL16' cell in the 'SP013D3_V1p2_typ' technology library is inconsistent with the same-name pin in the '/home/eda/lib/smic/SP013D3_V1p4/apollo/SP013D3_V1p2_8MT' physical library. No physical link for the logical lib cell. (PSYN-058)
Warning: The pin direction of 'C' pin on 'PBSUL16' cell in the 'SP013D3_V1p2_typ' technology library is inconsistent with the same-name pin in the '/home/eda/lib/smic/SP013D3_V1p4/apollo/SP013D3_V1p2_8MT' physical library. No physical link for the logical lib cell. (PSYN-058)
Warning: The pin direction of 'PAD' pin on 'PBSUL16' cell in the 'SP013D3_V1p2_typ' technology library is inconsistent with the same-name pin in the '/home/eda/lib/smic/SP013D3_V1p4/apollo/SP013D3_V1p2_8MT' physical library. No physical link for the logical lib cell. (PSYN-058)
Warning: The pin direction of 'OEN' pin on 'PBCDL24' cell in the 'SP013D3_V1p2_typ' technology library is inconsistent with the same-name pin in the '/home/eda/lib/smic/SP013D3_V1p4/apollo/SP013D3_V1p2_8MT' physical library. No physical link for the logical lib cell. (PSYN-058)
Warning: The pin direction of 'I' pin on 'PBCDL24' cell in the 'SP013D3_V1p2_typ' technology library is inconsistent with the same-name pin in the '/home/eda/lib/smic/SP013D3_V1p4/apollo/SP013D3_V1p2_8MT' physical library. No physical link for the logical lib cell. (PSYN-058)
Warning: The pin direction of 'REN' pin on 'PBCDL24' cell in the 'SP013D3_V1p2_typ' technology library is inconsistent with the same-name pin in the '/home/eda/lib/smic/SP013D3_V1p4/apollo/SP013D3_V1p2_8MT' physical library. No physical link for the logical lib cell. (PSYN-058)
Warning: The pin direction of 'C' pin on 'PBCDL24' cell in the 'SP013D3_V1p2_typ' technology library is inconsistent with the same-name pin in the '/home/eda/lib/smic/SP013D3_V1p4/apollo/SP013D3_V1p2_8MT' physical library. No physical link for the logical lib cell. (PSYN-058)
Warning: The pin direction of 'PAD' pin on 'PBCDL24' cell in the 'SP013D3_V1p2_typ' technology library is inconsistent with the same-name pin in the '/home/eda/lib/smic/SP013D3_V1p4/apollo/SP013D3_V1p2_8MT' physical library. No physical link for the logical lib cell. (PSYN-058)
Warning: The pin direction of 'OEN' pin on 'PBCUL24' cell in the 'SP013D3_V1p2_typ' technology library is inconsistent with the same-name pin in the '/home/eda/lib/smic/SP013D3_V1p4/apollo/SP013D3_V1p2_8MT' physical library. No physical link for the logical lib cell. (PSYN-058)
Warning: The pin direction of 'I' pin on 'PBCUL24' cell in the 'SP013D3_V1p2_typ' technology library is inconsistent with the same-name pin in the '/home/eda/lib/smic/SP013D3_V1p4/apollo/SP013D3_V1p2_8MT' physical library. No physical link for the logical lib cell. (PSYN-058)
Warning: The pin direction of 'REN' pin on 'PBCUL24' cell in the 'SP013D3_V1p2_typ' technology library is inconsistent with the same-name pin in the '/home/eda/lib/smic/SP013D3_V1p4/apollo/SP013D3_V1p2_8MT' physical library. No physical link for the logical lib cell. (PSYN-058)
Warning: The pin direction of 'C' pin on 'PBCUL24' cell in the 'SP013D3_V1p2_typ' technology library is inconsistent with the same-name pin in the '/home/eda/lib/smic/SP013D3_V1p4/apollo/SP013D3_V1p2_8MT' physical library. No physical link for the logical lib cell. (PSYN-058)
Warning: The pin direction of 'PAD' pin on 'PBCUL24' cell in the 'SP013D3_V1p2_typ' technology library is inconsistent with the same-name pin in the '/home/eda/lib/smic/SP013D3_V1p4/apollo/SP013D3_V1p2_8MT' physical library. No physical link for the logical lib cell. (PSYN-058)
Warning: The pin direction of 'OEN' pin on 'PBSDL24' cell in the 'SP013D3_V1p2_typ' technology library is inconsistent with the same-name pin in the '/home/eda/lib/smic/SP013D3_V1p4/apollo/SP013D3_V1p2_8MT' physical library. No physical link for the logical lib cell. (PSYN-058)
Warning: The pin direction of 'I' pin on 'PBSDL24' cell in the 'SP013D3_V1p2_typ' technology library is inconsistent with the same-name pin in the '/home/eda/lib/smic/SP013D3_V1p4/apollo/SP013D3_V1p2_8MT' physical library. No physical link for the logical lib cell. (PSYN-058)
Warning: The pin direction of 'C' pin on 'PBSDL24' cell in the 'SP013D3_V1p2_typ' technology library is inconsistent with the same-name pin in the '/home/eda/lib/smic/SP013D3_V1p4/apollo/SP013D3_V1p2_8MT' physical library. No physical link for the logical lib cell. (PSYN-058)
Warning: The pin direction of 'PAD' pin on 'PBSDL24' cell in the 'SP013D3_V1p2_typ' technology library is inconsistent with the same-name pin in the '/home/eda/lib/smic/SP013D3_V1p4/apollo/SP013D3_V1p2_8MT' physical library. No physical link for the logical lib cell. (PSYN-058)
Warning: The pin direction of 'OEN' pin on 'PBSUL24' cell in the 'SP013D3_V1p2_typ' technology library is inconsistent with the same-name pin in the '/home/eda/lib/smic/SP013D3_V1p4/apollo/SP013D3_V1p2_8MT' physical library. No physical link for the logical lib cell. (PSYN-058)
Warning: The pin direction of 'I' pin on 'PBSUL24' cell in the 'SP013D3_V1p2_typ' technology library is inconsistent with the same-name pin in the '/home/eda/lib/smic/SP013D3_V1p4/apollo/SP013D3_V1p2_8MT' physical library. No physical link for the logical lib cell. (PSYN-058)
Warning: The pin direction of 'C' pin on 'PBSUL24' cell in the 'SP013D3_V1p2_typ' technology library is inconsistent with the same-name pin in the '/home/eda/lib/smic/SP013D3_V1p4/apollo/SP013D3_V1p2_8MT' physical library. No physical link for the logical lib cell. (PSYN-058)
Warning: The pin direction of 'PAD' pin on 'PBSUL24' cell in the 'SP013D3_V1p2_typ' technology library is inconsistent with the same-name pin in the '/home/eda/lib/smic/SP013D3_V1p4/apollo/SP013D3_V1p2_8MT' physical library. No physical link for the logical lib cell. (PSYN-058)
Warning: The pin direction of 'VSS1' pin on 'PDIODE8' cell in the 'SP013D3_V1p2_typ' technology library is inconsistent with the same-name pin in the '/home/eda/lib/smic/SP013D3_V1p4/apollo/SP013D3_V1p2_8MT' physical library. No physical link for the logical lib cell. (PSYN-058)
Warning: The pin direction of 'VSS2' pin on 'PDIODE8' cell in the 'SP013D3_V1p2_typ' technology library is inconsistent with the same-name pin in the '/home/eda/lib/smic/SP013D3_V1p4/apollo/SP013D3_V1p2_8MT' physical library. No physical link for the logical lib cell. (PSYN-058)
Warning: The pin direction of 'OEN' pin on 'PBCDL12' cell in the 'SP013D3_V1p2_typ' technology library is inconsistent with the same-name pin in the '/home/eda/lib/smic/SP013D3_V1p4/apollo/SP013D3_V1p2_8MT' physical library. No physical link for the logical lib cell. (PSYN-058)
Warning: The pin direction of 'I' pin on 'PBCDL12' cell in the 'SP013D3_V1p2_typ' technology library is inconsistent with the same-name pin in the '/home/eda/lib/smic/SP013D3_V1p4/apollo/SP013D3_V1p2_8MT' physical library. No physical link for the logical lib cell. (PSYN-058)
Warning: The pin direction of 'REN' pin on 'PBCDL12' cell in the 'SP013D3_V1p2_typ' technology library is inconsistent with the same-name pin in the '/home/eda/lib/smic/SP013D3_V1p4/apollo/SP013D3_V1p2_8MT' physical library. No physical link for the logical lib cell. (PSYN-058)
Warning: The pin direction of 'C' pin on 'PBCDL12' cell in the 'SP013D3_V1p2_typ' technology library is inconsistent with the same-name pin in the '/home/eda/lib/smic/SP013D3_V1p4/apollo/SP013D3_V1p2_8MT' physical library. No physical link for the logical lib cell. (PSYN-058)
Warning: The pin direction of 'PAD' pin on 'PBCDL12' cell in the 'SP013D3_V1p2_typ' technology library is inconsistent with the same-name pin in the '/home/eda/lib/smic/SP013D3_V1p4/apollo/SP013D3_V1p2_8MT' physical library. No physical link for the logical lib cell. (PSYN-058)
Warning: The pin direction of 'OEN' pin on 'PBCUL12' cell in the 'SP013D3_V1p2_typ' technology library is inconsistent with the same-name pin in the '/home/eda/lib/smic/SP013D3_V1p4/apollo/SP013D3_V1p2_8MT' physical library. No physical link for the logical lib cell. (PSYN-058)
Warning: The pin direction of 'I' pin on 'PBCUL12' cell in the 'SP013D3_V1p2_typ' technology library is inconsistent with the same-name pin in the '/home/eda/lib/smic/SP013D3_V1p4/apollo/SP013D3_V1p2_8MT' physical library. No physical link for the logical lib cell. (PSYN-058)
Warning: The pin direction of 'REN' pin on 'PBCUL12' cell in the 'SP013D3_V1p2_typ' technology library is inconsistent with the same-name pin in the '/home/eda/lib/smic/SP013D3_V1p4/apollo/SP013D3_V1p2_8MT' physical library. No physical link for the logical lib cell. (PSYN-058)
Warning: The pin direction of 'C' pin on 'PBCUL12' cell in the 'SP013D3_V1p2_typ' technology library is inconsistent with the same-name pin in the '/home/eda/lib/smic/SP013D3_V1p4/apollo/SP013D3_V1p2_8MT' physical library. No physical link for the logical lib cell. (PSYN-058)
Warning: The pin direction of 'PAD' pin on 'PBCUL12' cell in the 'SP013D3_V1p2_typ' technology library is inconsistent with the same-name pin in the '/home/eda/lib/smic/SP013D3_V1p4/apollo/SP013D3_V1p2_8MT' physical library. No physical link for the logical lib cell. (PSYN-058)
Warning: The pin direction of 'OEN' pin on 'PBSDL12' cell in the 'SP013D3_V1p2_typ' technology library is inconsistent with the same-name pin in the '/home/eda/lib/smic/SP013D3_V1p4/apollo/SP013D3_V1p2_8MT' physical library. No physical link for the logical lib cell. (PSYN-058)
Warning: The pin direction of 'I' pin on 'PBSDL12' cell in the 'SP013D3_V1p2_typ' technology library is inconsistent with the same-name pin in the '/home/eda/lib/smic/SP013D3_V1p4/apollo/SP013D3_V1p2_8MT' physical library. No physical link for the logical lib cell. (PSYN-058)
Warning: The pin direction of 'C' pin on 'PBSDL12' cell in the 'SP013D3_V1p2_typ' technology library is inconsistent with the same-name pin in the '/home/eda/lib/smic/SP013D3_V1p4/apollo/SP013D3_V1p2_8MT' physical library. No physical link for the logical lib cell. (PSYN-058)
Warning: The pin direction of 'PAD' pin on 'PBSDL12' cell in the 'SP013D3_V1p2_typ' technology library is inconsistent with the same-name pin in the '/home/eda/lib/smic/SP013D3_V1p4/apollo/SP013D3_V1p2_8MT' physical library. No physical link for the logical lib cell. (PSYN-058)
Warning: The pin direction of 'OEN' pin on 'PBSUL12' cell in the 'SP013D3_V1p2_typ' technology library is inconsistent with the same-name pin in the '/home/eda/lib/smic/SP013D3_V1p4/apollo/SP013D3_V1p2_8MT' physical library. No physical link for the logical lib cell. (PSYN-058)
Warning: The pin direction of 'I' pin on 'PBSUL12' cell in the 'SP013D3_V1p2_typ' technology library is inconsistent with the same-name pin in the '/home/eda/lib/smic/SP013D3_V1p4/apollo/SP013D3_V1p2_8MT' physical library. No physical link for the logical lib cell. (PSYN-058)
Warning: The pin direction of 'C' pin on 'PBSUL12' cell in the 'SP013D3_V1p2_typ' technology library is inconsistent with the same-name pin in the '/home/eda/lib/smic/SP013D3_V1p4/apollo/SP013D3_V1p2_8MT' physical library. No physical link for the logical lib cell. (PSYN-058)
Warning: The pin direction of 'PAD' pin on 'PBSUL12' cell in the 'SP013D3_V1p2_typ' technology library is inconsistent with the same-name pin in the '/home/eda/lib/smic/SP013D3_V1p4/apollo/SP013D3_V1p2_8MT' physical library. No physical link for the logical lib cell. (PSYN-058)
Warning: The pin direction of 'VDD' pin on 'PVDD1CE' cell in the 'SP013D3_V1p2_typ' technology library is inconsistent with the same-name pin in the '/home/eda/lib/smic/SP013D3_V1p4/apollo/SP013D3_V1p2_8MT' physical library. No physical link for the logical lib cell. (PSYN-058)
Warning: The pin direction of 'VSS1' pin on 'P1DIODE8' cell in the 'SP013D3_V1p2_typ' technology library is inconsistent with the same-name pin in the '/home/eda/lib/smic/SP013D3_V1p4/apollo/SP013D3_V1p2_8MT' physical library. No physical link for the logical lib cell. (PSYN-058)
Warning: The pin direction of 'VSS2' pin on 'P1DIODE8' cell in the 'SP013D3_V1p2_typ' technology library is inconsistent with the same-name pin in the '/home/eda/lib/smic/SP013D3_V1p4/apollo/SP013D3_V1p2_8MT' physical library. No physical link for the logical lib cell. (PSYN-058)
Warning: The pin direction of 'VDD1' pin on 'P1DIODE' cell in the 'SP013D3_V1p2_typ' technology library is inconsistent with the same-name pin in the '/home/eda/lib/smic/SP013D3_V1p4/apollo/SP013D3_V1p2_8MT' physical library. No physical link for the logical lib cell. (PSYN-058)
Warning: The pin direction of 'VDD2' pin on 'P1DIODE' cell in the 'SP013D3_V1p2_typ' technology library is inconsistent with the same-name pin in the '/home/eda/lib/smic/SP013D3_V1p4/apollo/SP013D3_V1p2_8MT' physical library. No physical link for the logical lib cell. (PSYN-058)
Warning: The pin direction of 'VSS1' pin on 'P1DIODE' cell in the 'SP013D3_V1p2_typ' technology library is inconsistent with the same-name pin in the '/home/eda/lib/smic/SP013D3_V1p4/apollo/SP013D3_V1p2_8MT' physical library. No physical link for the logical lib cell. (PSYN-058)
Warning: The pin direction of 'VSS2' pin on 'P1DIODE' cell in the 'SP013D3_V1p2_typ' technology library is inconsistent with the same-name pin in the '/home/eda/lib/smic/SP013D3_V1p4/apollo/SP013D3_V1p2_8MT' physical library. No physical link for the logical lib cell. (PSYN-058)
Warning: The pin direction of 'SVSS1ANP' pin on 'PVSS1ANP' cell in the 'SP013D3_V1p2_typ' technology library is inconsistent with the same-name pin in the '/home/eda/lib/smic/SP013D3_V1p4/apollo/SP013D3_V1p2_8MT' physical library. No physical link for the logical lib cell. (PSYN-058)
Warning: The pin direction of 'SVDD1ANP' pin on 'PVDD1ANP' cell in the 'SP013D3_V1p2_typ' technology library is inconsistent with the same-name pin in the '/home/eda/lib/smic/SP013D3_V1p4/apollo/SP013D3_V1p2_8MT' physical library. No physical link for the logical lib cell. (PSYN-058)
Warning: The pin direction of 'VPP' pin on 'PVPP' cell in the 'SP013D3_V1p2_typ' technology library is inconsistent with the same-name pin in the '/home/eda/lib/smic/SP013D3_V1p4/apollo/SP013D3_V1p2_8MT' physical library. No physical link for the logical lib cell. (PSYN-058)
Warning: The pin direction of 'SVSS1CANP' pin on 'PVSS1CANP' cell in the 'SP013D3_V1p2_typ' technology library is inconsistent with the same-name pin in the '/home/eda/lib/smic/SP013D3_V1p4/apollo/SP013D3_V1p2_8MT' physical library. No physical link for the logical lib cell. (PSYN-058)
Warning: The pin direction of 'SVDD1CANP' pin on 'PVDD1CANP' cell in the 'SP013D3_V1p2_typ' technology library is inconsistent with the same-name pin in the '/home/eda/lib/smic/SP013D3_V1p4/apollo/SP013D3_V1p2_8MT' physical library. No physical link for the logical lib cell. (PSYN-058)
Warning: The 'PB12' cell in the 'SP013D3_V1p2_typ' technology library is being 
	marked as "dont_use". (PSYN-039)
Warning: The 'PB12' cell in the 'SP013D3_V1p2_typ' technology library does not 
	have corresponding physical cell description. (PSYN-024)
Warning: The 'PB16' cell in the 'SP013D3_V1p2_typ' technology library is being 
	marked as "dont_use". (PSYN-039)
Warning: The 'PB16' cell in the 'SP013D3_V1p2_typ' technology library does not 
	have corresponding physical cell description. (PSYN-024)
Warning: The 'PB2' cell in the 'SP013D3_V1p2_typ' technology library is being 
	marked as "dont_use". (PSYN-039)
Warning: The 'PB2' cell in the 'SP013D3_V1p2_typ' technology library does not 
	have corresponding physical cell description. (PSYN-024)
Warning: The 'PB24' cell in the 'SP013D3_V1p2_typ' technology library is being 
	marked as "dont_use". (PSYN-039)
Warning: The 'PB24' cell in the 'SP013D3_V1p2_typ' technology library does not 
	have corresponding physical cell description. (PSYN-024)
Warning: The 'PB4' cell in the 'SP013D3_V1p2_typ' technology library is being 
	marked as "dont_use". (PSYN-039)
Warning: The 'PB4' cell in the 'SP013D3_V1p2_typ' technology library does not 
	have corresponding physical cell description. (PSYN-024)
Warning: The 'PB8' cell in the 'SP013D3_V1p2_typ' technology library is being 
	marked as "dont_use". (PSYN-039)
Warning: The 'PB8' cell in the 'SP013D3_V1p2_typ' technology library does not 
	have corresponding physical cell description. (PSYN-024)
Warning: The 'PBCD12' cell in the 'SP013D3_V1p2_typ' technology library is being 
	marked as "dont_use". (PSYN-039)
Warning: The 'PBCD12' cell in the 'SP013D3_V1p2_typ' technology library does not 
	have corresponding physical cell description. (PSYN-024)
Warning: The 'PBCD16' cell in the 'SP013D3_V1p2_typ' technology library is being 
	marked as "dont_use". (PSYN-039)
Warning: The 'PBCD16' cell in the 'SP013D3_V1p2_typ' technology library does not 
	have corresponding physical cell description. (PSYN-024)
Warning: The 'PBCD2' cell in the 'SP013D3_V1p2_typ' technology library is being 
	marked as "dont_use". (PSYN-039)
Warning: The 'PBCD2' cell in the 'SP013D3_V1p2_typ' technology library does not 
	have corresponding physical cell description. (PSYN-024)
Warning: The 'PBCD24' cell in the 'SP013D3_V1p2_typ' technology library is being 
	marked as "dont_use". (PSYN-039)
Warning: The 'PBCD24' cell in the 'SP013D3_V1p2_typ' technology library does not 
	have corresponding physical cell description. (PSYN-024)
Warning: The 'PBCD4' cell in the 'SP013D3_V1p2_typ' technology library is being 
	marked as "dont_use". (PSYN-039)
Warning: The 'PBCD4' cell in the 'SP013D3_V1p2_typ' technology library does not 
	have corresponding physical cell description. (PSYN-024)
Warning: The 'PBCD8' cell in the 'SP013D3_V1p2_typ' technology library is being 
	marked as "dont_use". (PSYN-039)
Warning: The 'PBCD8' cell in the 'SP013D3_V1p2_typ' technology library does not 
	have corresponding physical cell description. (PSYN-024)
Warning: The 'PBCDL12' cell in the 'SP013D3_V1p2_typ' technology library is being 
	marked as "dont_use". (PSYN-039)
Warning: The 'PBCDL12' cell in the 'SP013D3_V1p2_typ' technology library does not 
	have corresponding physical cell description. (PSYN-024)
Warning: The 'PBCDL16' cell in the 'SP013D3_V1p2_typ' technology library is being 
	marked as "dont_use". (PSYN-039)
Warning: The 'PBCDL16' cell in the 'SP013D3_V1p2_typ' technology library does not 
	have corresponding physical cell description. (PSYN-024)
Warning: The 'PBCDL24' cell in the 'SP013D3_V1p2_typ' technology library is being 
	marked as "dont_use". (PSYN-039)
Warning: The 'PBCDL24' cell in the 'SP013D3_V1p2_typ' technology library does not 
	have corresponding physical cell description. (PSYN-024)
Warning: The 'PBCDL8' cell in the 'SP013D3_V1p2_typ' technology library is being 
	marked as "dont_use". (PSYN-039)
Warning: The 'PBCDL8' cell in the 'SP013D3_V1p2_typ' technology library does not 
	have corresponding physical cell description. (PSYN-024)
Warning: The 'PBCU12' cell in the 'SP013D3_V1p2_typ' technology library is being 
	marked as "dont_use". (PSYN-039)
Warning: The 'PBCU12' cell in the 'SP013D3_V1p2_typ' technology library does not 
	have corresponding physical cell description. (PSYN-024)
Warning: The 'PBCU16' cell in the 'SP013D3_V1p2_typ' technology library is being 
	marked as "dont_use". (PSYN-039)
Warning: The 'PBCU16' cell in the 'SP013D3_V1p2_typ' technology library does not 
	have corresponding physical cell description. (PSYN-024)
Warning: The 'PBCU2' cell in the 'SP013D3_V1p2_typ' technology library is being 
	marked as "dont_use". (PSYN-039)
Warning: The 'PBCU2' cell in the 'SP013D3_V1p2_typ' technology library does not 
	have corresponding physical cell description. (PSYN-024)
Warning: The 'PBCU24' cell in the 'SP013D3_V1p2_typ' technology library is being 
	marked as "dont_use". (PSYN-039)
Warning: The 'PBCU24' cell in the 'SP013D3_V1p2_typ' technology library does not 
	have corresponding physical cell description. (PSYN-024)
Warning: The 'PBCU4' cell in the 'SP013D3_V1p2_typ' technology library is being 
	marked as "dont_use". (PSYN-039)
Warning: The 'PBCU4' cell in the 'SP013D3_V1p2_typ' technology library does not 
	have corresponding physical cell description. (PSYN-024)
Warning: The 'PBCU8' cell in the 'SP013D3_V1p2_typ' technology library is being 
	marked as "dont_use". (PSYN-039)
Warning: The 'PBCU8' cell in the 'SP013D3_V1p2_typ' technology library does not 
	have corresponding physical cell description. (PSYN-024)
Warning: The 'PBCUL12' cell in the 'SP013D3_V1p2_typ' technology library is being 
	marked as "dont_use". (PSYN-039)
Warning: The 'PBCUL12' cell in the 'SP013D3_V1p2_typ' technology library does not 
	have corresponding physical cell description. (PSYN-024)
Warning: The 'PBCUL16' cell in the 'SP013D3_V1p2_typ' technology library is being 
	marked as "dont_use". (PSYN-039)
Warning: The 'PBCUL16' cell in the 'SP013D3_V1p2_typ' technology library does not 
	have corresponding physical cell description. (PSYN-024)
Warning: The 'PBCUL24' cell in the 'SP013D3_V1p2_typ' technology library is being 
	marked as "dont_use". (PSYN-039)
Warning: The 'PBCUL24' cell in the 'SP013D3_V1p2_typ' technology library does not 
	have corresponding physical cell description. (PSYN-024)
Warning: The 'PBCUL8' cell in the 'SP013D3_V1p2_typ' technology library is being 
	marked as "dont_use". (PSYN-039)
Warning: The 'PBCUL8' cell in the 'SP013D3_V1p2_typ' technology library does not 
	have corresponding physical cell description. (PSYN-024)
Warning: The 'PBD12' cell in the 'SP013D3_V1p2_typ' technology library is being 
	marked as "dont_use". (PSYN-039)
Warning: The 'PBD12' cell in the 'SP013D3_V1p2_typ' technology library does not 
	have corresponding physical cell description. (PSYN-024)
Warning: The 'PBD16' cell in the 'SP013D3_V1p2_typ' technology library is being 
	marked as "dont_use". (PSYN-039)
Warning: The 'PBD16' cell in the 'SP013D3_V1p2_typ' technology library does not 
	have corresponding physical cell description. (PSYN-024)
Warning: The 'PBD2' cell in the 'SP013D3_V1p2_typ' technology library is being 
	marked as "dont_use". (PSYN-039)
Warning: The 'PBD2' cell in the 'SP013D3_V1p2_typ' technology library does not 
	have corresponding physical cell description. (PSYN-024)
Warning: The 'PBD24' cell in the 'SP013D3_V1p2_typ' technology library is being 
	marked as "dont_use". (PSYN-039)
Warning: The 'PBD24' cell in the 'SP013D3_V1p2_typ' technology library does not 
	have corresponding physical cell description. (PSYN-024)
Warning: The 'PBD4' cell in the 'SP013D3_V1p2_typ' technology library is being 
	marked as "dont_use". (PSYN-039)
Warning: The 'PBD4' cell in the 'SP013D3_V1p2_typ' technology library does not 
	have corresponding physical cell description. (PSYN-024)
Warning: The 'PBD8' cell in the 'SP013D3_V1p2_typ' technology library is being 
	marked as "dont_use". (PSYN-039)
Warning: The 'PBD8' cell in the 'SP013D3_V1p2_typ' technology library does not 
	have corresponding physical cell description. (PSYN-024)
Warning: The 'PBDL12' cell in the 'SP013D3_V1p2_typ' technology library is being 
	marked as "dont_use". (PSYN-039)
Warning: The 'PBDL12' cell in the 'SP013D3_V1p2_typ' technology library does not 
	have corresponding physical cell description. (PSYN-024)
Warning: The 'PBDL16' cell in the 'SP013D3_V1p2_typ' technology library is being 
	marked as "dont_use". (PSYN-039)
Warning: The 'PBDL16' cell in the 'SP013D3_V1p2_typ' technology library does not 
	have corresponding physical cell description. (PSYN-024)
Warning: The 'PBDL24' cell in the 'SP013D3_V1p2_typ' technology library is being 
	marked as "dont_use". (PSYN-039)
Warning: The 'PBDL24' cell in the 'SP013D3_V1p2_typ' technology library does not 
	have corresponding physical cell description. (PSYN-024)
Warning: The 'PBDL8' cell in the 'SP013D3_V1p2_typ' technology library is being 
	marked as "dont_use". (PSYN-039)
Warning: The 'PBDL8' cell in the 'SP013D3_V1p2_typ' technology library does not 
	have corresponding physical cell description. (PSYN-024)
Warning: The 'PBL12' cell in the 'SP013D3_V1p2_typ' technology library is being 
	marked as "dont_use". (PSYN-039)
Warning: The 'PBL12' cell in the 'SP013D3_V1p2_typ' technology library does not 
	have corresponding physical cell description. (PSYN-024)
Warning: The 'PBL16' cell in the 'SP013D3_V1p2_typ' technology library is being 
	marked as "dont_use". (PSYN-039)
Warning: The 'PBL16' cell in the 'SP013D3_V1p2_typ' technology library does not 
	have corresponding physical cell description. (PSYN-024)
Warning: The 'PBL24' cell in the 'SP013D3_V1p2_typ' technology library is being 
	marked as "dont_use". (PSYN-039)
Warning: The 'PBL24' cell in the 'SP013D3_V1p2_typ' technology library does not 
	have corresponding physical cell description. (PSYN-024)
Warning: The 'PBL8' cell in the 'SP013D3_V1p2_typ' technology library is being 
	marked as "dont_use". (PSYN-039)
Warning: The 'PBL8' cell in the 'SP013D3_V1p2_typ' technology library does not 
	have corresponding physical cell description. (PSYN-024)
Warning: The 'PBS12' cell in the 'SP013D3_V1p2_typ' technology library is being 
	marked as "dont_use". (PSYN-039)
Warning: The 'PBS12' cell in the 'SP013D3_V1p2_typ' technology library does not 
	have corresponding physical cell description. (PSYN-024)
Warning: The 'PBS16' cell in the 'SP013D3_V1p2_typ' technology library is being 
	marked as "dont_use". (PSYN-039)
Warning: The 'PBS16' cell in the 'SP013D3_V1p2_typ' technology library does not 
	have corresponding physical cell description. (PSYN-024)
Warning: The 'PBS2' cell in the 'SP013D3_V1p2_typ' technology library is being 
	marked as "dont_use". (PSYN-039)
Warning: The 'PBS2' cell in the 'SP013D3_V1p2_typ' technology library does not 
	have corresponding physical cell description. (PSYN-024)
Warning: The 'PBS24' cell in the 'SP013D3_V1p2_typ' technology library is being 
	marked as "dont_use". (PSYN-039)
Warning: The 'PBS24' cell in the 'SP013D3_V1p2_typ' technology library does not 
	have corresponding physical cell description. (PSYN-024)
Warning: The 'PBS4' cell in the 'SP013D3_V1p2_typ' technology library is being 
	marked as "dont_use". (PSYN-039)
Warning: The 'PBS4' cell in the 'SP013D3_V1p2_typ' technology library does not 
	have corresponding physical cell description. (PSYN-024)
Warning: The 'PBS8' cell in the 'SP013D3_V1p2_typ' technology library is being 
	marked as "dont_use". (PSYN-039)
Warning: The 'PBS8' cell in the 'SP013D3_V1p2_typ' technology library does not 
	have corresponding physical cell description. (PSYN-024)
Warning: The 'PBSD12' cell in the 'SP013D3_V1p2_typ' technology library is being 
	marked as "dont_use". (PSYN-039)
Warning: The 'PBSD12' cell in the 'SP013D3_V1p2_typ' technology library does not 
	have corresponding physical cell description. (PSYN-024)
Warning: The 'PBSD16' cell in the 'SP013D3_V1p2_typ' technology library is being 
	marked as "dont_use". (PSYN-039)
Warning: The 'PBSD16' cell in the 'SP013D3_V1p2_typ' technology library does not 
	have corresponding physical cell description. (PSYN-024)
Warning: The 'PBSD2' cell in the 'SP013D3_V1p2_typ' technology library is being 
	marked as "dont_use". (PSYN-039)
Warning: The 'PBSD2' cell in the 'SP013D3_V1p2_typ' technology library does not 
	have corresponding physical cell description. (PSYN-024)
Warning: The 'PBSD24' cell in the 'SP013D3_V1p2_typ' technology library is being 
	marked as "dont_use". (PSYN-039)
Warning: The 'PBSD24' cell in the 'SP013D3_V1p2_typ' technology library does not 
	have corresponding physical cell description. (PSYN-024)
Warning: The 'PBSD4' cell in the 'SP013D3_V1p2_typ' technology library is being 
	marked as "dont_use". (PSYN-039)
Warning: The 'PBSD4' cell in the 'SP013D3_V1p2_typ' technology library does not 
	have corresponding physical cell description. (PSYN-024)
Warning: The 'PBSD8' cell in the 'SP013D3_V1p2_typ' technology library is being 
	marked as "dont_use". (PSYN-039)
Warning: The 'PBSD8' cell in the 'SP013D3_V1p2_typ' technology library does not 
	have corresponding physical cell description. (PSYN-024)
Warning: The 'PBSDL12' cell in the 'SP013D3_V1p2_typ' technology library is being 
	marked as "dont_use". (PSYN-039)
Warning: The 'PBSDL12' cell in the 'SP013D3_V1p2_typ' technology library does not 
	have corresponding physical cell description. (PSYN-024)
Warning: The 'PBSDL16' cell in the 'SP013D3_V1p2_typ' technology library is being 
	marked as "dont_use". (PSYN-039)
Warning: The 'PBSDL16' cell in the 'SP013D3_V1p2_typ' technology library does not 
	have corresponding physical cell description. (PSYN-024)
Warning: The 'PBSDL24' cell in the 'SP013D3_V1p2_typ' technology library is being 
	marked as "dont_use". (PSYN-039)
Warning: The 'PBSDL24' cell in the 'SP013D3_V1p2_typ' technology library does not 
	have corresponding physical cell description. (PSYN-024)
Warning: The 'PBSDL8' cell in the 'SP013D3_V1p2_typ' technology library is being 
	marked as "dont_use". (PSYN-039)
Warning: The 'PBSDL8' cell in the 'SP013D3_V1p2_typ' technology library does not 
	have corresponding physical cell description. (PSYN-024)
Warning: The 'PBSL12' cell in the 'SP013D3_V1p2_typ' technology library is being 
	marked as "dont_use". (PSYN-039)
Warning: The 'PBSL12' cell in the 'SP013D3_V1p2_typ' technology library does not 
	have corresponding physical cell description. (PSYN-024)
Warning: The 'PBSL16' cell in the 'SP013D3_V1p2_typ' technology library is being 
	marked as "dont_use". (PSYN-039)
Warning: The 'PBSL16' cell in the 'SP013D3_V1p2_typ' technology library does not 
	have corresponding physical cell description. (PSYN-024)
Warning: The 'PBSL24' cell in the 'SP013D3_V1p2_typ' technology library is being 
	marked as "dont_use". (PSYN-039)
Warning: The 'PBSL24' cell in the 'SP013D3_V1p2_typ' technology library does not 
	have corresponding physical cell description. (PSYN-024)
Warning: The 'PBSL8' cell in the 'SP013D3_V1p2_typ' technology library is being 
	marked as "dont_use". (PSYN-039)
Warning: The 'PBSL8' cell in the 'SP013D3_V1p2_typ' technology library does not 
	have corresponding physical cell description. (PSYN-024)
Warning: The 'PBSU12' cell in the 'SP013D3_V1p2_typ' technology library is being 
	marked as "dont_use". (PSYN-039)
Warning: The 'PBSU12' cell in the 'SP013D3_V1p2_typ' technology library does not 
	have corresponding physical cell description. (PSYN-024)
Warning: The 'PBSU16' cell in the 'SP013D3_V1p2_typ' technology library is being 
	marked as "dont_use". (PSYN-039)
Warning: The 'PBSU16' cell in the 'SP013D3_V1p2_typ' technology library does not 
	have corresponding physical cell description. (PSYN-024)
Warning: The 'PBSU2' cell in the 'SP013D3_V1p2_typ' technology library is being 
	marked as "dont_use". (PSYN-039)
Warning: The 'PBSU2' cell in the 'SP013D3_V1p2_typ' technology library does not 
	have corresponding physical cell description. (PSYN-024)
Warning: The 'PBSU24' cell in the 'SP013D3_V1p2_typ' technology library is being 
	marked as "dont_use". (PSYN-039)
Warning: The 'PBSU24' cell in the 'SP013D3_V1p2_typ' technology library does not 
	have corresponding physical cell description. (PSYN-024)
Warning: The 'PBSU4' cell in the 'SP013D3_V1p2_typ' technology library is being 
	marked as "dont_use". (PSYN-039)
Warning: The 'PBSU4' cell in the 'SP013D3_V1p2_typ' technology library does not 
	have corresponding physical cell description. (PSYN-024)
Warning: The 'PBSU8' cell in the 'SP013D3_V1p2_typ' technology library is being 
	marked as "dont_use". (PSYN-039)
Warning: The 'PBSU8' cell in the 'SP013D3_V1p2_typ' technology library does not 
	have corresponding physical cell description. (PSYN-024)
Warning: The 'PBSUL12' cell in the 'SP013D3_V1p2_typ' technology library is being 
	marked as "dont_use". (PSYN-039)
Warning: The 'PBSUL12' cell in the 'SP013D3_V1p2_typ' technology library does not 
	have corresponding physical cell description. (PSYN-024)
Warning: The 'PBSUL16' cell in the 'SP013D3_V1p2_typ' technology library is being 
	marked as "dont_use". (PSYN-039)
Warning: The 'PBSUL16' cell in the 'SP013D3_V1p2_typ' technology library does not 
	have corresponding physical cell description. (PSYN-024)
Warning: The 'PBSUL24' cell in the 'SP013D3_V1p2_typ' technology library is being 
	marked as "dont_use". (PSYN-039)
Warning: The 'PBSUL24' cell in the 'SP013D3_V1p2_typ' technology library does not 
	have corresponding physical cell description. (PSYN-024)
Warning: The 'PBSUL8' cell in the 'SP013D3_V1p2_typ' technology library is being 
	marked as "dont_use". (PSYN-039)
Warning: The 'PBSUL8' cell in the 'SP013D3_V1p2_typ' technology library does not 
	have corresponding physical cell description. (PSYN-024)
Warning: The 'PBU12' cell in the 'SP013D3_V1p2_typ' technology library is being 
	marked as "dont_use". (PSYN-039)
Warning: The 'PBU12' cell in the 'SP013D3_V1p2_typ' technology library does not 
	have corresponding physical cell description. (PSYN-024)
Warning: The 'PBU16' cell in the 'SP013D3_V1p2_typ' technology library is being 
	marked as "dont_use". (PSYN-039)
Warning: The 'PBU16' cell in the 'SP013D3_V1p2_typ' technology library does not 
	have corresponding physical cell description. (PSYN-024)
Warning: The 'PBU2' cell in the 'SP013D3_V1p2_typ' technology library is being 
	marked as "dont_use". (PSYN-039)
Warning: The 'PBU2' cell in the 'SP013D3_V1p2_typ' technology library does not 
	have corresponding physical cell description. (PSYN-024)
Warning: The 'PBU24' cell in the 'SP013D3_V1p2_typ' technology library is being 
	marked as "dont_use". (PSYN-039)
Warning: The 'PBU24' cell in the 'SP013D3_V1p2_typ' technology library does not 
	have corresponding physical cell description. (PSYN-024)
Warning: The 'PBU4' cell in the 'SP013D3_V1p2_typ' technology library is being 
	marked as "dont_use". (PSYN-039)
Warning: The 'PBU4' cell in the 'SP013D3_V1p2_typ' technology library does not 
	have corresponding physical cell description. (PSYN-024)
Warning: The 'PBU8' cell in the 'SP013D3_V1p2_typ' technology library is being 
	marked as "dont_use". (PSYN-039)
Warning: The 'PBU8' cell in the 'SP013D3_V1p2_typ' technology library does not 
	have corresponding physical cell description. (PSYN-024)
Warning: The 'PBUL12' cell in the 'SP013D3_V1p2_typ' technology library is being 
	marked as "dont_use". (PSYN-039)
Warning: The 'PBUL12' cell in the 'SP013D3_V1p2_typ' technology library does not 
	have corresponding physical cell description. (PSYN-024)
Warning: The 'PBUL16' cell in the 'SP013D3_V1p2_typ' technology library is being 
	marked as "dont_use". (PSYN-039)
Warning: The 'PBUL16' cell in the 'SP013D3_V1p2_typ' technology library does not 
	have corresponding physical cell description. (PSYN-024)
Warning: The 'PBUL24' cell in the 'SP013D3_V1p2_typ' technology library is being 
	marked as "dont_use". (PSYN-039)
Warning: The 'PBUL24' cell in the 'SP013D3_V1p2_typ' technology library does not 
	have corresponding physical cell description. (PSYN-024)
Warning: The 'PBUL8' cell in the 'SP013D3_V1p2_typ' technology library is being 
	marked as "dont_use". (PSYN-039)
Warning: The 'PBUL8' cell in the 'SP013D3_V1p2_typ' technology library does not 
	have corresponding physical cell description. (PSYN-024)
Warning: The 'PI' cell in the 'SP013D3_V1p2_typ' technology library is being 
	marked as "dont_use". (PSYN-039)
Warning: The 'PI' cell in the 'SP013D3_V1p2_typ' technology library does not 
	have corresponding physical cell description. (PSYN-024)
Warning: The 'PICD' cell in the 'SP013D3_V1p2_typ' technology library is being 
	marked as "dont_use". (PSYN-039)
Warning: The 'PICD' cell in the 'SP013D3_V1p2_typ' technology library does not 
	have corresponding physical cell description. (PSYN-024)
Warning: The 'PICU' cell in the 'SP013D3_V1p2_typ' technology library is being 
	marked as "dont_use". (PSYN-039)
Warning: The 'PICU' cell in the 'SP013D3_V1p2_typ' technology library does not 
	have corresponding physical cell description. (PSYN-024)
Warning: The 'PID' cell in the 'SP013D3_V1p2_typ' technology library is being 
	marked as "dont_use". (PSYN-039)
Warning: The 'PID' cell in the 'SP013D3_V1p2_typ' technology library does not 
	have corresponding physical cell description. (PSYN-024)
Warning: The 'PIS' cell in the 'SP013D3_V1p2_typ' technology library is being 
	marked as "dont_use". (PSYN-039)
Warning: The 'PIS' cell in the 'SP013D3_V1p2_typ' technology library does not 
	have corresponding physical cell description. (PSYN-024)
Warning: The 'PISD' cell in the 'SP013D3_V1p2_typ' technology library is being 
	marked as "dont_use". (PSYN-039)
Warning: The 'PISD' cell in the 'SP013D3_V1p2_typ' technology library does not 
	have corresponding physical cell description. (PSYN-024)
Warning: The 'PISU' cell in the 'SP013D3_V1p2_typ' technology library is being 
	marked as "dont_use". (PSYN-039)
Warning: The 'PISU' cell in the 'SP013D3_V1p2_typ' technology library does not 
	have corresponding physical cell description. (PSYN-024)
Warning: The 'PIU' cell in the 'SP013D3_V1p2_typ' technology library is being 
	marked as "dont_use". (PSYN-039)
Warning: The 'PIU' cell in the 'SP013D3_V1p2_typ' technology library does not 
	have corresponding physical cell description. (PSYN-024)
Warning: The 'PO12' cell in the 'SP013D3_V1p2_typ' technology library is being 
	marked as "dont_use". (PSYN-039)
Warning: The 'PO12' cell in the 'SP013D3_V1p2_typ' technology library does not 
	have corresponding physical cell description. (PSYN-024)
Warning: The 'PO16' cell in the 'SP013D3_V1p2_typ' technology library is being 
	marked as "dont_use". (PSYN-039)
Warning: The 'PO16' cell in the 'SP013D3_V1p2_typ' technology library does not 
	have corresponding physical cell description. (PSYN-024)
Warning: The 'PO2' cell in the 'SP013D3_V1p2_typ' technology library is being 
	marked as "dont_use". (PSYN-039)
Warning: The 'PO2' cell in the 'SP013D3_V1p2_typ' technology library does not 
	have corresponding physical cell description. (PSYN-024)
Warning: The 'PO24' cell in the 'SP013D3_V1p2_typ' technology library is being 
	marked as "dont_use". (PSYN-039)
Warning: The 'PO24' cell in the 'SP013D3_V1p2_typ' technology library does not 
	have corresponding physical cell description. (PSYN-024)
Warning: The 'PO4' cell in the 'SP013D3_V1p2_typ' technology library is being 
	marked as "dont_use". (PSYN-039)
Warning: The 'PO4' cell in the 'SP013D3_V1p2_typ' technology library does not 
	have corresponding physical cell description. (PSYN-024)
Warning: The 'PO8' cell in the 'SP013D3_V1p2_typ' technology library is being 
	marked as "dont_use". (PSYN-039)
Warning: The 'PO8' cell in the 'SP013D3_V1p2_typ' technology library does not 
	have corresponding physical cell description. (PSYN-024)
Warning: The 'POL12' cell in the 'SP013D3_V1p2_typ' technology library is being 
	marked as "dont_use". (PSYN-039)
Warning: The 'POL12' cell in the 'SP013D3_V1p2_typ' technology library does not 
	have corresponding physical cell description. (PSYN-024)
Warning: The 'POL16' cell in the 'SP013D3_V1p2_typ' technology library is being 
	marked as "dont_use". (PSYN-039)
Warning: The 'POL16' cell in the 'SP013D3_V1p2_typ' technology library does not 
	have corresponding physical cell description. (PSYN-024)
Warning: The 'POL24' cell in the 'SP013D3_V1p2_typ' technology library is being 
	marked as "dont_use". (PSYN-039)
Warning: The 'POL24' cell in the 'SP013D3_V1p2_typ' technology library does not 
	have corresponding physical cell description. (PSYN-024)
Warning: The 'POL8' cell in the 'SP013D3_V1p2_typ' technology library is being 
	marked as "dont_use". (PSYN-039)
Warning: The 'POL8' cell in the 'SP013D3_V1p2_typ' technology library does not 
	have corresponding physical cell description. (PSYN-024)
Warning: The 'POT12' cell in the 'SP013D3_V1p2_typ' technology library is being 
	marked as "dont_use". (PSYN-039)
Warning: The 'POT12' cell in the 'SP013D3_V1p2_typ' technology library does not 
	have corresponding physical cell description. (PSYN-024)
Warning: The 'POT16' cell in the 'SP013D3_V1p2_typ' technology library is being 
	marked as "dont_use". (PSYN-039)
Warning: The 'POT16' cell in the 'SP013D3_V1p2_typ' technology library does not 
	have corresponding physical cell description. (PSYN-024)
Warning: The 'POT2' cell in the 'SP013D3_V1p2_typ' technology library is being 
	marked as "dont_use". (PSYN-039)
Warning: The 'POT2' cell in the 'SP013D3_V1p2_typ' technology library does not 
	have corresponding physical cell description. (PSYN-024)
Warning: The 'POT24' cell in the 'SP013D3_V1p2_typ' technology library is being 
	marked as "dont_use". (PSYN-039)
Warning: The 'POT24' cell in the 'SP013D3_V1p2_typ' technology library does not 
	have corresponding physical cell description. (PSYN-024)
Warning: The 'POT4' cell in the 'SP013D3_V1p2_typ' technology library is being 
	marked as "dont_use". (PSYN-039)
Warning: The 'POT4' cell in the 'SP013D3_V1p2_typ' technology library does not 
	have corresponding physical cell description. (PSYN-024)
Warning: The 'POT8' cell in the 'SP013D3_V1p2_typ' technology library is being 
	marked as "dont_use". (PSYN-039)
Warning: The 'POT8' cell in the 'SP013D3_V1p2_typ' technology library does not 
	have corresponding physical cell description. (PSYN-024)
Warning: The 'POTL12' cell in the 'SP013D3_V1p2_typ' technology library is being 
	marked as "dont_use". (PSYN-039)
Warning: The 'POTL12' cell in the 'SP013D3_V1p2_typ' technology library does not 
	have corresponding physical cell description. (PSYN-024)
Warning: The 'POTL16' cell in the 'SP013D3_V1p2_typ' technology library is being 
	marked as "dont_use". (PSYN-039)
Warning: The 'POTL16' cell in the 'SP013D3_V1p2_typ' technology library does not 
	have corresponding physical cell description. (PSYN-024)
Warning: The 'POTL24' cell in the 'SP013D3_V1p2_typ' technology library is being 
	marked as "dont_use". (PSYN-039)
Warning: The 'POTL24' cell in the 'SP013D3_V1p2_typ' technology library does not 
	have corresponding physical cell description. (PSYN-024)
Warning: The 'POTL8' cell in the 'SP013D3_V1p2_typ' technology library is being 
	marked as "dont_use". (PSYN-039)
Warning: The 'POTL8' cell in the 'SP013D3_V1p2_typ' technology library does not 
	have corresponding physical cell description. (PSYN-024)
Warning: The 'PX1' cell in the 'SP013D3_V1p2_typ' technology library is being 
	marked as "dont_use". (PSYN-039)
Warning: The 'PX1' cell in the 'SP013D3_V1p2_typ' technology library does not 
	have corresponding physical cell description. (PSYN-024)
Warning: The 'PX2' cell in the 'SP013D3_V1p2_typ' technology library is being 
	marked as "dont_use". (PSYN-039)
Warning: The 'PX2' cell in the 'SP013D3_V1p2_typ' technology library does not 
	have corresponding physical cell description. (PSYN-024)
Warning: The 'PX3' cell in the 'SP013D3_V1p2_typ' technology library is being 
	marked as "dont_use". (PSYN-039)
Warning: The 'PX3' cell in the 'SP013D3_V1p2_typ' technology library does not 
	have corresponding physical cell description. (PSYN-024)
Warning: The 'PXWE1' cell in the 'SP013D3_V1p2_typ' technology library is being 
	marked as "dont_use". (PSYN-039)
Warning: The 'PXWE1' cell in the 'SP013D3_V1p2_typ' technology library does not 
	have corresponding physical cell description. (PSYN-024)
Warning: The 'PXWE2' cell in the 'SP013D3_V1p2_typ' technology library is being 
	marked as "dont_use". (PSYN-039)
Warning: The 'PXWE2' cell in the 'SP013D3_V1p2_typ' technology library does not 
	have corresponding physical cell description. (PSYN-024)
Warning: The 'PXWE3' cell in the 'SP013D3_V1p2_typ' technology library is being 
	marked as "dont_use". (PSYN-039)
Warning: The 'PXWE3' cell in the 'SP013D3_V1p2_typ' technology library does not 
	have corresponding physical cell description. (PSYN-024)
Warning: The 'PCI3B' cell in the 'SP013D3_V1p2_typ' technology library is being 
	marked as "dont_use". (PSYN-039)
Warning: The 'PCI3B' cell in the 'SP013D3_V1p2_typ' technology library does not 
	have corresponding physical cell description. (PSYN-024)
Warning: The 'PCI3BS' cell in the 'SP013D3_V1p2_typ' technology library is being 
	marked as "dont_use". (PSYN-039)
Warning: The 'PCI3BS' cell in the 'SP013D3_V1p2_typ' technology library does not 
	have corresponding physical cell description. (PSYN-024)
Warning: The 'PCI6B' cell in the 'SP013D3_V1p2_typ' technology library is being 
	marked as "dont_use". (PSYN-039)
Warning: The 'PCI6B' cell in the 'SP013D3_V1p2_typ' technology library does not 
	have corresponding physical cell description. (PSYN-024)
Warning: The 'PCI6BS' cell in the 'SP013D3_V1p2_typ' technology library is being 
	marked as "dont_use". (PSYN-039)
Warning: The 'PCI6BS' cell in the 'SP013D3_V1p2_typ' technology library does not 
	have corresponding physical cell description. (PSYN-024)
Warning: The 'PANA3AP' cell in the 'SP013D3_V1p2_typ' technology library is being 
	marked as "dont_use". (PSYN-039)
Warning: The 'PANA3AP' cell in the 'SP013D3_V1p2_typ' technology library does not 
	have corresponding physical cell description. (PSYN-024)
Warning: The 'PANA1AP' cell in the 'SP013D3_V1p2_typ' technology library is being 
	marked as "dont_use". (PSYN-039)
Warning: The 'PANA1AP' cell in the 'SP013D3_V1p2_typ' technology library does not 
	have corresponding physical cell description. (PSYN-024)
Warning: The 'PANA1AP1' cell in the 'SP013D3_V1p2_typ' technology library is being 
	marked as "dont_use". (PSYN-039)
Warning: The 'PANA1AP1' cell in the 'SP013D3_V1p2_typ' technology library does not 
	have corresponding physical cell description. (PSYN-024)
Warning: The 'PANA2AP' cell in the 'SP013D3_V1p2_typ' technology library is being 
	marked as "dont_use". (PSYN-039)
Warning: The 'PANA2AP' cell in the 'SP013D3_V1p2_typ' technology library does not 
	have corresponding physical cell description. (PSYN-024)
Warning: The 'PANA2AP1' cell in the 'SP013D3_V1p2_typ' technology library is being 
	marked as "dont_use". (PSYN-039)
Warning: The 'PANA2AP1' cell in the 'SP013D3_V1p2_typ' technology library does not 
	have corresponding physical cell description. (PSYN-024)
Warning: The 'PANA4AP' cell in the 'SP013D3_V1p2_typ' technology library is being 
	marked as "dont_use". (PSYN-039)
Warning: The 'PANA4AP' cell in the 'SP013D3_V1p2_typ' technology library does not 
	have corresponding physical cell description. (PSYN-024)
Warning: The 'PDIODE' cell in the 'SP013D3_V1p2_typ' technology library is being 
	marked as "dont_use". (PSYN-039)
Warning: The 'PDIODE' cell in the 'SP013D3_V1p2_typ' technology library does not 
	have corresponding physical cell description. (PSYN-024)
Warning: The 'PDIODE8' cell in the 'SP013D3_V1p2_typ' technology library is being 
	marked as "dont_use". (PSYN-039)
Warning: The 'PDIODE8' cell in the 'SP013D3_V1p2_typ' technology library does not 
	have corresponding physical cell description. (PSYN-024)
Warning: The 'PVDD1' cell in the 'SP013D3_V1p2_typ' technology library is being 
	marked as "dont_use". (PSYN-039)
Warning: The 'PVDD1' cell in the 'SP013D3_V1p2_typ' technology library does not 
	have corresponding physical cell description. (PSYN-024)
Warning: The 'PVDD1AP' cell in the 'SP013D3_V1p2_typ' technology library is being 
	marked as "dont_use". (PSYN-039)
Warning: The 'PVDD1AP' cell in the 'SP013D3_V1p2_typ' technology library does not 
	have corresponding physical cell description. (PSYN-024)
Warning: The 'PVDD1AP1' cell in the 'SP013D3_V1p2_typ' technology library is being 
	marked as "dont_use". (PSYN-039)
Warning: The 'PVDD1AP1' cell in the 'SP013D3_V1p2_typ' technology library does not 
	have corresponding physical cell description. (PSYN-024)
Warning: The 'PVDD1ANP' cell in the 'SP013D3_V1p2_typ' technology library is being 
	marked as "dont_use". (PSYN-039)
Warning: The 'PVDD1ANP' cell in the 'SP013D3_V1p2_typ' technology library does not 
	have corresponding physical cell description. (PSYN-024)
Warning: The 'PVDD1CANP' cell in the 'SP013D3_V1p2_typ' technology library is being 
	marked as "dont_use". (PSYN-039)
Warning: The 'PVDD1CANP' cell in the 'SP013D3_V1p2_typ' technology library does not 
	have corresponding physical cell description. (PSYN-024)
Warning: The 'PVDD1CAP' cell in the 'SP013D3_V1p2_typ' technology library is being 
	marked as "dont_use". (PSYN-039)
Warning: The 'PVDD1CAP' cell in the 'SP013D3_V1p2_typ' technology library does not 
	have corresponding physical cell description. (PSYN-024)
Warning: The 'PVDD1CAP1' cell in the 'SP013D3_V1p2_typ' technology library is being 
	marked as "dont_use". (PSYN-039)
Warning: The 'PVDD1CAP1' cell in the 'SP013D3_V1p2_typ' technology library does not 
	have corresponding physical cell description. (PSYN-024)
Warning: The 'PVDD3AP' cell in the 'SP013D3_V1p2_typ' technology library is being 
	marked as "dont_use". (PSYN-039)
Warning: The 'PVDD3AP' cell in the 'SP013D3_V1p2_typ' technology library does not 
	have corresponding physical cell description. (PSYN-024)
Warning: The 'PVDD3CAP' cell in the 'SP013D3_V1p2_typ' technology library is being 
	marked as "dont_use". (PSYN-039)
Warning: The 'PVDD3CAP' cell in the 'SP013D3_V1p2_typ' technology library does not 
	have corresponding physical cell description. (PSYN-024)
Warning: The 'PVSS1' cell in the 'SP013D3_V1p2_typ' technology library is being 
	marked as "dont_use". (PSYN-039)
Warning: The 'PVSS1' cell in the 'SP013D3_V1p2_typ' technology library does not 
	have corresponding physical cell description. (PSYN-024)
Warning: The 'PVSS1AP' cell in the 'SP013D3_V1p2_typ' technology library is being 
	marked as "dont_use". (PSYN-039)
Warning: The 'PVSS1AP' cell in the 'SP013D3_V1p2_typ' technology library does not 
	have corresponding physical cell description. (PSYN-024)
Warning: The 'PVSS1AP1' cell in the 'SP013D3_V1p2_typ' technology library is being 
	marked as "dont_use". (PSYN-039)
Warning: The 'PVSS1AP1' cell in the 'SP013D3_V1p2_typ' technology library does not 
	have corresponding physical cell description. (PSYN-024)
Warning: The 'PVSS1CANP' cell in the 'SP013D3_V1p2_typ' technology library is being 
	marked as "dont_use". (PSYN-039)
Warning: The 'PVSS1CANP' cell in the 'SP013D3_V1p2_typ' technology library does not 
	have corresponding physical cell description. (PSYN-024)
Warning: The 'PVSS1CAP' cell in the 'SP013D3_V1p2_typ' technology library is being 
	marked as "dont_use". (PSYN-039)
Warning: The 'PVSS1CAP' cell in the 'SP013D3_V1p2_typ' technology library does not 
	have corresponding physical cell description. (PSYN-024)
Warning: The 'PVSS1ANP' cell in the 'SP013D3_V1p2_typ' technology library is being 
	marked as "dont_use". (PSYN-039)
Warning: The 'PVSS1ANP' cell in the 'SP013D3_V1p2_typ' technology library does not 
	have corresponding physical cell description. (PSYN-024)
Warning: The 'PVSS1CAP1' cell in the 'SP013D3_V1p2_typ' technology library is being 
	marked as "dont_use". (PSYN-039)
Warning: The 'PVSS1CAP1' cell in the 'SP013D3_V1p2_typ' technology library does not 
	have corresponding physical cell description. (PSYN-024)
Warning: The 'PVSS3' cell in the 'SP013D3_V1p2_typ' technology library is being 
	marked as "dont_use". (PSYN-039)
Warning: The 'PVSS3' cell in the 'SP013D3_V1p2_typ' technology library does not 
	have corresponding physical cell description. (PSYN-024)
Warning: The 'PVSS3AP' cell in the 'SP013D3_V1p2_typ' technology library is being 
	marked as "dont_use". (PSYN-039)
Warning: The 'PVSS3AP' cell in the 'SP013D3_V1p2_typ' technology library does not 
	have corresponding physical cell description. (PSYN-024)
Warning: The 'PVSS3CAP' cell in the 'SP013D3_V1p2_typ' technology library is being 
	marked as "dont_use". (PSYN-039)
Warning: The 'PVSS3CAP' cell in the 'SP013D3_V1p2_typ' technology library does not 
	have corresponding physical cell description. (PSYN-024)
Warning: The 'PVPP' cell in the 'SP013D3_V1p2_typ' technology library is being 
	marked as "dont_use". (PSYN-039)
Warning: The 'PVPP' cell in the 'SP013D3_V1p2_typ' technology library does not 
	have corresponding physical cell description. (PSYN-024)
Warning: The 'P1DIODE' cell in the 'SP013D3_V1p2_typ' technology library is being 
	marked as "dont_use". (PSYN-039)
Warning: The 'P1DIODE' cell in the 'SP013D3_V1p2_typ' technology library does not 
	have corresponding physical cell description. (PSYN-024)
Warning: The 'P1DIODE8' cell in the 'SP013D3_V1p2_typ' technology library is being 
	marked as "dont_use". (PSYN-039)
Warning: The 'P1DIODE8' cell in the 'SP013D3_V1p2_typ' technology library does not 
	have corresponding physical cell description. (PSYN-024)
Warning: The 'PVDD1CE' cell in the 'SP013D3_V1p2_typ' technology library is being 
	marked as "dont_use". (PSYN-039)
Warning: The 'PVDD1CE' cell in the 'SP013D3_V1p2_typ' technology library does not 
	have corresponding physical cell description. (PSYN-024)

  Linking design 'control_pad'
  Using the following designs and libraries:
  --------------------------------------------------------------------------
  control_pad                 floorplan.CEL
  typical_1v2c25 (library)    /home/eda/lib/smic/aci/sc-x/synopsys/typical_1v2c25.db
  SP013D3_V1p2_typ (library)  /home/eda/lib/smic/SP013D3_V1p4/syn/SP013D3_V1p2_typ.db

# GUI Debug: Building dc from empty. -- Time: 162ms
(Running rc extraction with virtual route...)
Information: The design has horizontal rows, and Y-symmetry has been used for sites. (MWDC-217)
Floorplan loading succeeded.
Warning: Could not read any link_library files. The link_library setting {"*", "typical_1v2c25.db", "SP013D3_V1p2_typ.db", "typical_1v2c25.db", "SP013D3_V1p2_typ.db"} may be invalid. (UID-349)

Warning: Cell PVSS5AP has no orientation; check FRAM library library /home/eda/lib/smic/SP013D3_V1p4/apollo/SP013D3_V1p2_8MT cell symmetry.  (PSYN-650)
Warning: Cell PVSS5AP orientation is set to the default. (PSYN-651)
Warning: Cell PVSS4AP has no orientation; check FRAM library library /home/eda/lib/smic/SP013D3_V1p4/apollo/SP013D3_V1p2_8MT cell symmetry.  (PSYN-650)
Warning: Cell PVSS4AP orientation is set to the default. (PSYN-651)
Warning: Cell PVSS2AP has no orientation; check FRAM library library /home/eda/lib/smic/SP013D3_V1p4/apollo/SP013D3_V1p2_8MT cell symmetry.  (PSYN-650)
Warning: Cell PVSS2AP orientation is set to the default. (PSYN-651)
Warning: Cell PVDD5AP has no orientation; check FRAM library library /home/eda/lib/smic/SP013D3_V1p4/apollo/SP013D3_V1p2_8MT cell symmetry.  (PSYN-650)
Warning: Cell PVDD5AP orientation is set to the default. (PSYN-651)
Warning: Cell PVDD4AP has no orientation; check FRAM library library /home/eda/lib/smic/SP013D3_V1p4/apollo/SP013D3_V1p2_8MT cell symmetry.  (PSYN-650)
Warning: Cell PVDD4AP orientation is set to the default. (PSYN-651)
Warning: Cell PVDD2AP has no orientation; check FRAM library library /home/eda/lib/smic/SP013D3_V1p4/apollo/SP013D3_V1p2_8MT cell symmetry.  (PSYN-650)
Warning: Cell PVDD2AP orientation is set to the default. (PSYN-651)
Warning: Cell PDIODE8S has no orientation; check FRAM library library /home/eda/lib/smic/SP013D3_V1p4/apollo/SP013D3_V1p2_8MT cell symmetry.  (PSYN-650)
Warning: Cell PDIODE8S orientation is set to the default. (PSYN-651)
  Loading design 'control_pad'


Information: Setting a dont_touch attribute on net 'rd' because it is connected to a pad cell. (PSYN-088)
Information: Setting a dont_touch attribute on net 'zero' because it is connected to a pad cell. (PSYN-088)
Information: Setting a dont_touch attribute on net 'clk' because it is connected to a pad cell. (PSYN-088)
Information: Setting a dont_touch attribute on net 'rst_' because it is connected to a pad cell. (PSYN-088)
Information: Setting a dont_touch attribute on net 'opcode[2]' because it is connected to a pad cell. (PSYN-088)
Information: Setting a dont_touch attribute on net 'opcode[1]' because it is connected to a pad cell. (PSYN-088)
Information: Setting a dont_touch attribute on net 'opcode[0]' because it is connected to a pad cell. (PSYN-088)
Information: Setting a dont_touch attribute on net 'sel' because it is connected to a pad cell. (PSYN-088)
Information: Setting a dont_touch attribute on net 'data_e' because it is connected to a pad cell. (PSYN-088)
Information: Setting a dont_touch attribute on net 'halt' because it is connected to a pad cell. (PSYN-088)
Information: Setting a dont_touch attribute on net 'inc_pc' because it is connected to a pad cell. (PSYN-088)
Information: Setting a dont_touch attribute on net 'ld_pc' because it is connected to a pad cell. (PSYN-088)
Information: Setting a dont_touch attribute on net 'ld_ac' because it is connected to a pad cell. (PSYN-088)
Information: Setting a dont_touch attribute on net 'ld_ir' because it is connected to a pad cell. (PSYN-088)
Information: Setting a dont_touch attribute on net 'wr' because it is connected to a pad cell. (PSYN-088)


Information: Library Manufacturing Grid(GridResolution) : 5
Information: Time Unit from Milkyway design library: 'ns' 
Information: Design Library and main library timing units are matched - 1.000 ns. 
Information: Resistance Unit from Milkyway design library: 'kohm' 
Information: Design Library and main library resistance units are matched - 1.000 kohm. 
Information: Capacitance Unit from Milkyway design library: 'pf' 
Information: Design Library and main library capacitance units are matched - 1.000 pf. 

TLU+ File = /home/eda/lib/smic/SmicSPM4PR8R_starRCXT013_mixrf_p1mtx_1233_V1/SmicSPM4PR8R_starRCXT013_mixrf_p1mtx_1233_V1.6/ITF/TM9k_MIM1f/TLUPLUS/SmicSPM4PR8R_starRCXT013_log_mixRF_p1mt8_cell_max_1233_9k_1f.tluplus

--------- Sanity Check on TLUPlus Files -------------
1. Checking the conducting layer names in ITF and mapping file ... 
[ Passed! ]
2. Checking the via layer names in ITF and mapping file ... 
[ Passed! ]
3. Checking the consistency of Min Width and Min Spacing between MW-tech and ITF ... 
Warning: minSpacing value of layer "METAL1" (metal1) does not match : ITF (0.170) vs MW-tech (0.180). (TLUP-005)
Warning: minSpacing value of layer "METAL8" (metal8) does not match : ITF (0.420) vs MW-tech (0.460). (TLUP-005)
Warning: minWidth value of layer "METAL8" (metal8) does not match : ITF (0.420) vs MW-tech (0.440). (TLUP-004)
----------------- Check Ends ------------------
****************************************************************
Information: TLUPlus based RC computation is enabled. (RCEX-141)
****************************************************************
Information: The distance unit in Capacitance and Resistance is 1 micron. (RCEX-007)
Information: The RC model used is TLU+. (RCEX-015)
Information: Library Derived Cap for layer METAL1 : 0.00025 0.00025 (RCEX-011)
Information: Library Derived Res for layer METAL1 : 0.0002 0.0002 (RCEX-011)
Information: Library Derived Cap for layer METAL2 : 0.00031 0.00031 (RCEX-011)
Information: Library Derived Res for layer METAL2 : 9.1e-05 9.1e-05 (RCEX-011)
Information: Library Derived Cap for layer METAL3 : 0.00035 0.00035 (RCEX-011)
Information: Library Derived Res for layer METAL3 : 9.1e-05 9.1e-05 (RCEX-011)
Information: Library Derived Cap for layer METAL4 : 0.00031 0.00031 (RCEX-011)
Information: Library Derived Res for layer METAL4 : 9.1e-05 9.1e-05 (RCEX-011)
Information: Library Derived Cap for layer METAL5 : 0.00035 0.00035 (RCEX-011)
Information: Library Derived Res for layer METAL5 : 9.1e-05 9.1e-05 (RCEX-011)
Information: Library Derived Cap for layer METAL6 : 0.00031 0.00031 (RCEX-011)
Information: Library Derived Res for layer METAL6 : 9.1e-05 9.1e-05 (RCEX-011)
Information: Library Derived Cap for layer METAL7 : 0.00035 0.00035 (RCEX-011)
Information: Library Derived Res for layer METAL7 : 9.1e-05 9.1e-05 (RCEX-011)
Information: Library Derived Cap for layer METAL8 : 0.0003 0.0003 (RCEX-011)
Information: Library Derived Res for layer METAL8 : 1.2e-05 1.2e-05 (RCEX-011)
Information: Library Derived Horizontal Cap : 0.00033 0.00033 (RCEX-011)
Information: Library Derived Horizontal Res : 0.00012 0.00012 (RCEX-011)
Information: Library Derived Vertical Cap : 0.00031 0.00031 (RCEX-011)
Information: Library Derived Vertical Res : 7.1e-05 7.1e-05 (RCEX-011)
Information: Using derived R and C coefficients. (RCEX-008)
Information: Using region-based R and C coefficients. (RCEX-013)
Information: Library Derived Via Res : 0.0001 0.0001 (RCEX-011)

51 nets processed. 
Router succeeded.
rc extraction finished.
CPU time for rc extraction =    0:00:00
Elapsed time for rc extraction =    0:00:00
Warning: High fanout net synthesis has not performed on the design yet. (VFP-432)
Information: Updating design information... (UID-85)

  Timing Path Group 'clk'
  -----------------------------------
  Levels of Logic:               5.00
  Critical Path Length:         11.48
  Critical Path Slack:           7.22
  Critical Path Clk Period:     20.00
  Total Negative Slack:          0.00
  No. of Violating Paths:        0.00
  Worst Hold Violation:          0.00
  Total Hold Violation:          0.00
  No. of Hold Violations:        0.00
  -----------------------------------


  Cell Count
  -----------------------------------
  Hierarchical Cell Count:          0
  Hierarchical Port Count:          0
  Leaf Cell Count:                 42
  Buf/Inv Cell Count:               3
  Buf Cell Count:                   0
  Inv Cell Count:                   3
  CT Buf/Inv Cell Count:            0
  Combinational Cell Count:        39
  Sequential Cell Count:            3
  Macro Count:                      0
  -----------------------------------


  Area
  -----------------------------------
  Combinational Area:       103581.16
  Noncombinational Area:        96.75
  Buf/Inv Area:             103435.18
  Total Buffer Area:             0.00
  Total Inverter Area:          10.18
  Macro/Black Box Area:          0.00
  Net Area:                      0.00
  Net XLength        :        5359.55
  Net YLength        :        7355.21
  -----------------------------------
  Cell Area:                103677.91
  Design Area:              103677.91
  Net Length        :        12714.75


  Design Rules
  -----------------------------------
  Total Number of Nets:            51
  Nets With Violations:            12
  Max Trans Violations:            12
  Max Cap Violations:              12
  -----------------------------------

CPU time for timing report =    0:00:00
Elapsed time for timing report =    0:00:00
Info: worst slack in the design is 7.215401
CPU time for freeing timing design =    0:00:00
Elapsed time for freeing timing design =    0:00:00
No timing violation found. Will not run timing-driven placement.
APL: calculating instance padding ...

Initializing Data Structure ...
INFO: legalizer_via_spacing_check_mode 0
  Reading technology information ...
    Technology table contains 8 routable metal layers
    Top most routable layer is set to be metal8
    This is considered as a 8-metal-layer design
    Reading library information from DB ...
    Speed = medium
    Flow Control = 1stCut(auto)
    Flow Control = 2ndCut(auto)
    Location Constraint = seePGrPGsPGpCKrCKsPHx
  Reading netlist information from DB ...
    3607 IO pads and 15 IO pins
    27 placeable cells
    0 cover cells
    3622 IO cells/pins
    3607 flip chip driver cells
    3649 cell instances
    53 nets
  Sorting cells, nets, pins ...
    net pin threshold = 17
  Reading misc information ...
    array <unit> has 0 vertical and 40 horizontal rows
    20 pre-routes for placement blockage/checking
    20 pre-routes for map congestion calculation
    0 net(s) treated as CLOCK for clustering
    0 clock nets, 0 clocked instances (0.00%)
    Auto Set : first cut = horizontal
  Checking information read in ...
    design style = Horizontal masters, Horizontal rows
.... FC: add guardband ....
  Preprocessing design ...
    splitting rows by natural obstacles ...
        Unit Tile        Demand      Available
             unit      149       13080
    calculating design statistics ...
    Auto Set : first cut = horizontal
    split into 40 row segments
    RowArea1 = total row area = 22201.99 micron^2
    RowArea2 = RowArea1 - macros = 22201.99 micron^2
    RowArea3 = RowArea2 - fixed standard cells = 22201.99 micron^2
    RowArea4 = RowArea3 - hard blockages and preroutes = 22201.99 micron^2
    RowArea5 = RowArea4 - IO pads and FC drivers = 22201.99 micron^2
    RowArea6 = RowArea5 - soft blockages = 22201.99 micron^2
    RowArea7 = RowArea6 - misc unusable area = 22201.99 micron^2
    27 placeable standard cells in 252.91 micron^2
    3607 nonplaceable cells/macros in 0.00 micron^2
    3622 IO pads cells/pins in 320822.03 micron^2
    cell/row utilization of array <unit> = 1.14%
... design style 0
... number of base array 1 0
INFO:... use original rows...
    max local area utilization set to be 80.23%
... design style 0
... number of base array 1 0
INFO:... use original rows...
    Calculating track supply in GRCs ...
    Calculating routing demand in GRCs ...
        [0%] [10%] [20%] [30%] [40%] [50%] [60%] [70%] [80%] [90%] [100%]
    6 nets may need more recursive calls in pseudo route.
    Final cleanup processing ...
    Reporting placement congestion ...
      @@@ Total Overflow = 0  Max = 0  DSR = 0.10%  GRCs = 0(0.00%)
      @@@ Horz  Overflow = 0  Max = 0(0 GRCs)  DSR = 0.08%  GRCs = 0(0.00 %)
      @@@ Vert  Overflow = 0  Max = 0(0 GRCs)  DSR = 0.12%  GRCs = 0(0.00 %)
      padding porosity reached
      Inst padding 0 units
APL: instance padding calculated (cpuTime = 0 second).
overflow 0.000000 numPaddedCell 0 numChangedCell 0
Dumping placement blockages into file design_planning_blockages.tcl
Reference Point: Lower Left-hand corner of Core Base Array
Number of plan group pins = 0
  0 blocks freed
  0 bytes freed
*********************************************
Report     : Virtual Flat Placement
Design     : floorplan
Version    : T-2022.03
Date       : Fri Nov 28 20:05:10 2025
*********************************************

Total wirelength: 12441.82
Number of 100x100 tracks cell density regions: 9
Number of low (< 10%) cell density regions: 16 (1.778%)
Number of high (> 200%) cell density regions: 0 (0.000%)
Maximum cell density: 2.32% (at 264 227 302 263)
Checking hard macro to hard macro overlaps...
Number of hard macro to hard macro overlaps: 0
Checking hard macro to std cell overlaps...
Number of hard macro to std cell overlaps: 0
Checking plan group to plan group overlaps...
Number of plan group to plan group overlaps: 0
Number of TL cells overlapping PG: 0
Number of cells violating core area: 0
Total number of cells violating plan group or core area: 0
*** global placement done.
Begin Overlap Removal...
Reference Point: Lower Left-hand corner of Core Base Array
[begin initializing data for legality checker]

Initializing Data Structure ...
INFO: legalizer_via_spacing_check_mode 0
  Reading technology information ...
    Technology table contains 8 routable metal layers
    Top most routable layer is set to be metal8
    This is considered as a 8-metal-layer design
    Reading library information from DB ...
  Reading misc information ...
    array <unit> has 0 vertical and 40 horizontal rows
    20 pre-routes for placement blockage/checking
    20 pre-routes for map congestion calculation
  Checking information read in ...
    design style = Horizontal masters, Horizontal rows

  Preprocessing design ...
    splitting rows by natural obstacles ...
... design style 0
... number of base array 1 0
INFO:... use original rows...
[end initializing data for legality checker]
Information: Running legalization in Fast-Mode! (DPI-029)
Warning: lib cell "PFILL001" of size (1 sites x 54 rows) will be treated as macro cell because it is larger than 6 site heights (default threshold). (PSYN-442)
Warning: lib cell "PO8" of size (77 sites x 54 rows) will be treated as macro cell because it is larger than 6 site heights (default threshold). (PSYN-442)
Warning: lib cell "PI" of size (77 sites x 54 rows) will be treated as macro cell because it is larger than 6 site heights (default threshold). (PSYN-442)
Warning: lib cell "PCORNER" of size (429 sites x 54 rows) will be treated as macro cell because it is larger than 6 site heights (default threshold). (PSYN-442)
Warning: lib cell "PVSS1" of size (77 sites x 54 rows) will be treated as macro cell because it is larger than 6 site heights (default threshold). (PSYN-442)
Warning: lib cell "PVDD1" of size (77 sites x 54 rows) will be treated as macro cell because it is larger than 6 site heights (default threshold). (PSYN-442)
Warning: lib cell "PVSS2" of size (77 sites x 54 rows) will be treated as macro cell because it is larger than 6 site heights (default threshold). (PSYN-442)
Warning: lib cell "PVDD2" of size (77 sites x 54 rows) will be treated as macro cell because it is larger than 6 site heights (default threshold). (PSYN-442)
 
****************************************
  Report : Chip Summary
  Design : control_pad
  Version: T-2022.03
  Date   : Fri Nov 28 20:05:10 2025
****************************************
Std cell utilization: 1.14%  (149/(13080-0))
(Non-fixed + Fixed)
Std cell utilization: 1.14%  (149/(13080-0))
(Non-fixed only)
Chip area:            13080    sites, bbox (227.00 227.00 377.42 374.60) um
Std cell area:        149      sites, (non-fixed:149    fixed:0)
                      27       cells, (non-fixed:27     fixed:0)
Macro cell area:      0        sites
                      0        cells
Placement blockages:  0        sites, (excluding fixed std cells)
                      0        sites, (include fixed std cells & chimney area)
                      0        sites, (complete p/g net blockages)
Routing blockages:    0        sites, (partial p/g net blockages)
                      0        sites, (routing blockages and signal pre-route)
Lib cell count:       21 
Avg. std cell width:  20.89 um 
Site array:           unit     (width: 0.46 um, height: 3.69 um, rows: 40)
Physical DB scale:    1000 db_unit = 1 um 

 
****************************************
  Report : pnet options
  Design : control_pad
  Version: T-2022.03
  Date   : Fri Nov 28 20:05:10 2025
****************************************


--------------------------------------------------------------------
Layer      Blockage   Min_width   Min_height   Via_additive     Density
--------------------------------------------------------------------
METAL1     none          ---         ---       via additive      ---
METAL2     none          ---         ---       via additive      ---
METAL3     none          ---         ---       via additive      ---
METAL4     none          ---         ---       via additive      ---
METAL5     none          ---         ---       via additive      ---
METAL6     none          ---         ---       via additive      ---
METAL7     none          ---         ---       via additive      ---
METAL8     none          ---         ---       via additive      ---
Legalizing 27 illegal cells...
Starting legalizer.
Initial legalization:  10% 20% 30% 40% 50% 60% 70% 80% 90% 100% (0 sec)
Optimizations pass 1: 10% 20% 30% 40% 50% 60% 70% 80% 90% 100% (0.0 sec)
Optimizations pass 2: 10% 20% 30% 40% 50% 60% 70% 80% 90% 100% (0.0 sec)
Optimizations pass 3: 10% 20% 30% 40% 50% 60% 70% 80% 90% 100% (0.0 sec)
Legalization complete (0 total sec)
 
****************************************
  Report : Legalize Displacement
  Design : control_pad
  Version: T-2022.03
  Date   : Fri Nov 28 20:05:10 2025
****************************************

avg cell displacement:    1.298 um ( 0.35 row height)
max cell displacement:    1.831 um ( 0.50 row height)
std deviation:            0.581 um ( 0.16 row height)
number of cell moved:        27 cells (out of 27 cells)

Total 0 cells has large displacement (e.g. > 11.070 um or 3 row height)

Information: Fast-Mode Legalization Done! (DPI-030)
Completed Overlap Removal.
1
route_zrt_global -congestion_map_only true -exploration true 
Start Global Route ... 
[Init] Elapsed real time: 0:00:00 
[Init] Elapsed cpu  time: sys=0:00:00 usr=0:00:00 total=0:00:00
[Init] Stage (MB): Used    0  Alloctr    0  Proc    0 
[Init] Total (MB): Used    6  Alloctr    6  Proc 2497 
Printing options for 'set_route_zrt_common_options'

Printing options for 'set_route_zrt_global_options'
-effort                                                 :	 minimum             

Begin global routing.
Warning: route design in exploration mode, exploration global routing results should NOT be used for track assignment or detail route (ZRT-441)
Turn off antenna since no rule is specified
Cell Min-Routing-Layer = METAL1
Cell Max-Routing-Layer = METAL8
Warning: Cell PCORNER contains more than 100000 obstructions (311044).  This may increase routing runtime.  You may wish to re-run BPV.  (ZRT-092)
Warning: Blockage, pin, and via extraction on 8 macros was done with "treat blockage as thin". (ZRT-023)
Warning: Ignore 2 top cell ports with no pins. (ZRT-027)
Warning: Pin i_rd/PAD of net rd has no valid shapes to connect. (ZRT-100)
Warning: Pin i_sel/PAD of net sel has no valid shapes to connect. (ZRT-100)
Warning: Pin i_data_e/PAD of net data_e has no valid shapes to connect. (ZRT-100)
Warning: Pin i_halt/PAD of net halt has no valid shapes to connect. (ZRT-100)
Warning: Pin i_inc_pc/PAD of net inc_pc has no valid shapes to connect. (ZRT-100)
Warning: Pin i_ld_pc/PAD of net ld_pc has no valid shapes to connect. (ZRT-100)
Warning: Pin i_ld_ac/PAD of net ld_ac has no valid shapes to connect. (ZRT-100)
Warning: Pin i_ld_ir/PAD of net ld_ir has no valid shapes to connect. (ZRT-100)
Warning: Pin i_wr/PAD of net wr has no valid shapes to connect. (ZRT-100)
Warning: Pin i_opcode_2/PAD of net opcode[2] has no valid shapes to connect. (ZRT-100)
Warning: Pin i_opcode_1/PAD of net opcode[1] has no valid shapes to connect. (ZRT-100)
Warning: Pin i_opcode_0/PAD of net opcode[0] has no valid shapes to connect. (ZRT-100)
Warning: Pin i_zero/PAD of net zero has no valid shapes to connect. (ZRT-100)
Warning: Pin i_clk/PAD of net clk has no valid shapes to connect. (ZRT-100)
Warning: Pin i_rst/PAD of net rst_ has no valid shapes to connect. (ZRT-100)
Warning: Cannot find a fat contact for layer 'VIA78'. (ZRT-010)
Via on layer (VIA78) needs more than one tracks
Warning: Layer METAL7 pitch 0.410 may be too small: wire/via-down 0.400, wire/via-up 0.490. (ZRT-026)
Transition layer name: METAL7(6)
Current Stage stats:
[End of Read DB] Elapsed real time: 0:00:01 
[End of Read DB] Elapsed cpu  time: sys=0:00:00 usr=0:00:01 total=0:00:01
[End of Read DB] Stage (MB): Used   95  Alloctr   96  Proc    0 
[End of Read DB] Total (MB): Used  102  Alloctr  102  Proc 2497 
Constructing data structure ...
Design statistics:
Design Bounding Box (0.00,0.00,604.42,604.00)
Number of routing layers = 8
layer METAL1, dir Hor, min width = 0.16, min space = 0.18 pitch = 0.41
layer METAL2, dir Ver, min width = 0.20, min space = 0.20 pitch = 0.46
layer METAL3, dir Hor, min width = 0.20, min space = 0.20 pitch = 0.41
layer METAL4, dir Ver, min width = 0.20, min space = 0.20 pitch = 0.46
layer METAL5, dir Hor, min width = 0.20, min space = 0.20 pitch = 0.41
layer METAL6, dir Ver, min width = 0.20, min space = 0.20 pitch = 0.46
layer METAL7, dir Hor, min width = 0.20, min space = 0.20 pitch = 0.41
layer METAL8, dir Ver, min width = 0.44, min space = 0.46 pitch = 0.96
Current Stage stats:
[End of Build Tech Data] Elapsed real time: 0:00:00 
[End of Build Tech Data] Elapsed cpu  time: sys=0:00:00 usr=0:00:00 total=0:00:00
[End of Build Tech Data] Stage (MB): Used    0  Alloctr    0  Proc    0 
[End of Build Tech Data] Total (MB): Used  103  Alloctr  103  Proc 2497 
Net statistics:
Total number of nets     = 53
Number of nets to route  = 36
Number of single or zero port nets = 15
2 nets are fully connected,
 of which 2 are detail routed and 0 are global routed.
Current Stage stats:
[End of Build All Nets] Elapsed real time: 0:00:00 
[End of Build All Nets] Elapsed cpu  time: sys=0:00:00 usr=0:00:00 total=0:00:00
[End of Build All Nets] Stage (MB): Used    0  Alloctr    0  Proc    0 
[End of Build All Nets] Total (MB): Used  103  Alloctr  103  Proc 2497 
Average gCell capacity  11.20	 on layer (1)	 METAL1
Average gCell capacity  10.27	 on layer (2)	 METAL2
Average gCell capacity  12.87	 on layer (3)	 METAL3
Average gCell capacity  6.42	 on layer (4)	 METAL4
Average gCell capacity  7.15	 on layer (5)	 METAL5
Average gCell capacity  6.42	 on layer (6)	 METAL6
Average gCell capacity  5.47	 on layer (7)	 METAL7
Average gCell capacity  2.11	 on layer (8)	 METAL8
Average number of tracks per gCell 35.93	 on layer (1)	 METAL1
Average number of tracks per gCell 32.85	 on layer (2)	 METAL2
Average number of tracks per gCell 35.93	 on layer (3)	 METAL3
Average number of tracks per gCell 32.85	 on layer (4)	 METAL4
Average number of tracks per gCell 35.93	 on layer (5)	 METAL5
Average number of tracks per gCell 32.85	 on layer (6)	 METAL6
Average number of tracks per gCell 35.93	 on layer (7)	 METAL7
Average number of tracks per gCell 15.75	 on layer (8)	 METAL8
Number of gCells = 13120
Current Stage stats:
[End of Build Congestion map] Elapsed real time: 0:00:00 
[End of Build Congestion map] Elapsed cpu  time: sys=0:00:00 usr=0:00:00 total=0:00:00
[End of Build Congestion map] Stage (MB): Used    0  Alloctr    0  Proc    0 
[End of Build Congestion map] Total (MB): Used  103  Alloctr  103  Proc 2497 
Total stats:
[End of Build Data] Elapsed real time: 0:00:00 
[End of Build Data] Elapsed cpu  time: sys=0:00:00 usr=0:00:00 total=0:00:00
[End of Build Data] Stage (MB): Used    1  Alloctr    1  Proc    0 
[End of Build Data] Total (MB): Used  103  Alloctr  103  Proc 2497 
Current Stage stats:
[End of Blocked Pin Detection] Elapsed real time: 0:00:00 
[End of Blocked Pin Detection] Elapsed cpu  time: sys=0:00:00 usr=0:00:00 total=0:00:00
[End of Blocked Pin Detection] Stage (MB): Used    0  Alloctr    0  Proc    0 
[End of Blocked Pin Detection] Total (MB): Used  103  Alloctr  103  Proc 2497 
Information: Using 1 threads for routing. (ZRT-444)

Start GR phase 0
Current Stage stats:
[End of Initial Routing] Elapsed real time: 0:00:00 
[End of Initial Routing] Elapsed cpu  time: sys=0:00:00 usr=0:00:00 total=0:00:00
[End of Initial Routing] Stage (MB): Used    0  Alloctr    0  Proc    0 
[End of Initial Routing] Total (MB): Used  103  Alloctr  103  Proc 2497 
Initial. Routing result:
Initial. Both Dirs: Overflow =     0 Max = 0 GRCs =     0 (0.00%)
Initial. H routing: Overflow =     0 Max = 0 (GRCs =  0) GRCs =     0 (0.00%)
Initial. V routing: Overflow =     0 Max = 0 (GRCs =  0) GRCs =     0 (0.00%)
Initial. METAL1     Overflow =     0 Max = 0 (GRCs =  0) GRCs =     0 (0.00%)
Initial. METAL2     Overflow =     0 Max = 0 (GRCs =  0) GRCs =     0 (0.00%)
Initial. METAL3     Overflow =     0 Max = 0 (GRCs =  0) GRCs =     0 (0.00%)
Initial. METAL4     Overflow =     0 Max = 0 (GRCs =  0) GRCs =     0 (0.00%)
Initial. METAL5     Overflow =     0 Max = 0 (GRCs =  0) GRCs =     0 (0.00%)
Initial. METAL6     Overflow =     0 Max = 0 (GRCs =  0) GRCs =     0 (0.00%)
Initial. METAL7     Overflow =     0 Max = 0 (GRCs =  0) GRCs =     0 (0.00%)
Initial. METAL8     Overflow =     0 Max = 0 (GRCs =  0) GRCs =     0 (0.00%)

Initial. Total Wire Length = 4690.04
Initial. Layer METAL1 wire length = 1823.26
Initial. Layer METAL2 wire length = 2232.17
Initial. Layer METAL3 wire length = 386.47
Initial. Layer METAL4 wire length = 152.93
Initial. Layer METAL5 wire length = 95.22
Initial. Layer METAL6 wire length = 0.00
Initial. Layer METAL7 wire length = 0.00
Initial. Layer METAL8 wire length = 0.00
Initial. Total Number of Contacts = 128
Initial. Via via1 count = 98
Initial. Via via2 count = 23
Initial. Via via3 count = 5
Initial. Via via4 count = 2
Initial. Via via5 count = 0
Initial. Via via6 count = 0
Initial. Via via7 count = 0
Initial. completed.

Start GR phase 1
Current Stage stats:
[End of Phase1 Routing] Elapsed real time: 0:00:00 
[End of Phase1 Routing] Elapsed cpu  time: sys=0:00:00 usr=0:00:00 total=0:00:00
[End of Phase1 Routing] Stage (MB): Used    0  Alloctr    0  Proc    0 
[End of Phase1 Routing] Total (MB): Used  103  Alloctr  103  Proc 2497 
phase1. Routing result:
phase1. Both Dirs: Overflow =     0 Max = 0 GRCs =     0 (0.00%)
phase1. H routing: Overflow =     0 Max = 0 (GRCs =  0) GRCs =     0 (0.00%)
phase1. V routing: Overflow =     0 Max = 0 (GRCs =  0) GRCs =     0 (0.00%)
phase1. METAL1     Overflow =     0 Max = 0 (GRCs =  0) GRCs =     0 (0.00%)
phase1. METAL2     Overflow =     0 Max = 0 (GRCs =  0) GRCs =     0 (0.00%)
phase1. METAL3     Overflow =     0 Max = 0 (GRCs =  0) GRCs =     0 (0.00%)
phase1. METAL4     Overflow =     0 Max = 0 (GRCs =  0) GRCs =     0 (0.00%)
phase1. METAL5     Overflow =     0 Max = 0 (GRCs =  0) GRCs =     0 (0.00%)
phase1. METAL6     Overflow =     0 Max = 0 (GRCs =  0) GRCs =     0 (0.00%)
phase1. METAL7     Overflow =     0 Max = 0 (GRCs =  0) GRCs =     0 (0.00%)
phase1. METAL8     Overflow =     0 Max = 0 (GRCs =  0) GRCs =     0 (0.00%)

phase1. Total Wire Length = 4690.04
phase1. Layer METAL1 wire length = 1823.26
phase1. Layer METAL2 wire length = 2232.17
phase1. Layer METAL3 wire length = 386.47
phase1. Layer METAL4 wire length = 152.93
phase1. Layer METAL5 wire length = 95.22
phase1. Layer METAL6 wire length = 0.00
phase1. Layer METAL7 wire length = 0.00
phase1. Layer METAL8 wire length = 0.00
phase1. Total Number of Contacts = 128
phase1. Via via1 count = 98
phase1. Via via2 count = 23
phase1. Via via3 count = 5
phase1. Via via4 count = 2
phase1. Via via5 count = 0
phase1. Via via6 count = 0
phase1. Via via7 count = 0
phase1. completed.
[End of Whole Chip Routing] Elapsed real time: 0:00:00 
[End of Whole Chip Routing] Elapsed cpu  time: sys=0:00:00 usr=0:00:00 total=0:00:00
[End of Whole Chip Routing] Stage (MB): Used    1  Alloctr    1  Proc    0 
[End of Whole Chip Routing] Total (MB): Used  103  Alloctr  103  Proc 2497 

Information: Global Routing terminated early: false (ZRT-103)

Congestion utilization per direction:
Average vertical track utilization   =  0.34 %
Peak    vertical track utilization   =  4.50 %
Average horizontal track utilization =  0.16 %
Peak    horizontal track utilization =  3.01 %

Current Stage stats:
[GR: Done] Elapsed real time: 0:00:00 
[GR: Done] Elapsed cpu  time: sys=0:00:00 usr=0:00:00 total=0:00:00
[GR: Done] Stage (MB): Used    0  Alloctr    0  Proc    0 
[GR: Done] Total (MB): Used  103  Alloctr  103  Proc 2497 
GR Total stats:
[GR: Done] Elapsed real time: 0:00:02 
[GR: Done] Elapsed cpu  time: sys=0:00:00 usr=0:00:02 total=0:00:02
[GR: Done] Stage (MB): Used   96  Alloctr   97  Proc    0 
[GR: Done] Total (MB): Used  103  Alloctr  103  Proc 2497 
Writing out congestion map...
Updating congestion ...
[DBOUT] Elapsed real time: 0:00:00 
[DBOUT] Elapsed cpu  time: sys=0:00:00 usr=0:00:00 total=0:00:00
[DBOUT] Stage (MB): Used  -95  Alloctr  -95  Proc    0 
[DBOUT] Total (MB): Used    6  Alloctr    7  Proc 2497 
Final total stats:
[End of Global Routing] Elapsed real time: 0:00:02 
[End of Global Routing] Elapsed cpu  time: sys=0:00:00 usr=0:00:02 total=0:00:02
[End of Global Routing] Stage (MB): Used    0  Alloctr    0  Proc    0 
[End of Global Routing] Total (MB): Used    6  Alloctr    7  Proc 2497 
1
preroute_instances 
Using [3 x 3] Fat Wire Table for METAL1
Using [3 x 3] Fat Wire Table for METAL2
Using [3 x 3] Fat Wire Table for METAL3
Using [3 x 3] Fat Wire Table for METAL4
Using [3 x 3] Fat Wire Table for METAL5
Using [3 x 3] Fat Wire Table for METAL6
Using [3 x 3] Fat Wire Table for METAL7
Using [2 x 2] Fat Wire Table for VIA12
Using [2 x 2] Fat Wire Table for VIA23
Using [2 x 2] Fat Wire Table for VIA34
Using [2 x 2] Fat Wire Table for VIA45
Using [2 x 2] Fat Wire Table for VIA56
Using [2 x 2] Fat Wire Table for VIA67
Instance being processed:
 [1] i_opcode_2
 [2] pfiller40
 [3] pfiller41
 [4] pfiller42
 [5] pfiller43
 [6] pfiller44
 [7] pfiller45
 [8] pfiller46
 [9] pfiller47
 [10] pfiller48
 [11] pfiller49
 [12] pfiller50
 [13] pfiller51
 [14] pfiller52
 [15] pfiller53
 [16] pfiller54
 [17] pfiller55
 [18] pfiller56
 [19] pfiller57
 [20] pfiller58
 [21] pfiller59
 [22] pfiller60
 [23] pfiller61
 [24] pfiller62
 [25] pfiller63
 [26] pfiller64
 [27] pfiller65
 [28] pfiller66
 [29] pfiller67
 [30] pfiller68
 [31] pfiller69
 [32] pfiller70
 [33] pfiller71
 [34] pfiller72
 [35] pfiller73
 [36] pfiller74
 [37] pfiller75
 [38] pfiller76
 [39] pfiller77
 [40] pfiller78
 [41] pfiller79
 [42] pfiller80
 [43] pfiller81
 [44] pfiller82
 [45] pfiller83
 [46] pfiller84
 [47] pfiller85
 [48] pfiller86
 [49] pfiller87
 [50] pfiller88
 [51] pfiller89
 [52] pfiller90
 [53] pfiller91
 [54] pfiller92
 [55] pfiller93
 [56] pfiller94
 [57] pfiller95
 [58] pfiller96
 [59] pfiller97
 [60] pfiller98
 [61] pfiller99
 [62] pfiller100
 [63] pfiller101
 [64] pfiller102
 [65] pfiller103
 [66] pfiller104
 [67] pfiller105
 [68] pfiller106
 [69] pfiller107
 [70] pfiller108
 [71] pfiller109
 [72] pfiller110
 [73] pfiller111
 [74] pfiller112
 [75] pfiller113
 [76] pfiller114
 [77] pfiller115
 [78] pfiller116
 [79] pfiller117
 [80] pfiller118
 [81] pfiller119
 [82] pfiller120
 [83] pfiller121
 [84] pfiller122
 [85] pfiller123
 [86] pfiller124
 [87] pfiller125
 [88] pfiller126
 [89] pfiller127
 [90] pfiller128
 [91] pfiller129
 [92] pfiller130
 [93] pfiller131
 [94] pfiller132
 [95] pfiller133
 [96] pfiller134
 [97] pfiller135
 [98] pfiller136
 [99] pfiller137
 [100] pfiller138
 [101] pfiller139
 [102] pfiller140
 [103] pfiller141
 [104] pfiller142
 [105] pfiller143
 [106] pfiller144
 [107] pfiller145
 [108] pfiller146
 [109] pfiller147
 [110] pfiller148
 [111] pfiller149
 [112] pfiller150
 [113] pfiller151
 [114] pfiller152
 [115] pfiller153
 [116] pfiller154
 [117] pfiller155
 [118] pfiller156
 [119] pfiller157
 [120] pfiller158
 [121] pfiller159
 [122] pfiller160
 [123] pfiller161
 [124] pfiller162
 [125] pfiller163
 [126] pfiller164
 [127] pfiller165
 [128] pfiller166
 [129] pfiller167
 [130] pfiller168
 [131] pfiller169
 [132] pfiller170
 [133] pfiller171
 [134] pfiller172
 [135] pfiller173
 [136] pfiller174
 [137] pfiller175
 [138] pfiller176
 [139] pfiller177
 [140] pfiller178
 [141] pfiller179
 [142] pfiller180
 [143] pfiller181
 [144] pfiller182
 [145] pfiller183
 [146] pfiller184
 [147] pfiller185
 [148] pfiller186
 [149] pfiller187
 [150] pfiller188
 [151] pfiller189
 [152] pfiller190
 [153] pfiller191
 [154] pfiller192
 [155] pfiller193
 [156] pfiller194
 [157] pfiller195
 [158] pfiller196
 [159] pfiller197
 [160] pfiller198
 [161] pfiller199
 [162] pfiller200
 [163] pfiller201
 [164] pfiller202
 [165] pfiller203
 [166] pfiller204
 [167] pfiller205
 [168] pfiller206
 [169] pfiller207
 [170] pfiller208
 [171] pfiller209
 [172] pfiller210
 [173] pfiller211
 [174] pfiller212
 [175] pfiller213
 [176] pfiller214
 [177] pfiller215
 [178] pfiller216
 [179] pfiller217
 [180] pfiller218
 [181] pfiller219
 [182] pfiller220
 [183] pfiller221
 [184] pfiller222
 [185] pfiller223
 [186] pfiller224
 [187] pfiller225
 [188] pfiller226
 [189] pfiller227
 [190] pfiller228
 [191] pfiller229
 [192] pfiller230
 [193] pfiller231
 [194] pfiller232
 [195] pfiller233
 [196] pfiller234
 [197] pfiller235
 [198] pfiller236
 [199] pfiller237
 [200] pfiller238
 [201] pfiller239
 [202] pfiller240
 [203] pfiller241
 [204] pfiller242
 [205] pfiller243
 [206] pfiller244
 [207] pfiller245
 [208] pfiller246
 [209] pfiller247
 [210] pfiller248
 [211] pfiller249
 [212] pfiller250
 [213] pfiller251
 [214] pfiller252
 [215] pfiller253
 [216] pfiller254
 [217] pfiller255
 [218] pfiller256
 [219] pfiller257
 [220] pfiller258
 [221] pfiller259
 [222] pfiller260
 [223] pfiller261
 [224] pfiller262
 [225] pfiller263
 [226] pfiller264
 [227] pfiller265
 [228] pfiller266
 [229] pfiller267
 [230] pfiller268
 [231] pfiller269
 [232] pfiller270
 [233] pfiller271
 [234] pfiller272
 [235] pfiller273
 [236] pfiller274
 [237] pfiller275
 [238] pfiller276
 [239] pfiller277
 [240] pfiller278
 [241] pfiller279
 [242] pfiller280
 [243] pfiller281
 [244] pfiller282
 [245] pfiller283
 [246] pfiller284
 [247] pfiller285
 [248] pfiller286
 [249] pfiller287
 [250] pfiller288
 [251] pfiller289
 [252] pfiller290
 [253] pfiller291
 [254] pfiller292
 [255] pfiller293
 [256] pfiller294
 [257] pfiller295
 [258] pfiller296
 [259] pfiller297
 [260] pfiller298
 [261] pfiller299
 [262] pfiller300
 [263] pfiller301
 [264] pfiller302
 [265] pfiller303
 [266] pfiller304
 [267] pfiller305
 [268] pfiller306
 [269] pfiller307
 [270] pfiller308
 [271] pfiller309
 [272] pfiller310
 [273] pfiller311
 [274] pfiller312
 [275] pfiller313
 [276] pfiller314
 [277] pfiller315
 [278] pfiller316
 [279] pfiller317
 [280] pfiller318
 [281] pfiller319
 [282] pfiller320
 [283] pfiller321
 [284] pfiller322
 [285] pfiller323
 [286] pfiller324
 [287] pfiller325
 [288] pfiller326
 [289] pfiller327
 [290] pfiller328
 [291] pfiller329
 [292] pfiller330
 [293] pfiller331
 [294] pfiller332
 [295] pfiller333
 [296] pfiller334
 [297] pfiller335
 [298] pfiller336
 [299] pfiller337
 [300] pfiller338
 [301] pfiller339
 [302] pfiller340
 [303] pfiller341
 [304] pfiller342
 [305] pfiller343
 [306] pfiller344
 [307] pfiller345
 [308] pfiller346
 [309] pfiller347
 [310] pfiller348
 [311] pfiller349
 [312] pfiller350
 [313] pfiller351
 [314] pfiller352
 [315] pfiller353
 [316] pfiller354
 [317] pfiller355
 [318] pfiller356
 [319] pfiller357
 [320] pfiller358
 [321] pfiller359
 [322] pfiller360
 [323] pfiller361
 [324] pfiller362
 [325] pfiller363
 [326] pfiller364
 [327] pfiller365
 [328] pfiller366
 [329] pfiller367
 [330] pfiller368
 [331] pfiller369
 [332] pfiller370
 [333] pfiller371
 [334] pfiller372
 [335] pfiller373
 [336] pfiller374
 [337] pfiller375
 [338] pfiller376
 [339] pfiller377
 [340] pfiller378
 [341] pfiller379
 [342] pfiller380
 [343] pfiller381
 [344] pfiller382
 [345] pfiller383
 [346] pfiller384
 [347] pfiller385
 [348] pfiller386
 [349] pfiller387
 [350] pfiller388
 [351] pfiller389
 [352] pfiller390
 [353] pfiller391
 [354] pfiller392
 [355] pfiller393
 [356] pfiller394
 [357] pfiller395
 [358] pfiller396
 [359] pfiller397
 [360] pfiller398
 [361] pfiller399
 [362] pfiller400
 [363] pfiller401
 [364] pfiller402
 [365] pfiller403
 [366] pfiller404
 [367] pfiller405
 [368] pfiller406
 [369] pfiller407
 [370] pfiller408
 [371] pfiller409
 [372] pfiller410
 [373] pfiller411
 [374] pfiller412
 [375] pfiller413
 [376] pfiller414
 [377] pfiller415
 [378] pfiller416
 [379] pfiller417
 [380] pfiller418
 [381] pfiller419
 [382] pfiller420
 [383] pfiller421
 [384] pfiller422
 [385] pfiller423
 [386] pfiller424
 [387] pfiller425
 [388] pfiller426
 [389] pfiller427
 [390] pfiller428
 [391] pfiller429
 [392] pfiller430
 [393] pfiller431
 [394] pfiller432
 [395] pfiller433
 [396] pfiller434
 [397] pfiller435
 [398] pfiller436
 [399] pfiller437
 [400] pfiller438
 [401] pfiller439
 [402] pfiller440
 [403] pfiller441
 [404] pfiller442
 [405] pfiller443
 [406] pfiller444
 [407] pfiller445
 [408] pfiller446
 [409] pfiller447
 [410] pfiller448
 [411] pfiller449
 [412] pfiller450
 [413] pfiller451
 [414] pfiller452
 [415] pfiller453
 [416] pfiller454
 [417] pfiller455
 [418] pfiller456
 [419] pfiller457
 [420] pfiller458
 [421] pfiller459
 [422] pfiller460
 [423] pfiller461
 [424] pfiller462
 [425] pfiller463
 [426] pfiller464
 [427] pfiller465
 [428] pfiller466
 [429] pfiller467
 [430] pfiller468
 [431] pfiller469
 [432] pfiller470
 [433] pfiller471
 [434] pfiller472
 [435] pfiller473
 [436] pfiller474
 [437] pfiller475
 [438] pfiller476
 [439] pfiller477
 [440] pfiller478
 [441] pfiller479
 [442] pfiller480
 [443] pfiller481
 [444] pfiller482
 [445] pfiller483
 [446] pfiller484
 [447] pfiller485
 [448] pfiller486
 [449] pfiller487
 [450] pfiller488
 [451] pfiller489
 [452] pfiller490
 [453] pfiller491
 [454] pfiller492
 [455] pfiller493
 [456] pfiller494
 [457] pfiller495
 [458] pfiller496
 [459] pfiller497
 [460] pfiller498
 [461] pfiller499
 [462] pfiller500
 [463] pfiller501
 [464] pfiller502
 [465] pfiller503
 [466] pfiller504
 [467] pfiller505
 [468] pfiller506
 [469] pfiller507
 [470] pfiller508
 [471] pfiller509
 [472] pfiller510
 [473] pfiller511
 [474] pfiller512
 [475] pfiller513
 [476] pfiller514
 [477] pfiller515
 [478] pfiller516
 [479] pfiller517
 [480] pfiller518
 [481] pfiller519
 [482] pfiller520
 [483] pfiller521
 [484] pfiller522
 [485] pfiller523
 [486] pfiller524
 [487] pfiller525
 [488] pfiller526
 [489] pfiller527
 [490] pfiller528
 [491] pfiller529
 [492] pfiller530
 [493] pfiller531
 [494] pfiller532
 [495] pfiller533
 [496] pfiller534
 [497] pfiller535
 [498] pfiller536
 [499] pfiller537
 [500] pfiller538
 [501] pfiller539
 [502] pfiller540
 [503] pfiller541
 [504] pfiller542
 [505] pfiller543
 [506] pfiller544
 [507] pfiller545
 [508] pfiller546
 [509] pfiller547
 [510] pfiller548
 [511] pfiller549
 [512] pfiller550
 [513] pfiller551
 [514] pfiller552
 [515] pfiller553
 [516] pfiller554
 [517] pfiller555
 [518] pfiller556
 [519] pfiller557
 [520] pfiller558
 [521] pfiller559
 [522] pfiller560
 [523] pfiller561
 [524] pfiller562
 [525] pfiller563
 [526] pfiller564
 [527] pfiller565
 [528] pfiller566
 [529] pfiller567
 [530] pfiller568
 [531] pfiller569
 [532] pfiller570
 [533] pfiller571
 [534] pfiller572
 [535] pfiller573
 [536] pfiller574
 [537] pfiller575
 [538] pfiller576
 [539] pfiller577
 [540] pfiller578
 [541] pfiller579
 [542] pfiller580
 [543] pfiller581
 [544] pfiller582
 [545] pfiller583
 [546] pfiller584
 [547] pfiller585
 [548] pfiller586
 [549] pfiller587
 [550] pfiller588
 [551] pfiller589
 [552] pfiller590
 [553] pfiller591
 [554] pfiller592
 [555] pfiller593
 [556] pfiller594
 [557] pfiller595
 [558] pfiller596
 [559] pfiller597
 [560] pfiller598
 [561] pfiller599
 [562] pfiller600
 [563] pfiller601
 [564] pfiller602
 [565] pfiller603
 [566] pfiller604
 [567] pfiller605
 [568] pfiller606
 [569] pfiller607
 [570] pfiller608
 [571] pfiller609
 [572] pfiller610
 [573] pfiller611
 [574] pfiller612
 [575] pfiller613
 [576] pfiller614
 [577] pfiller615
 [578] pfiller616
 [579] pfiller617
 [580] pfiller618
 [581] pfiller619
 [582] pfiller620
 [583] pfiller621
 [584] pfiller622
 [585] pfiller623
 [586] pfiller624
 [587] pfiller625
 [588] pfiller626
 [589] pfiller627
 [590] pfiller628
 [591] pfiller629
 [592] pfiller630
 [593] pfiller631
 [594] pfiller632
 [595] pfiller633
 [596] pfiller634
 [597] pfiller635
 [598] pfiller636
 [599] pfiller637
 [600] pfiller638
 [601] pfiller639
 [602] pfiller640
 [603] pfiller641
 [604] pfiller642
 [605] pfiller643
 [606] pfiller644
 [607] pfiller645
 [608] pfiller646
 [609] pfiller647
 [610] pfiller648
 [611] pfiller649
 [612] pfiller650
 [613] pfiller651
 [614] pfiller652
 [615] pfiller653
 [616] pfiller654
 [617] pfiller655
 [618] pfiller656
 [619] pfiller657
 [620] pfiller658
 [621] pfiller659
 [622] pfiller660
 [623] pfiller661
 [624] pfiller662
 [625] pfiller663
 [626] pfiller664
 [627] pfiller665
 [628] pfiller666
 [629] pfiller667
 [630] pfiller668
 [631] pfiller669
 [632] pfiller670
 [633] pfiller671
 [634] pfiller672
 [635] pfiller673
 [636] pfiller674
 [637] pfiller675
 [638] pfiller676
 [639] pfiller677
 [640] pfiller678
 [641] pfiller679
 [642] pfiller680
 [643] pfiller681
 [644] pfiller682
 [645] pfiller683
 [646] pfiller684
 [647] pfiller685
 [648] pfiller686
 [649] pfiller687
 [650] pfiller688
 [651] pfiller689
 [652] pfiller690
 [653] pfiller691
 [654] pfiller692
 [655] pfiller693
 [656] pfiller694
 [657] pfiller695
 [658] pfiller696
 [659] pfiller697
 [660] pfiller698
 [661] pfiller699
 [662] pfiller700
 [663] pfiller701
 [664] pfiller702
 [665] pfiller703
 [666] pfiller704
 [667] pfiller705
 [668] pfiller706
 [669] pfiller707
 [670] pfiller708
 [671] pfiller709
 [672] pfiller710
 [673] pfiller711
 [674] pfiller712
 [675] pfiller713
 [676] pfiller714
 [677] pfiller715
 [678] pfiller716
 [679] pfiller717
 [680] pfiller718
 [681] pfiller719
 [682] pfiller720
 [683] pfiller721
 [684] pfiller722
 [685] pfiller723
 [686] pfiller724
 [687] pfiller725
 [688] pfiller726
 [689] pfiller727
 [690] pfiller728
 [691] pfiller729
 [692] pfiller730
 [693] pfiller731
 [694] pfiller732
 [695] pfiller733
 [696] pfiller734
 [697] pfiller735
 [698] pfiller736
 [699] pfiller737
 [700] pfiller738
 [701] pfiller739
 [702] pfiller740
 [703] pfiller741
 [704] pfiller742
 [705] pfiller743
 [706] pfiller744
 [707] pfiller745
 [708] pfiller746
 [709] pfiller747
 [710] pfiller748
 [711] pfiller749
 [712] pfiller750
 [713] pfiller751
 [714] pfiller752
 [715] pfiller753
 [716] pfiller754
 [717] pfiller755
 [718] pfiller756
 [719] pfiller757
 [720] pfiller758
 [721] pfiller759
 [722] pfiller760
 [723] pfiller761
 [724] pfiller762
 [725] pfiller763
 [726] pfiller764
 [727] pfiller765
 [728] pfiller766
 [729] pfiller767
 [730] pfiller768
 [731] pfiller769
 [732] pfiller770
 [733] pfiller771
 [734] pfiller772
 [735] pfiller773
 [736] pfiller774
 [737] pfiller775
 [738] pfiller776
 [739] pfiller777
 [740] pfiller778
 [741] pfiller779
 [742] pfiller780
 [743] pfiller781
 [744] pfiller782
 [745] pfiller783
 [746] pfiller784
 [747] pfiller785
 [748] pfiller786
 [749] pfiller787
 [750] pfiller788
 [751] pfiller789
 [752] pfiller790
 [753] pfiller791
 [754] pfiller792
 [755] pfiller793
 [756] pfiller794
 [757] pfiller795
 [758] pfiller796
 [759] pfiller797
 [760] pfiller798
 [761] pfiller799
 [762] pfiller800
 [763] pfiller801
 [764] pfiller802
 [765] pfiller803
 [766] pfiller804
 [767] pfiller805
 [768] pfiller806
 [769] pfiller807
 [770] pfiller808
 [771] pfiller809
 [772] pfiller810
 [773] pfiller811
 [774] pfiller812
 [775] pfiller813
 [776] pfiller814
 [777] pfiller815
 [778] pfiller816
 [779] pfiller817
 [780] pfiller818
 [781] pfiller819
 [782] pfiller820
 [783] pfiller821
 [784] pfiller822
 [785] pfiller823
 [786] pfiller824
 [787] pfiller825
 [788] pfiller826
 [789] pfiller827
 [790] pfiller828
 [791] pfiller829
 [792] pfiller830
 [793] pfiller831
 [794] pfiller832
 [795] pfiller833
 [796] pfiller834
 [797] pfiller835
 [798] pfiller836
 [799] pfiller837
 [800] pfiller838
 [801] pfiller839
 [802] pfiller840
 [803] pfiller841
 [804] pfiller842
 [805] pfiller843
 [806] pfiller844
 [807] pfiller845
 [808] pfiller846
 [809] pfiller847
 [810] pfiller848
 [811] pfiller849
 [812] pfiller850
 [813] pfiller851
 [814] pfiller852
 [815] pfiller853
 [816] pfiller854
 [817] pfiller855
 [818] pfiller856
 [819] pfiller857
 [820] pfiller858
 [821] pfiller859
 [822] pfiller860
 [823] pfiller861
 [824] pfiller862
 [825] pfiller863
 [826] pfiller864
 [827] pfiller865
 [828] pfiller866
 [829] pfiller867
 [830] pfiller868
 [831] pfiller869
 [832] pfiller870
 [833] pfiller871
 [834] pfiller872
 [835] pfiller873
 [836] pfiller874
 [837] pfiller875
 [838] pfiller876
 [839] pfiller877
 [840] pfiller878
 [841] pfiller879
 [842] pfiller880
 [843] pfiller881
 [844] pfiller882
 [845] pfiller883
 [846] pfiller884
 [847] pfiller885
 [848] pfiller886
 [849] pfiller887
 [850] pfiller888
 [851] pfiller889
 [852] pfiller890
 [853] pfiller891
 [854] pfiller892
 [855] pfiller893
 [856] pfiller894
 [857] pfiller895
 [858] pfiller896
 [859] pfiller897
 [860] pfiller898
 [861] pfiller899
 [862] pfiller900
 [863] pfiller901
 [864] pfiller902
 [865] pfiller903
 [866] pfiller904
 [867] pfiller905
 [868] pfiller906
 [869] pfiller907
 [870] pfiller908
 [871] pfiller909
 [872] pfiller910
 [873] pfiller911
 [874] pfiller912
 [875] pfiller913
 [876] pfiller914
 [877] pfiller915
 [878] pfiller916
 [879] pfiller917
 [880] pfiller918
 [881] pfiller919
 [882] pfiller920
 [883] pfiller921
 [884] pfiller922
 [885] pfiller923
 [886] pfiller924
 [887] i_zero
 [888] pfiller925
 [889] pfiller926
 [890] pfiller927
 [891] pfiller928
 [892] pfiller929
 [893] pfiller930
 [894] pfiller931
 [895] pfiller932
 [896] pfiller933
 [897] pfiller934
 [898] pfiller935
 [899] pfiller936
 [900] pfiller937
 [901] pfiller938
 [902] pfiller939
 [903] pfiller940
 [904] pfiller941
 [905] pfiller942
 [906] pfiller943
 [907] pfiller944
 [908] pfiller945
 [909] pfiller946
 [910] pfiller947
 [911] pfiller948
 [912] pfiller949
 [913] pfiller950
 [914] pfiller951
 [915] pfiller952
 [916] pfiller953
 [917] pfiller954
 [918] pfiller955
 [919] pfiller956
 [920] pfiller957
 [921] pfiller958
 [922] pfiller959
 [923] pfiller960
 [924] pfiller961
 [925] pfiller962
 [926] pfiller963
 [927] pfiller964
 [928] pfiller965
 [929] pfiller966
 [930] pfiller967
 [931] pfiller968
 [932] pfiller969
 [933] pfiller970
 [934] pfiller971
 [935] pfiller972
 [936] pfiller973
 [937] pfiller974
 [938] pfiller975
 [939] pfiller976
 [940] pfiller977
 [941] pfiller978
 [942] pfiller979
 [943] pfiller980
 [944] pfiller981
 [945] pfiller982
 [946] pfiller983
 [947] pfiller984
 [948] pfiller985
 [949] pfiller986
 [950] pfiller987
 [951] pfiller988
 [952] pfiller989
 [953] pfiller990
 [954] pfiller991
 [955] pfiller992
 [956] pfiller993
 [957] pfiller994
 [958] pfiller995
 [959] pfiller996
 [960] pfiller997
 [961] pfiller998
 [962] pfiller999
 [963] pfiller1000
 [964] pfiller1001
 [965] pfiller1002
 [966] pfiller1003
 [967] pfiller1004
 [968] pfiller1005
 [969] pfiller1006
 [970] pfiller1007
 [971] pfiller1008
 [972] pfiller1009
 [973] pfiller1010
 [974] pfiller1011
 [975] pfiller1012
 [976] pfiller1013
 [977] pfiller1014
 [978] pfiller1015
 [979] pfiller1016
 [980] pfiller1017
 [981] pfiller1018
 [982] pfiller1019
 [983] pfiller1020
 [984] pfiller1021
 [985] pfiller1022
 [986] pfiller1023
 [987] pfiller1024
 [988] pfiller1025
 [989] pfiller1026
 [990] pfiller1027
 [991] pfiller1028
 [992] pfiller1029
 [993] pfiller1030
 [994] pfiller1031
 [995] pfiller1032
 [996] pfiller1033
 [997] pfiller1034
 [998] pfiller1035
 [999] pfiller1036
 [1000] pfiller1037
 [1001] pfiller1038
 [1002] pfiller1039
 [1003] pfiller1040
 [1004] pfiller1041
 [1005] pfiller1042
 [1006] pfiller1043
 [1007] pfiller1044
 [1008] pfiller1045
 [1009] pfiller1046
 [1010] pfiller1047
 [1011] pfiller1048
 [1012] pfiller1049
 [1013] pfiller1050
 [1014] pfiller1051
 [1015] pfiller1052
 [1016] pfiller1053
 [1017] pfiller1054
 [1018] pfiller1055
 [1019] pfiller1056
 [1020] pfiller1057
 [1021] pfiller1058
 [1022] pfiller1059
 [1023] pfiller1060
 [1024] pfiller1061
 [1025] pfiller1062
 [1026] pfiller1063
 [1027] pfiller1064
 [1028] pfiller1065
 [1029] pfiller1066
 [1030] pfiller1067
 [1031] pfiller1068
 [1032] pfiller1069
 [1033] pfiller1070
 [1034] pfiller1071
 [1035] pfiller1072
 [1036] pfiller1073
 [1037] pfiller1074
 [1038] pfiller1075
 [1039] pfiller1076
 [1040] pfiller1077
 [1041] pfiller1078
 [1042] pfiller1079
 [1043] pfiller1080
 [1044] pfiller1081
 [1045] pfiller1082
 [1046] pfiller1083
 [1047] pfiller1084
 [1048] pfiller1085
 [1049] pfiller1086
 [1050] pfiller1087
 [1051] pfiller1088
 [1052] pfiller1089
 [1053] pfiller1090
 [1054] pfiller1091
 [1055] pfiller1092
 [1056] pfiller1093
 [1057] pfiller1094
 [1058] pfiller1095
 [1059] pfiller1096
 [1060] pfiller1097
 [1061] pfiller1098
 [1062] pfiller1099
 [1063] pfiller1100
 [1064] pfiller1101
 [1065] pfiller1102
 [1066] pfiller1103
 [1067] pfiller1104
 [1068] pfiller1105
 [1069] pfiller1106
 [1070] pfiller1107
 [1071] pfiller1108
 [1072] pfiller1109
 [1073] pfiller1110
 [1074] pfiller1111
 [1075] pfiller1112
 [1076] pfiller1113
 [1077] pfiller1114
 [1078] pfiller1115
 [1079] pfiller1116
 [1080] pfiller1117
 [1081] pfiller1118
 [1082] pfiller1119
 [1083] pfiller1120
 [1084] pfiller1121
 [1085] pfiller1122
 [1086] pfiller1123
 [1087] pfiller1124
 [1088] pfiller1125
 [1089] pfiller1126
 [1090] pfiller1127
 [1091] pfiller1128
 [1092] pfiller1129
 [1093] pfiller1130
 [1094] pfiller1131
 [1095] pfiller1132
 [1096] pfiller1133
 [1097] pfiller1134
 [1098] pfiller1135
 [1099] pfiller1136
 [1100] pfiller1137
 [1101] pfiller1138
 [1102] pfiller1139
 [1103] pfiller1140
 [1104] pfiller1141
 [1105] pfiller1142
 [1106] pfiller1143
 [1107] pfiller1144
 [1108] pfiller1145
 [1109] pfiller1146
 [1110] pfiller1147
 [1111] pfiller1148
 [1112] pfiller1149
 [1113] pfiller1150
 [1114] pfiller1151
 [1115] pfiller1152
 [1116] pfiller1153
 [1117] pfiller1154
 [1118] pfiller1155
 [1119] pfiller1156
 [1120] pfiller1157
 [1121] pfiller1158
 [1122] pfiller1159
 [1123] pfiller1160
 [1124] pfiller1161
 [1125] pfiller1162
 [1126] pfiller1163
 [1127] pfiller1164
 [1128] pfiller1165
 [1129] pfiller1166
 [1130] pfiller1167
 [1131] pfiller1168
 [1132] pfiller1169
 [1133] pfiller1170
 [1134] pfiller1171
 [1135] pfiller1172
 [1136] pfiller1173
 [1137] pfiller1174
 [1138] pfiller1175
 [1139] pfiller1176
 [1140] pfiller1177
 [1141] pfiller1178
 [1142] pfiller1179
 [1143] pfiller1180
 [1144] pfiller1181
 [1145] pfiller1182
 [1146] pfiller1183
 [1147] pfiller1184
 [1148] pfiller1185
 [1149] pfiller1186
 [1150] pfiller1187
 [1151] pfiller1188
 [1152] pfiller1189
 [1153] pfiller1190
 [1154] pfiller1191
 [1155] pfiller1192
 [1156] pfiller1193
 [1157] pfiller1194
 [1158] pfiller1195
 [1159] pfiller1196
 [1160] pfiller1197
 [1161] pfiller1198
 [1162] pfiller1199
 [1163] pfiller1200
 [1164] pfiller1201
 [1165] pfiller1202
 [1166] pfiller1203
 [1167] pfiller1204
 [1168] pfiller1205
 [1169] pfiller1206
 [1170] pfiller1207
 [1171] pfiller1208
 [1172] pfiller1209
 [1173] pfiller1210
 [1174] pfiller1211
 [1175] pfiller1212
 [1176] pfiller1213
 [1177] pfiller1214
 [1178] pfiller1215
 [1179] pfiller1216
 [1180] pfiller1217
 [1181] pfiller1218
 [1182] pfiller1219
 [1183] pfiller1220
 [1184] pfiller1221
 [1185] pfiller1222
 [1186] pfiller1223
 [1187] pfiller1224
 [1188] pfiller1225
 [1189] pfiller1226
 [1190] pfiller1227
 [1191] pfiller1228
 [1192] pfiller1229
 [1193] pfiller1230
 [1194] pfiller1231
 [1195] pfiller1232
 [1196] pfiller1233
 [1197] pfiller1234
 [1198] pfiller1235
 [1199] pfiller1236
 [1200] pfiller1237
 [1201] pfiller1238
 [1202] pfiller1239
 [1203] pfiller1240
 [1204] pfiller1241
 [1205] pfiller1242
 [1206] pfiller1243
 [1207] pfiller1244
 [1208] pfiller1245
 [1209] pfiller1246
 [1210] pfiller1247
 [1211] pfiller1248
 [1212] pfiller1249
 [1213] pfiller1250
 [1214] pfiller1251
 [1215] pfiller1252
 [1216] pfiller1253
 [1217] pfiller1254
 [1218] pfiller1255
 [1219] pfiller1256
 [1220] pfiller1257
 [1221] pfiller1258
 [1222] pfiller1259
 [1223] pfiller1260
 [1224] pfiller1261
 [1225] pfiller1262
 [1226] pfiller1263
 [1227] pfiller1264
 [1228] pfiller1265
 [1229] pfiller1266
 [1230] pfiller1267
 [1231] pfiller1268
 [1232] pfiller1269
 [1233] pfiller1270
 [1234] pfiller1271
 [1235] pfiller1272
 [1236] pfiller1273
 [1237] pfiller1274
 [1238] pfiller1275
 [1239] pfiller1276
 [1240] pfiller1277
 [1241] pfiller1278
 [1242] pfiller1279
 [1243] pfiller1280
 [1244] pfiller1281
 [1245] pfiller1282
 [1246] pfiller1283
 [1247] pfiller1284
 [1248] pfiller1285
 [1249] pfiller1286
 [1250] pfiller1287
 [1251] pfiller1288
 [1252] pfiller1289
 [1253] pfiller1290
 [1254] pfiller1291
 [1255] pfiller1292
 [1256] pfiller1293
 [1257] pfiller1294
 [1258] pfiller1295
 [1259] pfiller1296
 [1260] pfiller1297
 [1261] pfiller1298
 [1262] pfiller1299
 [1263] pfiller1300
 [1264] pfiller1301
 [1265] pfiller1302
 [1266] pfiller1303
 [1267] pfiller1304
 [1268] pfiller1305
 [1269] pfiller1306
 [1270] pfiller1307
 [1271] pfiller1308
 [1272] pfiller1309
 [1273] pfiller1310
 [1274] pfiller1311
 [1275] pfiller1312
 [1276] pfiller1313
 [1277] pfiller1314
 [1278] pfiller1315
 [1279] pfiller1316
 [1280] pfiller1317
 [1281] pfiller1318
 [1282] pfiller1319
 [1283] pfiller1320
 [1284] pfiller1321
 [1285] pfiller1322
 [1286] pfiller1323
 [1287] pfiller1324
 [1288] pfiller1325
 [1289] pfiller1326
 [1290] pfiller1327
 [1291] pfiller1328
 [1292] pfiller1329
 [1293] pfiller1330
 [1294] pfiller1331
 [1295] pfiller1332
 [1296] pfiller1333
 [1297] pfiller1334
 [1298] pfiller1335
 [1299] pfiller1336
 [1300] pfiller1337
 [1301] pfiller1338
 [1302] pfiller1339
 [1303] pfiller1340
 [1304] pfiller1341
 [1305] pfiller1342
 [1306] pfiller1343
 [1307] pfiller1344
 [1308] pfiller1345
 [1309] pfiller1346
 [1310] pfiller1347
 [1311] pfiller1348
 [1312] pfiller1349
 [1313] pfiller1350
 [1314] pfiller1351
 [1315] pfiller1352
 [1316] pfiller1353
 [1317] pfiller1354
 [1318] pfiller1355
 [1319] pfiller1356
 [1320] pfiller1357
 [1321] pfiller1358
 [1322] pfiller1359
 [1323] pfiller1360
 [1324] pfiller1361
 [1325] pfiller1362
 [1326] pfiller1363
 [1327] pfiller1364
 [1328] pfiller1365
 [1329] pfiller1366
 [1330] pfiller1367
 [1331] pfiller1368
 [1332] pfiller1369
 [1333] pfiller1370
 [1334] pfiller1371
 [1335] pfiller1372
 [1336] pfiller1373
 [1337] pfiller1374
 [1338] pfiller1375
 [1339] pfiller1376
 [1340] pfiller1377
 [1341] pfiller1378
 [1342] pfiller1379
 [1343] pfiller1380
 [1344] pfiller1381
 [1345] pfiller1382
 [1346] pfiller1383
 [1347] pfiller1384
 [1348] pfiller1385
 [1349] pfiller1386
 [1350] pfiller1387
 [1351] pfiller1388
 [1352] pfiller1389
 [1353] pfiller1390
 [1354] pfiller1391
 [1355] pfiller1392
 [1356] pfiller1393
 [1357] pfiller1394
 [1358] pfiller1395
 [1359] pfiller1396
 [1360] pfiller1397
 [1361] pfiller1398
 [1362] pfiller1399
 [1363] pfiller1400
 [1364] pfiller1401
 [1365] pfiller1402
 [1366] pfiller1403
 [1367] pfiller1404
 [1368] pfiller1405
 [1369] pfiller1406
 [1370] pfiller1407
 [1371] pfiller1408
 [1372] pfiller1409
 [1373] pfiller1410
 [1374] pfiller1411
 [1375] pfiller1412
 [1376] pfiller1413
 [1377] pfiller1414
 [1378] pfiller1415
 [1379] pfiller1416
 [1380] pfiller1417
 [1381] pfiller1418
 [1382] pfiller1419
 [1383] pfiller1420
 [1384] pfiller1421
 [1385] pfiller1422
 [1386] pfiller1423
 [1387] pfiller1424
 [1388] pfiller1425
 [1389] pfiller1426
 [1390] pfiller1427
 [1391] pfiller1428
 [1392] pfiller1429
 [1393] pfiller1430
 [1394] pfiller1431
 [1395] pfiller1432
 [1396] pfiller1433
 [1397] pfiller1434
 [1398] pfiller1435
 [1399] pfiller1436
 [1400] pfiller1437
 [1401] pfiller1438
 [1402] pfiller1439
 [1403] pfiller1440
 [1404] pfiller1441
 [1405] pfiller1442
 [1406] pfiller1443
 [1407] pfiller1444
 [1408] pfiller1445
 [1409] pfiller1446
 [1410] pfiller1447
 [1411] pfiller1448
 [1412] pfiller1449
 [1413] pfiller1450
 [1414] pfiller1451
 [1415] pfiller1452
 [1416] pfiller1453
 [1417] pfiller1454
 [1418] pfiller1455
 [1419] pfiller1456
 [1420] pfiller1457
 [1421] pfiller1458
 [1422] pfiller1459
 [1423] pfiller1460
 [1424] pfiller1461
 [1425] pfiller1462
 [1426] pfiller1463
 [1427] pfiller1464
 [1428] pfiller1465
 [1429] pfiller1466
 [1430] pfiller1467
 [1431] pfiller1468
 [1432] pfiller1469
 [1433] pfiller1470
 [1434] pfiller1471
 [1435] pfiller1472
 [1436] pfiller1473
 [1437] pfiller1474
 [1438] pfiller1475
 [1439] pfiller1476
 [1440] pfiller1477
 [1441] pfiller1478
 [1442] pfiller1479
 [1443] pfiller1480
 [1444] pfiller1481
 [1445] pfiller1482
 [1446] pfiller1483
 [1447] pfiller1484
 [1448] pfiller1485
 [1449] pfiller1486
 [1450] pfiller1487
 [1451] pfiller1488
 [1452] pfiller1489
 [1453] pfiller1490
 [1454] pfiller1491
 [1455] pfiller1492
 [1456] pfiller1493
 [1457] pfiller1494
 [1458] pfiller1495
 [1459] pfiller1496
 [1460] pfiller1497
 [1461] pfiller1498
 [1462] pfiller1499
 [1463] pfiller1500
 [1464] pfiller1501
 [1465] pfiller1502
 [1466] pfiller1503
 [1467] pfiller1504
 [1468] pfiller1505
 [1469] pfiller1506
 [1470] pfiller1507
 [1471] pfiller1508
 [1472] pfiller1509
 [1473] pfiller1510
 [1474] pfiller1511
 [1475] pfiller1512
 [1476] pfiller1513
 [1477] pfiller1514
 [1478] pfiller1515
 [1479] pfiller1516
 [1480] pfiller1517
 [1481] pfiller1518
 [1482] pfiller1519
 [1483] pfiller1520
 [1484] pfiller1521
 [1485] pfiller1522
 [1486] pfiller1523
 [1487] pfiller1524
 [1488] pfiller1525
 [1489] pfiller1526
 [1490] pfiller1527
 [1491] pfiller1528
 [1492] pfiller1529
 [1493] pfiller1530
 [1494] pfiller1531
 [1495] pfiller1532
 [1496] pfiller1533
 [1497] pfiller1534
 [1498] pfiller1535
 [1499] pfiller1536
 [1500] pfiller1537
 [1501] pfiller1538
 [1502] pfiller1539
 [1503] pfiller1540
 [1504] pfiller1541
 [1505] pfiller1542
 [1506] pfiller1543
 [1507] pfiller1544
 [1508] pfiller1545
 [1509] pfiller1546
 [1510] pfiller1547
 [1511] pfiller1548
 [1512] pfiller1549
 [1513] pfiller1550
 [1514] pfiller1551
 [1515] pfiller1552
 [1516] pfiller1553
 [1517] pfiller1554
 [1518] pfiller1555
 [1519] pfiller1556
 [1520] pfiller1557
 [1521] pfiller1558
 [1522] pfiller1559
 [1523] pfiller1560
 [1524] pfiller1561
 [1525] pfiller1562
 [1526] pfiller1563
 [1527] pfiller1564
 [1528] pfiller1565
 [1529] pfiller1566
 [1530] pfiller1567
 [1531] pfiller1568
 [1532] pfiller1569
 [1533] pfiller1570
 [1534] pfiller1571
 [1535] pfiller1572
 [1536] pfiller1573
 [1537] pfiller1574
 [1538] pfiller1575
 [1539] pfiller1576
 [1540] pfiller1577
 [1541] pfiller1578
 [1542] pfiller1579
 [1543] pfiller1580
 [1544] pfiller1581
 [1545] pfiller1582
 [1546] pfiller1583
 [1547] pfiller1584
 [1548] pfiller1585
 [1549] pfiller1586
 [1550] pfiller1587
 [1551] pfiller1588
 [1552] pfiller1589
 [1553] pfiller1590
 [1554] pfiller1591
 [1555] pfiller1592
 [1556] pfiller1593
 [1557] pfiller1594
 [1558] pfiller1595
 [1559] pfiller1596
 [1560] pfiller1597
 [1561] pfiller1598
 [1562] pfiller1599
 [1563] pfiller1600
 [1564] pfiller1601
 [1565] pfiller1602
 [1566] pfiller1603
 [1567] pfiller1604
 [1568] pfiller1605
 [1569] pfiller1606
 [1570] pfiller1607
 [1571] pfiller1608
 [1572] pfiller1609
 [1573] pfiller1610
 [1574] pfiller1611
 [1575] pfiller1612
 [1576] pfiller1613
 [1577] pfiller1614
 [1578] pfiller1615
 [1579] pfiller1616
 [1580] pfiller1617
 [1581] pfiller1618
 [1582] pfiller1619
 [1583] pfiller1620
 [1584] pfiller1621
 [1585] pfiller1622
 [1586] pfiller1623
 [1587] pfiller1624
 [1588] pfiller1625
 [1589] pfiller1626
 [1590] pfiller1627
 [1591] pfiller1628
 [1592] pfiller1629
 [1593] pfiller1630
 [1594] pfiller1631
 [1595] pfiller1632
 [1596] pfiller1633
 [1597] pfiller1634
 [1598] pfiller1635
 [1599] pfiller1636
 [1600] pfiller1637
 [1601] pfiller1638
 [1602] pfiller1639
 [1603] pfiller1640
 [1604] pfiller1641
 [1605] pfiller1642
 [1606] pfiller1643
 [1607] pfiller1644
 [1608] pfiller1645
 [1609] pfiller1646
 [1610] pfiller1647
 [1611] pfiller1648
 [1612] pfiller1649
 [1613] pfiller1650
 [1614] pfiller1651
 [1615] pfiller1652
 [1616] pfiller1653
 [1617] pfiller1654
 [1618] pfiller1655
 [1619] pfiller1656
 [1620] pfiller1657
 [1621] pfiller1658
 [1622] pfiller1659
 [1623] pfiller1660
 [1624] pfiller1661
 [1625] pfiller1662
 [1626] pfiller1663
 [1627] pfiller1664
 [1628] pfiller1665
 [1629] pfiller1666
 [1630] pfiller1667
 [1631] pfiller1668
 [1632] pfiller1669
 [1633] pfiller1670
 [1634] pfiller1671
 [1635] pfiller1672
 [1636] pfiller1673
 [1637] pfiller1674
 [1638] pfiller1675
 [1639] pfiller1676
 [1640] pfiller1677
 [1641] pfiller1678
 [1642] pfiller1679
 [1643] pfiller1680
 [1644] pfiller1681
 [1645] pfiller1682
 [1646] pfiller1683
 [1647] pfiller1684
 [1648] pfiller1685
 [1649] pfiller1686
 [1650] pfiller1687
 [1651] pfiller1688
 [1652] pfiller1689
 [1653] pfiller1690
 [1654] pfiller1691
 [1655] pfiller1692
 [1656] pfiller1693
 [1657] pfiller1694
 [1658] pfiller1695
 [1659] pfiller1696
 [1660] pfiller1697
 [1661] pfiller1698
 [1662] pfiller1699
 [1663] pfiller1700
 [1664] pfiller1701
 [1665] pfiller1702
 [1666] pfiller1703
 [1667] pfiller1704
 [1668] pfiller1705
 [1669] pfiller1706
 [1670] pfiller1707
 [1671] pfiller1708
 [1672] pfiller1709
 [1673] pfiller1710
 [1674] pfiller1711
 [1675] pfiller1712
 [1676] pfiller1713
 [1677] pfiller1714
 [1678] pfiller1715
 [1679] pfiller1716
 [1680] pfiller1717
 [1681] pfiller1718
 [1682] pfiller1719
 [1683] pfiller1720
 [1684] pfiller1721
 [1685] pfiller1722
 [1686] pfiller1723
 [1687] pfiller1724
 [1688] pfiller1725
 [1689] pfiller1726
 [1690] pfiller1727
 [1691] pfiller1728
 [1692] pfiller1729
 [1693] pfiller1730
 [1694] pfiller1731
 [1695] pfiller1732
 [1696] pfiller1733
 [1697] pfiller1734
 [1698] pfiller1735
 [1699] pfiller1736
 [1700] pfiller1737
 [1701] pfiller1738
 [1702] pfiller1739
 [1703] pfiller1740
 [1704] pfiller1741
 [1705] pfiller1742
 [1706] pfiller1743
 [1707] pfiller1744
 [1708] pfiller1745
 [1709] pfiller1746
 [1710] pfiller1747
 [1711] pfiller1748
 [1712] pfiller1749
 [1713] pfiller1750
 [1714] pfiller1751
 [1715] pfiller1752
 [1716] pfiller1753
 [1717] pfiller1754
 [1718] pfiller1755
 [1719] pfiller1756
 [1720] pfiller1757
 [1721] pfiller1758
 [1722] pfiller1759
 [1723] pfiller1760
 [1724] pfiller1761
 [1725] pfiller1762
 [1726] pfiller1763
 [1727] pfiller1764
 [1728] pfiller1765
 [1729] pfiller1766
 [1730] pfiller1767
 [1731] pfiller1768
 [1732] pfiller1769
 [1733] pfiller1770
 [1734] pfiller1771
 [1735] pfiller1772
 [1736] pfiller1773
 [1737] pfiller1774
 [1738] pfiller1775
 [1739] pfiller1776
 [1740] pfiller1777
 [1741] pfiller1778
 [1742] pfiller1779
 [1743] pfiller1780
 [1744] pfiller1781
 [1745] pfiller1782
 [1746] pfiller1783
 [1747] pfiller1784
 [1748] pfiller1785
 [1749] pfiller1786
 [1750] pfiller1787
 [1751] pfiller1788
 [1752] pfiller1789
 [1753] pfiller1790
 [1754] pfiller1791
 [1755] pfiller1792
 [1756] pfiller1793
 [1757] pfiller1794
 [1758] pfiller1795
 [1759] pfiller1796
 [1760] pfiller1797
 [1761] pfiller1798
 [1762] pfiller1799
 [1763] pfiller1800
 [1764] pfiller1801
 [1765] pfiller1802
 [1766] pfiller1803
 [1767] pfiller1804
 [1768] pfiller1805
 [1769] pfiller1806
 [1770] pfiller1807
 [1771] pfiller1808
 [1772] pfiller1809
 [1773] vdd2top
 [1774] pfiller1810
 [1775] pfiller1811
 [1776] pfiller1812
 [1777] pfiller1813
 [1778] pfiller1814
 [1779] pfiller1815
 [1780] pfiller1816
 [1781] pfiller1817
 [1782] pfiller1818
 [1783] pfiller1819
 [1784] pfiller1820
 [1785] pfiller1821
 [1786] pfiller1822
 [1787] pfiller1823
 [1788] pfiller1824
 [1789] pfiller1825
 [1790] pfiller1826
 [1791] pfiller1827
 [1792] pfiller1828
 [1793] pfiller1829
 [1794] pfiller1830
 [1795] pfiller1831
 [1796] pfiller1832
 [1797] pfiller1833
 [1798] pfiller1834
 [1799] pfiller1835
 [1800] pfiller1836
 [1801] pfiller1837
 [1802] pfiller1838
 [1803] pfiller1839
 [1804] pfiller1840
 [1805] pfiller1841
 [1806] pfiller1842
 [1807] pfiller1843
 [1808] pfiller1844
 [1809] pfiller1845
 [1810] pfiller1846
 [1811] pfiller1847
 [1812] pfiller1848
 [1813] pfiller1849
 [1814] pfiller1850
 [1815] pfiller1851
 [1816] pfiller1852
 [1817] pfiller1853
 [1818] pfiller1854
 [1819] pfiller1855
 [1820] pfiller1856
 [1821] pfiller1857
 [1822] pfiller1858
 [1823] pfiller1859
 [1824] pfiller1860
 [1825] pfiller1861
 [1826] pfiller1862
 [1827] pfiller1863
 [1828] pfiller1864
 [1829] pfiller1865
 [1830] pfiller1866
 [1831] pfiller1867
 [1832] pfiller1868
 [1833] pfiller1869
 [1834] pfiller1870
 [1835] pfiller1871
 [1836] pfiller1872
 [1837] pfiller1873
 [1838] pfiller1874
 [1839] pfiller1875
 [1840] pfiller1876
 [1841] pfiller1877
 [1842] pfiller1878
 [1843] pfiller1879
 [1844] pfiller1880
 [1845] pfiller1881
 [1846] pfiller1882
 [1847] pfiller1883
 [1848] pfiller1884
 [1849] pfiller1885
 [1850] pfiller1886
 [1851] pfiller1887
 [1852] pfiller1888
 [1853] pfiller1889
 [1854] pfiller1890
 [1855] pfiller1891
 [1856] pfiller1892
 [1857] pfiller1893
 [1858] pfiller1894
 [1859] pfiller1895
 [1860] pfiller1896
 [1861] pfiller1897
 [1862] pfiller1898
 [1863] pfiller1899
 [1864] pfiller1900
 [1865] pfiller1901
 [1866] pfiller1902
 [1867] pfiller1903
 [1868] pfiller1904
 [1869] pfiller1905
 [1870] pfiller1906
 [1871] pfiller1907
 [1872] pfiller1908
 [1873] pfiller1909
 [1874] pfiller1910
 [1875] pfiller1911
 [1876] pfiller1912
 [1877] pfiller1913
 [1878] pfiller1914
 [1879] pfiller1915
 [1880] pfiller1916
 [1881] pfiller1917
 [1882] pfiller1918
 [1883] pfiller1919
 [1884] pfiller1920
 [1885] pfiller1921
 [1886] pfiller1922
 [1887] pfiller1923
 [1888] pfiller1924
 [1889] pfiller1925
 [1890] pfiller1926
 [1891] pfiller1927
 [1892] pfiller1928
 [1893] pfiller1929
 [1894] pfiller1930
 [1895] pfiller1931
 [1896] pfiller1932
 [1897] pfiller1933
 [1898] pfiller1934
 [1899] pfiller1935
 [1900] pfiller1936
 [1901] pfiller1937
 [1902] pfiller1938
 [1903] pfiller1939
 [1904] pfiller1940
 [1905] pfiller1941
 [1906] pfiller1942
 [1907] pfiller1943
 [1908] pfiller1944
 [1909] pfiller1945
 [1910] pfiller1946
 [1911] pfiller1947
 [1912] pfiller1948
 [1913] pfiller1949
 [1914] pfiller1950
 [1915] pfiller1951
 [1916] pfiller1952
 [1917] pfiller1953
 [1918] pfiller1954
 [1919] pfiller1955
 [1920] pfiller1956
 [1921] pfiller1957
 [1922] pfiller1958
 [1923] pfiller1959
 [1924] pfiller1960
 [1925] pfiller1961
 [1926] pfiller1962
 [1927] pfiller1963
 [1928] pfiller1964
 [1929] pfiller1965
 [1930] pfiller1966
 [1931] pfiller1967
 [1932] pfiller1968
 [1933] pfiller1969
 [1934] pfiller1970
 [1935] pfiller1971
 [1936] pfiller1972
 [1937] pfiller1973
 [1938] pfiller1974
 [1939] pfiller1975
 [1940] pfiller1976
 [1941] pfiller1977
 [1942] pfiller1978
 [1943] pfiller1979
 [1944] pfiller1980
 [1945] pfiller1981
 [1946] pfiller1982
 [1947] pfiller1983
 [1948] pfiller1984
 [1949] pfiller1985
 [1950] pfiller1986
 [1951] pfiller1987
 [1952] pfiller1988
 [1953] pfiller1989
 [1954] pfiller1990
 [1955] pfiller1991
 [1956] pfiller1992
 [1957] pfiller1993
 [1958] pfiller1994
 [1959] pfiller1995
 [1960] pfiller1996
 [1961] pfiller1997
 [1962] pfiller1998
 [1963] pfiller1999
 [1964] pfiller2000
 [1965] pfiller2001
 [1966] pfiller2002
 [1967] pfiller2003
 [1968] pfiller2004
 [1969] pfiller2005
 [1970] pfiller2006
 [1971] pfiller2007
 [1972] pfiller2008
 [1973] pfiller2009
 [1974] pfiller2010
 [1975] pfiller2011
 [1976] pfiller2012
 [1977] pfiller2013
 [1978] pfiller2014
 [1979] pfiller2015
 [1980] pfiller2016
 [1981] pfiller2017
 [1982] pfiller2018
 [1983] pfiller2019
 [1984] pfiller2020
 [1985] pfiller2021
 [1986] pfiller2022
 [1987] pfiller2023
 [1988] pfiller2024
 [1989] pfiller2025
 [1990] pfiller2026
 [1991] pfiller2027
 [1992] pfiller2028
 [1993] pfiller2029
 [1994] pfiller2030
 [1995] pfiller2031
 [1996] pfiller2032
 [1997] pfiller2033
 [1998] pfiller2034
 [1999] pfiller2035
 [2000] pfiller2036
 [2001] pfiller2037
 [2002] pfiller2038
 [2003] pfiller2039
 [2004] pfiller2040
 [2005] pfiller2041
 [2006] pfiller2042
 [2007] pfiller2043
 [2008] pfiller2044
 [2009] pfiller2045
 [2010] pfiller2046
 [2011] pfiller2047
 [2012] pfiller2048
 [2013] pfiller2049
 [2014] pfiller2050
 [2015] pfiller2051
 [2016] pfiller2052
 [2017] pfiller2053
 [2018] pfiller2054
 [2019] pfiller2055
 [2020] pfiller2056
 [2021] pfiller2057
 [2022] pfiller2058
 [2023] pfiller2059
 [2024] pfiller2060
 [2025] pfiller2061
 [2026] pfiller2062
 [2027] pfiller2063
 [2028] pfiller2064
 [2029] pfiller2065
 [2030] pfiller2066
 [2031] pfiller2067
 [2032] pfiller2068
 [2033] pfiller2069
 [2034] pfiller2070
 [2035] pfiller2071
 [2036] pfiller2072
 [2037] pfiller2073
 [2038] pfiller2074
 [2039] pfiller2075
 [2040] pfiller2076
 [2041] pfiller2077
 [2042] pfiller2078
 [2043] pfiller2079
 [2044] pfiller2080
 [2045] pfiller2081
 [2046] pfiller2082
 [2047] pfiller2083
 [2048] pfiller2084
 [2049] pfiller2085
 [2050] pfiller2086
 [2051] pfiller2087
 [2052] pfiller2088
 [2053] pfiller2089
 [2054] pfiller2090
 [2055] pfiller2091
 [2056] pfiller2092
 [2057] pfiller2093
 [2058] pfiller2094
 [2059] pfiller2095
 [2060] pfiller2096
 [2061] pfiller2097
 [2062] pfiller2098
 [2063] pfiller2099
 [2064] pfiller2100
 [2065] pfiller2101
 [2066] pfiller2102
 [2067] pfiller2103
 [2068] pfiller2104
 [2069] pfiller2105
 [2070] pfiller2106
 [2071] pfiller2107
 [2072] pfiller2108
 [2073] pfiller2109
 [2074] pfiller2110
 [2075] pfiller2111
 [2076] pfiller2112
 [2077] pfiller2113
 [2078] pfiller2114
 [2079] pfiller2115
 [2080] pfiller2116
 [2081] pfiller2117
 [2082] pfiller2118
 [2083] pfiller2119
 [2084] pfiller2120
 [2085] pfiller2121
 [2086] pfiller2122
 [2087] pfiller2123
 [2088] pfiller2124
 [2089] pfiller2125
 [2090] pfiller2126
 [2091] pfiller2127
 [2092] pfiller2128
 [2093] pfiller2129
 [2094] pfiller2130
 [2095] pfiller2131
 [2096] pfiller2132
 [2097] pfiller2133
 [2098] pfiller2134
 [2099] pfiller2135
 [2100] pfiller2136
 [2101] pfiller2137
 [2102] pfiller2138
 [2103] pfiller2139
 [2104] pfiller2140
 [2105] pfiller2141
 [2106] pfiller2142
 [2107] pfiller2143
 [2108] pfiller2144
 [2109] pfiller2145
 [2110] pfiller2146
 [2111] pfiller2147
 [2112] pfiller2148
 [2113] pfiller2149
 [2114] pfiller2150
 [2115] pfiller2151
 [2116] pfiller2152
 [2117] pfiller2153
 [2118] pfiller2154
 [2119] pfiller2155
 [2120] pfiller2156
 [2121] pfiller2157
 [2122] pfiller2158
 [2123] pfiller2159
 [2124] pfiller2160
 [2125] pfiller2161
 [2126] pfiller2162
 [2127] pfiller2163
 [2128] pfiller2164
 [2129] pfiller2165
 [2130] pfiller2166
 [2131] pfiller2167
 [2132] pfiller2168
 [2133] pfiller2169
 [2134] pfiller2170
 [2135] pfiller2171
 [2136] pfiller2172
 [2137] pfiller2173
 [2138] pfiller2174
 [2139] pfiller2175
 [2140] pfiller2176
 [2141] pfiller2177
 [2142] pfiller2178
 [2143] pfiller2179
 [2144] pfiller2180
 [2145] pfiller2181
 [2146] pfiller2182
 [2147] pfiller2183
 [2148] pfiller2184
 [2149] pfiller2185
 [2150] pfiller2186
 [2151] pfiller2187
 [2152] pfiller2188
 [2153] pfiller2189
 [2154] pfiller2190
 [2155] pfiller2191
 [2156] pfiller2192
 [2157] pfiller2193
 [2158] pfiller2194
 [2159] pfiller2195
 [2160] pfiller2196
 [2161] pfiller2197
 [2162] pfiller2198
 [2163] pfiller2199
 [2164] pfiller2200
 [2165] pfiller2201
 [2166] pfiller2202
 [2167] pfiller2203
 [2168] pfiller2204
 [2169] pfiller2205
 [2170] pfiller2206
 [2171] pfiller2207
 [2172] pfiller2208
 [2173] pfiller2209
 [2174] pfiller2210
 [2175] pfiller2211
 [2176] pfiller2212
 [2177] pfiller2213
 [2178] pfiller2214
 [2179] pfiller2215
 [2180] pfiller2216
 [2181] pfiller2217
 [2182] pfiller2218
 [2183] pfiller2219
 [2184] pfiller2220
 [2185] pfiller2221
 [2186] pfiller2222
 [2187] pfiller2223
 [2188] pfiller2224
 [2189] pfiller2225
 [2190] pfiller2226
 [2191] pfiller2227
 [2192] pfiller2228
 [2193] pfiller2229
 [2194] pfiller2230
 [2195] pfiller2231
 [2196] pfiller2232
 [2197] pfiller2233
 [2198] pfiller2234
 [2199] pfiller2235
 [2200] pfiller2236
 [2201] pfiller2237
 [2202] pfiller2238
 [2203] pfiller2239
 [2204] pfiller2240
 [2205] pfiller2241
 [2206] pfiller2242
 [2207] pfiller2243
 [2208] pfiller2244
 [2209] pfiller2245
 [2210] pfiller2246
 [2211] pfiller2247
 [2212] pfiller2248
 [2213] pfiller2249
 [2214] pfiller2250
 [2215] pfiller2251
 [2216] pfiller2252
 [2217] pfiller2253
 [2218] pfiller2254
 [2219] pfiller2255
 [2220] pfiller2256
 [2221] pfiller2257
 [2222] pfiller2258
 [2223] pfiller2259
 [2224] pfiller2260
 [2225] pfiller2261
 [2226] pfiller2262
 [2227] pfiller2263
 [2228] pfiller2264
 [2229] pfiller2265
 [2230] pfiller2266
 [2231] pfiller2267
 [2232] pfiller2268
 [2233] pfiller2269
 [2234] pfiller2270
 [2235] pfiller2271
 [2236] pfiller2272
 [2237] pfiller2273
 [2238] pfiller2274
 [2239] pfiller2275
 [2240] pfiller2276
 [2241] pfiller2277
 [2242] pfiller2278
 [2243] pfiller2279
 [2244] pfiller2280
 [2245] pfiller2281
 [2246] pfiller2282
 [2247] pfiller2283
 [2248] pfiller2284
 [2249] pfiller2285
 [2250] pfiller2286
 [2251] pfiller2287
 [2252] pfiller2288
 [2253] pfiller2289
 [2254] pfiller2290
 [2255] pfiller2291
 [2256] pfiller2292
 [2257] pfiller2293
 [2258] pfiller2294
 [2259] pfiller2295
 [2260] pfiller2296
 [2261] pfiller2297
 [2262] pfiller2298
 [2263] pfiller2299
 [2264] pfiller2300
 [2265] pfiller2301
 [2266] pfiller2302
 [2267] pfiller2303
 [2268] pfiller2304
 [2269] pfiller2305
 [2270] pfiller2306
 [2271] pfiller2307
 [2272] pfiller2308
 [2273] pfiller2309
 [2274] pfiller2310
 [2275] pfiller2311
 [2276] pfiller2312
 [2277] pfiller2313
 [2278] pfiller2314
 [2279] pfiller2315
 [2280] pfiller2316
 [2281] pfiller2317
 [2282] pfiller2318
 [2283] pfiller2319
 [2284] pfiller2320
 [2285] pfiller2321
 [2286] pfiller2322
 [2287] pfiller2323
 [2288] pfiller2324
 [2289] pfiller2325
 [2290] pfiller2326
 [2291] pfiller2327
 [2292] pfiller2328
 [2293] pfiller2329
 [2294] pfiller2330
 [2295] pfiller2331
 [2296] pfiller2332
 [2297] pfiller2333
 [2298] pfiller2334
 [2299] pfiller2335
 [2300] pfiller2336
 [2301] pfiller2337
 [2302] pfiller2338
 [2303] pfiller2339
 [2304] pfiller2340
 [2305] pfiller2341
 [2306] pfiller2342
 [2307] pfiller2343
 [2308] pfiller2344
 [2309] pfiller2345
 [2310] pfiller2346
 [2311] pfiller2347
 [2312] pfiller2348
 [2313] pfiller2349
 [2314] pfiller2350
 [2315] pfiller2351
 [2316] pfiller2352
 [2317] pfiller2353
 [2318] pfiller2354
 [2319] pfiller2355
 [2320] pfiller2356
 [2321] pfiller2357
 [2322] pfiller2358
 [2323] pfiller2359
 [2324] pfiller2360
 [2325] pfiller2361
 [2326] pfiller2362
 [2327] pfiller2363
 [2328] pfiller2364
 [2329] pfiller2365
 [2330] pfiller2366
 [2331] pfiller2367
 [2332] pfiller2368
 [2333] pfiller2369
 [2334] pfiller2370
 [2335] pfiller2371
 [2336] pfiller2372
 [2337] pfiller2373
 [2338] pfiller2374
 [2339] pfiller2375
 [2340] pfiller2376
 [2341] pfiller2377
 [2342] pfiller2378
 [2343] pfiller2379
 [2344] pfiller2380
 [2345] pfiller2381
 [2346] pfiller2382
 [2347] pfiller2383
 [2348] pfiller2384
 [2349] pfiller2385
 [2350] pfiller2386
 [2351] pfiller2387
 [2352] pfiller2388
 [2353] pfiller2389
 [2354] pfiller2390
 [2355] pfiller2391
 [2356] pfiller2392
 [2357] pfiller2393
 [2358] pfiller2394
 [2359] pfiller2395
 [2360] pfiller2396
 [2361] pfiller2397
 [2362] pfiller2398
 [2363] pfiller2399
 [2364] pfiller2400
 [2365] pfiller2401
 [2366] pfiller2402
 [2367] pfiller2403
 [2368] pfiller2404
 [2369] pfiller2405
 [2370] pfiller2406
 [2371] pfiller2407
 [2372] pfiller2408
 [2373] pfiller2409
 [2374] pfiller2410
 [2375] pfiller2411
 [2376] pfiller2412
 [2377] pfiller2413
 [2378] pfiller2414
 [2379] pfiller2415
 [2380] pfiller2416
 [2381] pfiller2417
 [2382] pfiller2418
 [2383] pfiller2419
 [2384] pfiller2420
 [2385] pfiller2421
 [2386] pfiller2422
 [2387] pfiller2423
 [2388] pfiller2424
 [2389] pfiller2425
 [2390] pfiller2426
 [2391] pfiller2427
 [2392] pfiller2428
 [2393] pfiller2429
 [2394] pfiller2430
 [2395] pfiller2431
 [2396] pfiller2432
 [2397] pfiller2433
 [2398] pfiller2434
 [2399] pfiller2435
 [2400] pfiller2436
 [2401] pfiller2437
 [2402] pfiller2438
 [2403] pfiller2439
 [2404] pfiller2440
 [2405] pfiller2441
 [2406] pfiller2442
 [2407] pfiller2443
 [2408] pfiller2444
 [2409] pfiller2445
 [2410] pfiller2446
 [2411] pfiller2447
 [2412] pfiller2448
 [2413] pfiller2449
 [2414] pfiller2450
 [2415] pfiller2451
 [2416] pfiller2452
 [2417] pfiller2453
 [2418] pfiller2454
 [2419] pfiller2455
 [2420] pfiller2456
 [2421] pfiller2457
 [2422] pfiller2458
 [2423] pfiller2459
 [2424] pfiller2460
 [2425] pfiller2461
 [2426] pfiller2462
 [2427] pfiller2463
 [2428] pfiller2464
 [2429] pfiller2465
 [2430] pfiller2466
 [2431] pfiller2467
 [2432] pfiller2468
 [2433] pfiller2469
 [2434] pfiller2470
 [2435] pfiller2471
 [2436] pfiller2472
 [2437] pfiller2473
 [2438] pfiller2474
 [2439] pfiller2475
 [2440] pfiller2476
 [2441] pfiller2477
 [2442] pfiller2478
 [2443] pfiller2479
 [2444] pfiller2480
 [2445] pfiller2481
 [2446] pfiller2482
 [2447] pfiller2483
 [2448] pfiller2484
 [2449] pfiller2485
 [2450] pfiller2486
 [2451] pfiller2487
 [2452] pfiller2488
 [2453] pfiller2489
 [2454] pfiller2490
 [2455] pfiller2491
 [2456] pfiller2492
 [2457] pfiller2493
 [2458] pfiller2494
 [2459] pfiller2495
 [2460] pfiller2496
 [2461] pfiller2497
 [2462] pfiller2498
 [2463] pfiller2499
 [2464] pfiller2500
 [2465] pfiller2501
 [2466] pfiller2502
 [2467] pfiller2503
 [2468] pfiller2504
 [2469] pfiller2505
 [2470] pfiller2506
 [2471] pfiller2507
 [2472] pfiller2508
 [2473] pfiller2509
 [2474] pfiller2510
 [2475] pfiller2511
 [2476] pfiller2512
 [2477] pfiller2513
 [2478] pfiller2514
 [2479] pfiller2515
 [2480] pfiller2516
 [2481] pfiller2517
 [2482] pfiller2518
 [2483] pfiller2519
 [2484] pfiller2520
 [2485] pfiller2521
 [2486] pfiller2522
 [2487] pfiller2523
 [2488] pfiller2524
 [2489] pfiller2525
 [2490] pfiller2526
 [2491] pfiller2527
 [2492] pfiller2528
 [2493] pfiller2529
 [2494] pfiller2530
 [2495] pfiller2531
 [2496] pfiller2532
 [2497] pfiller2533
 [2498] pfiller2534
 [2499] pfiller2535
 [2500] pfiller2536
 [2501] pfiller2537
 [2502] pfiller2538
 [2503] pfiller2539
 [2504] pfiller2540
 [2505] pfiller2541
 [2506] pfiller2542
 [2507] pfiller2543
 [2508] pfiller2544
 [2509] pfiller2545
 [2510] pfiller2546
 [2511] pfiller2547
 [2512] pfiller2548
 [2513] pfiller2549
 [2514] pfiller2550
 [2515] pfiller2551
 [2516] pfiller2552
 [2517] pfiller2553
 [2518] pfiller2554
 [2519] pfiller2555
 [2520] pfiller2556
 [2521] pfiller2557
 [2522] pfiller2558
 [2523] pfiller2559
 [2524] pfiller2560
 [2525] pfiller2561
 [2526] pfiller2562
 [2527] pfiller2563
 [2528] pfiller2564
 [2529] pfiller2565
 [2530] pfiller2566
 [2531] pfiller2567
 [2532] pfiller2568
 [2533] pfiller2569
 [2534] pfiller2570
 [2535] pfiller2571
 [2536] pfiller2572
 [2537] pfiller2573
 [2538] pfiller2574
 [2539] pfiller2575
 [2540] pfiller2576
 [2541] pfiller2577
 [2542] pfiller2578
 [2543] pfiller2579
 [2544] pfiller2580
 [2545] pfiller2581
 [2546] pfiller2582
 [2547] pfiller2583
 [2548] pfiller2584
 [2549] pfiller2585
 [2550] pfiller2586
 [2551] pfiller2587
 [2552] pfiller2588
 [2553] pfiller2589
 [2554] pfiller2590
 [2555] pfiller2591
 [2556] pfiller2592
 [2557] pfiller2593
 [2558] pfiller2594
 [2559] pfiller2595
 [2560] pfiller2596
 [2561] pfiller2597
 [2562] pfiller2598
 [2563] pfiller2599
 [2564] pfiller2600
 [2565] pfiller2601
 [2566] pfiller2602
 [2567] pfiller2603
 [2568] pfiller2604
 [2569] pfiller2605
 [2570] pfiller2606
 [2571] pfiller2607
 [2572] pfiller2608
 [2573] pfiller2609
 [2574] pfiller2610
 [2575] pfiller2611
 [2576] pfiller2612
 [2577] pfiller2613
 [2578] pfiller2614
 [2579] pfiller2615
 [2580] pfiller2616
 [2581] pfiller2617
 [2582] pfiller2618
 [2583] pfiller2619
 [2584] pfiller2620
 [2585] pfiller2621
 [2586] pfiller2622
 [2587] pfiller2623
 [2588] pfiller2624
 [2589] pfiller2625
 [2590] pfiller2626
 [2591] pfiller2627
 [2592] pfiller2628
 [2593] pfiller2629
 [2594] pfiller2630
 [2595] pfiller2631
 [2596] pfiller2632
 [2597] pfiller2633
 [2598] pfiller2634
 [2599] pfiller2635
 [2600] pfiller2636
 [2601] pfiller2637
 [2602] pfiller2638
 [2603] pfiller2639
 [2604] pfiller2640
 [2605] pfiller2641
 [2606] pfiller2642
 [2607] pfiller2643
 [2608] pfiller2644
 [2609] pfiller2645
 [2610] pfiller2646
 [2611] pfiller2647
 [2612] pfiller2648
 [2613] pfiller2649
 [2614] pfiller2650
 [2615] pfiller2651
 [2616] pfiller2652
 [2617] pfiller2653
 [2618] pfiller2654
 [2619] pfiller2655
 [2620] pfiller2656
 [2621] pfiller2657
 [2622] pfiller2658
 [2623] pfiller2659
 [2624] pfiller2660
 [2625] pfiller2661
 [2626] pfiller2662
 [2627] pfiller2663
 [2628] pfiller2664
 [2629] pfiller2665
 [2630] pfiller2666
 [2631] pfiller2667
 [2632] pfiller2668
 [2633] pfiller2669
 [2634] pfiller2670
 [2635] pfiller2671
 [2636] pfiller2672
 [2637] pfiller2673
 [2638] pfiller2674
 [2639] pfiller2675
 [2640] pfiller2676
 [2641] pfiller2677
 [2642] pfiller2678
 [2643] pfiller2679
 [2644] pfiller2680
 [2645] pfiller2681
 [2646] pfiller2682
 [2647] pfiller2683
 [2648] pfiller2684
 [2649] pfiller2685
 [2650] pfiller2686
 [2651] pfiller2687
 [2652] pfiller2688
 [2653] pfiller2689
 [2654] pfiller2690
 [2655] pfiller2691
 [2656] pfiller2692
 [2657] pfiller2693
 [2658] pfiller2694
 [2659] vss2top
 [2660] pfiller2695
 [2661] pfiller2696
 [2662] pfiller2697
 [2663] pfiller2698
 [2664] pfiller2699
 [2665] pfiller2700
 [2666] pfiller2701
 [2667] pfiller2702
 [2668] pfiller2703
 [2669] pfiller2704
 [2670] pfiller2705
 [2671] pfiller2706
 [2672] pfiller2707
 [2673] pfiller2708
 [2674] pfiller2709
 [2675] pfiller2710
 [2676] pfiller2711
 [2677] pfiller2712
 [2678] pfiller2713
 [2679] pfiller2714
 [2680] pfiller2715
 [2681] pfiller2716
 [2682] pfiller2717
 [2683] pfiller2718
 [2684] pfiller2719
 [2685] pfiller2720
 [2686] pfiller2721
 [2687] pfiller2722
 [2688] pfiller2723
 [2689] pfiller2724
 [2690] pfiller2725
 [2691] pfiller2726
 [2692] pfiller2727
 [2693] pfiller2728
 [2694] pfiller2729
 [2695] pfiller2730
 [2696] pfiller2731
 [2697] pfiller2732
 [2698] pfiller2733
 [2699] pfiller2734
 [2700] pfiller2735
 [2701] pfiller2736
 [2702] pfiller2737
 [2703] pfiller2738
 [2704] pfiller2739
 [2705] pfiller2740
 [2706] pfiller2741
 [2707] pfiller2742
 [2708] pfiller2743
 [2709] pfiller2744
 [2710] pfiller2745
 [2711] pfiller2746
 [2712] pfiller2747
 [2713] pfiller2748
 [2714] pfiller2749
 [2715] pfiller2750
 [2716] pfiller2751
 [2717] pfiller2752
 [2718] pfiller2753
 [2719] pfiller2754
 [2720] pfiller2755
 [2721] pfiller2756
 [2722] pfiller2757
 [2723] pfiller2758
 [2724] pfiller2759
 [2725] pfiller2760
 [2726] pfiller2761
 [2727] pfiller2762
 [2728] pfiller2763
 [2729] pfiller2764
 [2730] pfiller2765
 [2731] pfiller2766
 [2732] pfiller2767
 [2733] pfiller2768
 [2734] pfiller2769
 [2735] pfiller2770
 [2736] pfiller2771
 [2737] pfiller2772
 [2738] pfiller2773
 [2739] pfiller2774
 [2740] pfiller2775
 [2741] pfiller2776
 [2742] pfiller2777
 [2743] pfiller2778
 [2744] pfiller2779
 [2745] pfiller2780
 [2746] pfiller2781
 [2747] pfiller2782
 [2748] pfiller2783
 [2749] pfiller2784
 [2750] pfiller2785
 [2751] pfiller2786
 [2752] pfiller2787
 [2753] pfiller2788
 [2754] pfiller2789
 [2755] pfiller2790
 [2756] pfiller2791
 [2757] pfiller2792
 [2758] pfiller2793
 [2759] pfiller2794
 [2760] pfiller2795
 [2761] pfiller2796
 [2762] pfiller2797
 [2763] pfiller2798
 [2764] pfiller2799
 [2765] pfiller2800
 [2766] pfiller2801
 [2767] pfiller2802
 [2768] pfiller2803
 [2769] pfiller2804
 [2770] pfiller2805
 [2771] pfiller2806
 [2772] pfiller2807
 [2773] pfiller2808
 [2774] pfiller2809
 [2775] pfiller2810
 [2776] pfiller2811
 [2777] pfiller2812
 [2778] pfiller2813
 [2779] pfiller2814
 [2780] pfiller2815
 [2781] pfiller2816
 [2782] pfiller2817
 [2783] pfiller2818
 [2784] pfiller2819
 [2785] pfiller2820
 [2786] pfiller2821
 [2787] pfiller2822
 [2788] pfiller2823
 [2789] pfiller2824
 [2790] pfiller2825
 [2791] pfiller2826
 [2792] pfiller2827
 [2793] pfiller2828
 [2794] pfiller2829
 [2795] pfiller2830
 [2796] pfiller2831
 [2797] pfiller2832
 [2798] pfiller2833
 [2799] pfiller2834
 [2800] pfiller2835
 [2801] pfiller2836
 [2802] pfiller2837
 [2803] pfiller2838
 [2804] pfiller2839
 [2805] pfiller2840
 [2806] pfiller2841
 [2807] pfiller2842
 [2808] pfiller2843
 [2809] pfiller2844
 [2810] pfiller2845
 [2811] pfiller2846
 [2812] pfiller2847
 [2813] pfiller2848
 [2814] pfiller2849
 [2815] pfiller2850
 [2816] pfiller2851
 [2817] pfiller2852
 [2818] pfiller2853
 [2819] pfiller2854
 [2820] pfiller2855
 [2821] pfiller2856
 [2822] pfiller2857
 [2823] pfiller2858
 [2824] pfiller2859
 [2825] pfiller2860
 [2826] pfiller2861
 [2827] pfiller2862
 [2828] pfiller2863
 [2829] pfiller2864
 [2830] pfiller2865
 [2831] pfiller2866
 [2832] pfiller2867
 [2833] pfiller2868
 [2834] pfiller2869
 [2835] pfiller2870
 [2836] pfiller2871
 [2837] pfiller2872
 [2838] pfiller2873
 [2839] pfiller2874
 [2840] pfiller2875
 [2841] pfiller2876
 [2842] pfiller2877
 [2843] pfiller2878
 [2844] pfiller2879
 [2845] pfiller2880
 [2846] pfiller2881
 [2847] pfiller2882
 [2848] pfiller2883
 [2849] pfiller2884
 [2850] pfiller2885
 [2851] pfiller2886
 [2852] pfiller2887
 [2853] pfiller2888
 [2854] pfiller2889
 [2855] pfiller2890
 [2856] pfiller2891
 [2857] pfiller2892
 [2858] pfiller2893
 [2859] pfiller2894
 [2860] pfiller2895
 [2861] pfiller2896
 [2862] pfiller2897
 [2863] pfiller2898
 [2864] pfiller2899
 [2865] pfiller2900
 [2866] pfiller2901
 [2867] pfiller2902
 [2868] pfiller2903
 [2869] pfiller2904
 [2870] pfiller2905
 [2871] pfiller2906
 [2872] pfiller2907
 [2873] pfiller2908
 [2874] pfiller2909
 [2875] pfiller2910
 [2876] pfiller2911
 [2877] pfiller2912
 [2878] pfiller2913
 [2879] pfiller2914
 [2880] pfiller2915
 [2881] pfiller2916
 [2882] pfiller2917
 [2883] pfiller2918
 [2884] pfiller2919
 [2885] pfiller2920
 [2886] pfiller2921
 [2887] pfiller2922
 [2888] pfiller2923
 [2889] pfiller2924
 [2890] pfiller2925
 [2891] pfiller2926
 [2892] pfiller2927
 [2893] pfiller2928
 [2894] pfiller2929
 [2895] pfiller2930
 [2896] pfiller2931
 [2897] pfiller2932
 [2898] pfiller2933
 [2899] pfiller2934
 [2900] pfiller2935
 [2901] pfiller2936
 [2902] pfiller2937
 [2903] pfiller2938
 [2904] pfiller2939
 [2905] pfiller2940
 [2906] pfiller2941
 [2907] pfiller2942
 [2908] pfiller2943
 [2909] pfiller2944
 [2910] pfiller2945
 [2911] pfiller2946
 [2912] pfiller2947
 [2913] pfiller2948
 [2914] pfiller2949
 [2915] pfiller2950
 [2916] pfiller2951
 [2917] pfiller2952
 [2918] pfiller2953
 [2919] pfiller2954
 [2920] pfiller2955
 [2921] pfiller2956
 [2922] pfiller2957
 [2923] pfiller2958
 [2924] pfiller2959
 [2925] pfiller2960
 [2926] pfiller2961
 [2927] pfiller2962
 [2928] pfiller2963
 [2929] pfiller2964
 [2930] pfiller2965
 [2931] pfiller2966
 [2932] pfiller2967
 [2933] pfiller2968
 [2934] pfiller2969
 [2935] pfiller2970
 [2936] pfiller2971
 [2937] pfiller2972
 [2938] pfiller2973
 [2939] pfiller2974
 [2940] pfiller2975
 [2941] pfiller2976
 [2942] pfiller2977
 [2943] pfiller2978
 [2944] pfiller2979
 [2945] pfiller2980
 [2946] pfiller2981
 [2947] pfiller2982
 [2948] pfiller2983
 [2949] pfiller2984
 [2950] pfiller2985
 [2951] pfiller2986
 [2952] pfiller2987
 [2953] pfiller2988
 [2954] pfiller2989
 [2955] pfiller2990
 [2956] pfiller2991
 [2957] pfiller2992
 [2958] pfiller2993
 [2959] pfiller2994
 [2960] pfiller2995
 [2961] pfiller2996
 [2962] pfiller2997
 [2963] pfiller2998
 [2964] pfiller2999
 [2965] pfiller3000
 [2966] pfiller3001
 [2967] pfiller3002
 [2968] pfiller3003
 [2969] pfiller3004
 [2970] pfiller3005
 [2971] pfiller3006
 [2972] pfiller3007
 [2973] pfiller3008
 [2974] pfiller3009
 [2975] pfiller3010
 [2976] pfiller3011
 [2977] pfiller3012
 [2978] pfiller3013
 [2979] pfiller3014
 [2980] pfiller3015
 [2981] pfiller3016
 [2982] pfiller3017
 [2983] pfiller3018
 [2984] pfiller3019
 [2985] pfiller3020
 [2986] pfiller3021
 [2987] pfiller3022
 [2988] pfiller3023
 [2989] pfiller3024
 [2990] pfiller3025
 [2991] pfiller3026
 [2992] pfiller3027
 [2993] pfiller3028
 [2994] pfiller3029
 [2995] pfiller3030
 [2996] pfiller3031
 [2997] pfiller3032
 [2998] pfiller3033
 [2999] pfiller3034
 [3000] pfiller3035
 [3001] pfiller3036
 [3002] pfiller3037
 [3003] pfiller3038
 [3004] pfiller3039
 [3005] pfiller3040
 [3006] pfiller3041
 [3007] pfiller3042
 [3008] pfiller3043
 [3009] pfiller3044
 [3010] pfiller3045
 [3011] pfiller3046
 [3012] pfiller3047
 [3013] pfiller3048
 [3014] pfiller3049
 [3015] pfiller3050
 [3016] pfiller3051
 [3017] pfiller3052
 [3018] pfiller3053
 [3019] pfiller3054
 [3020] pfiller3055
 [3021] pfiller3056
 [3022] pfiller3057
 [3023] pfiller3058
 [3024] pfiller3059
 [3025] pfiller3060
 [3026] pfiller3061
 [3027] pfiller3062
 [3028] pfiller3063
 [3029] pfiller3064
 [3030] pfiller3065
 [3031] pfiller3066
 [3032] pfiller3067
 [3033] pfiller3068
 [3034] pfiller3069
 [3035] pfiller3070
 [3036] pfiller3071
 [3037] pfiller3072
 [3038] pfiller3073
 [3039] pfiller3074
 [3040] pfiller3075
 [3041] pfiller3076
 [3042] pfiller3077
 [3043] pfiller3078
 [3044] pfiller3079
 [3045] pfiller3080
 [3046] pfiller3081
 [3047] pfiller3082
 [3048] pfiller3083
 [3049] pfiller3084
 [3050] pfiller3085
 [3051] pfiller3086
 [3052] pfiller3087
 [3053] pfiller3088
 [3054] pfiller3089
 [3055] pfiller3090
 [3056] pfiller3091
 [3057] pfiller3092
 [3058] pfiller3093
 [3059] pfiller3094
 [3060] pfiller3095
 [3061] pfiller3096
 [3062] pfiller3097
 [3063] pfiller3098
 [3064] pfiller3099
 [3065] pfiller3100
 [3066] pfiller3101
 [3067] pfiller3102
 [3068] pfiller3103
 [3069] pfiller3104
 [3070] pfiller3105
 [3071] pfiller3106
 [3072] pfiller3107
 [3073] pfiller3108
 [3074] pfiller3109
 [3075] pfiller3110
 [3076] pfiller3111
 [3077] pfiller3112
 [3078] pfiller3113
 [3079] pfiller3114
 [3080] pfiller3115
 [3081] pfiller3116
 [3082] pfiller3117
 [3083] pfiller3118
 [3084] pfiller3119
 [3085] pfiller3120
 [3086] pfiller3121
 [3087] pfiller3122
 [3088] pfiller3123
 [3089] pfiller3124
 [3090] pfiller3125
 [3091] pfiller3126
 [3092] pfiller3127
 [3093] pfiller3128
 [3094] pfiller3129
 [3095] pfiller3130
 [3096] pfiller3131
 [3097] pfiller3132
 [3098] pfiller3133
 [3099] pfiller3134
 [3100] pfiller3135
 [3101] pfiller3136
 [3102] pfiller3137
 [3103] pfiller3138
 [3104] pfiller3139
 [3105] pfiller3140
 [3106] pfiller3141
 [3107] pfiller3142
 [3108] pfiller3143
 [3109] pfiller3144
 [3110] pfiller3145
 [3111] pfiller3146
 [3112] pfiller3147
 [3113] pfiller3148
 [3114] pfiller3149
 [3115] pfiller3150
 [3116] pfiller3151
 [3117] pfiller3152
 [3118] pfiller3153
 [3119] pfiller3154
 [3120] pfiller3155
 [3121] pfiller3156
 [3122] pfiller3157
 [3123] pfiller3158
 [3124] pfiller3159
 [3125] pfiller3160
 [3126] pfiller3161
 [3127] pfiller3162
 [3128] pfiller3163
 [3129] pfiller3164
 [3130] pfiller3165
 [3131] pfiller3166
 [3132] pfiller3167
 [3133] pfiller3168
 [3134] pfiller3169
 [3135] pfiller3170
 [3136] pfiller3171
 [3137] pfiller3172
 [3138] pfiller3173
 [3139] pfiller3174
 [3140] pfiller3175
 [3141] pfiller3176
 [3142] pfiller3177
 [3143] pfiller3178
 [3144] pfiller3179
 [3145] pfiller3180
 [3146] pfiller3181
 [3147] pfiller3182
 [3148] pfiller3183
 [3149] pfiller3184
 [3150] pfiller3185
 [3151] pfiller3186
 [3152] pfiller3187
 [3153] pfiller3188
 [3154] pfiller3189
 [3155] pfiller3190
 [3156] pfiller3191
 [3157] pfiller3192
 [3158] pfiller3193
 [3159] pfiller3194
 [3160] pfiller3195
 [3161] pfiller3196
 [3162] pfiller3197
 [3163] pfiller3198
 [3164] pfiller3199
 [3165] pfiller3200
 [3166] pfiller3201
 [3167] pfiller3202
 [3168] pfiller3203
 [3169] pfiller3204
 [3170] pfiller3205
 [3171] pfiller3206
 [3172] pfiller3207
 [3173] pfiller3208
 [3174] pfiller3209
 [3175] pfiller3210
 [3176] pfiller3211
 [3177] pfiller3212
 [3178] pfiller3213
 [3179] pfiller3214
 [3180] pfiller3215
 [3181] pfiller3216
 [3182] pfiller3217
 [3183] pfiller3218
 [3184] pfiller3219
 [3185] pfiller3220
 [3186] pfiller3221
 [3187] pfiller3222
 [3188] pfiller3223
 [3189] pfiller3224
 [3190] pfiller3225
 [3191] pfiller3226
 [3192] pfiller3227
 [3193] pfiller3228
 [3194] pfiller3229
 [3195] pfiller3230
 [3196] pfiller3231
 [3197] pfiller3232
 [3198] pfiller3233
 [3199] pfiller3234
 [3200] pfiller3235
 [3201] pfiller3236
 [3202] pfiller3237
 [3203] pfiller3238
 [3204] pfiller3239
 [3205] pfiller3240
 [3206] pfiller3241
 [3207] pfiller3242
 [3208] pfiller3243
 [3209] pfiller3244
 [3210] pfiller3245
 [3211] pfiller3246
 [3212] pfiller3247
 [3213] pfiller3248
 [3214] pfiller3249
 [3215] pfiller3250
 [3216] pfiller3251
 [3217] pfiller3252
 [3218] pfiller3253
 [3219] pfiller3254
 [3220] pfiller3255
 [3221] pfiller3256
 [3222] pfiller3257
 [3223] pfiller3258
 [3224] pfiller3259
 [3225] pfiller3260
 [3226] pfiller3261
 [3227] pfiller3262
 [3228] pfiller3263
 [3229] pfiller3264
 [3230] pfiller3265
 [3231] pfiller3266
 [3232] pfiller3267
 [3233] pfiller3268
 [3234] pfiller3269
 [3235] pfiller3270
 [3236] pfiller3271
 [3237] pfiller3272
 [3238] pfiller3273
 [3239] pfiller3274
 [3240] pfiller3275
 [3241] pfiller3276
 [3242] pfiller3277
 [3243] pfiller3278
 [3244] pfiller3279
 [3245] pfiller3280
 [3246] pfiller3281
 [3247] pfiller3282
 [3248] pfiller3283
 [3249] pfiller3284
 [3250] pfiller3285
 [3251] pfiller3286
 [3252] pfiller3287
 [3253] pfiller3288
 [3254] pfiller3289
 [3255] pfiller3290
 [3256] pfiller3291
 [3257] pfiller3292
 [3258] pfiller3293
 [3259] pfiller3294
 [3260] pfiller3295
 [3261] pfiller3296
 [3262] pfiller3297
 [3263] pfiller3298
 [3264] pfiller3299
 [3265] pfiller3300
 [3266] pfiller3301
 [3267] pfiller3302
 [3268] pfiller3303
 [3269] pfiller3304
 [3270] pfiller3305
 [3271] pfiller3306
 [3272] pfiller3307
 [3273] pfiller3308
 [3274] pfiller3309
 [3275] pfiller3310
 [3276] pfiller3311
 [3277] pfiller3312
 [3278] pfiller3313
 [3279] pfiller3314
 [3280] pfiller3315
 [3281] pfiller3316
 [3282] pfiller3317
 [3283] pfiller3318
 [3284] pfiller3319
 [3285] pfiller3320
 [3286] pfiller3321
 [3287] pfiller3322
 [3288] pfiller3323
 [3289] pfiller3324
 [3290] pfiller3325
 [3291] pfiller3326
 [3292] pfiller3327
 [3293] pfiller3328
 [3294] pfiller3329
 [3295] pfiller3330
 [3296] pfiller3331
 [3297] pfiller3332
 [3298] pfiller3333
 [3299] pfiller3334
 [3300] pfiller3335
 [3301] pfiller3336
 [3302] pfiller3337
 [3303] pfiller3338
 [3304] pfiller3339
 [3305] pfiller3340
 [3306] pfiller3341
 [3307] pfiller3342
 [3308] pfiller3343
 [3309] pfiller3344
 [3310] pfiller3345
 [3311] pfiller3346
 [3312] pfiller3347
 [3313] pfiller3348
 [3314] pfiller3349
 [3315] pfiller3350
 [3316] pfiller3351
 [3317] pfiller3352
 [3318] pfiller3353
 [3319] pfiller3354
 [3320] pfiller3355
 [3321] pfiller3356
 [3322] pfiller3357
 [3323] pfiller3358
 [3324] pfiller3359
 [3325] pfiller3360
 [3326] pfiller3361
 [3327] pfiller3362
 [3328] pfiller3363
 [3329] pfiller3364
 [3330] pfiller3365
 [3331] pfiller3366
 [3332] pfiller3367
 [3333] pfiller3368
 [3334] pfiller3369
 [3335] pfiller3370
 [3336] pfiller3371
 [3337] pfiller3372
 [3338] pfiller3373
 [3339] pfiller3374
 [3340] pfiller3375
 [3341] pfiller3376
 [3342] pfiller3377
 [3343] pfiller3378
 [3344] pfiller3379
 [3345] pfiller3380
 [3346] pfiller3381
 [3347] pfiller3382
 [3348] pfiller3383
 [3349] pfiller3384
 [3350] pfiller3385
 [3351] pfiller3386
 [3352] pfiller3387
 [3353] pfiller3388
 [3354] pfiller3389
 [3355] pfiller3390
 [3356] pfiller3391
 [3357] pfiller3392
 [3358] pfiller3393
 [3359] pfiller3394
 [3360] pfiller3395
 [3361] pfiller3396
 [3362] pfiller3397
 [3363] pfiller3398
 [3364] pfiller3399
 [3365] pfiller3400
 [3366] pfiller3401
 [3367] pfiller3402
 [3368] pfiller3403
 [3369] pfiller3404
 [3370] pfiller3405
 [3371] pfiller3406
 [3372] pfiller3407
 [3373] pfiller3408
 [3374] pfiller3409
 [3375] pfiller3410
 [3376] pfiller3411
 [3377] pfiller3412
 [3378] pfiller3413
 [3379] pfiller3414
 [3380] pfiller3415
 [3381] pfiller3416
 [3382] pfiller3417
 [3383] pfiller3418
 [3384] pfiller3419
 [3385] pfiller3420
 [3386] pfiller3421
 [3387] pfiller3422
 [3388] pfiller3423
 [3389] pfiller3424
 [3390] pfiller3425
 [3391] pfiller3426
 [3392] pfiller3427
 [3393] pfiller3428
 [3394] pfiller3429
 [3395] pfiller3430
 [3396] pfiller3431
 [3397] pfiller3432
 [3398] pfiller3433
 [3399] pfiller3434
 [3400] pfiller3435
 [3401] pfiller3436
 [3402] pfiller3437
 [3403] pfiller3438
 [3404] pfiller3439
 [3405] pfiller3440
 [3406] pfiller3441
 [3407] pfiller3442
 [3408] pfiller3443
 [3409] pfiller3444
 [3410] pfiller3445
 [3411] pfiller3446
 [3412] pfiller3447
 [3413] pfiller3448
 [3414] pfiller3449
 [3415] pfiller3450
 [3416] pfiller3451
 [3417] pfiller3452
 [3418] pfiller3453
 [3419] pfiller3454
 [3420] pfiller3455
 [3421] pfiller3456
 [3422] pfiller3457
 [3423] pfiller3458
 [3424] pfiller3459
 [3425] pfiller3460
 [3426] pfiller3461
 [3427] pfiller3462
 [3428] pfiller3463
 [3429] pfiller3464
 [3430] pfiller3465
 [3431] pfiller3466
 [3432] pfiller3467
 [3433] pfiller3468
 [3434] pfiller3469
 [3435] pfiller3470
 [3436] pfiller3471
 [3437] pfiller3472
 [3438] pfiller3473
 [3439] pfiller3474
 [3440] pfiller3475
 [3441] pfiller3476
 [3442] pfiller3477
 [3443] pfiller3478
 [3444] pfiller3479
 [3445] pfiller3480
 [3446] pfiller3481
 [3447] pfiller3482
 [3448] pfiller3483
 [3449] pfiller3484
 [3450] pfiller3485
 [3451] pfiller3486
 [3452] pfiller3487
 [3453] pfiller3488
 [3454] pfiller3489
 [3455] pfiller3490
 [3456] pfiller3491
 [3457] pfiller3492
 [3458] pfiller3493
 [3459] pfiller3494
 [3460] pfiller3495
 [3461] pfiller3496
 [3462] pfiller3497
 [3463] pfiller3498
 [3464] pfiller3499
 [3465] pfiller3500
 [3466] pfiller3501
 [3467] pfiller3502
 [3468] pfiller3503
 [3469] pfiller3504
 [3470] pfiller3505
 [3471] pfiller3506
 [3472] pfiller3507
 [3473] pfiller3508
 [3474] pfiller3509
 [3475] pfiller3510
 [3476] pfiller3511
 [3477] pfiller3512
 [3478] pfiller3513
 [3479] pfiller3514
 [3480] pfiller3515
 [3481] pfiller3516
 [3482] pfiller3517
 [3483] pfiller3518
 [3484] pfiller3519
 [3485] pfiller3520
 [3486] pfiller3521
 [3487] pfiller3522
 [3488] pfiller3523
 [3489] pfiller3524
 [3490] pfiller3525
 [3491] pfiller3526
 [3492] pfiller3527
 [3493] pfiller3528
 [3494] pfiller3529
 [3495] pfiller3530
 [3496] pfiller3531
 [3497] pfiller3532
 [3498] pfiller3533
 [3499] pfiller3534
 [3500] pfiller3535
 [3501] pfiller3536
 [3502] pfiller3537
 [3503] pfiller3538
 [3504] pfiller3539
 [3505] pfiller3540
 [3506] pfiller3541
 [3507] pfiller3542
 [3508] pfiller3543
 [3509] pfiller3544
 [3510] pfiller3545
 [3511] pfiller3546
 [3512] pfiller3547
 [3513] pfiller3548
 [3514] pfiller3549
 [3515] pfiller3550
 [3516] pfiller3551
 [3517] pfiller3552
 [3518] pfiller3553
 [3519] pfiller3554
 [3520] pfiller3555
 [3521] pfiller3556
 [3522] pfiller3557
 [3523] pfiller3558
 [3524] pfiller3559
 [3525] pfiller3560
 [3526] pfiller3561
 [3527] pfiller3562
 [3528] pfiller3563
 [3529] pfiller3564
 [3530] pfiller3565
 [3531] pfiller3566
 [3532] pfiller3567
 [3533] pfiller3568
 [3534] pfiller3569
 [3535] pfiller3570
 [3536] pfiller3571
 [3537] pfiller3572
 [3538] pfiller3573
 [3539] pfiller3574
 [3540] pfiller3575
 [3541] pfiller3576
 [3542] pfiller3577
 [3543] pfiller3578
 [3544] pfiller3579
 [3545] i_ld_pc
 [3546] i_halt
 [3547] pfiller0
 [3548] pfiller1
 [3549] pfiller2
 [3550] pfiller3
 [3551] pfiller4
 [3552] pfiller5
 [3553] pfiller6
 [3554] pfiller7
 [3555] i_data_e
 [3556] pfiller8
 [3557] pfiller9
 [3558] pfiller10
 [3559] pfiller11
 [3560] pfiller12
 [3561] pfiller13
 [3562] pfiller14
 [3563] pfiller15
 [3564] vdd2bottom
 [3565] pfiller16
 [3566] pfiller17
 [3567] pfiller18
 [3568] pfiller19
 [3569] pfiller20
 [3570] pfiller21
 [3571] pfiller22
 [3572] pfiller23
 [3573] vss2bottom
 [3574] pfiller24
 [3575] pfiller25
 [3576] pfiller26
 [3577] pfiller27
 [3578] pfiller28
 [3579] pfiller29
 [3580] pfiller30
 [3581] pfiller31
 [3582] i_sel
 [3583] pfiller32
 [3584] pfiller33
 [3585] pfiller34
 [3586] pfiller35
 [3587] pfiller36
 [3588] pfiller37
 [3589] pfiller38
 [3590] pfiller39
 [3591] i_inc_pc
 [3592] i_rd
 [3593] i_wr
 [3594] vss1right
 [3595] vdd1right
Warning: wire dropped because obstruction, ((407.565 306.450) (408.025 332.550)) (Net: VDD) (Layer: METAL7 [67]) is blocked by ((407.510 306.720) (407.870 307.080)) (Net: VDD) (Layer: VIA78 [76]). (PGRT-030)
Warning: wire dropped because obstruction, ((407.565 306.450) (408.025 332.550)) (Net: VDD) (Layer: METAL7 [67]) is blocked by ((407.510 306.720) (407.870 307.080)) (Net: VDD) (Layer: VIA78 [76]). (PGRT-030)
 [3596] i_ld_ir
 [3597] i_ld_ac
 [3598] i_rst
 [3599] i_clk
 [3600] vdd1left
Warning: wire dropped because obstruction, ((196.395 271.450) (196.855 297.550)) (Net: VDD) (Layer: METAL7 [67]) is blocked by ((196.550 271.720) (196.910 272.080)) (Net: VDD) (Layer: VIA78 [76]). (PGRT-030)
Warning: wire dropped because obstruction, ((196.395 271.450) (196.855 297.550)) (Net: VDD) (Layer: METAL7 [67]) is blocked by ((196.550 271.720) (196.910 272.080)) (Net: VDD) (Layer: VIA78 [76]). (PGRT-030)
 [3601] vss1left
 [3602] i_opcode_0
 [3603] i_opcode_1
 [3607] [done] 

[Prerouter] CPU = 00:00:00, Elapsed = 00:00:00
	Peak Memory =      729M Data =       13M
1
#Save the design
save_mw_cel -as floorplaned 
Information: Performing CEL netlist consistency check. (MWDC-118)
Information: CEL consistency check PASSED. (MWDC-119)
Information: Saved design named floorplaned. (UIG-5)
1
create_fp_placement -congestion -timing -no_hierarchy_gravity 
Warning: No scan chain found. (VFP-425)
CPU time for freeing timing design =    0:00:00
Elapsed time for freeing timing design =    0:00:00
num_cpus = 1
Reference Point: Lower Left-hand corner of Core Base Array
Reference Point: Lower Left-hand corner of Core Base Array
Reference Point: Lower Left-hand corner of Core Base Array
Reference Point: Lower Left-hand corner of Core Base Array
Deleted attached file -> /home/user123/Desktop/ASIC/icc/run/control_pad.mw/CEL/floorplan:1_14
Reference Point: Lower Left-hand corner of Core Base Array
flip_chip = 0
*** Performing global placement...
Transferring Data From Milkyway...
Number of plan group pins = 0
  0 blocks freed
  0 bytes freed
Placement Effort Level: Low
Placement Design Stats
Num std     cells  = 27 (fixed = 0)
Num macros  cells  = 0 (fixed = 0)
Num IOs     cells  = 27
Num bump    cells  = 0
Num LS/ISO  cells  = 0
Num no type cells  = 0
Num other   cells  = 0
Num cells with no net connections = 0
Num non-zero wt nets = 51
Num     zero wt nets = 0
A net with highest fanout (7) is i_control\/state[2]
grouping macros ...
0 macro arrays generated automatically.
0 array cells created
No large HMs were processed
coarse place 0% done.
coarse place 50% done.
coarse place 100% done.
Transferring Data to Milkyway ...
Calculating timing weight ...
Information: linking reference library : /home/eda/lib/smic/aci/sc-x/apollo/smic13g. (PSYN-878)
Information: linking reference library : /home/eda/lib/smic/SP013D3_V1p4/apollo/SP013D3_V1p2_8MT. (PSYN-878)
Warning: The pin direction of 'PAD' pin on 'PANA4AP' cell in the 'SP013D3_V1p2_typ' technology library is inconsistent with the same-name pin in the '/home/eda/lib/smic/SP013D3_V1p4/apollo/SP013D3_V1p2_8MT' physical library. No physical link for the logical lib cell. (PSYN-058)
Warning: The pin direction of 'PAD' pin on 'PANA3AP' cell in the 'SP013D3_V1p2_typ' technology library is inconsistent with the same-name pin in the '/home/eda/lib/smic/SP013D3_V1p4/apollo/SP013D3_V1p2_8MT' physical library. No physical link for the logical lib cell. (PSYN-058)
Warning: The pin direction of 'SVDD1AP' pin on 'PVDD1AP' cell in the 'SP013D3_V1p2_typ' technology library is inconsistent with the same-name pin in the '/home/eda/lib/smic/SP013D3_V1p4/apollo/SP013D3_V1p2_8MT' physical library. No physical link for the logical lib cell. (PSYN-058)
Warning: The pin direction of 'SAVDD' pin on 'PVDD3AP' cell in the 'SP013D3_V1p2_typ' technology library is inconsistent with the same-name pin in the '/home/eda/lib/smic/SP013D3_V1p4/apollo/SP013D3_V1p2_8MT' physical library. No physical link for the logical lib cell. (PSYN-058)
Warning: The pin direction of 'SAVSS' pin on 'PVSS3AP' cell in the 'SP013D3_V1p2_typ' technology library is inconsistent with the same-name pin in the '/home/eda/lib/smic/SP013D3_V1p4/apollo/SP013D3_V1p2_8MT' physical library. No physical link for the logical lib cell. (PSYN-058)
Warning: The pin direction of 'SVSS1AP' pin on 'PVSS1AP' cell in the 'SP013D3_V1p2_typ' technology library is inconsistent with the same-name pin in the '/home/eda/lib/smic/SP013D3_V1p4/apollo/SP013D3_V1p2_8MT' physical library. No physical link for the logical lib cell. (PSYN-058)
Warning: The pin direction of 'PAD' pin on 'PANA1AP' cell in the 'SP013D3_V1p2_typ' technology library is inconsistent with the same-name pin in the '/home/eda/lib/smic/SP013D3_V1p4/apollo/SP013D3_V1p2_8MT' physical library. No physical link for the logical lib cell. (PSYN-058)
Warning: The pin direction of 'PAD' pin on 'PANA2AP' cell in the 'SP013D3_V1p2_typ' technology library is inconsistent with the same-name pin in the '/home/eda/lib/smic/SP013D3_V1p4/apollo/SP013D3_V1p2_8MT' physical library. No physical link for the logical lib cell. (PSYN-058)
Warning: The pin direction of 'SVDD1CAP' pin on 'PVDD1CAP' cell in the 'SP013D3_V1p2_typ' technology library is inconsistent with the same-name pin in the '/home/eda/lib/smic/SP013D3_V1p4/apollo/SP013D3_V1p2_8MT' physical library. No physical link for the logical lib cell. (PSYN-058)
Warning: The pin direction of 'SAVDD' pin on 'PVDD3CAP' cell in the 'SP013D3_V1p2_typ' technology library is inconsistent with the same-name pin in the '/home/eda/lib/smic/SP013D3_V1p4/apollo/SP013D3_V1p2_8MT' physical library. No physical link for the logical lib cell. (PSYN-058)
Warning: The pin direction of 'SVSS1CAP' pin on 'PVSS1CAP' cell in the 'SP013D3_V1p2_typ' technology library is inconsistent with the same-name pin in the '/home/eda/lib/smic/SP013D3_V1p4/apollo/SP013D3_V1p2_8MT' physical library. No physical link for the logical lib cell. (PSYN-058)
Warning: The pin direction of 'SAVSS' pin on 'PVSS3CAP' cell in the 'SP013D3_V1p2_typ' technology library is inconsistent with the same-name pin in the '/home/eda/lib/smic/SP013D3_V1p4/apollo/SP013D3_V1p2_8MT' physical library. No physical link for the logical lib cell. (PSYN-058)
Warning: The pin direction of 'SVDD1AP1' pin on 'PVDD1AP1' cell in the 'SP013D3_V1p2_typ' technology library is inconsistent with the same-name pin in the '/home/eda/lib/smic/SP013D3_V1p4/apollo/SP013D3_V1p2_8MT' physical library. No physical link for the logical lib cell. (PSYN-058)
Warning: The pin direction of 'SVSS1AP1' pin on 'PVSS1AP1' cell in the 'SP013D3_V1p2_typ' technology library is inconsistent with the same-name pin in the '/home/eda/lib/smic/SP013D3_V1p4/apollo/SP013D3_V1p2_8MT' physical library. No physical link for the logical lib cell. (PSYN-058)
Warning: The pin direction of 'PAD' pin on 'PANA1AP1' cell in the 'SP013D3_V1p2_typ' technology library is inconsistent with the same-name pin in the '/home/eda/lib/smic/SP013D3_V1p4/apollo/SP013D3_V1p2_8MT' physical library. No physical link for the logical lib cell. (PSYN-058)
Warning: The pin direction of 'PAD' pin on 'PANA2AP1' cell in the 'SP013D3_V1p2_typ' technology library is inconsistent with the same-name pin in the '/home/eda/lib/smic/SP013D3_V1p4/apollo/SP013D3_V1p2_8MT' physical library. No physical link for the logical lib cell. (PSYN-058)
Warning: The pin direction of 'SVDD1CAP1' pin on 'PVDD1CAP1' cell in the 'SP013D3_V1p2_typ' technology library is inconsistent with the same-name pin in the '/home/eda/lib/smic/SP013D3_V1p4/apollo/SP013D3_V1p2_8MT' physical library. No physical link for the logical lib cell. (PSYN-058)
Warning: The pin direction of 'SVSS1CAP1' pin on 'PVSS1CAP1' cell in the 'SP013D3_V1p2_typ' technology library is inconsistent with the same-name pin in the '/home/eda/lib/smic/SP013D3_V1p4/apollo/SP013D3_V1p2_8MT' physical library. No physical link for the logical lib cell. (PSYN-058)
Warning: The pin direction of 'PAD' pin on 'PI' cell in the 'SP013D3_V1p2_typ' technology library is inconsistent with the same-name pin in the '/home/eda/lib/smic/SP013D3_V1p4/apollo/SP013D3_V1p2_8MT' physical library. No physical link for the logical lib cell. (PSYN-058)
Warning: The pin direction of 'C' pin on 'PI' cell in the 'SP013D3_V1p2_typ' technology library is inconsistent with the same-name pin in the '/home/eda/lib/smic/SP013D3_V1p4/apollo/SP013D3_V1p2_8MT' physical library. No physical link for the logical lib cell. (PSYN-058)
Warning: The pin direction of 'PAD' pin on 'PIS' cell in the 'SP013D3_V1p2_typ' technology library is inconsistent with the same-name pin in the '/home/eda/lib/smic/SP013D3_V1p4/apollo/SP013D3_V1p2_8MT' physical library. No physical link for the logical lib cell. (PSYN-058)
Warning: The pin direction of 'C' pin on 'PIS' cell in the 'SP013D3_V1p2_typ' technology library is inconsistent with the same-name pin in the '/home/eda/lib/smic/SP013D3_V1p4/apollo/SP013D3_V1p2_8MT' physical library. No physical link for the logical lib cell. (PSYN-058)
Warning: The pin direction of 'OEN' pin on 'PB4' cell in the 'SP013D3_V1p2_typ' technology library is inconsistent with the same-name pin in the '/home/eda/lib/smic/SP013D3_V1p4/apollo/SP013D3_V1p2_8MT' physical library. No physical link for the logical lib cell. (PSYN-058)
Warning: The pin direction of 'I' pin on 'PB4' cell in the 'SP013D3_V1p2_typ' technology library is inconsistent with the same-name pin in the '/home/eda/lib/smic/SP013D3_V1p4/apollo/SP013D3_V1p2_8MT' physical library. No physical link for the logical lib cell. (PSYN-058)
Warning: The pin direction of 'C' pin on 'PB4' cell in the 'SP013D3_V1p2_typ' technology library is inconsistent with the same-name pin in the '/home/eda/lib/smic/SP013D3_V1p4/apollo/SP013D3_V1p2_8MT' physical library. No physical link for the logical lib cell. (PSYN-058)
Warning: The pin direction of 'PAD' pin on 'PB4' cell in the 'SP013D3_V1p2_typ' technology library is inconsistent with the same-name pin in the '/home/eda/lib/smic/SP013D3_V1p4/apollo/SP013D3_V1p2_8MT' physical library. No physical link for the logical lib cell. (PSYN-058)
Warning: The pin direction of 'I' pin on 'PO4' cell in the 'SP013D3_V1p2_typ' technology library is inconsistent with the same-name pin in the '/home/eda/lib/smic/SP013D3_V1p4/apollo/SP013D3_V1p2_8MT' physical library. No physical link for the logical lib cell. (PSYN-058)
Warning: The pin direction of 'PAD' pin on 'PO4' cell in the 'SP013D3_V1p2_typ' technology library is inconsistent with the same-name pin in the '/home/eda/lib/smic/SP013D3_V1p4/apollo/SP013D3_V1p2_8MT' physical library. No physical link for the logical lib cell. (PSYN-058)
Warning: The pin direction of 'XIN' pin on 'PX3' cell in the 'SP013D3_V1p2_typ' technology library is inconsistent with the same-name pin in the '/home/eda/lib/smic/SP013D3_V1p4/apollo/SP013D3_V1p2_8MT' physical library. No physical link for the logical lib cell. (PSYN-058)
Warning: The pin direction of 'XOUT' pin on 'PX3' cell in the 'SP013D3_V1p2_typ' technology library is inconsistent with the same-name pin in the '/home/eda/lib/smic/SP013D3_V1p4/apollo/SP013D3_V1p2_8MT' physical library. No physical link for the logical lib cell. (PSYN-058)
Warning: The pin direction of 'XC' pin on 'PX3' cell in the 'SP013D3_V1p2_typ' technology library is inconsistent with the same-name pin in the '/home/eda/lib/smic/SP013D3_V1p4/apollo/SP013D3_V1p2_8MT' physical library. No physical link for the logical lib cell. (PSYN-058)
Warning: The pin direction of 'OEN' pin on 'PB2' cell in the 'SP013D3_V1p2_typ' technology library is inconsistent with the same-name pin in the '/home/eda/lib/smic/SP013D3_V1p4/apollo/SP013D3_V1p2_8MT' physical library. No physical link for the logical lib cell. (PSYN-058)
Warning: The pin direction of 'I' pin on 'PB2' cell in the 'SP013D3_V1p2_typ' technology library is inconsistent with the same-name pin in the '/home/eda/lib/smic/SP013D3_V1p4/apollo/SP013D3_V1p2_8MT' physical library. No physical link for the logical lib cell. (PSYN-058)
Warning: The pin direction of 'C' pin on 'PB2' cell in the 'SP013D3_V1p2_typ' technology library is inconsistent with the same-name pin in the '/home/eda/lib/smic/SP013D3_V1p4/apollo/SP013D3_V1p2_8MT' physical library. No physical link for the logical lib cell. (PSYN-058)
Warning: The pin direction of 'PAD' pin on 'PB2' cell in the 'SP013D3_V1p2_typ' technology library is inconsistent with the same-name pin in the '/home/eda/lib/smic/SP013D3_V1p4/apollo/SP013D3_V1p2_8MT' physical library. No physical link for the logical lib cell. (PSYN-058)
Warning: The pin direction of 'OEN' pin on 'PB8' cell in the 'SP013D3_V1p2_typ' technology library is inconsistent with the same-name pin in the '/home/eda/lib/smic/SP013D3_V1p4/apollo/SP013D3_V1p2_8MT' physical library. No physical link for the logical lib cell. (PSYN-058)
Warning: The pin direction of 'I' pin on 'PB8' cell in the 'SP013D3_V1p2_typ' technology library is inconsistent with the same-name pin in the '/home/eda/lib/smic/SP013D3_V1p4/apollo/SP013D3_V1p2_8MT' physical library. No physical link for the logical lib cell. (PSYN-058)
Warning: The pin direction of 'C' pin on 'PB8' cell in the 'SP013D3_V1p2_typ' technology library is inconsistent with the same-name pin in the '/home/eda/lib/smic/SP013D3_V1p4/apollo/SP013D3_V1p2_8MT' physical library. No physical link for the logical lib cell. (PSYN-058)
Warning: The pin direction of 'PAD' pin on 'PB8' cell in the 'SP013D3_V1p2_typ' technology library is inconsistent with the same-name pin in the '/home/eda/lib/smic/SP013D3_V1p4/apollo/SP013D3_V1p2_8MT' physical library. No physical link for the logical lib cell. (PSYN-058)
Warning: The pin direction of 'I' pin on 'PO8' cell in the 'SP013D3_V1p2_typ' technology library is inconsistent with the same-name pin in the '/home/eda/lib/smic/SP013D3_V1p4/apollo/SP013D3_V1p2_8MT' physical library. No physical link for the logical lib cell. (PSYN-058)
Warning: The pin direction of 'PAD' pin on 'PO8' cell in the 'SP013D3_V1p2_typ' technology library is inconsistent with the same-name pin in the '/home/eda/lib/smic/SP013D3_V1p4/apollo/SP013D3_V1p2_8MT' physical library. No physical link for the logical lib cell. (PSYN-058)
Warning: The pin direction of 'I' pin on 'PO2' cell in the 'SP013D3_V1p2_typ' technology library is inconsistent with the same-name pin in the '/home/eda/lib/smic/SP013D3_V1p4/apollo/SP013D3_V1p2_8MT' physical library. No physical link for the logical lib cell. (PSYN-058)
Warning: The pin direction of 'PAD' pin on 'PO2' cell in the 'SP013D3_V1p2_typ' technology library is inconsistent with the same-name pin in the '/home/eda/lib/smic/SP013D3_V1p4/apollo/SP013D3_V1p2_8MT' physical library. No physical link for the logical lib cell. (PSYN-058)
Warning: The pin direction of 'PAD' pin on 'PID' cell in the 'SP013D3_V1p2_typ' technology library is inconsistent with the same-name pin in the '/home/eda/lib/smic/SP013D3_V1p4/apollo/SP013D3_V1p2_8MT' physical library. No physical link for the logical lib cell. (PSYN-058)
Warning: The pin direction of 'C' pin on 'PID' cell in the 'SP013D3_V1p2_typ' technology library is inconsistent with the same-name pin in the '/home/eda/lib/smic/SP013D3_V1p4/apollo/SP013D3_V1p2_8MT' physical library. No physical link for the logical lib cell. (PSYN-058)
Warning: The pin direction of 'XIN' pin on 'PX2' cell in the 'SP013D3_V1p2_typ' technology library is inconsistent with the same-name pin in the '/home/eda/lib/smic/SP013D3_V1p4/apollo/SP013D3_V1p2_8MT' physical library. No physical link for the logical lib cell. (PSYN-058)
Warning: The pin direction of 'XOUT' pin on 'PX2' cell in the 'SP013D3_V1p2_typ' technology library is inconsistent with the same-name pin in the '/home/eda/lib/smic/SP013D3_V1p4/apollo/SP013D3_V1p2_8MT' physical library. No physical link for the logical lib cell. (PSYN-058)
Warning: The pin direction of 'XC' pin on 'PX2' cell in the 'SP013D3_V1p2_typ' technology library is inconsistent with the same-name pin in the '/home/eda/lib/smic/SP013D3_V1p4/apollo/SP013D3_V1p2_8MT' physical library. No physical link for the logical lib cell. (PSYN-058)
Warning: The pin direction of 'PAD' pin on 'PIU' cell in the 'SP013D3_V1p2_typ' technology library is inconsistent with the same-name pin in the '/home/eda/lib/smic/SP013D3_V1p4/apollo/SP013D3_V1p2_8MT' physical library. No physical link for the logical lib cell. (PSYN-058)
Warning: The pin direction of 'C' pin on 'PIU' cell in the 'SP013D3_V1p2_typ' technology library is inconsistent with the same-name pin in the '/home/eda/lib/smic/SP013D3_V1p4/apollo/SP013D3_V1p2_8MT' physical library. No physical link for the logical lib cell. (PSYN-058)
Warning: The pin direction of 'XIN' pin on 'PX1' cell in the 'SP013D3_V1p2_typ' technology library is inconsistent with the same-name pin in the '/home/eda/lib/smic/SP013D3_V1p4/apollo/SP013D3_V1p2_8MT' physical library. No physical link for the logical lib cell. (PSYN-058)
Warning: The pin direction of 'XOUT' pin on 'PX1' cell in the 'SP013D3_V1p2_typ' technology library is inconsistent with the same-name pin in the '/home/eda/lib/smic/SP013D3_V1p4/apollo/SP013D3_V1p2_8MT' physical library. No physical link for the logical lib cell. (PSYN-058)
Warning: The pin direction of 'XC' pin on 'PX1' cell in the 'SP013D3_V1p2_typ' technology library is inconsistent with the same-name pin in the '/home/eda/lib/smic/SP013D3_V1p4/apollo/SP013D3_V1p2_8MT' physical library. No physical link for the logical lib cell. (PSYN-058)
Warning: The pin direction of 'OEN' pin on 'PB16' cell in the 'SP013D3_V1p2_typ' technology library is inconsistent with the same-name pin in the '/home/eda/lib/smic/SP013D3_V1p4/apollo/SP013D3_V1p2_8MT' physical library. No physical link for the logical lib cell. (PSYN-058)
Warning: The pin direction of 'I' pin on 'PB16' cell in the 'SP013D3_V1p2_typ' technology library is inconsistent with the same-name pin in the '/home/eda/lib/smic/SP013D3_V1p4/apollo/SP013D3_V1p2_8MT' physical library. No physical link for the logical lib cell. (PSYN-058)
Warning: The pin direction of 'C' pin on 'PB16' cell in the 'SP013D3_V1p2_typ' technology library is inconsistent with the same-name pin in the '/home/eda/lib/smic/SP013D3_V1p4/apollo/SP013D3_V1p2_8MT' physical library. No physical link for the logical lib cell. (PSYN-058)
Warning: The pin direction of 'PAD' pin on 'PB16' cell in the 'SP013D3_V1p2_typ' technology library is inconsistent with the same-name pin in the '/home/eda/lib/smic/SP013D3_V1p4/apollo/SP013D3_V1p2_8MT' physical library. No physical link for the logical lib cell. (PSYN-058)
Warning: The pin direction of 'I' pin on 'PO16' cell in the 'SP013D3_V1p2_typ' technology library is inconsistent with the same-name pin in the '/home/eda/lib/smic/SP013D3_V1p4/apollo/SP013D3_V1p2_8MT' physical library. No physical link for the logical lib cell. (PSYN-058)
Warning: The pin direction of 'PAD' pin on 'PO16' cell in the 'SP013D3_V1p2_typ' technology library is inconsistent with the same-name pin in the '/home/eda/lib/smic/SP013D3_V1p4/apollo/SP013D3_V1p2_8MT' physical library. No physical link for the logical lib cell. (PSYN-058)
Warning: The pin direction of 'OEN' pin on 'PB24' cell in the 'SP013D3_V1p2_typ' technology library is inconsistent with the same-name pin in the '/home/eda/lib/smic/SP013D3_V1p4/apollo/SP013D3_V1p2_8MT' physical library. No physical link for the logical lib cell. (PSYN-058)
Warning: The pin direction of 'I' pin on 'PB24' cell in the 'SP013D3_V1p2_typ' technology library is inconsistent with the same-name pin in the '/home/eda/lib/smic/SP013D3_V1p4/apollo/SP013D3_V1p2_8MT' physical library. No physical link for the logical lib cell. (PSYN-058)
Warning: The pin direction of 'C' pin on 'PB24' cell in the 'SP013D3_V1p2_typ' technology library is inconsistent with the same-name pin in the '/home/eda/lib/smic/SP013D3_V1p4/apollo/SP013D3_V1p2_8MT' physical library. No physical link for the logical lib cell. (PSYN-058)
Warning: The pin direction of 'PAD' pin on 'PB24' cell in the 'SP013D3_V1p2_typ' technology library is inconsistent with the same-name pin in the '/home/eda/lib/smic/SP013D3_V1p4/apollo/SP013D3_V1p2_8MT' physical library. No physical link for the logical lib cell. (PSYN-058)
Warning: The pin direction of 'OEN' pin on 'PBS4' cell in the 'SP013D3_V1p2_typ' technology library is inconsistent with the same-name pin in the '/home/eda/lib/smic/SP013D3_V1p4/apollo/SP013D3_V1p2_8MT' physical library. No physical link for the logical lib cell. (PSYN-058)
Warning: The pin direction of 'I' pin on 'PBS4' cell in the 'SP013D3_V1p2_typ' technology library is inconsistent with the same-name pin in the '/home/eda/lib/smic/SP013D3_V1p4/apollo/SP013D3_V1p2_8MT' physical library. No physical link for the logical lib cell. (PSYN-058)
Warning: The pin direction of 'C' pin on 'PBS4' cell in the 'SP013D3_V1p2_typ' technology library is inconsistent with the same-name pin in the '/home/eda/lib/smic/SP013D3_V1p4/apollo/SP013D3_V1p2_8MT' physical library. No physical link for the logical lib cell. (PSYN-058)
Warning: The pin direction of 'PAD' pin on 'PBS4' cell in the 'SP013D3_V1p2_typ' technology library is inconsistent with the same-name pin in the '/home/eda/lib/smic/SP013D3_V1p4/apollo/SP013D3_V1p2_8MT' physical library. No physical link for the logical lib cell. (PSYN-058)
Warning: The pin direction of 'OEN' pin on 'PBU4' cell in the 'SP013D3_V1p2_typ' technology library is inconsistent with the same-name pin in the '/home/eda/lib/smic/SP013D3_V1p4/apollo/SP013D3_V1p2_8MT' physical library. No physical link for the logical lib cell. (PSYN-058)
Warning: The pin direction of 'I' pin on 'PBU4' cell in the 'SP013D3_V1p2_typ' technology library is inconsistent with the same-name pin in the '/home/eda/lib/smic/SP013D3_V1p4/apollo/SP013D3_V1p2_8MT' physical library. No physical link for the logical lib cell. (PSYN-058)
Warning: The pin direction of 'C' pin on 'PBU4' cell in the 'SP013D3_V1p2_typ' technology library is inconsistent with the same-name pin in the '/home/eda/lib/smic/SP013D3_V1p4/apollo/SP013D3_V1p2_8MT' physical library. No physical link for the logical lib cell. (PSYN-058)
Warning: The pin direction of 'PAD' pin on 'PBU4' cell in the 'SP013D3_V1p2_typ' technology library is inconsistent with the same-name pin in the '/home/eda/lib/smic/SP013D3_V1p4/apollo/SP013D3_V1p2_8MT' physical library. No physical link for the logical lib cell. (PSYN-058)
Warning: The pin direction of 'OEN' pin on 'PBD4' cell in the 'SP013D3_V1p2_typ' technology library is inconsistent with the same-name pin in the '/home/eda/lib/smic/SP013D3_V1p4/apollo/SP013D3_V1p2_8MT' physical library. No physical link for the logical lib cell. (PSYN-058)
Warning: The pin direction of 'I' pin on 'PBD4' cell in the 'SP013D3_V1p2_typ' technology library is inconsistent with the same-name pin in the '/home/eda/lib/smic/SP013D3_V1p4/apollo/SP013D3_V1p2_8MT' physical library. No physical link for the logical lib cell. (PSYN-058)
Warning: The pin direction of 'C' pin on 'PBD4' cell in the 'SP013D3_V1p2_typ' technology library is inconsistent with the same-name pin in the '/home/eda/lib/smic/SP013D3_V1p4/apollo/SP013D3_V1p2_8MT' physical library. No physical link for the logical lib cell. (PSYN-058)
Warning: The pin direction of 'PAD' pin on 'PBD4' cell in the 'SP013D3_V1p2_typ' technology library is inconsistent with the same-name pin in the '/home/eda/lib/smic/SP013D3_V1p4/apollo/SP013D3_V1p2_8MT' physical library. No physical link for the logical lib cell. (PSYN-058)
Warning: The pin direction of 'I' pin on 'PO24' cell in the 'SP013D3_V1p2_typ' technology library is inconsistent with the same-name pin in the '/home/eda/lib/smic/SP013D3_V1p4/apollo/SP013D3_V1p2_8MT' physical library. No physical link for the logical lib cell. (PSYN-058)
Warning: The pin direction of 'PAD' pin on 'PO24' cell in the 'SP013D3_V1p2_typ' technology library is inconsistent with the same-name pin in the '/home/eda/lib/smic/SP013D3_V1p4/apollo/SP013D3_V1p2_8MT' physical library. No physical link for the logical lib cell. (PSYN-058)
Warning: The pin direction of 'OEN' pin on 'POT4' cell in the 'SP013D3_V1p2_typ' technology library is inconsistent with the same-name pin in the '/home/eda/lib/smic/SP013D3_V1p4/apollo/SP013D3_V1p2_8MT' physical library. No physical link for the logical lib cell. (PSYN-058)
Warning: The pin direction of 'I' pin on 'POT4' cell in the 'SP013D3_V1p2_typ' technology library is inconsistent with the same-name pin in the '/home/eda/lib/smic/SP013D3_V1p4/apollo/SP013D3_V1p2_8MT' physical library. No physical link for the logical lib cell. (PSYN-058)
Warning: The pin direction of 'PAD' pin on 'POT4' cell in the 'SP013D3_V1p2_typ' technology library is inconsistent with the same-name pin in the '/home/eda/lib/smic/SP013D3_V1p4/apollo/SP013D3_V1p2_8MT' physical library. No physical link for the logical lib cell. (PSYN-058)
Warning: The pin direction of 'OEN' pin on 'PB12' cell in the 'SP013D3_V1p2_typ' technology library is inconsistent with the same-name pin in the '/home/eda/lib/smic/SP013D3_V1p4/apollo/SP013D3_V1p2_8MT' physical library. No physical link for the logical lib cell. (PSYN-058)
Warning: The pin direction of 'I' pin on 'PB12' cell in the 'SP013D3_V1p2_typ' technology library is inconsistent with the same-name pin in the '/home/eda/lib/smic/SP013D3_V1p4/apollo/SP013D3_V1p2_8MT' physical library. No physical link for the logical lib cell. (PSYN-058)
Warning: The pin direction of 'C' pin on 'PB12' cell in the 'SP013D3_V1p2_typ' technology library is inconsistent with the same-name pin in the '/home/eda/lib/smic/SP013D3_V1p4/apollo/SP013D3_V1p2_8MT' physical library. No physical link for the logical lib cell. (PSYN-058)
Warning: The pin direction of 'PAD' pin on 'PB12' cell in the 'SP013D3_V1p2_typ' technology library is inconsistent with the same-name pin in the '/home/eda/lib/smic/SP013D3_V1p4/apollo/SP013D3_V1p2_8MT' physical library. No physical link for the logical lib cell. (PSYN-058)
Warning: The pin direction of 'OEN' pin on 'PBL8' cell in the 'SP013D3_V1p2_typ' technology library is inconsistent with the same-name pin in the '/home/eda/lib/smic/SP013D3_V1p4/apollo/SP013D3_V1p2_8MT' physical library. No physical link for the logical lib cell. (PSYN-058)
Warning: The pin direction of 'I' pin on 'PBL8' cell in the 'SP013D3_V1p2_typ' technology library is inconsistent with the same-name pin in the '/home/eda/lib/smic/SP013D3_V1p4/apollo/SP013D3_V1p2_8MT' physical library. No physical link for the logical lib cell. (PSYN-058)
Warning: The pin direction of 'C' pin on 'PBL8' cell in the 'SP013D3_V1p2_typ' technology library is inconsistent with the same-name pin in the '/home/eda/lib/smic/SP013D3_V1p4/apollo/SP013D3_V1p2_8MT' physical library. No physical link for the logical lib cell. (PSYN-058)
Warning: The pin direction of 'PAD' pin on 'PBL8' cell in the 'SP013D3_V1p2_typ' technology library is inconsistent with the same-name pin in the '/home/eda/lib/smic/SP013D3_V1p4/apollo/SP013D3_V1p2_8MT' physical library. No physical link for the logical lib cell. (PSYN-058)
Warning: The pin direction of 'OEN' pin on 'PBS8' cell in the 'SP013D3_V1p2_typ' technology library is inconsistent with the same-name pin in the '/home/eda/lib/smic/SP013D3_V1p4/apollo/SP013D3_V1p2_8MT' physical library. No physical link for the logical lib cell. (PSYN-058)
Warning: The pin direction of 'I' pin on 'PBS8' cell in the 'SP013D3_V1p2_typ' technology library is inconsistent with the same-name pin in the '/home/eda/lib/smic/SP013D3_V1p4/apollo/SP013D3_V1p2_8MT' physical library. No physical link for the logical lib cell. (PSYN-058)
Warning: The pin direction of 'C' pin on 'PBS8' cell in the 'SP013D3_V1p2_typ' technology library is inconsistent with the same-name pin in the '/home/eda/lib/smic/SP013D3_V1p4/apollo/SP013D3_V1p2_8MT' physical library. No physical link for the logical lib cell. (PSYN-058)
Warning: The pin direction of 'PAD' pin on 'PBS8' cell in the 'SP013D3_V1p2_typ' technology library is inconsistent with the same-name pin in the '/home/eda/lib/smic/SP013D3_V1p4/apollo/SP013D3_V1p2_8MT' physical library. No physical link for the logical lib cell. (PSYN-058)
Warning: The pin direction of 'OEN' pin on 'PBS2' cell in the 'SP013D3_V1p2_typ' technology library is inconsistent with the same-name pin in the '/home/eda/lib/smic/SP013D3_V1p4/apollo/SP013D3_V1p2_8MT' physical library. No physical link for the logical lib cell. (PSYN-058)
Warning: The pin direction of 'I' pin on 'PBS2' cell in the 'SP013D3_V1p2_typ' technology library is inconsistent with the same-name pin in the '/home/eda/lib/smic/SP013D3_V1p4/apollo/SP013D3_V1p2_8MT' physical library. No physical link for the logical lib cell. (PSYN-058)
Warning: The pin direction of 'C' pin on 'PBS2' cell in the 'SP013D3_V1p2_typ' technology library is inconsistent with the same-name pin in the '/home/eda/lib/smic/SP013D3_V1p4/apollo/SP013D3_V1p2_8MT' physical library. No physical link for the logical lib cell. (PSYN-058)
Warning: The pin direction of 'PAD' pin on 'PBS2' cell in the 'SP013D3_V1p2_typ' technology library is inconsistent with the same-name pin in the '/home/eda/lib/smic/SP013D3_V1p4/apollo/SP013D3_V1p2_8MT' physical library. No physical link for the logical lib cell. (PSYN-058)
Warning: The pin direction of 'OEN' pin on 'PBU8' cell in the 'SP013D3_V1p2_typ' technology library is inconsistent with the same-name pin in the '/home/eda/lib/smic/SP013D3_V1p4/apollo/SP013D3_V1p2_8MT' physical library. No physical link for the logical lib cell. (PSYN-058)
Warning: The pin direction of 'I' pin on 'PBU8' cell in the 'SP013D3_V1p2_typ' technology library is inconsistent with the same-name pin in the '/home/eda/lib/smic/SP013D3_V1p4/apollo/SP013D3_V1p2_8MT' physical library. No physical link for the logical lib cell. (PSYN-058)
Warning: The pin direction of 'C' pin on 'PBU8' cell in the 'SP013D3_V1p2_typ' technology library is inconsistent with the same-name pin in the '/home/eda/lib/smic/SP013D3_V1p4/apollo/SP013D3_V1p2_8MT' physical library. No physical link for the logical lib cell. (PSYN-058)
Warning: The pin direction of 'PAD' pin on 'PBU8' cell in the 'SP013D3_V1p2_typ' technology library is inconsistent with the same-name pin in the '/home/eda/lib/smic/SP013D3_V1p4/apollo/SP013D3_V1p2_8MT' physical library. No physical link for the logical lib cell. (PSYN-058)
Warning: The pin direction of 'OEN' pin on 'PBU2' cell in the 'SP013D3_V1p2_typ' technology library is inconsistent with the same-name pin in the '/home/eda/lib/smic/SP013D3_V1p4/apollo/SP013D3_V1p2_8MT' physical library. No physical link for the logical lib cell. (PSYN-058)
Warning: The pin direction of 'I' pin on 'PBU2' cell in the 'SP013D3_V1p2_typ' technology library is inconsistent with the same-name pin in the '/home/eda/lib/smic/SP013D3_V1p4/apollo/SP013D3_V1p2_8MT' physical library. No physical link for the logical lib cell. (PSYN-058)
Warning: The pin direction of 'C' pin on 'PBU2' cell in the 'SP013D3_V1p2_typ' technology library is inconsistent with the same-name pin in the '/home/eda/lib/smic/SP013D3_V1p4/apollo/SP013D3_V1p2_8MT' physical library. No physical link for the logical lib cell. (PSYN-058)
Warning: The pin direction of 'PAD' pin on 'PBU2' cell in the 'SP013D3_V1p2_typ' technology library is inconsistent with the same-name pin in the '/home/eda/lib/smic/SP013D3_V1p4/apollo/SP013D3_V1p2_8MT' physical library. No physical link for the logical lib cell. (PSYN-058)
Warning: The pin direction of 'OEN' pin on 'PBD8' cell in the 'SP013D3_V1p2_typ' technology library is inconsistent with the same-name pin in the '/home/eda/lib/smic/SP013D3_V1p4/apollo/SP013D3_V1p2_8MT' physical library. No physical link for the logical lib cell. (PSYN-058)
Warning: The pin direction of 'I' pin on 'PBD8' cell in the 'SP013D3_V1p2_typ' technology library is inconsistent with the same-name pin in the '/home/eda/lib/smic/SP013D3_V1p4/apollo/SP013D3_V1p2_8MT' physical library. No physical link for the logical lib cell. (PSYN-058)
Warning: The pin direction of 'C' pin on 'PBD8' cell in the 'SP013D3_V1p2_typ' technology library is inconsistent with the same-name pin in the '/home/eda/lib/smic/SP013D3_V1p4/apollo/SP013D3_V1p2_8MT' physical library. No physical link for the logical lib cell. (PSYN-058)
Warning: The pin direction of 'PAD' pin on 'PBD8' cell in the 'SP013D3_V1p2_typ' technology library is inconsistent with the same-name pin in the '/home/eda/lib/smic/SP013D3_V1p4/apollo/SP013D3_V1p2_8MT' physical library. No physical link for the logical lib cell. (PSYN-058)
Warning: The pin direction of 'OEN' pin on 'PBD2' cell in the 'SP013D3_V1p2_typ' technology library is inconsistent with the same-name pin in the '/home/eda/lib/smic/SP013D3_V1p4/apollo/SP013D3_V1p2_8MT' physical library. No physical link for the logical lib cell. (PSYN-058)
Warning: The pin direction of 'I' pin on 'PBD2' cell in the 'SP013D3_V1p2_typ' technology library is inconsistent with the same-name pin in the '/home/eda/lib/smic/SP013D3_V1p4/apollo/SP013D3_V1p2_8MT' physical library. No physical link for the logical lib cell. (PSYN-058)
Warning: The pin direction of 'C' pin on 'PBD2' cell in the 'SP013D3_V1p2_typ' technology library is inconsistent with the same-name pin in the '/home/eda/lib/smic/SP013D3_V1p4/apollo/SP013D3_V1p2_8MT' physical library. No physical link for the logical lib cell. (PSYN-058)
Warning: The pin direction of 'PAD' pin on 'PBD2' cell in the 'SP013D3_V1p2_typ' technology library is inconsistent with the same-name pin in the '/home/eda/lib/smic/SP013D3_V1p4/apollo/SP013D3_V1p2_8MT' physical library. No physical link for the logical lib cell. (PSYN-058)
Warning: The pin direction of 'I' pin on 'POL8' cell in the 'SP013D3_V1p2_typ' technology library is inconsistent with the same-name pin in the '/home/eda/lib/smic/SP013D3_V1p4/apollo/SP013D3_V1p2_8MT' physical library. No physical link for the logical lib cell. (PSYN-058)
Warning: The pin direction of 'PAD' pin on 'POL8' cell in the 'SP013D3_V1p2_typ' technology library is inconsistent with the same-name pin in the '/home/eda/lib/smic/SP013D3_V1p4/apollo/SP013D3_V1p2_8MT' physical library. No physical link for the logical lib cell. (PSYN-058)
Warning: The pin direction of 'I' pin on 'PO12' cell in the 'SP013D3_V1p2_typ' technology library is inconsistent with the same-name pin in the '/home/eda/lib/smic/SP013D3_V1p4/apollo/SP013D3_V1p2_8MT' physical library. No physical link for the logical lib cell. (PSYN-058)
Warning: The pin direction of 'PAD' pin on 'PO12' cell in the 'SP013D3_V1p2_typ' technology library is inconsistent with the same-name pin in the '/home/eda/lib/smic/SP013D3_V1p4/apollo/SP013D3_V1p2_8MT' physical library. No physical link for the logical lib cell. (PSYN-058)
Warning: The pin direction of 'OEN' pin on 'POT8' cell in the 'SP013D3_V1p2_typ' technology library is inconsistent with the same-name pin in the '/home/eda/lib/smic/SP013D3_V1p4/apollo/SP013D3_V1p2_8MT' physical library. No physical link for the logical lib cell. (PSYN-058)
Warning: The pin direction of 'I' pin on 'POT8' cell in the 'SP013D3_V1p2_typ' technology library is inconsistent with the same-name pin in the '/home/eda/lib/smic/SP013D3_V1p4/apollo/SP013D3_V1p2_8MT' physical library. No physical link for the logical lib cell. (PSYN-058)
Warning: The pin direction of 'PAD' pin on 'POT8' cell in the 'SP013D3_V1p2_typ' technology library is inconsistent with the same-name pin in the '/home/eda/lib/smic/SP013D3_V1p4/apollo/SP013D3_V1p2_8MT' physical library. No physical link for the logical lib cell. (PSYN-058)
Warning: The pin direction of 'OEN' pin on 'POT2' cell in the 'SP013D3_V1p2_typ' technology library is inconsistent with the same-name pin in the '/home/eda/lib/smic/SP013D3_V1p4/apollo/SP013D3_V1p2_8MT' physical library. No physical link for the logical lib cell. (PSYN-058)
Warning: The pin direction of 'I' pin on 'POT2' cell in the 'SP013D3_V1p2_typ' technology library is inconsistent with the same-name pin in the '/home/eda/lib/smic/SP013D3_V1p4/apollo/SP013D3_V1p2_8MT' physical library. No physical link for the logical lib cell. (PSYN-058)
Warning: The pin direction of 'PAD' pin on 'POT2' cell in the 'SP013D3_V1p2_typ' technology library is inconsistent with the same-name pin in the '/home/eda/lib/smic/SP013D3_V1p4/apollo/SP013D3_V1p2_8MT' physical library. No physical link for the logical lib cell. (PSYN-058)
Warning: The pin direction of 'PAD' pin on 'PICD' cell in the 'SP013D3_V1p2_typ' technology library is inconsistent with the same-name pin in the '/home/eda/lib/smic/SP013D3_V1p4/apollo/SP013D3_V1p2_8MT' physical library. No physical link for the logical lib cell. (PSYN-058)
Warning: The pin direction of 'REN' pin on 'PICD' cell in the 'SP013D3_V1p2_typ' technology library is inconsistent with the same-name pin in the '/home/eda/lib/smic/SP013D3_V1p4/apollo/SP013D3_V1p2_8MT' physical library. No physical link for the logical lib cell. (PSYN-058)
Warning: The pin direction of 'C' pin on 'PICD' cell in the 'SP013D3_V1p2_typ' technology library is inconsistent with the same-name pin in the '/home/eda/lib/smic/SP013D3_V1p4/apollo/SP013D3_V1p2_8MT' physical library. No physical link for the logical lib cell. (PSYN-058)
Warning: The pin direction of 'PAD' pin on 'PISD' cell in the 'SP013D3_V1p2_typ' technology library is inconsistent with the same-name pin in the '/home/eda/lib/smic/SP013D3_V1p4/apollo/SP013D3_V1p2_8MT' physical library. No physical link for the logical lib cell. (PSYN-058)
Warning: The pin direction of 'C' pin on 'PISD' cell in the 'SP013D3_V1p2_typ' technology library is inconsistent with the same-name pin in the '/home/eda/lib/smic/SP013D3_V1p4/apollo/SP013D3_V1p2_8MT' physical library. No physical link for the logical lib cell. (PSYN-058)
Warning: The pin direction of 'PAD' pin on 'PICU' cell in the 'SP013D3_V1p2_typ' technology library is inconsistent with the same-name pin in the '/home/eda/lib/smic/SP013D3_V1p4/apollo/SP013D3_V1p2_8MT' physical library. No physical link for the logical lib cell. (PSYN-058)
Warning: The pin direction of 'REN' pin on 'PICU' cell in the 'SP013D3_V1p2_typ' technology library is inconsistent with the same-name pin in the '/home/eda/lib/smic/SP013D3_V1p4/apollo/SP013D3_V1p2_8MT' physical library. No physical link for the logical lib cell. (PSYN-058)
Warning: The pin direction of 'C' pin on 'PICU' cell in the 'SP013D3_V1p2_typ' technology library is inconsistent with the same-name pin in the '/home/eda/lib/smic/SP013D3_V1p4/apollo/SP013D3_V1p2_8MT' physical library. No physical link for the logical lib cell. (PSYN-058)
Warning: The pin direction of 'PAD' pin on 'PISU' cell in the 'SP013D3_V1p2_typ' technology library is inconsistent with the same-name pin in the '/home/eda/lib/smic/SP013D3_V1p4/apollo/SP013D3_V1p2_8MT' physical library. No physical link for the logical lib cell. (PSYN-058)
Warning: The pin direction of 'C' pin on 'PISU' cell in the 'SP013D3_V1p2_typ' technology library is inconsistent with the same-name pin in the '/home/eda/lib/smic/SP013D3_V1p4/apollo/SP013D3_V1p2_8MT' physical library. No physical link for the logical lib cell. (PSYN-058)
Warning: The pin direction of 'OEN' pin on 'PCI6B' cell in the 'SP013D3_V1p2_typ' technology library is inconsistent with the same-name pin in the '/home/eda/lib/smic/SP013D3_V1p4/apollo/SP013D3_V1p2_8MT' physical library. No physical link for the logical lib cell. (PSYN-058)
Warning: The pin direction of 'I' pin on 'PCI6B' cell in the 'SP013D3_V1p2_typ' technology library is inconsistent with the same-name pin in the '/home/eda/lib/smic/SP013D3_V1p4/apollo/SP013D3_V1p2_8MT' physical library. No physical link for the logical lib cell. (PSYN-058)
Warning: The pin direction of 'C' pin on 'PCI6B' cell in the 'SP013D3_V1p2_typ' technology library is inconsistent with the same-name pin in the '/home/eda/lib/smic/SP013D3_V1p4/apollo/SP013D3_V1p2_8MT' physical library. No physical link for the logical lib cell. (PSYN-058)
Warning: The pin direction of 'PAD' pin on 'PCI6B' cell in the 'SP013D3_V1p2_typ' technology library is inconsistent with the same-name pin in the '/home/eda/lib/smic/SP013D3_V1p4/apollo/SP013D3_V1p2_8MT' physical library. No physical link for the logical lib cell. (PSYN-058)
Warning: The pin direction of 'OEN' pin on 'PCI3B' cell in the 'SP013D3_V1p2_typ' technology library is inconsistent with the same-name pin in the '/home/eda/lib/smic/SP013D3_V1p4/apollo/SP013D3_V1p2_8MT' physical library. No physical link for the logical lib cell. (PSYN-058)
Warning: The pin direction of 'I' pin on 'PCI3B' cell in the 'SP013D3_V1p2_typ' technology library is inconsistent with the same-name pin in the '/home/eda/lib/smic/SP013D3_V1p4/apollo/SP013D3_V1p2_8MT' physical library. No physical link for the logical lib cell. (PSYN-058)
Warning: The pin direction of 'C' pin on 'PCI3B' cell in the 'SP013D3_V1p2_typ' technology library is inconsistent with the same-name pin in the '/home/eda/lib/smic/SP013D3_V1p4/apollo/SP013D3_V1p2_8MT' physical library. No physical link for the logical lib cell. (PSYN-058)
Warning: The pin direction of 'PAD' pin on 'PCI3B' cell in the 'SP013D3_V1p2_typ' technology library is inconsistent with the same-name pin in the '/home/eda/lib/smic/SP013D3_V1p4/apollo/SP013D3_V1p2_8MT' physical library. No physical link for the logical lib cell. (PSYN-058)
Warning: The pin direction of 'OEN' pin on 'PBL16' cell in the 'SP013D3_V1p2_typ' technology library is inconsistent with the same-name pin in the '/home/eda/lib/smic/SP013D3_V1p4/apollo/SP013D3_V1p2_8MT' physical library. No physical link for the logical lib cell. (PSYN-058)
Warning: The pin direction of 'I' pin on 'PBL16' cell in the 'SP013D3_V1p2_typ' technology library is inconsistent with the same-name pin in the '/home/eda/lib/smic/SP013D3_V1p4/apollo/SP013D3_V1p2_8MT' physical library. No physical link for the logical lib cell. (PSYN-058)
Warning: The pin direction of 'C' pin on 'PBL16' cell in the 'SP013D3_V1p2_typ' technology library is inconsistent with the same-name pin in the '/home/eda/lib/smic/SP013D3_V1p4/apollo/SP013D3_V1p2_8MT' physical library. No physical link for the logical lib cell. (PSYN-058)
Warning: The pin direction of 'PAD' pin on 'PBL16' cell in the 'SP013D3_V1p2_typ' technology library is inconsistent with the same-name pin in the '/home/eda/lib/smic/SP013D3_V1p4/apollo/SP013D3_V1p2_8MT' physical library. No physical link for the logical lib cell. (PSYN-058)
Warning: The pin direction of 'OEN' pin on 'PBS16' cell in the 'SP013D3_V1p2_typ' technology library is inconsistent with the same-name pin in the '/home/eda/lib/smic/SP013D3_V1p4/apollo/SP013D3_V1p2_8MT' physical library. No physical link for the logical lib cell. (PSYN-058)
Warning: The pin direction of 'I' pin on 'PBS16' cell in the 'SP013D3_V1p2_typ' technology library is inconsistent with the same-name pin in the '/home/eda/lib/smic/SP013D3_V1p4/apollo/SP013D3_V1p2_8MT' physical library. No physical link for the logical lib cell. (PSYN-058)
Warning: The pin direction of 'C' pin on 'PBS16' cell in the 'SP013D3_V1p2_typ' technology library is inconsistent with the same-name pin in the '/home/eda/lib/smic/SP013D3_V1p4/apollo/SP013D3_V1p2_8MT' physical library. No physical link for the logical lib cell. (PSYN-058)
Warning: The pin direction of 'PAD' pin on 'PBS16' cell in the 'SP013D3_V1p2_typ' technology library is inconsistent with the same-name pin in the '/home/eda/lib/smic/SP013D3_V1p4/apollo/SP013D3_V1p2_8MT' physical library. No physical link for the logical lib cell. (PSYN-058)
Warning: The pin direction of 'OEN' pin on 'PBU16' cell in the 'SP013D3_V1p2_typ' technology library is inconsistent with the same-name pin in the '/home/eda/lib/smic/SP013D3_V1p4/apollo/SP013D3_V1p2_8MT' physical library. No physical link for the logical lib cell. (PSYN-058)
Warning: The pin direction of 'I' pin on 'PBU16' cell in the 'SP013D3_V1p2_typ' technology library is inconsistent with the same-name pin in the '/home/eda/lib/smic/SP013D3_V1p4/apollo/SP013D3_V1p2_8MT' physical library. No physical link for the logical lib cell. (PSYN-058)
Warning: The pin direction of 'C' pin on 'PBU16' cell in the 'SP013D3_V1p2_typ' technology library is inconsistent with the same-name pin in the '/home/eda/lib/smic/SP013D3_V1p4/apollo/SP013D3_V1p2_8MT' physical library. No physical link for the logical lib cell. (PSYN-058)
Warning: The pin direction of 'PAD' pin on 'PBU16' cell in the 'SP013D3_V1p2_typ' technology library is inconsistent with the same-name pin in the '/home/eda/lib/smic/SP013D3_V1p4/apollo/SP013D3_V1p2_8MT' physical library. No physical link for the logical lib cell. (PSYN-058)
Warning: The pin direction of 'OEN' pin on 'PBD16' cell in the 'SP013D3_V1p2_typ' technology library is inconsistent with the same-name pin in the '/home/eda/lib/smic/SP013D3_V1p4/apollo/SP013D3_V1p2_8MT' physical library. No physical link for the logical lib cell. (PSYN-058)
Warning: The pin direction of 'I' pin on 'PBD16' cell in the 'SP013D3_V1p2_typ' technology library is inconsistent with the same-name pin in the '/home/eda/lib/smic/SP013D3_V1p4/apollo/SP013D3_V1p2_8MT' physical library. No physical link for the logical lib cell. (PSYN-058)
Warning: The pin direction of 'C' pin on 'PBD16' cell in the 'SP013D3_V1p2_typ' technology library is inconsistent with the same-name pin in the '/home/eda/lib/smic/SP013D3_V1p4/apollo/SP013D3_V1p2_8MT' physical library. No physical link for the logical lib cell. (PSYN-058)
Warning: The pin direction of 'PAD' pin on 'PBD16' cell in the 'SP013D3_V1p2_typ' technology library is inconsistent with the same-name pin in the '/home/eda/lib/smic/SP013D3_V1p4/apollo/SP013D3_V1p2_8MT' physical library. No physical link for the logical lib cell. (PSYN-058)
Warning: The pin direction of 'I' pin on 'POL16' cell in the 'SP013D3_V1p2_typ' technology library is inconsistent with the same-name pin in the '/home/eda/lib/smic/SP013D3_V1p4/apollo/SP013D3_V1p2_8MT' physical library. No physical link for the logical lib cell. (PSYN-058)
Warning: The pin direction of 'PAD' pin on 'POL16' cell in the 'SP013D3_V1p2_typ' technology library is inconsistent with the same-name pin in the '/home/eda/lib/smic/SP013D3_V1p4/apollo/SP013D3_V1p2_8MT' physical library. No physical link for the logical lib cell. (PSYN-058)
Warning: The pin direction of 'OEN' pin on 'POT16' cell in the 'SP013D3_V1p2_typ' technology library is inconsistent with the same-name pin in the '/home/eda/lib/smic/SP013D3_V1p4/apollo/SP013D3_V1p2_8MT' physical library. No physical link for the logical lib cell. (PSYN-058)
Warning: The pin direction of 'I' pin on 'POT16' cell in the 'SP013D3_V1p2_typ' technology library is inconsistent with the same-name pin in the '/home/eda/lib/smic/SP013D3_V1p4/apollo/SP013D3_V1p2_8MT' physical library. No physical link for the logical lib cell. (PSYN-058)
Warning: The pin direction of 'PAD' pin on 'POT16' cell in the 'SP013D3_V1p2_typ' technology library is inconsistent with the same-name pin in the '/home/eda/lib/smic/SP013D3_V1p4/apollo/SP013D3_V1p2_8MT' physical library. No physical link for the logical lib cell. (PSYN-058)
Warning: The pin direction of 'OEN' pin on 'PBL24' cell in the 'SP013D3_V1p2_typ' technology library is inconsistent with the same-name pin in the '/home/eda/lib/smic/SP013D3_V1p4/apollo/SP013D3_V1p2_8MT' physical library. No physical link for the logical lib cell. (PSYN-058)
Warning: The pin direction of 'I' pin on 'PBL24' cell in the 'SP013D3_V1p2_typ' technology library is inconsistent with the same-name pin in the '/home/eda/lib/smic/SP013D3_V1p4/apollo/SP013D3_V1p2_8MT' physical library. No physical link for the logical lib cell. (PSYN-058)
Warning: The pin direction of 'C' pin on 'PBL24' cell in the 'SP013D3_V1p2_typ' technology library is inconsistent with the same-name pin in the '/home/eda/lib/smic/SP013D3_V1p4/apollo/SP013D3_V1p2_8MT' physical library. No physical link for the logical lib cell. (PSYN-058)
Warning: The pin direction of 'PAD' pin on 'PBL24' cell in the 'SP013D3_V1p2_typ' technology library is inconsistent with the same-name pin in the '/home/eda/lib/smic/SP013D3_V1p4/apollo/SP013D3_V1p2_8MT' physical library. No physical link for the logical lib cell. (PSYN-058)
Warning: The pin direction of 'OEN' pin on 'PBCD4' cell in the 'SP013D3_V1p2_typ' technology library is inconsistent with the same-name pin in the '/home/eda/lib/smic/SP013D3_V1p4/apollo/SP013D3_V1p2_8MT' physical library. No physical link for the logical lib cell. (PSYN-058)
Warning: The pin direction of 'I' pin on 'PBCD4' cell in the 'SP013D3_V1p2_typ' technology library is inconsistent with the same-name pin in the '/home/eda/lib/smic/SP013D3_V1p4/apollo/SP013D3_V1p2_8MT' physical library. No physical link for the logical lib cell. (PSYN-058)
Warning: The pin direction of 'REN' pin on 'PBCD4' cell in the 'SP013D3_V1p2_typ' technology library is inconsistent with the same-name pin in the '/home/eda/lib/smic/SP013D3_V1p4/apollo/SP013D3_V1p2_8MT' physical library. No physical link for the logical lib cell. (PSYN-058)
Warning: The pin direction of 'C' pin on 'PBCD4' cell in the 'SP013D3_V1p2_typ' technology library is inconsistent with the same-name pin in the '/home/eda/lib/smic/SP013D3_V1p4/apollo/SP013D3_V1p2_8MT' physical library. No physical link for the logical lib cell. (PSYN-058)
Warning: The pin direction of 'PAD' pin on 'PBCD4' cell in the 'SP013D3_V1p2_typ' technology library is inconsistent with the same-name pin in the '/home/eda/lib/smic/SP013D3_V1p4/apollo/SP013D3_V1p2_8MT' physical library. No physical link for the logical lib cell. (PSYN-058)
Warning: The pin direction of 'OEN' pin on 'PBCU4' cell in the 'SP013D3_V1p2_typ' technology library is inconsistent with the same-name pin in the '/home/eda/lib/smic/SP013D3_V1p4/apollo/SP013D3_V1p2_8MT' physical library. No physical link for the logical lib cell. (PSYN-058)
Warning: The pin direction of 'I' pin on 'PBCU4' cell in the 'SP013D3_V1p2_typ' technology library is inconsistent with the same-name pin in the '/home/eda/lib/smic/SP013D3_V1p4/apollo/SP013D3_V1p2_8MT' physical library. No physical link for the logical lib cell. (PSYN-058)
Warning: The pin direction of 'REN' pin on 'PBCU4' cell in the 'SP013D3_V1p2_typ' technology library is inconsistent with the same-name pin in the '/home/eda/lib/smic/SP013D3_V1p4/apollo/SP013D3_V1p2_8MT' physical library. No physical link for the logical lib cell. (PSYN-058)
Warning: The pin direction of 'C' pin on 'PBCU4' cell in the 'SP013D3_V1p2_typ' technology library is inconsistent with the same-name pin in the '/home/eda/lib/smic/SP013D3_V1p4/apollo/SP013D3_V1p2_8MT' physical library. No physical link for the logical lib cell. (PSYN-058)
Warning: The pin direction of 'PAD' pin on 'PBCU4' cell in the 'SP013D3_V1p2_typ' technology library is inconsistent with the same-name pin in the '/home/eda/lib/smic/SP013D3_V1p4/apollo/SP013D3_V1p2_8MT' physical library. No physical link for the logical lib cell. (PSYN-058)
Warning: The pin direction of 'OEN' pin on 'PBS24' cell in the 'SP013D3_V1p2_typ' technology library is inconsistent with the same-name pin in the '/home/eda/lib/smic/SP013D3_V1p4/apollo/SP013D3_V1p2_8MT' physical library. No physical link for the logical lib cell. (PSYN-058)
Warning: The pin direction of 'I' pin on 'PBS24' cell in the 'SP013D3_V1p2_typ' technology library is inconsistent with the same-name pin in the '/home/eda/lib/smic/SP013D3_V1p4/apollo/SP013D3_V1p2_8MT' physical library. No physical link for the logical lib cell. (PSYN-058)
Warning: The pin direction of 'C' pin on 'PBS24' cell in the 'SP013D3_V1p2_typ' technology library is inconsistent with the same-name pin in the '/home/eda/lib/smic/SP013D3_V1p4/apollo/SP013D3_V1p2_8MT' physical library. No physical link for the logical lib cell. (PSYN-058)
Warning: The pin direction of 'PAD' pin on 'PBS24' cell in the 'SP013D3_V1p2_typ' technology library is inconsistent with the same-name pin in the '/home/eda/lib/smic/SP013D3_V1p4/apollo/SP013D3_V1p2_8MT' physical library. No physical link for the logical lib cell. (PSYN-058)
Warning: The pin direction of 'OEN' pin on 'PBSD4' cell in the 'SP013D3_V1p2_typ' technology library is inconsistent with the same-name pin in the '/home/eda/lib/smic/SP013D3_V1p4/apollo/SP013D3_V1p2_8MT' physical library. No physical link for the logical lib cell. (PSYN-058)
Warning: The pin direction of 'I' pin on 'PBSD4' cell in the 'SP013D3_V1p2_typ' technology library is inconsistent with the same-name pin in the '/home/eda/lib/smic/SP013D3_V1p4/apollo/SP013D3_V1p2_8MT' physical library. No physical link for the logical lib cell. (PSYN-058)
Warning: The pin direction of 'C' pin on 'PBSD4' cell in the 'SP013D3_V1p2_typ' technology library is inconsistent with the same-name pin in the '/home/eda/lib/smic/SP013D3_V1p4/apollo/SP013D3_V1p2_8MT' physical library. No physical link for the logical lib cell. (PSYN-058)
Warning: The pin direction of 'PAD' pin on 'PBSD4' cell in the 'SP013D3_V1p2_typ' technology library is inconsistent with the same-name pin in the '/home/eda/lib/smic/SP013D3_V1p4/apollo/SP013D3_V1p2_8MT' physical library. No physical link for the logical lib cell. (PSYN-058)
Warning: The pin direction of 'OEN' pin on 'PBSU4' cell in the 'SP013D3_V1p2_typ' technology library is inconsistent with the same-name pin in the '/home/eda/lib/smic/SP013D3_V1p4/apollo/SP013D3_V1p2_8MT' physical library. No physical link for the logical lib cell. (PSYN-058)
Warning: The pin direction of 'I' pin on 'PBSU4' cell in the 'SP013D3_V1p2_typ' technology library is inconsistent with the same-name pin in the '/home/eda/lib/smic/SP013D3_V1p4/apollo/SP013D3_V1p2_8MT' physical library. No physical link for the logical lib cell. (PSYN-058)
Warning: The pin direction of 'C' pin on 'PBSU4' cell in the 'SP013D3_V1p2_typ' technology library is inconsistent with the same-name pin in the '/home/eda/lib/smic/SP013D3_V1p4/apollo/SP013D3_V1p2_8MT' physical library. No physical link for the logical lib cell. (PSYN-058)
Warning: The pin direction of 'PAD' pin on 'PBSU4' cell in the 'SP013D3_V1p2_typ' technology library is inconsistent with the same-name pin in the '/home/eda/lib/smic/SP013D3_V1p4/apollo/SP013D3_V1p2_8MT' physical library. No physical link for the logical lib cell. (PSYN-058)
Warning: The pin direction of 'OEN' pin on 'PBU24' cell in the 'SP013D3_V1p2_typ' technology library is inconsistent with the same-name pin in the '/home/eda/lib/smic/SP013D3_V1p4/apollo/SP013D3_V1p2_8MT' physical library. No physical link for the logical lib cell. (PSYN-058)
Warning: The pin direction of 'I' pin on 'PBU24' cell in the 'SP013D3_V1p2_typ' technology library is inconsistent with the same-name pin in the '/home/eda/lib/smic/SP013D3_V1p4/apollo/SP013D3_V1p2_8MT' physical library. No physical link for the logical lib cell. (PSYN-058)
Warning: The pin direction of 'C' pin on 'PBU24' cell in the 'SP013D3_V1p2_typ' technology library is inconsistent with the same-name pin in the '/home/eda/lib/smic/SP013D3_V1p4/apollo/SP013D3_V1p2_8MT' physical library. No physical link for the logical lib cell. (PSYN-058)
Warning: The pin direction of 'PAD' pin on 'PBU24' cell in the 'SP013D3_V1p2_typ' technology library is inconsistent with the same-name pin in the '/home/eda/lib/smic/SP013D3_V1p4/apollo/SP013D3_V1p2_8MT' physical library. No physical link for the logical lib cell. (PSYN-058)
Warning: The pin direction of 'OEN' pin on 'PBD24' cell in the 'SP013D3_V1p2_typ' technology library is inconsistent with the same-name pin in the '/home/eda/lib/smic/SP013D3_V1p4/apollo/SP013D3_V1p2_8MT' physical library. No physical link for the logical lib cell. (PSYN-058)
Warning: The pin direction of 'I' pin on 'PBD24' cell in the 'SP013D3_V1p2_typ' technology library is inconsistent with the same-name pin in the '/home/eda/lib/smic/SP013D3_V1p4/apollo/SP013D3_V1p2_8MT' physical library. No physical link for the logical lib cell. (PSYN-058)
Warning: The pin direction of 'C' pin on 'PBD24' cell in the 'SP013D3_V1p2_typ' technology library is inconsistent with the same-name pin in the '/home/eda/lib/smic/SP013D3_V1p4/apollo/SP013D3_V1p2_8MT' physical library. No physical link for the logical lib cell. (PSYN-058)
Warning: The pin direction of 'PAD' pin on 'PBD24' cell in the 'SP013D3_V1p2_typ' technology library is inconsistent with the same-name pin in the '/home/eda/lib/smic/SP013D3_V1p4/apollo/SP013D3_V1p2_8MT' physical library. No physical link for the logical lib cell. (PSYN-058)
Warning: The pin direction of 'I' pin on 'POL24' cell in the 'SP013D3_V1p2_typ' technology library is inconsistent with the same-name pin in the '/home/eda/lib/smic/SP013D3_V1p4/apollo/SP013D3_V1p2_8MT' physical library. No physical link for the logical lib cell. (PSYN-058)
Warning: The pin direction of 'PAD' pin on 'POL24' cell in the 'SP013D3_V1p2_typ' technology library is inconsistent with the same-name pin in the '/home/eda/lib/smic/SP013D3_V1p4/apollo/SP013D3_V1p2_8MT' physical library. No physical link for the logical lib cell. (PSYN-058)
Warning: The pin direction of 'OEN' pin on 'POT24' cell in the 'SP013D3_V1p2_typ' technology library is inconsistent with the same-name pin in the '/home/eda/lib/smic/SP013D3_V1p4/apollo/SP013D3_V1p2_8MT' physical library. No physical link for the logical lib cell. (PSYN-058)
Warning: The pin direction of 'I' pin on 'POT24' cell in the 'SP013D3_V1p2_typ' technology library is inconsistent with the same-name pin in the '/home/eda/lib/smic/SP013D3_V1p4/apollo/SP013D3_V1p2_8MT' physical library. No physical link for the logical lib cell. (PSYN-058)
Warning: The pin direction of 'PAD' pin on 'POT24' cell in the 'SP013D3_V1p2_typ' technology library is inconsistent with the same-name pin in the '/home/eda/lib/smic/SP013D3_V1p4/apollo/SP013D3_V1p2_8MT' physical library. No physical link for the logical lib cell. (PSYN-058)
Warning: The pin direction of 'VSS' pin on 'PVSS3' cell in the 'SP013D3_V1p2_typ' technology library is inconsistent with the same-name pin in the '/home/eda/lib/smic/SP013D3_V1p4/apollo/SP013D3_V1p2_8MT' physical library. No physical link for the logical lib cell. (PSYN-058)
Warning: The pin direction of 'XIN' pin on 'PXWE3' cell in the 'SP013D3_V1p2_typ' technology library is inconsistent with the same-name pin in the '/home/eda/lib/smic/SP013D3_V1p4/apollo/SP013D3_V1p2_8MT' physical library. No physical link for the logical lib cell. (PSYN-058)
Warning: The pin direction of 'E' pin on 'PXWE3' cell in the 'SP013D3_V1p2_typ' technology library is inconsistent with the same-name pin in the '/home/eda/lib/smic/SP013D3_V1p4/apollo/SP013D3_V1p2_8MT' physical library. No physical link for the logical lib cell. (PSYN-058)
Warning: The pin direction of 'XOUT' pin on 'PXWE3' cell in the 'SP013D3_V1p2_typ' technology library is inconsistent with the same-name pin in the '/home/eda/lib/smic/SP013D3_V1p4/apollo/SP013D3_V1p2_8MT' physical library. No physical link for the logical lib cell. (PSYN-058)
Warning: The pin direction of 'XC' pin on 'PXWE3' cell in the 'SP013D3_V1p2_typ' technology library is inconsistent with the same-name pin in the '/home/eda/lib/smic/SP013D3_V1p4/apollo/SP013D3_V1p2_8MT' physical library. No physical link for the logical lib cell. (PSYN-058)
Warning: The pin direction of 'OEN' pin on 'PBL12' cell in the 'SP013D3_V1p2_typ' technology library is inconsistent with the same-name pin in the '/home/eda/lib/smic/SP013D3_V1p4/apollo/SP013D3_V1p2_8MT' physical library. No physical link for the logical lib cell. (PSYN-058)
Warning: The pin direction of 'I' pin on 'PBL12' cell in the 'SP013D3_V1p2_typ' technology library is inconsistent with the same-name pin in the '/home/eda/lib/smic/SP013D3_V1p4/apollo/SP013D3_V1p2_8MT' physical library. No physical link for the logical lib cell. (PSYN-058)
Warning: The pin direction of 'C' pin on 'PBL12' cell in the 'SP013D3_V1p2_typ' technology library is inconsistent with the same-name pin in the '/home/eda/lib/smic/SP013D3_V1p4/apollo/SP013D3_V1p2_8MT' physical library. No physical link for the logical lib cell. (PSYN-058)
Warning: The pin direction of 'PAD' pin on 'PBL12' cell in the 'SP013D3_V1p2_typ' technology library is inconsistent with the same-name pin in the '/home/eda/lib/smic/SP013D3_V1p4/apollo/SP013D3_V1p2_8MT' physical library. No physical link for the logical lib cell. (PSYN-058)
Warning: The pin direction of 'OEN' pin on 'PBCD8' cell in the 'SP013D3_V1p2_typ' technology library is inconsistent with the same-name pin in the '/home/eda/lib/smic/SP013D3_V1p4/apollo/SP013D3_V1p2_8MT' physical library. No physical link for the logical lib cell. (PSYN-058)
Warning: The pin direction of 'I' pin on 'PBCD8' cell in the 'SP013D3_V1p2_typ' technology library is inconsistent with the same-name pin in the '/home/eda/lib/smic/SP013D3_V1p4/apollo/SP013D3_V1p2_8MT' physical library. No physical link for the logical lib cell. (PSYN-058)
Warning: The pin direction of 'REN' pin on 'PBCD8' cell in the 'SP013D3_V1p2_typ' technology library is inconsistent with the same-name pin in the '/home/eda/lib/smic/SP013D3_V1p4/apollo/SP013D3_V1p2_8MT' physical library. No physical link for the logical lib cell. (PSYN-058)
Warning: The pin direction of 'C' pin on 'PBCD8' cell in the 'SP013D3_V1p2_typ' technology library is inconsistent with the same-name pin in the '/home/eda/lib/smic/SP013D3_V1p4/apollo/SP013D3_V1p2_8MT' physical library. No physical link for the logical lib cell. (PSYN-058)
Warning: The pin direction of 'PAD' pin on 'PBCD8' cell in the 'SP013D3_V1p2_typ' technology library is inconsistent with the same-name pin in the '/home/eda/lib/smic/SP013D3_V1p4/apollo/SP013D3_V1p2_8MT' physical library. No physical link for the logical lib cell. (PSYN-058)
Warning: The pin direction of 'OEN' pin on 'PBCD2' cell in the 'SP013D3_V1p2_typ' technology library is inconsistent with the same-name pin in the '/home/eda/lib/smic/SP013D3_V1p4/apollo/SP013D3_V1p2_8MT' physical library. No physical link for the logical lib cell. (PSYN-058)
Warning: The pin direction of 'I' pin on 'PBCD2' cell in the 'SP013D3_V1p2_typ' technology library is inconsistent with the same-name pin in the '/home/eda/lib/smic/SP013D3_V1p4/apollo/SP013D3_V1p2_8MT' physical library. No physical link for the logical lib cell. (PSYN-058)
Warning: The pin direction of 'REN' pin on 'PBCD2' cell in the 'SP013D3_V1p2_typ' technology library is inconsistent with the same-name pin in the '/home/eda/lib/smic/SP013D3_V1p4/apollo/SP013D3_V1p2_8MT' physical library. No physical link for the logical lib cell. (PSYN-058)
Warning: The pin direction of 'C' pin on 'PBCD2' cell in the 'SP013D3_V1p2_typ' technology library is inconsistent with the same-name pin in the '/home/eda/lib/smic/SP013D3_V1p4/apollo/SP013D3_V1p2_8MT' physical library. No physical link for the logical lib cell. (PSYN-058)
Warning: The pin direction of 'PAD' pin on 'PBCD2' cell in the 'SP013D3_V1p2_typ' technology library is inconsistent with the same-name pin in the '/home/eda/lib/smic/SP013D3_V1p4/apollo/SP013D3_V1p2_8MT' physical library. No physical link for the logical lib cell. (PSYN-058)
Warning: The pin direction of 'OEN' pin on 'PBCU8' cell in the 'SP013D3_V1p2_typ' technology library is inconsistent with the same-name pin in the '/home/eda/lib/smic/SP013D3_V1p4/apollo/SP013D3_V1p2_8MT' physical library. No physical link for the logical lib cell. (PSYN-058)
Warning: The pin direction of 'I' pin on 'PBCU8' cell in the 'SP013D3_V1p2_typ' technology library is inconsistent with the same-name pin in the '/home/eda/lib/smic/SP013D3_V1p4/apollo/SP013D3_V1p2_8MT' physical library. No physical link for the logical lib cell. (PSYN-058)
Warning: The pin direction of 'REN' pin on 'PBCU8' cell in the 'SP013D3_V1p2_typ' technology library is inconsistent with the same-name pin in the '/home/eda/lib/smic/SP013D3_V1p4/apollo/SP013D3_V1p2_8MT' physical library. No physical link for the logical lib cell. (PSYN-058)
Warning: The pin direction of 'C' pin on 'PBCU8' cell in the 'SP013D3_V1p2_typ' technology library is inconsistent with the same-name pin in the '/home/eda/lib/smic/SP013D3_V1p4/apollo/SP013D3_V1p2_8MT' physical library. No physical link for the logical lib cell. (PSYN-058)
Warning: The pin direction of 'PAD' pin on 'PBCU8' cell in the 'SP013D3_V1p2_typ' technology library is inconsistent with the same-name pin in the '/home/eda/lib/smic/SP013D3_V1p4/apollo/SP013D3_V1p2_8MT' physical library. No physical link for the logical lib cell. (PSYN-058)
Warning: The pin direction of 'OEN' pin on 'PBCU2' cell in the 'SP013D3_V1p2_typ' technology library is inconsistent with the same-name pin in the '/home/eda/lib/smic/SP013D3_V1p4/apollo/SP013D3_V1p2_8MT' physical library. No physical link for the logical lib cell. (PSYN-058)
Warning: The pin direction of 'I' pin on 'PBCU2' cell in the 'SP013D3_V1p2_typ' technology library is inconsistent with the same-name pin in the '/home/eda/lib/smic/SP013D3_V1p4/apollo/SP013D3_V1p2_8MT' physical library. No physical link for the logical lib cell. (PSYN-058)
Warning: The pin direction of 'REN' pin on 'PBCU2' cell in the 'SP013D3_V1p2_typ' technology library is inconsistent with the same-name pin in the '/home/eda/lib/smic/SP013D3_V1p4/apollo/SP013D3_V1p2_8MT' physical library. No physical link for the logical lib cell. (PSYN-058)
Warning: The pin direction of 'C' pin on 'PBCU2' cell in the 'SP013D3_V1p2_typ' technology library is inconsistent with the same-name pin in the '/home/eda/lib/smic/SP013D3_V1p4/apollo/SP013D3_V1p2_8MT' physical library. No physical link for the logical lib cell. (PSYN-058)
Warning: The pin direction of 'PAD' pin on 'PBCU2' cell in the 'SP013D3_V1p2_typ' technology library is inconsistent with the same-name pin in the '/home/eda/lib/smic/SP013D3_V1p4/apollo/SP013D3_V1p2_8MT' physical library. No physical link for the logical lib cell. (PSYN-058)
Warning: The pin direction of 'OEN' pin on 'PBSL8' cell in the 'SP013D3_V1p2_typ' technology library is inconsistent with the same-name pin in the '/home/eda/lib/smic/SP013D3_V1p4/apollo/SP013D3_V1p2_8MT' physical library. No physical link for the logical lib cell. (PSYN-058)
Warning: The pin direction of 'I' pin on 'PBSL8' cell in the 'SP013D3_V1p2_typ' technology library is inconsistent with the same-name pin in the '/home/eda/lib/smic/SP013D3_V1p4/apollo/SP013D3_V1p2_8MT' physical library. No physical link for the logical lib cell. (PSYN-058)
Warning: The pin direction of 'C' pin on 'PBSL8' cell in the 'SP013D3_V1p2_typ' technology library is inconsistent with the same-name pin in the '/home/eda/lib/smic/SP013D3_V1p4/apollo/SP013D3_V1p2_8MT' physical library. No physical link for the logical lib cell. (PSYN-058)
Warning: The pin direction of 'PAD' pin on 'PBSL8' cell in the 'SP013D3_V1p2_typ' technology library is inconsistent with the same-name pin in the '/home/eda/lib/smic/SP013D3_V1p4/apollo/SP013D3_V1p2_8MT' physical library. No physical link for the logical lib cell. (PSYN-058)
Warning: The pin direction of 'OEN' pin on 'PBS12' cell in the 'SP013D3_V1p2_typ' technology library is inconsistent with the same-name pin in the '/home/eda/lib/smic/SP013D3_V1p4/apollo/SP013D3_V1p2_8MT' physical library. No physical link for the logical lib cell. (PSYN-058)
Warning: The pin direction of 'I' pin on 'PBS12' cell in the 'SP013D3_V1p2_typ' technology library is inconsistent with the same-name pin in the '/home/eda/lib/smic/SP013D3_V1p4/apollo/SP013D3_V1p2_8MT' physical library. No physical link for the logical lib cell. (PSYN-058)
Warning: The pin direction of 'C' pin on 'PBS12' cell in the 'SP013D3_V1p2_typ' technology library is inconsistent with the same-name pin in the '/home/eda/lib/smic/SP013D3_V1p4/apollo/SP013D3_V1p2_8MT' physical library. No physical link for the logical lib cell. (PSYN-058)
Warning: The pin direction of 'PAD' pin on 'PBS12' cell in the 'SP013D3_V1p2_typ' technology library is inconsistent with the same-name pin in the '/home/eda/lib/smic/SP013D3_V1p4/apollo/SP013D3_V1p2_8MT' physical library. No physical link for the logical lib cell. (PSYN-058)
Warning: The pin direction of 'OEN' pin on 'PBSD8' cell in the 'SP013D3_V1p2_typ' technology library is inconsistent with the same-name pin in the '/home/eda/lib/smic/SP013D3_V1p4/apollo/SP013D3_V1p2_8MT' physical library. No physical link for the logical lib cell. (PSYN-058)
Warning: The pin direction of 'I' pin on 'PBSD8' cell in the 'SP013D3_V1p2_typ' technology library is inconsistent with the same-name pin in the '/home/eda/lib/smic/SP013D3_V1p4/apollo/SP013D3_V1p2_8MT' physical library. No physical link for the logical lib cell. (PSYN-058)
Warning: The pin direction of 'C' pin on 'PBSD8' cell in the 'SP013D3_V1p2_typ' technology library is inconsistent with the same-name pin in the '/home/eda/lib/smic/SP013D3_V1p4/apollo/SP013D3_V1p2_8MT' physical library. No physical link for the logical lib cell. (PSYN-058)
Warning: The pin direction of 'PAD' pin on 'PBSD8' cell in the 'SP013D3_V1p2_typ' technology library is inconsistent with the same-name pin in the '/home/eda/lib/smic/SP013D3_V1p4/apollo/SP013D3_V1p2_8MT' physical library. No physical link for the logical lib cell. (PSYN-058)
Warning: The pin direction of 'OEN' pin on 'PBSD2' cell in the 'SP013D3_V1p2_typ' technology library is inconsistent with the same-name pin in the '/home/eda/lib/smic/SP013D3_V1p4/apollo/SP013D3_V1p2_8MT' physical library. No physical link for the logical lib cell. (PSYN-058)
Warning: The pin direction of 'I' pin on 'PBSD2' cell in the 'SP013D3_V1p2_typ' technology library is inconsistent with the same-name pin in the '/home/eda/lib/smic/SP013D3_V1p4/apollo/SP013D3_V1p2_8MT' physical library. No physical link for the logical lib cell. (PSYN-058)
Warning: The pin direction of 'C' pin on 'PBSD2' cell in the 'SP013D3_V1p2_typ' technology library is inconsistent with the same-name pin in the '/home/eda/lib/smic/SP013D3_V1p4/apollo/SP013D3_V1p2_8MT' physical library. No physical link for the logical lib cell. (PSYN-058)
Warning: The pin direction of 'PAD' pin on 'PBSD2' cell in the 'SP013D3_V1p2_typ' technology library is inconsistent with the same-name pin in the '/home/eda/lib/smic/SP013D3_V1p4/apollo/SP013D3_V1p2_8MT' physical library. No physical link for the logical lib cell. (PSYN-058)
Warning: The pin direction of 'OEN' pin on 'PBSU2' cell in the 'SP013D3_V1p2_typ' technology library is inconsistent with the same-name pin in the '/home/eda/lib/smic/SP013D3_V1p4/apollo/SP013D3_V1p2_8MT' physical library. No physical link for the logical lib cell. (PSYN-058)
Warning: The pin direction of 'I' pin on 'PBSU2' cell in the 'SP013D3_V1p2_typ' technology library is inconsistent with the same-name pin in the '/home/eda/lib/smic/SP013D3_V1p4/apollo/SP013D3_V1p2_8MT' physical library. No physical link for the logical lib cell. (PSYN-058)
Warning: The pin direction of 'C' pin on 'PBSU2' cell in the 'SP013D3_V1p2_typ' technology library is inconsistent with the same-name pin in the '/home/eda/lib/smic/SP013D3_V1p4/apollo/SP013D3_V1p2_8MT' physical library. No physical link for the logical lib cell. (PSYN-058)
Warning: The pin direction of 'PAD' pin on 'PBSU2' cell in the 'SP013D3_V1p2_typ' technology library is inconsistent with the same-name pin in the '/home/eda/lib/smic/SP013D3_V1p4/apollo/SP013D3_V1p2_8MT' physical library. No physical link for the logical lib cell. (PSYN-058)
Warning: The pin direction of 'OEN' pin on 'PBSU8' cell in the 'SP013D3_V1p2_typ' technology library is inconsistent with the same-name pin in the '/home/eda/lib/smic/SP013D3_V1p4/apollo/SP013D3_V1p2_8MT' physical library. No physical link for the logical lib cell. (PSYN-058)
Warning: The pin direction of 'I' pin on 'PBSU8' cell in the 'SP013D3_V1p2_typ' technology library is inconsistent with the same-name pin in the '/home/eda/lib/smic/SP013D3_V1p4/apollo/SP013D3_V1p2_8MT' physical library. No physical link for the logical lib cell. (PSYN-058)
Warning: The pin direction of 'C' pin on 'PBSU8' cell in the 'SP013D3_V1p2_typ' technology library is inconsistent with the same-name pin in the '/home/eda/lib/smic/SP013D3_V1p4/apollo/SP013D3_V1p2_8MT' physical library. No physical link for the logical lib cell. (PSYN-058)
Warning: The pin direction of 'PAD' pin on 'PBSU8' cell in the 'SP013D3_V1p2_typ' technology library is inconsistent with the same-name pin in the '/home/eda/lib/smic/SP013D3_V1p4/apollo/SP013D3_V1p2_8MT' physical library. No physical link for the logical lib cell. (PSYN-058)
Warning: The pin direction of 'OEN' pin on 'PBUL8' cell in the 'SP013D3_V1p2_typ' technology library is inconsistent with the same-name pin in the '/home/eda/lib/smic/SP013D3_V1p4/apollo/SP013D3_V1p2_8MT' physical library. No physical link for the logical lib cell. (PSYN-058)
Warning: The pin direction of 'I' pin on 'PBUL8' cell in the 'SP013D3_V1p2_typ' technology library is inconsistent with the same-name pin in the '/home/eda/lib/smic/SP013D3_V1p4/apollo/SP013D3_V1p2_8MT' physical library. No physical link for the logical lib cell. (PSYN-058)
Warning: The pin direction of 'C' pin on 'PBUL8' cell in the 'SP013D3_V1p2_typ' technology library is inconsistent with the same-name pin in the '/home/eda/lib/smic/SP013D3_V1p4/apollo/SP013D3_V1p2_8MT' physical library. No physical link for the logical lib cell. (PSYN-058)
Warning: The pin direction of 'PAD' pin on 'PBUL8' cell in the 'SP013D3_V1p2_typ' technology library is inconsistent with the same-name pin in the '/home/eda/lib/smic/SP013D3_V1p4/apollo/SP013D3_V1p2_8MT' physical library. No physical link for the logical lib cell. (PSYN-058)
Warning: The pin direction of 'OEN' pin on 'PBU12' cell in the 'SP013D3_V1p2_typ' technology library is inconsistent with the same-name pin in the '/home/eda/lib/smic/SP013D3_V1p4/apollo/SP013D3_V1p2_8MT' physical library. No physical link for the logical lib cell. (PSYN-058)
Warning: The pin direction of 'I' pin on 'PBU12' cell in the 'SP013D3_V1p2_typ' technology library is inconsistent with the same-name pin in the '/home/eda/lib/smic/SP013D3_V1p4/apollo/SP013D3_V1p2_8MT' physical library. No physical link for the logical lib cell. (PSYN-058)
Warning: The pin direction of 'C' pin on 'PBU12' cell in the 'SP013D3_V1p2_typ' technology library is inconsistent with the same-name pin in the '/home/eda/lib/smic/SP013D3_V1p4/apollo/SP013D3_V1p2_8MT' physical library. No physical link for the logical lib cell. (PSYN-058)
Warning: The pin direction of 'PAD' pin on 'PBU12' cell in the 'SP013D3_V1p2_typ' technology library is inconsistent with the same-name pin in the '/home/eda/lib/smic/SP013D3_V1p4/apollo/SP013D3_V1p2_8MT' physical library. No physical link for the logical lib cell. (PSYN-058)
Warning: The pin direction of 'OEN' pin on 'PBDL8' cell in the 'SP013D3_V1p2_typ' technology library is inconsistent with the same-name pin in the '/home/eda/lib/smic/SP013D3_V1p4/apollo/SP013D3_V1p2_8MT' physical library. No physical link for the logical lib cell. (PSYN-058)
Warning: The pin direction of 'I' pin on 'PBDL8' cell in the 'SP013D3_V1p2_typ' technology library is inconsistent with the same-name pin in the '/home/eda/lib/smic/SP013D3_V1p4/apollo/SP013D3_V1p2_8MT' physical library. No physical link for the logical lib cell. (PSYN-058)
Warning: The pin direction of 'C' pin on 'PBDL8' cell in the 'SP013D3_V1p2_typ' technology library is inconsistent with the same-name pin in the '/home/eda/lib/smic/SP013D3_V1p4/apollo/SP013D3_V1p2_8MT' physical library. No physical link for the logical lib cell. (PSYN-058)
Warning: The pin direction of 'PAD' pin on 'PBDL8' cell in the 'SP013D3_V1p2_typ' technology library is inconsistent with the same-name pin in the '/home/eda/lib/smic/SP013D3_V1p4/apollo/SP013D3_V1p2_8MT' physical library. No physical link for the logical lib cell. (PSYN-058)
Warning: The pin direction of 'OEN' pin on 'PBD12' cell in the 'SP013D3_V1p2_typ' technology library is inconsistent with the same-name pin in the '/home/eda/lib/smic/SP013D3_V1p4/apollo/SP013D3_V1p2_8MT' physical library. No physical link for the logical lib cell. (PSYN-058)
Warning: The pin direction of 'I' pin on 'PBD12' cell in the 'SP013D3_V1p2_typ' technology library is inconsistent with the same-name pin in the '/home/eda/lib/smic/SP013D3_V1p4/apollo/SP013D3_V1p2_8MT' physical library. No physical link for the logical lib cell. (PSYN-058)
Warning: The pin direction of 'C' pin on 'PBD12' cell in the 'SP013D3_V1p2_typ' technology library is inconsistent with the same-name pin in the '/home/eda/lib/smic/SP013D3_V1p4/apollo/SP013D3_V1p2_8MT' physical library. No physical link for the logical lib cell. (PSYN-058)
Warning: The pin direction of 'PAD' pin on 'PBD12' cell in the 'SP013D3_V1p2_typ' technology library is inconsistent with the same-name pin in the '/home/eda/lib/smic/SP013D3_V1p4/apollo/SP013D3_V1p2_8MT' physical library. No physical link for the logical lib cell. (PSYN-058)
Warning: The pin direction of 'I' pin on 'POL12' cell in the 'SP013D3_V1p2_typ' technology library is inconsistent with the same-name pin in the '/home/eda/lib/smic/SP013D3_V1p4/apollo/SP013D3_V1p2_8MT' physical library. No physical link for the logical lib cell. (PSYN-058)
Warning: The pin direction of 'PAD' pin on 'POL12' cell in the 'SP013D3_V1p2_typ' technology library is inconsistent with the same-name pin in the '/home/eda/lib/smic/SP013D3_V1p4/apollo/SP013D3_V1p2_8MT' physical library. No physical link for the logical lib cell. (PSYN-058)
Warning: The pin direction of 'OEN' pin on 'POTL8' cell in the 'SP013D3_V1p2_typ' technology library is inconsistent with the same-name pin in the '/home/eda/lib/smic/SP013D3_V1p4/apollo/SP013D3_V1p2_8MT' physical library. No physical link for the logical lib cell. (PSYN-058)
Warning: The pin direction of 'I' pin on 'POTL8' cell in the 'SP013D3_V1p2_typ' technology library is inconsistent with the same-name pin in the '/home/eda/lib/smic/SP013D3_V1p4/apollo/SP013D3_V1p2_8MT' physical library. No physical link for the logical lib cell. (PSYN-058)
Warning: The pin direction of 'PAD' pin on 'POTL8' cell in the 'SP013D3_V1p2_typ' technology library is inconsistent with the same-name pin in the '/home/eda/lib/smic/SP013D3_V1p4/apollo/SP013D3_V1p2_8MT' physical library. No physical link for the logical lib cell. (PSYN-058)
Warning: The pin direction of 'OEN' pin on 'POT12' cell in the 'SP013D3_V1p2_typ' technology library is inconsistent with the same-name pin in the '/home/eda/lib/smic/SP013D3_V1p4/apollo/SP013D3_V1p2_8MT' physical library. No physical link for the logical lib cell. (PSYN-058)
Warning: The pin direction of 'I' pin on 'POT12' cell in the 'SP013D3_V1p2_typ' technology library is inconsistent with the same-name pin in the '/home/eda/lib/smic/SP013D3_V1p4/apollo/SP013D3_V1p2_8MT' physical library. No physical link for the logical lib cell. (PSYN-058)
Warning: The pin direction of 'PAD' pin on 'POT12' cell in the 'SP013D3_V1p2_typ' technology library is inconsistent with the same-name pin in the '/home/eda/lib/smic/SP013D3_V1p4/apollo/SP013D3_V1p2_8MT' physical library. No physical link for the logical lib cell. (PSYN-058)
Warning: The pin direction of 'XIN' pin on 'PXWE2' cell in the 'SP013D3_V1p2_typ' technology library is inconsistent with the same-name pin in the '/home/eda/lib/smic/SP013D3_V1p4/apollo/SP013D3_V1p2_8MT' physical library. No physical link for the logical lib cell. (PSYN-058)
Warning: The pin direction of 'E' pin on 'PXWE2' cell in the 'SP013D3_V1p2_typ' technology library is inconsistent with the same-name pin in the '/home/eda/lib/smic/SP013D3_V1p4/apollo/SP013D3_V1p2_8MT' physical library. No physical link for the logical lib cell. (PSYN-058)
Warning: The pin direction of 'XOUT' pin on 'PXWE2' cell in the 'SP013D3_V1p2_typ' technology library is inconsistent with the same-name pin in the '/home/eda/lib/smic/SP013D3_V1p4/apollo/SP013D3_V1p2_8MT' physical library. No physical link for the logical lib cell. (PSYN-058)
Warning: The pin direction of 'XC' pin on 'PXWE2' cell in the 'SP013D3_V1p2_typ' technology library is inconsistent with the same-name pin in the '/home/eda/lib/smic/SP013D3_V1p4/apollo/SP013D3_V1p2_8MT' physical library. No physical link for the logical lib cell. (PSYN-058)
Warning: The pin direction of 'VSS' pin on 'PVSS1' cell in the 'SP013D3_V1p2_typ' technology library is inconsistent with the same-name pin in the '/home/eda/lib/smic/SP013D3_V1p4/apollo/SP013D3_V1p2_8MT' physical library. No physical link for the logical lib cell. (PSYN-058)
Warning: The pin direction of 'VDD' pin on 'PVDD1' cell in the 'SP013D3_V1p2_typ' technology library is inconsistent with the same-name pin in the '/home/eda/lib/smic/SP013D3_V1p4/apollo/SP013D3_V1p2_8MT' physical library. No physical link for the logical lib cell. (PSYN-058)
Warning: The pin direction of 'XIN' pin on 'PXWE1' cell in the 'SP013D3_V1p2_typ' technology library is inconsistent with the same-name pin in the '/home/eda/lib/smic/SP013D3_V1p4/apollo/SP013D3_V1p2_8MT' physical library. No physical link for the logical lib cell. (PSYN-058)
Warning: The pin direction of 'E' pin on 'PXWE1' cell in the 'SP013D3_V1p2_typ' technology library is inconsistent with the same-name pin in the '/home/eda/lib/smic/SP013D3_V1p4/apollo/SP013D3_V1p2_8MT' physical library. No physical link for the logical lib cell. (PSYN-058)
Warning: The pin direction of 'XOUT' pin on 'PXWE1' cell in the 'SP013D3_V1p2_typ' technology library is inconsistent with the same-name pin in the '/home/eda/lib/smic/SP013D3_V1p4/apollo/SP013D3_V1p2_8MT' physical library. No physical link for the logical lib cell. (PSYN-058)
Warning: The pin direction of 'XC' pin on 'PXWE1' cell in the 'SP013D3_V1p2_typ' technology library is inconsistent with the same-name pin in the '/home/eda/lib/smic/SP013D3_V1p4/apollo/SP013D3_V1p2_8MT' physical library. No physical link for the logical lib cell. (PSYN-058)
Warning: The pin direction of 'OEN' pin on 'PBCD16' cell in the 'SP013D3_V1p2_typ' technology library is inconsistent with the same-name pin in the '/home/eda/lib/smic/SP013D3_V1p4/apollo/SP013D3_V1p2_8MT' physical library. No physical link for the logical lib cell. (PSYN-058)
Warning: The pin direction of 'I' pin on 'PBCD16' cell in the 'SP013D3_V1p2_typ' technology library is inconsistent with the same-name pin in the '/home/eda/lib/smic/SP013D3_V1p4/apollo/SP013D3_V1p2_8MT' physical library. No physical link for the logical lib cell. (PSYN-058)
Warning: The pin direction of 'REN' pin on 'PBCD16' cell in the 'SP013D3_V1p2_typ' technology library is inconsistent with the same-name pin in the '/home/eda/lib/smic/SP013D3_V1p4/apollo/SP013D3_V1p2_8MT' physical library. No physical link for the logical lib cell. (PSYN-058)
Warning: The pin direction of 'C' pin on 'PBCD16' cell in the 'SP013D3_V1p2_typ' technology library is inconsistent with the same-name pin in the '/home/eda/lib/smic/SP013D3_V1p4/apollo/SP013D3_V1p2_8MT' physical library. No physical link for the logical lib cell. (PSYN-058)
Warning: The pin direction of 'PAD' pin on 'PBCD16' cell in the 'SP013D3_V1p2_typ' technology library is inconsistent with the same-name pin in the '/home/eda/lib/smic/SP013D3_V1p4/apollo/SP013D3_V1p2_8MT' physical library. No physical link for the logical lib cell. (PSYN-058)
Warning: The pin direction of 'OEN' pin on 'PBCU16' cell in the 'SP013D3_V1p2_typ' technology library is inconsistent with the same-name pin in the '/home/eda/lib/smic/SP013D3_V1p4/apollo/SP013D3_V1p2_8MT' physical library. No physical link for the logical lib cell. (PSYN-058)
Warning: The pin direction of 'I' pin on 'PBCU16' cell in the 'SP013D3_V1p2_typ' technology library is inconsistent with the same-name pin in the '/home/eda/lib/smic/SP013D3_V1p4/apollo/SP013D3_V1p2_8MT' physical library. No physical link for the logical lib cell. (PSYN-058)
Warning: The pin direction of 'REN' pin on 'PBCU16' cell in the 'SP013D3_V1p2_typ' technology library is inconsistent with the same-name pin in the '/home/eda/lib/smic/SP013D3_V1p4/apollo/SP013D3_V1p2_8MT' physical library. No physical link for the logical lib cell. (PSYN-058)
Warning: The pin direction of 'C' pin on 'PBCU16' cell in the 'SP013D3_V1p2_typ' technology library is inconsistent with the same-name pin in the '/home/eda/lib/smic/SP013D3_V1p4/apollo/SP013D3_V1p2_8MT' physical library. No physical link for the logical lib cell. (PSYN-058)
Warning: The pin direction of 'PAD' pin on 'PBCU16' cell in the 'SP013D3_V1p2_typ' technology library is inconsistent with the same-name pin in the '/home/eda/lib/smic/SP013D3_V1p4/apollo/SP013D3_V1p2_8MT' physical library. No physical link for the logical lib cell. (PSYN-058)
Warning: The pin direction of 'OEN' pin on 'PBSL16' cell in the 'SP013D3_V1p2_typ' technology library is inconsistent with the same-name pin in the '/home/eda/lib/smic/SP013D3_V1p4/apollo/SP013D3_V1p2_8MT' physical library. No physical link for the logical lib cell. (PSYN-058)
Warning: The pin direction of 'I' pin on 'PBSL16' cell in the 'SP013D3_V1p2_typ' technology library is inconsistent with the same-name pin in the '/home/eda/lib/smic/SP013D3_V1p4/apollo/SP013D3_V1p2_8MT' physical library. No physical link for the logical lib cell. (PSYN-058)
Warning: The pin direction of 'C' pin on 'PBSL16' cell in the 'SP013D3_V1p2_typ' technology library is inconsistent with the same-name pin in the '/home/eda/lib/smic/SP013D3_V1p4/apollo/SP013D3_V1p2_8MT' physical library. No physical link for the logical lib cell. (PSYN-058)
Warning: The pin direction of 'PAD' pin on 'PBSL16' cell in the 'SP013D3_V1p2_typ' technology library is inconsistent with the same-name pin in the '/home/eda/lib/smic/SP013D3_V1p4/apollo/SP013D3_V1p2_8MT' physical library. No physical link for the logical lib cell. (PSYN-058)
Warning: The pin direction of 'OEN' pin on 'PBSD16' cell in the 'SP013D3_V1p2_typ' technology library is inconsistent with the same-name pin in the '/home/eda/lib/smic/SP013D3_V1p4/apollo/SP013D3_V1p2_8MT' physical library. No physical link for the logical lib cell. (PSYN-058)
Warning: The pin direction of 'I' pin on 'PBSD16' cell in the 'SP013D3_V1p2_typ' technology library is inconsistent with the same-name pin in the '/home/eda/lib/smic/SP013D3_V1p4/apollo/SP013D3_V1p2_8MT' physical library. No physical link for the logical lib cell. (PSYN-058)
Warning: The pin direction of 'C' pin on 'PBSD16' cell in the 'SP013D3_V1p2_typ' technology library is inconsistent with the same-name pin in the '/home/eda/lib/smic/SP013D3_V1p4/apollo/SP013D3_V1p2_8MT' physical library. No physical link for the logical lib cell. (PSYN-058)
Warning: The pin direction of 'PAD' pin on 'PBSD16' cell in the 'SP013D3_V1p2_typ' technology library is inconsistent with the same-name pin in the '/home/eda/lib/smic/SP013D3_V1p4/apollo/SP013D3_V1p2_8MT' physical library. No physical link for the logical lib cell. (PSYN-058)
Warning: The pin direction of 'OEN' pin on 'PBSU16' cell in the 'SP013D3_V1p2_typ' technology library is inconsistent with the same-name pin in the '/home/eda/lib/smic/SP013D3_V1p4/apollo/SP013D3_V1p2_8MT' physical library. No physical link for the logical lib cell. (PSYN-058)
Warning: The pin direction of 'I' pin on 'PBSU16' cell in the 'SP013D3_V1p2_typ' technology library is inconsistent with the same-name pin in the '/home/eda/lib/smic/SP013D3_V1p4/apollo/SP013D3_V1p2_8MT' physical library. No physical link for the logical lib cell. (PSYN-058)
Warning: The pin direction of 'C' pin on 'PBSU16' cell in the 'SP013D3_V1p2_typ' technology library is inconsistent with the same-name pin in the '/home/eda/lib/smic/SP013D3_V1p4/apollo/SP013D3_V1p2_8MT' physical library. No physical link for the logical lib cell. (PSYN-058)
Warning: The pin direction of 'PAD' pin on 'PBSU16' cell in the 'SP013D3_V1p2_typ' technology library is inconsistent with the same-name pin in the '/home/eda/lib/smic/SP013D3_V1p4/apollo/SP013D3_V1p2_8MT' physical library. No physical link for the logical lib cell. (PSYN-058)
Warning: The pin direction of 'OEN' pin on 'PBUL16' cell in the 'SP013D3_V1p2_typ' technology library is inconsistent with the same-name pin in the '/home/eda/lib/smic/SP013D3_V1p4/apollo/SP013D3_V1p2_8MT' physical library. No physical link for the logical lib cell. (PSYN-058)
Warning: The pin direction of 'I' pin on 'PBUL16' cell in the 'SP013D3_V1p2_typ' technology library is inconsistent with the same-name pin in the '/home/eda/lib/smic/SP013D3_V1p4/apollo/SP013D3_V1p2_8MT' physical library. No physical link for the logical lib cell. (PSYN-058)
Warning: The pin direction of 'C' pin on 'PBUL16' cell in the 'SP013D3_V1p2_typ' technology library is inconsistent with the same-name pin in the '/home/eda/lib/smic/SP013D3_V1p4/apollo/SP013D3_V1p2_8MT' physical library. No physical link for the logical lib cell. (PSYN-058)
Warning: The pin direction of 'PAD' pin on 'PBUL16' cell in the 'SP013D3_V1p2_typ' technology library is inconsistent with the same-name pin in the '/home/eda/lib/smic/SP013D3_V1p4/apollo/SP013D3_V1p2_8MT' physical library. No physical link for the logical lib cell. (PSYN-058)
Warning: The pin direction of 'OEN' pin on 'PBDL16' cell in the 'SP013D3_V1p2_typ' technology library is inconsistent with the same-name pin in the '/home/eda/lib/smic/SP013D3_V1p4/apollo/SP013D3_V1p2_8MT' physical library. No physical link for the logical lib cell. (PSYN-058)
Warning: The pin direction of 'I' pin on 'PBDL16' cell in the 'SP013D3_V1p2_typ' technology library is inconsistent with the same-name pin in the '/home/eda/lib/smic/SP013D3_V1p4/apollo/SP013D3_V1p2_8MT' physical library. No physical link for the logical lib cell. (PSYN-058)
Warning: The pin direction of 'C' pin on 'PBDL16' cell in the 'SP013D3_V1p2_typ' technology library is inconsistent with the same-name pin in the '/home/eda/lib/smic/SP013D3_V1p4/apollo/SP013D3_V1p2_8MT' physical library. No physical link for the logical lib cell. (PSYN-058)
Warning: The pin direction of 'PAD' pin on 'PBDL16' cell in the 'SP013D3_V1p2_typ' technology library is inconsistent with the same-name pin in the '/home/eda/lib/smic/SP013D3_V1p4/apollo/SP013D3_V1p2_8MT' physical library. No physical link for the logical lib cell. (PSYN-058)
Warning: The pin direction of 'OEN' pin on 'POTL16' cell in the 'SP013D3_V1p2_typ' technology library is inconsistent with the same-name pin in the '/home/eda/lib/smic/SP013D3_V1p4/apollo/SP013D3_V1p2_8MT' physical library. No physical link for the logical lib cell. (PSYN-058)
Warning: The pin direction of 'I' pin on 'POTL16' cell in the 'SP013D3_V1p2_typ' technology library is inconsistent with the same-name pin in the '/home/eda/lib/smic/SP013D3_V1p4/apollo/SP013D3_V1p2_8MT' physical library. No physical link for the logical lib cell. (PSYN-058)
Warning: The pin direction of 'PAD' pin on 'POTL16' cell in the 'SP013D3_V1p2_typ' technology library is inconsistent with the same-name pin in the '/home/eda/lib/smic/SP013D3_V1p4/apollo/SP013D3_V1p2_8MT' physical library. No physical link for the logical lib cell. (PSYN-058)
Warning: The pin direction of 'OEN' pin on 'PCI6BS' cell in the 'SP013D3_V1p2_typ' technology library is inconsistent with the same-name pin in the '/home/eda/lib/smic/SP013D3_V1p4/apollo/SP013D3_V1p2_8MT' physical library. No physical link for the logical lib cell. (PSYN-058)
Warning: The pin direction of 'I' pin on 'PCI6BS' cell in the 'SP013D3_V1p2_typ' technology library is inconsistent with the same-name pin in the '/home/eda/lib/smic/SP013D3_V1p4/apollo/SP013D3_V1p2_8MT' physical library. No physical link for the logical lib cell. (PSYN-058)
Warning: The pin direction of 'C' pin on 'PCI6BS' cell in the 'SP013D3_V1p2_typ' technology library is inconsistent with the same-name pin in the '/home/eda/lib/smic/SP013D3_V1p4/apollo/SP013D3_V1p2_8MT' physical library. No physical link for the logical lib cell. (PSYN-058)
Warning: The pin direction of 'PAD' pin on 'PCI6BS' cell in the 'SP013D3_V1p2_typ' technology library is inconsistent with the same-name pin in the '/home/eda/lib/smic/SP013D3_V1p4/apollo/SP013D3_V1p2_8MT' physical library. No physical link for the logical lib cell. (PSYN-058)
Warning: The pin direction of 'OEN' pin on 'PCI3BS' cell in the 'SP013D3_V1p2_typ' technology library is inconsistent with the same-name pin in the '/home/eda/lib/smic/SP013D3_V1p4/apollo/SP013D3_V1p2_8MT' physical library. No physical link for the logical lib cell. (PSYN-058)
Warning: The pin direction of 'I' pin on 'PCI3BS' cell in the 'SP013D3_V1p2_typ' technology library is inconsistent with the same-name pin in the '/home/eda/lib/smic/SP013D3_V1p4/apollo/SP013D3_V1p2_8MT' physical library. No physical link for the logical lib cell. (PSYN-058)
Warning: The pin direction of 'C' pin on 'PCI3BS' cell in the 'SP013D3_V1p2_typ' technology library is inconsistent with the same-name pin in the '/home/eda/lib/smic/SP013D3_V1p4/apollo/SP013D3_V1p2_8MT' physical library. No physical link for the logical lib cell. (PSYN-058)
Warning: The pin direction of 'PAD' pin on 'PCI3BS' cell in the 'SP013D3_V1p2_typ' technology library is inconsistent with the same-name pin in the '/home/eda/lib/smic/SP013D3_V1p4/apollo/SP013D3_V1p2_8MT' physical library. No physical link for the logical lib cell. (PSYN-058)
Warning: The pin direction of 'OEN' pin on 'PBCD24' cell in the 'SP013D3_V1p2_typ' technology library is inconsistent with the same-name pin in the '/home/eda/lib/smic/SP013D3_V1p4/apollo/SP013D3_V1p2_8MT' physical library. No physical link for the logical lib cell. (PSYN-058)
Warning: The pin direction of 'I' pin on 'PBCD24' cell in the 'SP013D3_V1p2_typ' technology library is inconsistent with the same-name pin in the '/home/eda/lib/smic/SP013D3_V1p4/apollo/SP013D3_V1p2_8MT' physical library. No physical link for the logical lib cell. (PSYN-058)
Warning: The pin direction of 'REN' pin on 'PBCD24' cell in the 'SP013D3_V1p2_typ' technology library is inconsistent with the same-name pin in the '/home/eda/lib/smic/SP013D3_V1p4/apollo/SP013D3_V1p2_8MT' physical library. No physical link for the logical lib cell. (PSYN-058)
Warning: The pin direction of 'C' pin on 'PBCD24' cell in the 'SP013D3_V1p2_typ' technology library is inconsistent with the same-name pin in the '/home/eda/lib/smic/SP013D3_V1p4/apollo/SP013D3_V1p2_8MT' physical library. No physical link for the logical lib cell. (PSYN-058)
Warning: The pin direction of 'PAD' pin on 'PBCD24' cell in the 'SP013D3_V1p2_typ' technology library is inconsistent with the same-name pin in the '/home/eda/lib/smic/SP013D3_V1p4/apollo/SP013D3_V1p2_8MT' physical library. No physical link for the logical lib cell. (PSYN-058)
Warning: The pin direction of 'OEN' pin on 'PBCU24' cell in the 'SP013D3_V1p2_typ' technology library is inconsistent with the same-name pin in the '/home/eda/lib/smic/SP013D3_V1p4/apollo/SP013D3_V1p2_8MT' physical library. No physical link for the logical lib cell. (PSYN-058)
Warning: The pin direction of 'I' pin on 'PBCU24' cell in the 'SP013D3_V1p2_typ' technology library is inconsistent with the same-name pin in the '/home/eda/lib/smic/SP013D3_V1p4/apollo/SP013D3_V1p2_8MT' physical library. No physical link for the logical lib cell. (PSYN-058)
Warning: The pin direction of 'REN' pin on 'PBCU24' cell in the 'SP013D3_V1p2_typ' technology library is inconsistent with the same-name pin in the '/home/eda/lib/smic/SP013D3_V1p4/apollo/SP013D3_V1p2_8MT' physical library. No physical link for the logical lib cell. (PSYN-058)
Warning: The pin direction of 'C' pin on 'PBCU24' cell in the 'SP013D3_V1p2_typ' technology library is inconsistent with the same-name pin in the '/home/eda/lib/smic/SP013D3_V1p4/apollo/SP013D3_V1p2_8MT' physical library. No physical link for the logical lib cell. (PSYN-058)
Warning: The pin direction of 'PAD' pin on 'PBCU24' cell in the 'SP013D3_V1p2_typ' technology library is inconsistent with the same-name pin in the '/home/eda/lib/smic/SP013D3_V1p4/apollo/SP013D3_V1p2_8MT' physical library. No physical link for the logical lib cell. (PSYN-058)
Warning: The pin direction of 'OEN' pin on 'PBSL24' cell in the 'SP013D3_V1p2_typ' technology library is inconsistent with the same-name pin in the '/home/eda/lib/smic/SP013D3_V1p4/apollo/SP013D3_V1p2_8MT' physical library. No physical link for the logical lib cell. (PSYN-058)
Warning: The pin direction of 'I' pin on 'PBSL24' cell in the 'SP013D3_V1p2_typ' technology library is inconsistent with the same-name pin in the '/home/eda/lib/smic/SP013D3_V1p4/apollo/SP013D3_V1p2_8MT' physical library. No physical link for the logical lib cell. (PSYN-058)
Warning: The pin direction of 'C' pin on 'PBSL24' cell in the 'SP013D3_V1p2_typ' technology library is inconsistent with the same-name pin in the '/home/eda/lib/smic/SP013D3_V1p4/apollo/SP013D3_V1p2_8MT' physical library. No physical link for the logical lib cell. (PSYN-058)
Warning: The pin direction of 'PAD' pin on 'PBSL24' cell in the 'SP013D3_V1p2_typ' technology library is inconsistent with the same-name pin in the '/home/eda/lib/smic/SP013D3_V1p4/apollo/SP013D3_V1p2_8MT' physical library. No physical link for the logical lib cell. (PSYN-058)
Warning: The pin direction of 'OEN' pin on 'PBSD24' cell in the 'SP013D3_V1p2_typ' technology library is inconsistent with the same-name pin in the '/home/eda/lib/smic/SP013D3_V1p4/apollo/SP013D3_V1p2_8MT' physical library. No physical link for the logical lib cell. (PSYN-058)
Warning: The pin direction of 'I' pin on 'PBSD24' cell in the 'SP013D3_V1p2_typ' technology library is inconsistent with the same-name pin in the '/home/eda/lib/smic/SP013D3_V1p4/apollo/SP013D3_V1p2_8MT' physical library. No physical link for the logical lib cell. (PSYN-058)
Warning: The pin direction of 'C' pin on 'PBSD24' cell in the 'SP013D3_V1p2_typ' technology library is inconsistent with the same-name pin in the '/home/eda/lib/smic/SP013D3_V1p4/apollo/SP013D3_V1p2_8MT' physical library. No physical link for the logical lib cell. (PSYN-058)
Warning: The pin direction of 'PAD' pin on 'PBSD24' cell in the 'SP013D3_V1p2_typ' technology library is inconsistent with the same-name pin in the '/home/eda/lib/smic/SP013D3_V1p4/apollo/SP013D3_V1p2_8MT' physical library. No physical link for the logical lib cell. (PSYN-058)
Warning: The pin direction of 'OEN' pin on 'PBSU24' cell in the 'SP013D3_V1p2_typ' technology library is inconsistent with the same-name pin in the '/home/eda/lib/smic/SP013D3_V1p4/apollo/SP013D3_V1p2_8MT' physical library. No physical link for the logical lib cell. (PSYN-058)
Warning: The pin direction of 'I' pin on 'PBSU24' cell in the 'SP013D3_V1p2_typ' technology library is inconsistent with the same-name pin in the '/home/eda/lib/smic/SP013D3_V1p4/apollo/SP013D3_V1p2_8MT' physical library. No physical link for the logical lib cell. (PSYN-058)
Warning: The pin direction of 'C' pin on 'PBSU24' cell in the 'SP013D3_V1p2_typ' technology library is inconsistent with the same-name pin in the '/home/eda/lib/smic/SP013D3_V1p4/apollo/SP013D3_V1p2_8MT' physical library. No physical link for the logical lib cell. (PSYN-058)
Warning: The pin direction of 'PAD' pin on 'PBSU24' cell in the 'SP013D3_V1p2_typ' technology library is inconsistent with the same-name pin in the '/home/eda/lib/smic/SP013D3_V1p4/apollo/SP013D3_V1p2_8MT' physical library. No physical link for the logical lib cell. (PSYN-058)
Warning: The pin direction of 'OEN' pin on 'PBUL24' cell in the 'SP013D3_V1p2_typ' technology library is inconsistent with the same-name pin in the '/home/eda/lib/smic/SP013D3_V1p4/apollo/SP013D3_V1p2_8MT' physical library. No physical link for the logical lib cell. (PSYN-058)
Warning: The pin direction of 'I' pin on 'PBUL24' cell in the 'SP013D3_V1p2_typ' technology library is inconsistent with the same-name pin in the '/home/eda/lib/smic/SP013D3_V1p4/apollo/SP013D3_V1p2_8MT' physical library. No physical link for the logical lib cell. (PSYN-058)
Warning: The pin direction of 'C' pin on 'PBUL24' cell in the 'SP013D3_V1p2_typ' technology library is inconsistent with the same-name pin in the '/home/eda/lib/smic/SP013D3_V1p4/apollo/SP013D3_V1p2_8MT' physical library. No physical link for the logical lib cell. (PSYN-058)
Warning: The pin direction of 'PAD' pin on 'PBUL24' cell in the 'SP013D3_V1p2_typ' technology library is inconsistent with the same-name pin in the '/home/eda/lib/smic/SP013D3_V1p4/apollo/SP013D3_V1p2_8MT' physical library. No physical link for the logical lib cell. (PSYN-058)
Warning: The pin direction of 'OEN' pin on 'PBDL24' cell in the 'SP013D3_V1p2_typ' technology library is inconsistent with the same-name pin in the '/home/eda/lib/smic/SP013D3_V1p4/apollo/SP013D3_V1p2_8MT' physical library. No physical link for the logical lib cell. (PSYN-058)
Warning: The pin direction of 'I' pin on 'PBDL24' cell in the 'SP013D3_V1p2_typ' technology library is inconsistent with the same-name pin in the '/home/eda/lib/smic/SP013D3_V1p4/apollo/SP013D3_V1p2_8MT' physical library. No physical link for the logical lib cell. (PSYN-058)
Warning: The pin direction of 'C' pin on 'PBDL24' cell in the 'SP013D3_V1p2_typ' technology library is inconsistent with the same-name pin in the '/home/eda/lib/smic/SP013D3_V1p4/apollo/SP013D3_V1p2_8MT' physical library. No physical link for the logical lib cell. (PSYN-058)
Warning: The pin direction of 'PAD' pin on 'PBDL24' cell in the 'SP013D3_V1p2_typ' technology library is inconsistent with the same-name pin in the '/home/eda/lib/smic/SP013D3_V1p4/apollo/SP013D3_V1p2_8MT' physical library. No physical link for the logical lib cell. (PSYN-058)
Warning: The pin direction of 'OEN' pin on 'POTL24' cell in the 'SP013D3_V1p2_typ' technology library is inconsistent with the same-name pin in the '/home/eda/lib/smic/SP013D3_V1p4/apollo/SP013D3_V1p2_8MT' physical library. No physical link for the logical lib cell. (PSYN-058)
Warning: The pin direction of 'I' pin on 'POTL24' cell in the 'SP013D3_V1p2_typ' technology library is inconsistent with the same-name pin in the '/home/eda/lib/smic/SP013D3_V1p4/apollo/SP013D3_V1p2_8MT' physical library. No physical link for the logical lib cell. (PSYN-058)
Warning: The pin direction of 'PAD' pin on 'POTL24' cell in the 'SP013D3_V1p2_typ' technology library is inconsistent with the same-name pin in the '/home/eda/lib/smic/SP013D3_V1p4/apollo/SP013D3_V1p2_8MT' physical library. No physical link for the logical lib cell. (PSYN-058)
Warning: The pin direction of 'VDD1' pin on 'PDIODE' cell in the 'SP013D3_V1p2_typ' technology library is inconsistent with the same-name pin in the '/home/eda/lib/smic/SP013D3_V1p4/apollo/SP013D3_V1p2_8MT' physical library. No physical link for the logical lib cell. (PSYN-058)
Warning: The pin direction of 'VDD2' pin on 'PDIODE' cell in the 'SP013D3_V1p2_typ' technology library is inconsistent with the same-name pin in the '/home/eda/lib/smic/SP013D3_V1p4/apollo/SP013D3_V1p2_8MT' physical library. No physical link for the logical lib cell. (PSYN-058)
Warning: The pin direction of 'VSS1' pin on 'PDIODE' cell in the 'SP013D3_V1p2_typ' technology library is inconsistent with the same-name pin in the '/home/eda/lib/smic/SP013D3_V1p4/apollo/SP013D3_V1p2_8MT' physical library. No physical link for the logical lib cell. (PSYN-058)
Warning: The pin direction of 'VSS2' pin on 'PDIODE' cell in the 'SP013D3_V1p2_typ' technology library is inconsistent with the same-name pin in the '/home/eda/lib/smic/SP013D3_V1p4/apollo/SP013D3_V1p2_8MT' physical library. No physical link for the logical lib cell. (PSYN-058)
Warning: The pin direction of 'OEN' pin on 'PBCDL8' cell in the 'SP013D3_V1p2_typ' technology library is inconsistent with the same-name pin in the '/home/eda/lib/smic/SP013D3_V1p4/apollo/SP013D3_V1p2_8MT' physical library. No physical link for the logical lib cell. (PSYN-058)
Warning: The pin direction of 'I' pin on 'PBCDL8' cell in the 'SP013D3_V1p2_typ' technology library is inconsistent with the same-name pin in the '/home/eda/lib/smic/SP013D3_V1p4/apollo/SP013D3_V1p2_8MT' physical library. No physical link for the logical lib cell. (PSYN-058)
Warning: The pin direction of 'REN' pin on 'PBCDL8' cell in the 'SP013D3_V1p2_typ' technology library is inconsistent with the same-name pin in the '/home/eda/lib/smic/SP013D3_V1p4/apollo/SP013D3_V1p2_8MT' physical library. No physical link for the logical lib cell. (PSYN-058)
Warning: The pin direction of 'C' pin on 'PBCDL8' cell in the 'SP013D3_V1p2_typ' technology library is inconsistent with the same-name pin in the '/home/eda/lib/smic/SP013D3_V1p4/apollo/SP013D3_V1p2_8MT' physical library. No physical link for the logical lib cell. (PSYN-058)
Warning: The pin direction of 'PAD' pin on 'PBCDL8' cell in the 'SP013D3_V1p2_typ' technology library is inconsistent with the same-name pin in the '/home/eda/lib/smic/SP013D3_V1p4/apollo/SP013D3_V1p2_8MT' physical library. No physical link for the logical lib cell. (PSYN-058)
Warning: The pin direction of 'OEN' pin on 'PBCD12' cell in the 'SP013D3_V1p2_typ' technology library is inconsistent with the same-name pin in the '/home/eda/lib/smic/SP013D3_V1p4/apollo/SP013D3_V1p2_8MT' physical library. No physical link for the logical lib cell. (PSYN-058)
Warning: The pin direction of 'I' pin on 'PBCD12' cell in the 'SP013D3_V1p2_typ' technology library is inconsistent with the same-name pin in the '/home/eda/lib/smic/SP013D3_V1p4/apollo/SP013D3_V1p2_8MT' physical library. No physical link for the logical lib cell. (PSYN-058)
Warning: The pin direction of 'REN' pin on 'PBCD12' cell in the 'SP013D3_V1p2_typ' technology library is inconsistent with the same-name pin in the '/home/eda/lib/smic/SP013D3_V1p4/apollo/SP013D3_V1p2_8MT' physical library. No physical link for the logical lib cell. (PSYN-058)
Warning: The pin direction of 'C' pin on 'PBCD12' cell in the 'SP013D3_V1p2_typ' technology library is inconsistent with the same-name pin in the '/home/eda/lib/smic/SP013D3_V1p4/apollo/SP013D3_V1p2_8MT' physical library. No physical link for the logical lib cell. (PSYN-058)
Warning: The pin direction of 'PAD' pin on 'PBCD12' cell in the 'SP013D3_V1p2_typ' technology library is inconsistent with the same-name pin in the '/home/eda/lib/smic/SP013D3_V1p4/apollo/SP013D3_V1p2_8MT' physical library. No physical link for the logical lib cell. (PSYN-058)
Warning: The pin direction of 'OEN' pin on 'PBCUL8' cell in the 'SP013D3_V1p2_typ' technology library is inconsistent with the same-name pin in the '/home/eda/lib/smic/SP013D3_V1p4/apollo/SP013D3_V1p2_8MT' physical library. No physical link for the logical lib cell. (PSYN-058)
Warning: The pin direction of 'I' pin on 'PBCUL8' cell in the 'SP013D3_V1p2_typ' technology library is inconsistent with the same-name pin in the '/home/eda/lib/smic/SP013D3_V1p4/apollo/SP013D3_V1p2_8MT' physical library. No physical link for the logical lib cell. (PSYN-058)
Warning: The pin direction of 'REN' pin on 'PBCUL8' cell in the 'SP013D3_V1p2_typ' technology library is inconsistent with the same-name pin in the '/home/eda/lib/smic/SP013D3_V1p4/apollo/SP013D3_V1p2_8MT' physical library. No physical link for the logical lib cell. (PSYN-058)
Warning: The pin direction of 'C' pin on 'PBCUL8' cell in the 'SP013D3_V1p2_typ' technology library is inconsistent with the same-name pin in the '/home/eda/lib/smic/SP013D3_V1p4/apollo/SP013D3_V1p2_8MT' physical library. No physical link for the logical lib cell. (PSYN-058)
Warning: The pin direction of 'PAD' pin on 'PBCUL8' cell in the 'SP013D3_V1p2_typ' technology library is inconsistent with the same-name pin in the '/home/eda/lib/smic/SP013D3_V1p4/apollo/SP013D3_V1p2_8MT' physical library. No physical link for the logical lib cell. (PSYN-058)
Warning: The pin direction of 'OEN' pin on 'PBCU12' cell in the 'SP013D3_V1p2_typ' technology library is inconsistent with the same-name pin in the '/home/eda/lib/smic/SP013D3_V1p4/apollo/SP013D3_V1p2_8MT' physical library. No physical link for the logical lib cell. (PSYN-058)
Warning: The pin direction of 'I' pin on 'PBCU12' cell in the 'SP013D3_V1p2_typ' technology library is inconsistent with the same-name pin in the '/home/eda/lib/smic/SP013D3_V1p4/apollo/SP013D3_V1p2_8MT' physical library. No physical link for the logical lib cell. (PSYN-058)
Warning: The pin direction of 'REN' pin on 'PBCU12' cell in the 'SP013D3_V1p2_typ' technology library is inconsistent with the same-name pin in the '/home/eda/lib/smic/SP013D3_V1p4/apollo/SP013D3_V1p2_8MT' physical library. No physical link for the logical lib cell. (PSYN-058)
Warning: The pin direction of 'C' pin on 'PBCU12' cell in the 'SP013D3_V1p2_typ' technology library is inconsistent with the same-name pin in the '/home/eda/lib/smic/SP013D3_V1p4/apollo/SP013D3_V1p2_8MT' physical library. No physical link for the logical lib cell. (PSYN-058)
Warning: The pin direction of 'PAD' pin on 'PBCU12' cell in the 'SP013D3_V1p2_typ' technology library is inconsistent with the same-name pin in the '/home/eda/lib/smic/SP013D3_V1p4/apollo/SP013D3_V1p2_8MT' physical library. No physical link for the logical lib cell. (PSYN-058)
Warning: The pin direction of 'OEN' pin on 'PBSL12' cell in the 'SP013D3_V1p2_typ' technology library is inconsistent with the same-name pin in the '/home/eda/lib/smic/SP013D3_V1p4/apollo/SP013D3_V1p2_8MT' physical library. No physical link for the logical lib cell. (PSYN-058)
Warning: The pin direction of 'I' pin on 'PBSL12' cell in the 'SP013D3_V1p2_typ' technology library is inconsistent with the same-name pin in the '/home/eda/lib/smic/SP013D3_V1p4/apollo/SP013D3_V1p2_8MT' physical library. No physical link for the logical lib cell. (PSYN-058)
Warning: The pin direction of 'C' pin on 'PBSL12' cell in the 'SP013D3_V1p2_typ' technology library is inconsistent with the same-name pin in the '/home/eda/lib/smic/SP013D3_V1p4/apollo/SP013D3_V1p2_8MT' physical library. No physical link for the logical lib cell. (PSYN-058)
Warning: The pin direction of 'PAD' pin on 'PBSL12' cell in the 'SP013D3_V1p2_typ' technology library is inconsistent with the same-name pin in the '/home/eda/lib/smic/SP013D3_V1p4/apollo/SP013D3_V1p2_8MT' physical library. No physical link for the logical lib cell. (PSYN-058)
Warning: The pin direction of 'OEN' pin on 'PBSDL8' cell in the 'SP013D3_V1p2_typ' technology library is inconsistent with the same-name pin in the '/home/eda/lib/smic/SP013D3_V1p4/apollo/SP013D3_V1p2_8MT' physical library. No physical link for the logical lib cell. (PSYN-058)
Warning: The pin direction of 'I' pin on 'PBSDL8' cell in the 'SP013D3_V1p2_typ' technology library is inconsistent with the same-name pin in the '/home/eda/lib/smic/SP013D3_V1p4/apollo/SP013D3_V1p2_8MT' physical library. No physical link for the logical lib cell. (PSYN-058)
Warning: The pin direction of 'C' pin on 'PBSDL8' cell in the 'SP013D3_V1p2_typ' technology library is inconsistent with the same-name pin in the '/home/eda/lib/smic/SP013D3_V1p4/apollo/SP013D3_V1p2_8MT' physical library. No physical link for the logical lib cell. (PSYN-058)
Warning: The pin direction of 'PAD' pin on 'PBSDL8' cell in the 'SP013D3_V1p2_typ' technology library is inconsistent with the same-name pin in the '/home/eda/lib/smic/SP013D3_V1p4/apollo/SP013D3_V1p2_8MT' physical library. No physical link for the logical lib cell. (PSYN-058)
Warning: The pin direction of 'OEN' pin on 'PBSD12' cell in the 'SP013D3_V1p2_typ' technology library is inconsistent with the same-name pin in the '/home/eda/lib/smic/SP013D3_V1p4/apollo/SP013D3_V1p2_8MT' physical library. No physical link for the logical lib cell. (PSYN-058)
Warning: The pin direction of 'I' pin on 'PBSD12' cell in the 'SP013D3_V1p2_typ' technology library is inconsistent with the same-name pin in the '/home/eda/lib/smic/SP013D3_V1p4/apollo/SP013D3_V1p2_8MT' physical library. No physical link for the logical lib cell. (PSYN-058)
Warning: The pin direction of 'C' pin on 'PBSD12' cell in the 'SP013D3_V1p2_typ' technology library is inconsistent with the same-name pin in the '/home/eda/lib/smic/SP013D3_V1p4/apollo/SP013D3_V1p2_8MT' physical library. No physical link for the logical lib cell. (PSYN-058)
Warning: The pin direction of 'PAD' pin on 'PBSD12' cell in the 'SP013D3_V1p2_typ' technology library is inconsistent with the same-name pin in the '/home/eda/lib/smic/SP013D3_V1p4/apollo/SP013D3_V1p2_8MT' physical library. No physical link for the logical lib cell. (PSYN-058)
Warning: The pin direction of 'OEN' pin on 'PBSU12' cell in the 'SP013D3_V1p2_typ' technology library is inconsistent with the same-name pin in the '/home/eda/lib/smic/SP013D3_V1p4/apollo/SP013D3_V1p2_8MT' physical library. No physical link for the logical lib cell. (PSYN-058)
Warning: The pin direction of 'I' pin on 'PBSU12' cell in the 'SP013D3_V1p2_typ' technology library is inconsistent with the same-name pin in the '/home/eda/lib/smic/SP013D3_V1p4/apollo/SP013D3_V1p2_8MT' physical library. No physical link for the logical lib cell. (PSYN-058)
Warning: The pin direction of 'C' pin on 'PBSU12' cell in the 'SP013D3_V1p2_typ' technology library is inconsistent with the same-name pin in the '/home/eda/lib/smic/SP013D3_V1p4/apollo/SP013D3_V1p2_8MT' physical library. No physical link for the logical lib cell. (PSYN-058)
Warning: The pin direction of 'PAD' pin on 'PBSU12' cell in the 'SP013D3_V1p2_typ' technology library is inconsistent with the same-name pin in the '/home/eda/lib/smic/SP013D3_V1p4/apollo/SP013D3_V1p2_8MT' physical library. No physical link for the logical lib cell. (PSYN-058)
Warning: The pin direction of 'OEN' pin on 'PBSUL8' cell in the 'SP013D3_V1p2_typ' technology library is inconsistent with the same-name pin in the '/home/eda/lib/smic/SP013D3_V1p4/apollo/SP013D3_V1p2_8MT' physical library. No physical link for the logical lib cell. (PSYN-058)
Warning: The pin direction of 'I' pin on 'PBSUL8' cell in the 'SP013D3_V1p2_typ' technology library is inconsistent with the same-name pin in the '/home/eda/lib/smic/SP013D3_V1p4/apollo/SP013D3_V1p2_8MT' physical library. No physical link for the logical lib cell. (PSYN-058)
Warning: The pin direction of 'C' pin on 'PBSUL8' cell in the 'SP013D3_V1p2_typ' technology library is inconsistent with the same-name pin in the '/home/eda/lib/smic/SP013D3_V1p4/apollo/SP013D3_V1p2_8MT' physical library. No physical link for the logical lib cell. (PSYN-058)
Warning: The pin direction of 'PAD' pin on 'PBSUL8' cell in the 'SP013D3_V1p2_typ' technology library is inconsistent with the same-name pin in the '/home/eda/lib/smic/SP013D3_V1p4/apollo/SP013D3_V1p2_8MT' physical library. No physical link for the logical lib cell. (PSYN-058)
Warning: The pin direction of 'OEN' pin on 'PBUL12' cell in the 'SP013D3_V1p2_typ' technology library is inconsistent with the same-name pin in the '/home/eda/lib/smic/SP013D3_V1p4/apollo/SP013D3_V1p2_8MT' physical library. No physical link for the logical lib cell. (PSYN-058)
Warning: The pin direction of 'I' pin on 'PBUL12' cell in the 'SP013D3_V1p2_typ' technology library is inconsistent with the same-name pin in the '/home/eda/lib/smic/SP013D3_V1p4/apollo/SP013D3_V1p2_8MT' physical library. No physical link for the logical lib cell. (PSYN-058)
Warning: The pin direction of 'C' pin on 'PBUL12' cell in the 'SP013D3_V1p2_typ' technology library is inconsistent with the same-name pin in the '/home/eda/lib/smic/SP013D3_V1p4/apollo/SP013D3_V1p2_8MT' physical library. No physical link for the logical lib cell. (PSYN-058)
Warning: The pin direction of 'PAD' pin on 'PBUL12' cell in the 'SP013D3_V1p2_typ' technology library is inconsistent with the same-name pin in the '/home/eda/lib/smic/SP013D3_V1p4/apollo/SP013D3_V1p2_8MT' physical library. No physical link for the logical lib cell. (PSYN-058)
Warning: The pin direction of 'OEN' pin on 'PBDL12' cell in the 'SP013D3_V1p2_typ' technology library is inconsistent with the same-name pin in the '/home/eda/lib/smic/SP013D3_V1p4/apollo/SP013D3_V1p2_8MT' physical library. No physical link for the logical lib cell. (PSYN-058)
Warning: The pin direction of 'I' pin on 'PBDL12' cell in the 'SP013D3_V1p2_typ' technology library is inconsistent with the same-name pin in the '/home/eda/lib/smic/SP013D3_V1p4/apollo/SP013D3_V1p2_8MT' physical library. No physical link for the logical lib cell. (PSYN-058)
Warning: The pin direction of 'C' pin on 'PBDL12' cell in the 'SP013D3_V1p2_typ' technology library is inconsistent with the same-name pin in the '/home/eda/lib/smic/SP013D3_V1p4/apollo/SP013D3_V1p2_8MT' physical library. No physical link for the logical lib cell. (PSYN-058)
Warning: The pin direction of 'PAD' pin on 'PBDL12' cell in the 'SP013D3_V1p2_typ' technology library is inconsistent with the same-name pin in the '/home/eda/lib/smic/SP013D3_V1p4/apollo/SP013D3_V1p2_8MT' physical library. No physical link for the logical lib cell. (PSYN-058)
Warning: The pin direction of 'OEN' pin on 'POTL12' cell in the 'SP013D3_V1p2_typ' technology library is inconsistent with the same-name pin in the '/home/eda/lib/smic/SP013D3_V1p4/apollo/SP013D3_V1p2_8MT' physical library. No physical link for the logical lib cell. (PSYN-058)
Warning: The pin direction of 'I' pin on 'POTL12' cell in the 'SP013D3_V1p2_typ' technology library is inconsistent with the same-name pin in the '/home/eda/lib/smic/SP013D3_V1p4/apollo/SP013D3_V1p2_8MT' physical library. No physical link for the logical lib cell. (PSYN-058)
Warning: The pin direction of 'PAD' pin on 'POTL12' cell in the 'SP013D3_V1p2_typ' technology library is inconsistent with the same-name pin in the '/home/eda/lib/smic/SP013D3_V1p4/apollo/SP013D3_V1p2_8MT' physical library. No physical link for the logical lib cell. (PSYN-058)
Warning: The pin direction of 'OEN' pin on 'PBCDL16' cell in the 'SP013D3_V1p2_typ' technology library is inconsistent with the same-name pin in the '/home/eda/lib/smic/SP013D3_V1p4/apollo/SP013D3_V1p2_8MT' physical library. No physical link for the logical lib cell. (PSYN-058)
Warning: The pin direction of 'I' pin on 'PBCDL16' cell in the 'SP013D3_V1p2_typ' technology library is inconsistent with the same-name pin in the '/home/eda/lib/smic/SP013D3_V1p4/apollo/SP013D3_V1p2_8MT' physical library. No physical link for the logical lib cell. (PSYN-058)
Warning: The pin direction of 'REN' pin on 'PBCDL16' cell in the 'SP013D3_V1p2_typ' technology library is inconsistent with the same-name pin in the '/home/eda/lib/smic/SP013D3_V1p4/apollo/SP013D3_V1p2_8MT' physical library. No physical link for the logical lib cell. (PSYN-058)
Warning: The pin direction of 'C' pin on 'PBCDL16' cell in the 'SP013D3_V1p2_typ' technology library is inconsistent with the same-name pin in the '/home/eda/lib/smic/SP013D3_V1p4/apollo/SP013D3_V1p2_8MT' physical library. No physical link for the logical lib cell. (PSYN-058)
Warning: The pin direction of 'PAD' pin on 'PBCDL16' cell in the 'SP013D3_V1p2_typ' technology library is inconsistent with the same-name pin in the '/home/eda/lib/smic/SP013D3_V1p4/apollo/SP013D3_V1p2_8MT' physical library. No physical link for the logical lib cell. (PSYN-058)
Warning: The pin direction of 'OEN' pin on 'PBCUL16' cell in the 'SP013D3_V1p2_typ' technology library is inconsistent with the same-name pin in the '/home/eda/lib/smic/SP013D3_V1p4/apollo/SP013D3_V1p2_8MT' physical library. No physical link for the logical lib cell. (PSYN-058)
Warning: The pin direction of 'I' pin on 'PBCUL16' cell in the 'SP013D3_V1p2_typ' technology library is inconsistent with the same-name pin in the '/home/eda/lib/smic/SP013D3_V1p4/apollo/SP013D3_V1p2_8MT' physical library. No physical link for the logical lib cell. (PSYN-058)
Warning: The pin direction of 'REN' pin on 'PBCUL16' cell in the 'SP013D3_V1p2_typ' technology library is inconsistent with the same-name pin in the '/home/eda/lib/smic/SP013D3_V1p4/apollo/SP013D3_V1p2_8MT' physical library. No physical link for the logical lib cell. (PSYN-058)
Warning: The pin direction of 'C' pin on 'PBCUL16' cell in the 'SP013D3_V1p2_typ' technology library is inconsistent with the same-name pin in the '/home/eda/lib/smic/SP013D3_V1p4/apollo/SP013D3_V1p2_8MT' physical library. No physical link for the logical lib cell. (PSYN-058)
Warning: The pin direction of 'PAD' pin on 'PBCUL16' cell in the 'SP013D3_V1p2_typ' technology library is inconsistent with the same-name pin in the '/home/eda/lib/smic/SP013D3_V1p4/apollo/SP013D3_V1p2_8MT' physical library. No physical link for the logical lib cell. (PSYN-058)
Warning: The pin direction of 'OEN' pin on 'PBSDL16' cell in the 'SP013D3_V1p2_typ' technology library is inconsistent with the same-name pin in the '/home/eda/lib/smic/SP013D3_V1p4/apollo/SP013D3_V1p2_8MT' physical library. No physical link for the logical lib cell. (PSYN-058)
Warning: The pin direction of 'I' pin on 'PBSDL16' cell in the 'SP013D3_V1p2_typ' technology library is inconsistent with the same-name pin in the '/home/eda/lib/smic/SP013D3_V1p4/apollo/SP013D3_V1p2_8MT' physical library. No physical link for the logical lib cell. (PSYN-058)
Warning: The pin direction of 'C' pin on 'PBSDL16' cell in the 'SP013D3_V1p2_typ' technology library is inconsistent with the same-name pin in the '/home/eda/lib/smic/SP013D3_V1p4/apollo/SP013D3_V1p2_8MT' physical library. No physical link for the logical lib cell. (PSYN-058)
Warning: The pin direction of 'PAD' pin on 'PBSDL16' cell in the 'SP013D3_V1p2_typ' technology library is inconsistent with the same-name pin in the '/home/eda/lib/smic/SP013D3_V1p4/apollo/SP013D3_V1p2_8MT' physical library. No physical link for the logical lib cell. (PSYN-058)
Warning: The pin direction of 'OEN' pin on 'PBSUL16' cell in the 'SP013D3_V1p2_typ' technology library is inconsistent with the same-name pin in the '/home/eda/lib/smic/SP013D3_V1p4/apollo/SP013D3_V1p2_8MT' physical library. No physical link for the logical lib cell. (PSYN-058)
Warning: The pin direction of 'I' pin on 'PBSUL16' cell in the 'SP013D3_V1p2_typ' technology library is inconsistent with the same-name pin in the '/home/eda/lib/smic/SP013D3_V1p4/apollo/SP013D3_V1p2_8MT' physical library. No physical link for the logical lib cell. (PSYN-058)
Warning: The pin direction of 'C' pin on 'PBSUL16' cell in the 'SP013D3_V1p2_typ' technology library is inconsistent with the same-name pin in the '/home/eda/lib/smic/SP013D3_V1p4/apollo/SP013D3_V1p2_8MT' physical library. No physical link for the logical lib cell. (PSYN-058)
Warning: The pin direction of 'PAD' pin on 'PBSUL16' cell in the 'SP013D3_V1p2_typ' technology library is inconsistent with the same-name pin in the '/home/eda/lib/smic/SP013D3_V1p4/apollo/SP013D3_V1p2_8MT' physical library. No physical link for the logical lib cell. (PSYN-058)
Warning: The pin direction of 'OEN' pin on 'PBCDL24' cell in the 'SP013D3_V1p2_typ' technology library is inconsistent with the same-name pin in the '/home/eda/lib/smic/SP013D3_V1p4/apollo/SP013D3_V1p2_8MT' physical library. No physical link for the logical lib cell. (PSYN-058)
Warning: The pin direction of 'I' pin on 'PBCDL24' cell in the 'SP013D3_V1p2_typ' technology library is inconsistent with the same-name pin in the '/home/eda/lib/smic/SP013D3_V1p4/apollo/SP013D3_V1p2_8MT' physical library. No physical link for the logical lib cell. (PSYN-058)
Warning: The pin direction of 'REN' pin on 'PBCDL24' cell in the 'SP013D3_V1p2_typ' technology library is inconsistent with the same-name pin in the '/home/eda/lib/smic/SP013D3_V1p4/apollo/SP013D3_V1p2_8MT' physical library. No physical link for the logical lib cell. (PSYN-058)
Warning: The pin direction of 'C' pin on 'PBCDL24' cell in the 'SP013D3_V1p2_typ' technology library is inconsistent with the same-name pin in the '/home/eda/lib/smic/SP013D3_V1p4/apollo/SP013D3_V1p2_8MT' physical library. No physical link for the logical lib cell. (PSYN-058)
Warning: The pin direction of 'PAD' pin on 'PBCDL24' cell in the 'SP013D3_V1p2_typ' technology library is inconsistent with the same-name pin in the '/home/eda/lib/smic/SP013D3_V1p4/apollo/SP013D3_V1p2_8MT' physical library. No physical link for the logical lib cell. (PSYN-058)
Warning: The pin direction of 'OEN' pin on 'PBCUL24' cell in the 'SP013D3_V1p2_typ' technology library is inconsistent with the same-name pin in the '/home/eda/lib/smic/SP013D3_V1p4/apollo/SP013D3_V1p2_8MT' physical library. No physical link for the logical lib cell. (PSYN-058)
Warning: The pin direction of 'I' pin on 'PBCUL24' cell in the 'SP013D3_V1p2_typ' technology library is inconsistent with the same-name pin in the '/home/eda/lib/smic/SP013D3_V1p4/apollo/SP013D3_V1p2_8MT' physical library. No physical link for the logical lib cell. (PSYN-058)
Warning: The pin direction of 'REN' pin on 'PBCUL24' cell in the 'SP013D3_V1p2_typ' technology library is inconsistent with the same-name pin in the '/home/eda/lib/smic/SP013D3_V1p4/apollo/SP013D3_V1p2_8MT' physical library. No physical link for the logical lib cell. (PSYN-058)
Warning: The pin direction of 'C' pin on 'PBCUL24' cell in the 'SP013D3_V1p2_typ' technology library is inconsistent with the same-name pin in the '/home/eda/lib/smic/SP013D3_V1p4/apollo/SP013D3_V1p2_8MT' physical library. No physical link for the logical lib cell. (PSYN-058)
Warning: The pin direction of 'PAD' pin on 'PBCUL24' cell in the 'SP013D3_V1p2_typ' technology library is inconsistent with the same-name pin in the '/home/eda/lib/smic/SP013D3_V1p4/apollo/SP013D3_V1p2_8MT' physical library. No physical link for the logical lib cell. (PSYN-058)
Warning: The pin direction of 'OEN' pin on 'PBSDL24' cell in the 'SP013D3_V1p2_typ' technology library is inconsistent with the same-name pin in the '/home/eda/lib/smic/SP013D3_V1p4/apollo/SP013D3_V1p2_8MT' physical library. No physical link for the logical lib cell. (PSYN-058)
Warning: The pin direction of 'I' pin on 'PBSDL24' cell in the 'SP013D3_V1p2_typ' technology library is inconsistent with the same-name pin in the '/home/eda/lib/smic/SP013D3_V1p4/apollo/SP013D3_V1p2_8MT' physical library. No physical link for the logical lib cell. (PSYN-058)
Warning: The pin direction of 'C' pin on 'PBSDL24' cell in the 'SP013D3_V1p2_typ' technology library is inconsistent with the same-name pin in the '/home/eda/lib/smic/SP013D3_V1p4/apollo/SP013D3_V1p2_8MT' physical library. No physical link for the logical lib cell. (PSYN-058)
Warning: The pin direction of 'PAD' pin on 'PBSDL24' cell in the 'SP013D3_V1p2_typ' technology library is inconsistent with the same-name pin in the '/home/eda/lib/smic/SP013D3_V1p4/apollo/SP013D3_V1p2_8MT' physical library. No physical link for the logical lib cell. (PSYN-058)
Warning: The pin direction of 'OEN' pin on 'PBSUL24' cell in the 'SP013D3_V1p2_typ' technology library is inconsistent with the same-name pin in the '/home/eda/lib/smic/SP013D3_V1p4/apollo/SP013D3_V1p2_8MT' physical library. No physical link for the logical lib cell. (PSYN-058)
Warning: The pin direction of 'I' pin on 'PBSUL24' cell in the 'SP013D3_V1p2_typ' technology library is inconsistent with the same-name pin in the '/home/eda/lib/smic/SP013D3_V1p4/apollo/SP013D3_V1p2_8MT' physical library. No physical link for the logical lib cell. (PSYN-058)
Warning: The pin direction of 'C' pin on 'PBSUL24' cell in the 'SP013D3_V1p2_typ' technology library is inconsistent with the same-name pin in the '/home/eda/lib/smic/SP013D3_V1p4/apollo/SP013D3_V1p2_8MT' physical library. No physical link for the logical lib cell. (PSYN-058)
Warning: The pin direction of 'PAD' pin on 'PBSUL24' cell in the 'SP013D3_V1p2_typ' technology library is inconsistent with the same-name pin in the '/home/eda/lib/smic/SP013D3_V1p4/apollo/SP013D3_V1p2_8MT' physical library. No physical link for the logical lib cell. (PSYN-058)
Warning: The pin direction of 'VSS1' pin on 'PDIODE8' cell in the 'SP013D3_V1p2_typ' technology library is inconsistent with the same-name pin in the '/home/eda/lib/smic/SP013D3_V1p4/apollo/SP013D3_V1p2_8MT' physical library. No physical link for the logical lib cell. (PSYN-058)
Warning: The pin direction of 'VSS2' pin on 'PDIODE8' cell in the 'SP013D3_V1p2_typ' technology library is inconsistent with the same-name pin in the '/home/eda/lib/smic/SP013D3_V1p4/apollo/SP013D3_V1p2_8MT' physical library. No physical link for the logical lib cell. (PSYN-058)
Warning: The pin direction of 'OEN' pin on 'PBCDL12' cell in the 'SP013D3_V1p2_typ' technology library is inconsistent with the same-name pin in the '/home/eda/lib/smic/SP013D3_V1p4/apollo/SP013D3_V1p2_8MT' physical library. No physical link for the logical lib cell. (PSYN-058)
Warning: The pin direction of 'I' pin on 'PBCDL12' cell in the 'SP013D3_V1p2_typ' technology library is inconsistent with the same-name pin in the '/home/eda/lib/smic/SP013D3_V1p4/apollo/SP013D3_V1p2_8MT' physical library. No physical link for the logical lib cell. (PSYN-058)
Warning: The pin direction of 'REN' pin on 'PBCDL12' cell in the 'SP013D3_V1p2_typ' technology library is inconsistent with the same-name pin in the '/home/eda/lib/smic/SP013D3_V1p4/apollo/SP013D3_V1p2_8MT' physical library. No physical link for the logical lib cell. (PSYN-058)
Warning: The pin direction of 'C' pin on 'PBCDL12' cell in the 'SP013D3_V1p2_typ' technology library is inconsistent with the same-name pin in the '/home/eda/lib/smic/SP013D3_V1p4/apollo/SP013D3_V1p2_8MT' physical library. No physical link for the logical lib cell. (PSYN-058)
Warning: The pin direction of 'PAD' pin on 'PBCDL12' cell in the 'SP013D3_V1p2_typ' technology library is inconsistent with the same-name pin in the '/home/eda/lib/smic/SP013D3_V1p4/apollo/SP013D3_V1p2_8MT' physical library. No physical link for the logical lib cell. (PSYN-058)
Warning: The pin direction of 'OEN' pin on 'PBCUL12' cell in the 'SP013D3_V1p2_typ' technology library is inconsistent with the same-name pin in the '/home/eda/lib/smic/SP013D3_V1p4/apollo/SP013D3_V1p2_8MT' physical library. No physical link for the logical lib cell. (PSYN-058)
Warning: The pin direction of 'I' pin on 'PBCUL12' cell in the 'SP013D3_V1p2_typ' technology library is inconsistent with the same-name pin in the '/home/eda/lib/smic/SP013D3_V1p4/apollo/SP013D3_V1p2_8MT' physical library. No physical link for the logical lib cell. (PSYN-058)
Warning: The pin direction of 'REN' pin on 'PBCUL12' cell in the 'SP013D3_V1p2_typ' technology library is inconsistent with the same-name pin in the '/home/eda/lib/smic/SP013D3_V1p4/apollo/SP013D3_V1p2_8MT' physical library. No physical link for the logical lib cell. (PSYN-058)
Warning: The pin direction of 'C' pin on 'PBCUL12' cell in the 'SP013D3_V1p2_typ' technology library is inconsistent with the same-name pin in the '/home/eda/lib/smic/SP013D3_V1p4/apollo/SP013D3_V1p2_8MT' physical library. No physical link for the logical lib cell. (PSYN-058)
Warning: The pin direction of 'PAD' pin on 'PBCUL12' cell in the 'SP013D3_V1p2_typ' technology library is inconsistent with the same-name pin in the '/home/eda/lib/smic/SP013D3_V1p4/apollo/SP013D3_V1p2_8MT' physical library. No physical link for the logical lib cell. (PSYN-058)
Warning: The pin direction of 'OEN' pin on 'PBSDL12' cell in the 'SP013D3_V1p2_typ' technology library is inconsistent with the same-name pin in the '/home/eda/lib/smic/SP013D3_V1p4/apollo/SP013D3_V1p2_8MT' physical library. No physical link for the logical lib cell. (PSYN-058)
Warning: The pin direction of 'I' pin on 'PBSDL12' cell in the 'SP013D3_V1p2_typ' technology library is inconsistent with the same-name pin in the '/home/eda/lib/smic/SP013D3_V1p4/apollo/SP013D3_V1p2_8MT' physical library. No physical link for the logical lib cell. (PSYN-058)
Warning: The pin direction of 'C' pin on 'PBSDL12' cell in the 'SP013D3_V1p2_typ' technology library is inconsistent with the same-name pin in the '/home/eda/lib/smic/SP013D3_V1p4/apollo/SP013D3_V1p2_8MT' physical library. No physical link for the logical lib cell. (PSYN-058)
Warning: The pin direction of 'PAD' pin on 'PBSDL12' cell in the 'SP013D3_V1p2_typ' technology library is inconsistent with the same-name pin in the '/home/eda/lib/smic/SP013D3_V1p4/apollo/SP013D3_V1p2_8MT' physical library. No physical link for the logical lib cell. (PSYN-058)
Warning: The pin direction of 'OEN' pin on 'PBSUL12' cell in the 'SP013D3_V1p2_typ' technology library is inconsistent with the same-name pin in the '/home/eda/lib/smic/SP013D3_V1p4/apollo/SP013D3_V1p2_8MT' physical library. No physical link for the logical lib cell. (PSYN-058)
Warning: The pin direction of 'I' pin on 'PBSUL12' cell in the 'SP013D3_V1p2_typ' technology library is inconsistent with the same-name pin in the '/home/eda/lib/smic/SP013D3_V1p4/apollo/SP013D3_V1p2_8MT' physical library. No physical link for the logical lib cell. (PSYN-058)
Warning: The pin direction of 'C' pin on 'PBSUL12' cell in the 'SP013D3_V1p2_typ' technology library is inconsistent with the same-name pin in the '/home/eda/lib/smic/SP013D3_V1p4/apollo/SP013D3_V1p2_8MT' physical library. No physical link for the logical lib cell. (PSYN-058)
Warning: The pin direction of 'PAD' pin on 'PBSUL12' cell in the 'SP013D3_V1p2_typ' technology library is inconsistent with the same-name pin in the '/home/eda/lib/smic/SP013D3_V1p4/apollo/SP013D3_V1p2_8MT' physical library. No physical link for the logical lib cell. (PSYN-058)
Warning: The pin direction of 'VDD' pin on 'PVDD1CE' cell in the 'SP013D3_V1p2_typ' technology library is inconsistent with the same-name pin in the '/home/eda/lib/smic/SP013D3_V1p4/apollo/SP013D3_V1p2_8MT' physical library. No physical link for the logical lib cell. (PSYN-058)
Warning: The pin direction of 'VSS1' pin on 'P1DIODE8' cell in the 'SP013D3_V1p2_typ' technology library is inconsistent with the same-name pin in the '/home/eda/lib/smic/SP013D3_V1p4/apollo/SP013D3_V1p2_8MT' physical library. No physical link for the logical lib cell. (PSYN-058)
Warning: The pin direction of 'VSS2' pin on 'P1DIODE8' cell in the 'SP013D3_V1p2_typ' technology library is inconsistent with the same-name pin in the '/home/eda/lib/smic/SP013D3_V1p4/apollo/SP013D3_V1p2_8MT' physical library. No physical link for the logical lib cell. (PSYN-058)
Warning: The pin direction of 'VDD1' pin on 'P1DIODE' cell in the 'SP013D3_V1p2_typ' technology library is inconsistent with the same-name pin in the '/home/eda/lib/smic/SP013D3_V1p4/apollo/SP013D3_V1p2_8MT' physical library. No physical link for the logical lib cell. (PSYN-058)
Warning: The pin direction of 'VDD2' pin on 'P1DIODE' cell in the 'SP013D3_V1p2_typ' technology library is inconsistent with the same-name pin in the '/home/eda/lib/smic/SP013D3_V1p4/apollo/SP013D3_V1p2_8MT' physical library. No physical link for the logical lib cell. (PSYN-058)
Warning: The pin direction of 'VSS1' pin on 'P1DIODE' cell in the 'SP013D3_V1p2_typ' technology library is inconsistent with the same-name pin in the '/home/eda/lib/smic/SP013D3_V1p4/apollo/SP013D3_V1p2_8MT' physical library. No physical link for the logical lib cell. (PSYN-058)
Warning: The pin direction of 'VSS2' pin on 'P1DIODE' cell in the 'SP013D3_V1p2_typ' technology library is inconsistent with the same-name pin in the '/home/eda/lib/smic/SP013D3_V1p4/apollo/SP013D3_V1p2_8MT' physical library. No physical link for the logical lib cell. (PSYN-058)
Warning: The pin direction of 'SVSS1ANP' pin on 'PVSS1ANP' cell in the 'SP013D3_V1p2_typ' technology library is inconsistent with the same-name pin in the '/home/eda/lib/smic/SP013D3_V1p4/apollo/SP013D3_V1p2_8MT' physical library. No physical link for the logical lib cell. (PSYN-058)
Warning: The pin direction of 'SVDD1ANP' pin on 'PVDD1ANP' cell in the 'SP013D3_V1p2_typ' technology library is inconsistent with the same-name pin in the '/home/eda/lib/smic/SP013D3_V1p4/apollo/SP013D3_V1p2_8MT' physical library. No physical link for the logical lib cell. (PSYN-058)
Warning: The pin direction of 'VPP' pin on 'PVPP' cell in the 'SP013D3_V1p2_typ' technology library is inconsistent with the same-name pin in the '/home/eda/lib/smic/SP013D3_V1p4/apollo/SP013D3_V1p2_8MT' physical library. No physical link for the logical lib cell. (PSYN-058)
Warning: The pin direction of 'SVSS1CANP' pin on 'PVSS1CANP' cell in the 'SP013D3_V1p2_typ' technology library is inconsistent with the same-name pin in the '/home/eda/lib/smic/SP013D3_V1p4/apollo/SP013D3_V1p2_8MT' physical library. No physical link for the logical lib cell. (PSYN-058)
Warning: The pin direction of 'SVDD1CANP' pin on 'PVDD1CANP' cell in the 'SP013D3_V1p2_typ' technology library is inconsistent with the same-name pin in the '/home/eda/lib/smic/SP013D3_V1p4/apollo/SP013D3_V1p2_8MT' physical library. No physical link for the logical lib cell. (PSYN-058)
Warning: The 'PB12' cell in the 'SP013D3_V1p2_typ' technology library is being 
	marked as "dont_use". (PSYN-039)
Warning: The 'PB12' cell in the 'SP013D3_V1p2_typ' technology library does not 
	have corresponding physical cell description. (PSYN-024)
Warning: The 'PB16' cell in the 'SP013D3_V1p2_typ' technology library is being 
	marked as "dont_use". (PSYN-039)
Warning: The 'PB16' cell in the 'SP013D3_V1p2_typ' technology library does not 
	have corresponding physical cell description. (PSYN-024)
Warning: The 'PB2' cell in the 'SP013D3_V1p2_typ' technology library is being 
	marked as "dont_use". (PSYN-039)
Warning: The 'PB2' cell in the 'SP013D3_V1p2_typ' technology library does not 
	have corresponding physical cell description. (PSYN-024)
Warning: The 'PB24' cell in the 'SP013D3_V1p2_typ' technology library is being 
	marked as "dont_use". (PSYN-039)
Warning: The 'PB24' cell in the 'SP013D3_V1p2_typ' technology library does not 
	have corresponding physical cell description. (PSYN-024)
Warning: The 'PB4' cell in the 'SP013D3_V1p2_typ' technology library is being 
	marked as "dont_use". (PSYN-039)
Warning: The 'PB4' cell in the 'SP013D3_V1p2_typ' technology library does not 
	have corresponding physical cell description. (PSYN-024)
Warning: The 'PB8' cell in the 'SP013D3_V1p2_typ' technology library is being 
	marked as "dont_use". (PSYN-039)
Warning: The 'PB8' cell in the 'SP013D3_V1p2_typ' technology library does not 
	have corresponding physical cell description. (PSYN-024)
Warning: The 'PBCD12' cell in the 'SP013D3_V1p2_typ' technology library is being 
	marked as "dont_use". (PSYN-039)
Warning: The 'PBCD12' cell in the 'SP013D3_V1p2_typ' technology library does not 
	have corresponding physical cell description. (PSYN-024)
Warning: The 'PBCD16' cell in the 'SP013D3_V1p2_typ' technology library is being 
	marked as "dont_use". (PSYN-039)
Warning: The 'PBCD16' cell in the 'SP013D3_V1p2_typ' technology library does not 
	have corresponding physical cell description. (PSYN-024)
Warning: The 'PBCD2' cell in the 'SP013D3_V1p2_typ' technology library is being 
	marked as "dont_use". (PSYN-039)
Warning: The 'PBCD2' cell in the 'SP013D3_V1p2_typ' technology library does not 
	have corresponding physical cell description. (PSYN-024)
Warning: The 'PBCD24' cell in the 'SP013D3_V1p2_typ' technology library is being 
	marked as "dont_use". (PSYN-039)
Warning: The 'PBCD24' cell in the 'SP013D3_V1p2_typ' technology library does not 
	have corresponding physical cell description. (PSYN-024)
Warning: The 'PBCD4' cell in the 'SP013D3_V1p2_typ' technology library is being 
	marked as "dont_use". (PSYN-039)
Warning: The 'PBCD4' cell in the 'SP013D3_V1p2_typ' technology library does not 
	have corresponding physical cell description. (PSYN-024)
Warning: The 'PBCD8' cell in the 'SP013D3_V1p2_typ' technology library is being 
	marked as "dont_use". (PSYN-039)
Warning: The 'PBCD8' cell in the 'SP013D3_V1p2_typ' technology library does not 
	have corresponding physical cell description. (PSYN-024)
Warning: The 'PBCDL12' cell in the 'SP013D3_V1p2_typ' technology library is being 
	marked as "dont_use". (PSYN-039)
Warning: The 'PBCDL12' cell in the 'SP013D3_V1p2_typ' technology library does not 
	have corresponding physical cell description. (PSYN-024)
Warning: The 'PBCDL16' cell in the 'SP013D3_V1p2_typ' technology library is being 
	marked as "dont_use". (PSYN-039)
Warning: The 'PBCDL16' cell in the 'SP013D3_V1p2_typ' technology library does not 
	have corresponding physical cell description. (PSYN-024)
Warning: The 'PBCDL24' cell in the 'SP013D3_V1p2_typ' technology library is being 
	marked as "dont_use". (PSYN-039)
Warning: The 'PBCDL24' cell in the 'SP013D3_V1p2_typ' technology library does not 
	have corresponding physical cell description. (PSYN-024)
Warning: The 'PBCDL8' cell in the 'SP013D3_V1p2_typ' technology library is being 
	marked as "dont_use". (PSYN-039)
Warning: The 'PBCDL8' cell in the 'SP013D3_V1p2_typ' technology library does not 
	have corresponding physical cell description. (PSYN-024)
Warning: The 'PBCU12' cell in the 'SP013D3_V1p2_typ' technology library is being 
	marked as "dont_use". (PSYN-039)
Warning: The 'PBCU12' cell in the 'SP013D3_V1p2_typ' technology library does not 
	have corresponding physical cell description. (PSYN-024)
Warning: The 'PBCU16' cell in the 'SP013D3_V1p2_typ' technology library is being 
	marked as "dont_use". (PSYN-039)
Warning: The 'PBCU16' cell in the 'SP013D3_V1p2_typ' technology library does not 
	have corresponding physical cell description. (PSYN-024)
Warning: The 'PBCU2' cell in the 'SP013D3_V1p2_typ' technology library is being 
	marked as "dont_use". (PSYN-039)
Warning: The 'PBCU2' cell in the 'SP013D3_V1p2_typ' technology library does not 
	have corresponding physical cell description. (PSYN-024)
Warning: The 'PBCU24' cell in the 'SP013D3_V1p2_typ' technology library is being 
	marked as "dont_use". (PSYN-039)
Warning: The 'PBCU24' cell in the 'SP013D3_V1p2_typ' technology library does not 
	have corresponding physical cell description. (PSYN-024)
Warning: The 'PBCU4' cell in the 'SP013D3_V1p2_typ' technology library is being 
	marked as "dont_use". (PSYN-039)
Warning: The 'PBCU4' cell in the 'SP013D3_V1p2_typ' technology library does not 
	have corresponding physical cell description. (PSYN-024)
Warning: The 'PBCU8' cell in the 'SP013D3_V1p2_typ' technology library is being 
	marked as "dont_use". (PSYN-039)
Warning: The 'PBCU8' cell in the 'SP013D3_V1p2_typ' technology library does not 
	have corresponding physical cell description. (PSYN-024)
Warning: The 'PBCUL12' cell in the 'SP013D3_V1p2_typ' technology library is being 
	marked as "dont_use". (PSYN-039)
Warning: The 'PBCUL12' cell in the 'SP013D3_V1p2_typ' technology library does not 
	have corresponding physical cell description. (PSYN-024)
Warning: The 'PBCUL16' cell in the 'SP013D3_V1p2_typ' technology library is being 
	marked as "dont_use". (PSYN-039)
Warning: The 'PBCUL16' cell in the 'SP013D3_V1p2_typ' technology library does not 
	have corresponding physical cell description. (PSYN-024)
Warning: The 'PBCUL24' cell in the 'SP013D3_V1p2_typ' technology library is being 
	marked as "dont_use". (PSYN-039)
Warning: The 'PBCUL24' cell in the 'SP013D3_V1p2_typ' technology library does not 
	have corresponding physical cell description. (PSYN-024)
Warning: The 'PBCUL8' cell in the 'SP013D3_V1p2_typ' technology library is being 
	marked as "dont_use". (PSYN-039)
Warning: The 'PBCUL8' cell in the 'SP013D3_V1p2_typ' technology library does not 
	have corresponding physical cell description. (PSYN-024)
Warning: The 'PBD12' cell in the 'SP013D3_V1p2_typ' technology library is being 
	marked as "dont_use". (PSYN-039)
Warning: The 'PBD12' cell in the 'SP013D3_V1p2_typ' technology library does not 
	have corresponding physical cell description. (PSYN-024)
Warning: The 'PBD16' cell in the 'SP013D3_V1p2_typ' technology library is being 
	marked as "dont_use". (PSYN-039)
Warning: The 'PBD16' cell in the 'SP013D3_V1p2_typ' technology library does not 
	have corresponding physical cell description. (PSYN-024)
Warning: The 'PBD2' cell in the 'SP013D3_V1p2_typ' technology library is being 
	marked as "dont_use". (PSYN-039)
Warning: The 'PBD2' cell in the 'SP013D3_V1p2_typ' technology library does not 
	have corresponding physical cell description. (PSYN-024)
Warning: The 'PBD24' cell in the 'SP013D3_V1p2_typ' technology library is being 
	marked as "dont_use". (PSYN-039)
Warning: The 'PBD24' cell in the 'SP013D3_V1p2_typ' technology library does not 
	have corresponding physical cell description. (PSYN-024)
Warning: The 'PBD4' cell in the 'SP013D3_V1p2_typ' technology library is being 
	marked as "dont_use". (PSYN-039)
Warning: The 'PBD4' cell in the 'SP013D3_V1p2_typ' technology library does not 
	have corresponding physical cell description. (PSYN-024)
Warning: The 'PBD8' cell in the 'SP013D3_V1p2_typ' technology library is being 
	marked as "dont_use". (PSYN-039)
Warning: The 'PBD8' cell in the 'SP013D3_V1p2_typ' technology library does not 
	have corresponding physical cell description. (PSYN-024)
Warning: The 'PBDL12' cell in the 'SP013D3_V1p2_typ' technology library is being 
	marked as "dont_use". (PSYN-039)
Warning: The 'PBDL12' cell in the 'SP013D3_V1p2_typ' technology library does not 
	have corresponding physical cell description. (PSYN-024)
Warning: The 'PBDL16' cell in the 'SP013D3_V1p2_typ' technology library is being 
	marked as "dont_use". (PSYN-039)
Warning: The 'PBDL16' cell in the 'SP013D3_V1p2_typ' technology library does not 
	have corresponding physical cell description. (PSYN-024)
Warning: The 'PBDL24' cell in the 'SP013D3_V1p2_typ' technology library is being 
	marked as "dont_use". (PSYN-039)
Warning: The 'PBDL24' cell in the 'SP013D3_V1p2_typ' technology library does not 
	have corresponding physical cell description. (PSYN-024)
Warning: The 'PBDL8' cell in the 'SP013D3_V1p2_typ' technology library is being 
	marked as "dont_use". (PSYN-039)
Warning: The 'PBDL8' cell in the 'SP013D3_V1p2_typ' technology library does not 
	have corresponding physical cell description. (PSYN-024)
Warning: The 'PBL12' cell in the 'SP013D3_V1p2_typ' technology library is being 
	marked as "dont_use". (PSYN-039)
Warning: The 'PBL12' cell in the 'SP013D3_V1p2_typ' technology library does not 
	have corresponding physical cell description. (PSYN-024)
Warning: The 'PBL16' cell in the 'SP013D3_V1p2_typ' technology library is being 
	marked as "dont_use". (PSYN-039)
Warning: The 'PBL16' cell in the 'SP013D3_V1p2_typ' technology library does not 
	have corresponding physical cell description. (PSYN-024)
Warning: The 'PBL24' cell in the 'SP013D3_V1p2_typ' technology library is being 
	marked as "dont_use". (PSYN-039)
Warning: The 'PBL24' cell in the 'SP013D3_V1p2_typ' technology library does not 
	have corresponding physical cell description. (PSYN-024)
Warning: The 'PBL8' cell in the 'SP013D3_V1p2_typ' technology library is being 
	marked as "dont_use". (PSYN-039)
Warning: The 'PBL8' cell in the 'SP013D3_V1p2_typ' technology library does not 
	have corresponding physical cell description. (PSYN-024)
Warning: The 'PBS12' cell in the 'SP013D3_V1p2_typ' technology library is being 
	marked as "dont_use". (PSYN-039)
Warning: The 'PBS12' cell in the 'SP013D3_V1p2_typ' technology library does not 
	have corresponding physical cell description. (PSYN-024)
Warning: The 'PBS16' cell in the 'SP013D3_V1p2_typ' technology library is being 
	marked as "dont_use". (PSYN-039)
Warning: The 'PBS16' cell in the 'SP013D3_V1p2_typ' technology library does not 
	have corresponding physical cell description. (PSYN-024)
Warning: The 'PBS2' cell in the 'SP013D3_V1p2_typ' technology library is being 
	marked as "dont_use". (PSYN-039)
Warning: The 'PBS2' cell in the 'SP013D3_V1p2_typ' technology library does not 
	have corresponding physical cell description. (PSYN-024)
Warning: The 'PBS24' cell in the 'SP013D3_V1p2_typ' technology library is being 
	marked as "dont_use". (PSYN-039)
Warning: The 'PBS24' cell in the 'SP013D3_V1p2_typ' technology library does not 
	have corresponding physical cell description. (PSYN-024)
Warning: The 'PBS4' cell in the 'SP013D3_V1p2_typ' technology library is being 
	marked as "dont_use". (PSYN-039)
Warning: The 'PBS4' cell in the 'SP013D3_V1p2_typ' technology library does not 
	have corresponding physical cell description. (PSYN-024)
Warning: The 'PBS8' cell in the 'SP013D3_V1p2_typ' technology library is being 
	marked as "dont_use". (PSYN-039)
Warning: The 'PBS8' cell in the 'SP013D3_V1p2_typ' technology library does not 
	have corresponding physical cell description. (PSYN-024)
Warning: The 'PBSD12' cell in the 'SP013D3_V1p2_typ' technology library is being 
	marked as "dont_use". (PSYN-039)
Warning: The 'PBSD12' cell in the 'SP013D3_V1p2_typ' technology library does not 
	have corresponding physical cell description. (PSYN-024)
Warning: The 'PBSD16' cell in the 'SP013D3_V1p2_typ' technology library is being 
	marked as "dont_use". (PSYN-039)
Warning: The 'PBSD16' cell in the 'SP013D3_V1p2_typ' technology library does not 
	have corresponding physical cell description. (PSYN-024)
Warning: The 'PBSD2' cell in the 'SP013D3_V1p2_typ' technology library is being 
	marked as "dont_use". (PSYN-039)
Warning: The 'PBSD2' cell in the 'SP013D3_V1p2_typ' technology library does not 
	have corresponding physical cell description. (PSYN-024)
Warning: The 'PBSD24' cell in the 'SP013D3_V1p2_typ' technology library is being 
	marked as "dont_use". (PSYN-039)
Warning: The 'PBSD24' cell in the 'SP013D3_V1p2_typ' technology library does not 
	have corresponding physical cell description. (PSYN-024)
Warning: The 'PBSD4' cell in the 'SP013D3_V1p2_typ' technology library is being 
	marked as "dont_use". (PSYN-039)
Warning: The 'PBSD4' cell in the 'SP013D3_V1p2_typ' technology library does not 
	have corresponding physical cell description. (PSYN-024)
Warning: The 'PBSD8' cell in the 'SP013D3_V1p2_typ' technology library is being 
	marked as "dont_use". (PSYN-039)
Warning: The 'PBSD8' cell in the 'SP013D3_V1p2_typ' technology library does not 
	have corresponding physical cell description. (PSYN-024)
Warning: The 'PBSDL12' cell in the 'SP013D3_V1p2_typ' technology library is being 
	marked as "dont_use". (PSYN-039)
Warning: The 'PBSDL12' cell in the 'SP013D3_V1p2_typ' technology library does not 
	have corresponding physical cell description. (PSYN-024)
Warning: The 'PBSDL16' cell in the 'SP013D3_V1p2_typ' technology library is being 
	marked as "dont_use". (PSYN-039)
Warning: The 'PBSDL16' cell in the 'SP013D3_V1p2_typ' technology library does not 
	have corresponding physical cell description. (PSYN-024)
Warning: The 'PBSDL24' cell in the 'SP013D3_V1p2_typ' technology library is being 
	marked as "dont_use". (PSYN-039)
Warning: The 'PBSDL24' cell in the 'SP013D3_V1p2_typ' technology library does not 
	have corresponding physical cell description. (PSYN-024)
Warning: The 'PBSDL8' cell in the 'SP013D3_V1p2_typ' technology library is being 
	marked as "dont_use". (PSYN-039)
Warning: The 'PBSDL8' cell in the 'SP013D3_V1p2_typ' technology library does not 
	have corresponding physical cell description. (PSYN-024)
Warning: The 'PBSL12' cell in the 'SP013D3_V1p2_typ' technology library is being 
	marked as "dont_use". (PSYN-039)
Warning: The 'PBSL12' cell in the 'SP013D3_V1p2_typ' technology library does not 
	have corresponding physical cell description. (PSYN-024)
Warning: The 'PBSL16' cell in the 'SP013D3_V1p2_typ' technology library is being 
	marked as "dont_use". (PSYN-039)
Warning: The 'PBSL16' cell in the 'SP013D3_V1p2_typ' technology library does not 
	have corresponding physical cell description. (PSYN-024)
Warning: The 'PBSL24' cell in the 'SP013D3_V1p2_typ' technology library is being 
	marked as "dont_use". (PSYN-039)
Warning: The 'PBSL24' cell in the 'SP013D3_V1p2_typ' technology library does not 
	have corresponding physical cell description. (PSYN-024)
Warning: The 'PBSL8' cell in the 'SP013D3_V1p2_typ' technology library is being 
	marked as "dont_use". (PSYN-039)
Warning: The 'PBSL8' cell in the 'SP013D3_V1p2_typ' technology library does not 
	have corresponding physical cell description. (PSYN-024)
Warning: The 'PBSU12' cell in the 'SP013D3_V1p2_typ' technology library is being 
	marked as "dont_use". (PSYN-039)
Warning: The 'PBSU12' cell in the 'SP013D3_V1p2_typ' technology library does not 
	have corresponding physical cell description. (PSYN-024)
Warning: The 'PBSU16' cell in the 'SP013D3_V1p2_typ' technology library is being 
	marked as "dont_use". (PSYN-039)
Warning: The 'PBSU16' cell in the 'SP013D3_V1p2_typ' technology library does not 
	have corresponding physical cell description. (PSYN-024)
Warning: The 'PBSU2' cell in the 'SP013D3_V1p2_typ' technology library is being 
	marked as "dont_use". (PSYN-039)
Warning: The 'PBSU2' cell in the 'SP013D3_V1p2_typ' technology library does not 
	have corresponding physical cell description. (PSYN-024)
Warning: The 'PBSU24' cell in the 'SP013D3_V1p2_typ' technology library is being 
	marked as "dont_use". (PSYN-039)
Warning: The 'PBSU24' cell in the 'SP013D3_V1p2_typ' technology library does not 
	have corresponding physical cell description. (PSYN-024)
Warning: The 'PBSU4' cell in the 'SP013D3_V1p2_typ' technology library is being 
	marked as "dont_use". (PSYN-039)
Warning: The 'PBSU4' cell in the 'SP013D3_V1p2_typ' technology library does not 
	have corresponding physical cell description. (PSYN-024)
Warning: The 'PBSU8' cell in the 'SP013D3_V1p2_typ' technology library is being 
	marked as "dont_use". (PSYN-039)
Warning: The 'PBSU8' cell in the 'SP013D3_V1p2_typ' technology library does not 
	have corresponding physical cell description. (PSYN-024)
Warning: The 'PBSUL12' cell in the 'SP013D3_V1p2_typ' technology library is being 
	marked as "dont_use". (PSYN-039)
Warning: The 'PBSUL12' cell in the 'SP013D3_V1p2_typ' technology library does not 
	have corresponding physical cell description. (PSYN-024)
Warning: The 'PBSUL16' cell in the 'SP013D3_V1p2_typ' technology library is being 
	marked as "dont_use". (PSYN-039)
Warning: The 'PBSUL16' cell in the 'SP013D3_V1p2_typ' technology library does not 
	have corresponding physical cell description. (PSYN-024)
Warning: The 'PBSUL24' cell in the 'SP013D3_V1p2_typ' technology library is being 
	marked as "dont_use". (PSYN-039)
Warning: The 'PBSUL24' cell in the 'SP013D3_V1p2_typ' technology library does not 
	have corresponding physical cell description. (PSYN-024)
Warning: The 'PBSUL8' cell in the 'SP013D3_V1p2_typ' technology library is being 
	marked as "dont_use". (PSYN-039)
Warning: The 'PBSUL8' cell in the 'SP013D3_V1p2_typ' technology library does not 
	have corresponding physical cell description. (PSYN-024)
Warning: The 'PBU12' cell in the 'SP013D3_V1p2_typ' technology library is being 
	marked as "dont_use". (PSYN-039)
Warning: The 'PBU12' cell in the 'SP013D3_V1p2_typ' technology library does not 
	have corresponding physical cell description. (PSYN-024)
Warning: The 'PBU16' cell in the 'SP013D3_V1p2_typ' technology library is being 
	marked as "dont_use". (PSYN-039)
Warning: The 'PBU16' cell in the 'SP013D3_V1p2_typ' technology library does not 
	have corresponding physical cell description. (PSYN-024)
Warning: The 'PBU2' cell in the 'SP013D3_V1p2_typ' technology library is being 
	marked as "dont_use". (PSYN-039)
Warning: The 'PBU2' cell in the 'SP013D3_V1p2_typ' technology library does not 
	have corresponding physical cell description. (PSYN-024)
Warning: The 'PBU24' cell in the 'SP013D3_V1p2_typ' technology library is being 
	marked as "dont_use". (PSYN-039)
Warning: The 'PBU24' cell in the 'SP013D3_V1p2_typ' technology library does not 
	have corresponding physical cell description. (PSYN-024)
Warning: The 'PBU4' cell in the 'SP013D3_V1p2_typ' technology library is being 
	marked as "dont_use". (PSYN-039)
Warning: The 'PBU4' cell in the 'SP013D3_V1p2_typ' technology library does not 
	have corresponding physical cell description. (PSYN-024)
Warning: The 'PBU8' cell in the 'SP013D3_V1p2_typ' technology library is being 
	marked as "dont_use". (PSYN-039)
Warning: The 'PBU8' cell in the 'SP013D3_V1p2_typ' technology library does not 
	have corresponding physical cell description. (PSYN-024)
Warning: The 'PBUL12' cell in the 'SP013D3_V1p2_typ' technology library is being 
	marked as "dont_use". (PSYN-039)
Warning: The 'PBUL12' cell in the 'SP013D3_V1p2_typ' technology library does not 
	have corresponding physical cell description. (PSYN-024)
Warning: The 'PBUL16' cell in the 'SP013D3_V1p2_typ' technology library is being 
	marked as "dont_use". (PSYN-039)
Warning: The 'PBUL16' cell in the 'SP013D3_V1p2_typ' technology library does not 
	have corresponding physical cell description. (PSYN-024)
Warning: The 'PBUL24' cell in the 'SP013D3_V1p2_typ' technology library is being 
	marked as "dont_use". (PSYN-039)
Warning: The 'PBUL24' cell in the 'SP013D3_V1p2_typ' technology library does not 
	have corresponding physical cell description. (PSYN-024)
Warning: The 'PBUL8' cell in the 'SP013D3_V1p2_typ' technology library is being 
	marked as "dont_use". (PSYN-039)
Warning: The 'PBUL8' cell in the 'SP013D3_V1p2_typ' technology library does not 
	have corresponding physical cell description. (PSYN-024)
Warning: The 'PI' cell in the 'SP013D3_V1p2_typ' technology library is being 
	marked as "dont_use". (PSYN-039)
Warning: The 'PI' cell in the 'SP013D3_V1p2_typ' technology library does not 
	have corresponding physical cell description. (PSYN-024)
Warning: The 'PICD' cell in the 'SP013D3_V1p2_typ' technology library is being 
	marked as "dont_use". (PSYN-039)
Warning: The 'PICD' cell in the 'SP013D3_V1p2_typ' technology library does not 
	have corresponding physical cell description. (PSYN-024)
Warning: The 'PICU' cell in the 'SP013D3_V1p2_typ' technology library is being 
	marked as "dont_use". (PSYN-039)
Warning: The 'PICU' cell in the 'SP013D3_V1p2_typ' technology library does not 
	have corresponding physical cell description. (PSYN-024)
Warning: The 'PID' cell in the 'SP013D3_V1p2_typ' technology library is being 
	marked as "dont_use". (PSYN-039)
Warning: The 'PID' cell in the 'SP013D3_V1p2_typ' technology library does not 
	have corresponding physical cell description. (PSYN-024)
Warning: The 'PIS' cell in the 'SP013D3_V1p2_typ' technology library is being 
	marked as "dont_use". (PSYN-039)
Warning: The 'PIS' cell in the 'SP013D3_V1p2_typ' technology library does not 
	have corresponding physical cell description. (PSYN-024)
Warning: The 'PISD' cell in the 'SP013D3_V1p2_typ' technology library is being 
	marked as "dont_use". (PSYN-039)
Warning: The 'PISD' cell in the 'SP013D3_V1p2_typ' technology library does not 
	have corresponding physical cell description. (PSYN-024)
Warning: The 'PISU' cell in the 'SP013D3_V1p2_typ' technology library is being 
	marked as "dont_use". (PSYN-039)
Warning: The 'PISU' cell in the 'SP013D3_V1p2_typ' technology library does not 
	have corresponding physical cell description. (PSYN-024)
Warning: The 'PIU' cell in the 'SP013D3_V1p2_typ' technology library is being 
	marked as "dont_use". (PSYN-039)
Warning: The 'PIU' cell in the 'SP013D3_V1p2_typ' technology library does not 
	have corresponding physical cell description. (PSYN-024)
Warning: The 'PO12' cell in the 'SP013D3_V1p2_typ' technology library is being 
	marked as "dont_use". (PSYN-039)
Warning: The 'PO12' cell in the 'SP013D3_V1p2_typ' technology library does not 
	have corresponding physical cell description. (PSYN-024)
Warning: The 'PO16' cell in the 'SP013D3_V1p2_typ' technology library is being 
	marked as "dont_use". (PSYN-039)
Warning: The 'PO16' cell in the 'SP013D3_V1p2_typ' technology library does not 
	have corresponding physical cell description. (PSYN-024)
Warning: The 'PO2' cell in the 'SP013D3_V1p2_typ' technology library is being 
	marked as "dont_use". (PSYN-039)
Warning: The 'PO2' cell in the 'SP013D3_V1p2_typ' technology library does not 
	have corresponding physical cell description. (PSYN-024)
Warning: The 'PO24' cell in the 'SP013D3_V1p2_typ' technology library is being 
	marked as "dont_use". (PSYN-039)
Warning: The 'PO24' cell in the 'SP013D3_V1p2_typ' technology library does not 
	have corresponding physical cell description. (PSYN-024)
Warning: The 'PO4' cell in the 'SP013D3_V1p2_typ' technology library is being 
	marked as "dont_use". (PSYN-039)
Warning: The 'PO4' cell in the 'SP013D3_V1p2_typ' technology library does not 
	have corresponding physical cell description. (PSYN-024)
Warning: The 'PO8' cell in the 'SP013D3_V1p2_typ' technology library is being 
	marked as "dont_use". (PSYN-039)
Warning: The 'PO8' cell in the 'SP013D3_V1p2_typ' technology library does not 
	have corresponding physical cell description. (PSYN-024)
Warning: The 'POL12' cell in the 'SP013D3_V1p2_typ' technology library is being 
	marked as "dont_use". (PSYN-039)
Warning: The 'POL12' cell in the 'SP013D3_V1p2_typ' technology library does not 
	have corresponding physical cell description. (PSYN-024)
Warning: The 'POL16' cell in the 'SP013D3_V1p2_typ' technology library is being 
	marked as "dont_use". (PSYN-039)
Warning: The 'POL16' cell in the 'SP013D3_V1p2_typ' technology library does not 
	have corresponding physical cell description. (PSYN-024)
Warning: The 'POL24' cell in the 'SP013D3_V1p2_typ' technology library is being 
	marked as "dont_use". (PSYN-039)
Warning: The 'POL24' cell in the 'SP013D3_V1p2_typ' technology library does not 
	have corresponding physical cell description. (PSYN-024)
Warning: The 'POL8' cell in the 'SP013D3_V1p2_typ' technology library is being 
	marked as "dont_use". (PSYN-039)
Warning: The 'POL8' cell in the 'SP013D3_V1p2_typ' technology library does not 
	have corresponding physical cell description. (PSYN-024)
Warning: The 'POT12' cell in the 'SP013D3_V1p2_typ' technology library is being 
	marked as "dont_use". (PSYN-039)
Warning: The 'POT12' cell in the 'SP013D3_V1p2_typ' technology library does not 
	have corresponding physical cell description. (PSYN-024)
Warning: The 'POT16' cell in the 'SP013D3_V1p2_typ' technology library is being 
	marked as "dont_use". (PSYN-039)
Warning: The 'POT16' cell in the 'SP013D3_V1p2_typ' technology library does not 
	have corresponding physical cell description. (PSYN-024)
Warning: The 'POT2' cell in the 'SP013D3_V1p2_typ' technology library is being 
	marked as "dont_use". (PSYN-039)
Warning: The 'POT2' cell in the 'SP013D3_V1p2_typ' technology library does not 
	have corresponding physical cell description. (PSYN-024)
Warning: The 'POT24' cell in the 'SP013D3_V1p2_typ' technology library is being 
	marked as "dont_use". (PSYN-039)
Warning: The 'POT24' cell in the 'SP013D3_V1p2_typ' technology library does not 
	have corresponding physical cell description. (PSYN-024)
Warning: The 'POT4' cell in the 'SP013D3_V1p2_typ' technology library is being 
	marked as "dont_use". (PSYN-039)
Warning: The 'POT4' cell in the 'SP013D3_V1p2_typ' technology library does not 
	have corresponding physical cell description. (PSYN-024)
Warning: The 'POT8' cell in the 'SP013D3_V1p2_typ' technology library is being 
	marked as "dont_use". (PSYN-039)
Warning: The 'POT8' cell in the 'SP013D3_V1p2_typ' technology library does not 
	have corresponding physical cell description. (PSYN-024)
Warning: The 'POTL12' cell in the 'SP013D3_V1p2_typ' technology library is being 
	marked as "dont_use". (PSYN-039)
Warning: The 'POTL12' cell in the 'SP013D3_V1p2_typ' technology library does not 
	have corresponding physical cell description. (PSYN-024)
Warning: The 'POTL16' cell in the 'SP013D3_V1p2_typ' technology library is being 
	marked as "dont_use". (PSYN-039)
Warning: The 'POTL16' cell in the 'SP013D3_V1p2_typ' technology library does not 
	have corresponding physical cell description. (PSYN-024)
Warning: The 'POTL24' cell in the 'SP013D3_V1p2_typ' technology library is being 
	marked as "dont_use". (PSYN-039)
Warning: The 'POTL24' cell in the 'SP013D3_V1p2_typ' technology library does not 
	have corresponding physical cell description. (PSYN-024)
Warning: The 'POTL8' cell in the 'SP013D3_V1p2_typ' technology library is being 
	marked as "dont_use". (PSYN-039)
Warning: The 'POTL8' cell in the 'SP013D3_V1p2_typ' technology library does not 
	have corresponding physical cell description. (PSYN-024)
Warning: The 'PX1' cell in the 'SP013D3_V1p2_typ' technology library is being 
	marked as "dont_use". (PSYN-039)
Warning: The 'PX1' cell in the 'SP013D3_V1p2_typ' technology library does not 
	have corresponding physical cell description. (PSYN-024)
Warning: The 'PX2' cell in the 'SP013D3_V1p2_typ' technology library is being 
	marked as "dont_use". (PSYN-039)
Warning: The 'PX2' cell in the 'SP013D3_V1p2_typ' technology library does not 
	have corresponding physical cell description. (PSYN-024)
Warning: The 'PX3' cell in the 'SP013D3_V1p2_typ' technology library is being 
	marked as "dont_use". (PSYN-039)
Warning: The 'PX3' cell in the 'SP013D3_V1p2_typ' technology library does not 
	have corresponding physical cell description. (PSYN-024)
Warning: The 'PXWE1' cell in the 'SP013D3_V1p2_typ' technology library is being 
	marked as "dont_use". (PSYN-039)
Warning: The 'PXWE1' cell in the 'SP013D3_V1p2_typ' technology library does not 
	have corresponding physical cell description. (PSYN-024)
Warning: The 'PXWE2' cell in the 'SP013D3_V1p2_typ' technology library is being 
	marked as "dont_use". (PSYN-039)
Warning: The 'PXWE2' cell in the 'SP013D3_V1p2_typ' technology library does not 
	have corresponding physical cell description. (PSYN-024)
Warning: The 'PXWE3' cell in the 'SP013D3_V1p2_typ' technology library is being 
	marked as "dont_use". (PSYN-039)
Warning: The 'PXWE3' cell in the 'SP013D3_V1p2_typ' technology library does not 
	have corresponding physical cell description. (PSYN-024)
Warning: The 'PCI3B' cell in the 'SP013D3_V1p2_typ' technology library is being 
	marked as "dont_use". (PSYN-039)
Warning: The 'PCI3B' cell in the 'SP013D3_V1p2_typ' technology library does not 
	have corresponding physical cell description. (PSYN-024)
Warning: The 'PCI3BS' cell in the 'SP013D3_V1p2_typ' technology library is being 
	marked as "dont_use". (PSYN-039)
Warning: The 'PCI3BS' cell in the 'SP013D3_V1p2_typ' technology library does not 
	have corresponding physical cell description. (PSYN-024)
Warning: The 'PCI6B' cell in the 'SP013D3_V1p2_typ' technology library is being 
	marked as "dont_use". (PSYN-039)
Warning: The 'PCI6B' cell in the 'SP013D3_V1p2_typ' technology library does not 
	have corresponding physical cell description. (PSYN-024)
Warning: The 'PCI6BS' cell in the 'SP013D3_V1p2_typ' technology library is being 
	marked as "dont_use". (PSYN-039)
Warning: The 'PCI6BS' cell in the 'SP013D3_V1p2_typ' technology library does not 
	have corresponding physical cell description. (PSYN-024)
Warning: The 'PANA3AP' cell in the 'SP013D3_V1p2_typ' technology library is being 
	marked as "dont_use". (PSYN-039)
Warning: The 'PANA3AP' cell in the 'SP013D3_V1p2_typ' technology library does not 
	have corresponding physical cell description. (PSYN-024)
Warning: The 'PANA1AP' cell in the 'SP013D3_V1p2_typ' technology library is being 
	marked as "dont_use". (PSYN-039)
Warning: The 'PANA1AP' cell in the 'SP013D3_V1p2_typ' technology library does not 
	have corresponding physical cell description. (PSYN-024)
Warning: The 'PANA1AP1' cell in the 'SP013D3_V1p2_typ' technology library is being 
	marked as "dont_use". (PSYN-039)
Warning: The 'PANA1AP1' cell in the 'SP013D3_V1p2_typ' technology library does not 
	have corresponding physical cell description. (PSYN-024)
Warning: The 'PANA2AP' cell in the 'SP013D3_V1p2_typ' technology library is being 
	marked as "dont_use". (PSYN-039)
Warning: The 'PANA2AP' cell in the 'SP013D3_V1p2_typ' technology library does not 
	have corresponding physical cell description. (PSYN-024)
Warning: The 'PANA2AP1' cell in the 'SP013D3_V1p2_typ' technology library is being 
	marked as "dont_use". (PSYN-039)
Warning: The 'PANA2AP1' cell in the 'SP013D3_V1p2_typ' technology library does not 
	have corresponding physical cell description. (PSYN-024)
Warning: The 'PANA4AP' cell in the 'SP013D3_V1p2_typ' technology library is being 
	marked as "dont_use". (PSYN-039)
Warning: The 'PANA4AP' cell in the 'SP013D3_V1p2_typ' technology library does not 
	have corresponding physical cell description. (PSYN-024)
Warning: The 'PDIODE' cell in the 'SP013D3_V1p2_typ' technology library is being 
	marked as "dont_use". (PSYN-039)
Warning: The 'PDIODE' cell in the 'SP013D3_V1p2_typ' technology library does not 
	have corresponding physical cell description. (PSYN-024)
Warning: The 'PDIODE8' cell in the 'SP013D3_V1p2_typ' technology library is being 
	marked as "dont_use". (PSYN-039)
Warning: The 'PDIODE8' cell in the 'SP013D3_V1p2_typ' technology library does not 
	have corresponding physical cell description. (PSYN-024)
Warning: The 'PVDD1' cell in the 'SP013D3_V1p2_typ' technology library is being 
	marked as "dont_use". (PSYN-039)
Warning: The 'PVDD1' cell in the 'SP013D3_V1p2_typ' technology library does not 
	have corresponding physical cell description. (PSYN-024)
Warning: The 'PVDD1AP' cell in the 'SP013D3_V1p2_typ' technology library is being 
	marked as "dont_use". (PSYN-039)
Warning: The 'PVDD1AP' cell in the 'SP013D3_V1p2_typ' technology library does not 
	have corresponding physical cell description. (PSYN-024)
Warning: The 'PVDD1AP1' cell in the 'SP013D3_V1p2_typ' technology library is being 
	marked as "dont_use". (PSYN-039)
Warning: The 'PVDD1AP1' cell in the 'SP013D3_V1p2_typ' technology library does not 
	have corresponding physical cell description. (PSYN-024)
Warning: The 'PVDD1ANP' cell in the 'SP013D3_V1p2_typ' technology library is being 
	marked as "dont_use". (PSYN-039)
Warning: The 'PVDD1ANP' cell in the 'SP013D3_V1p2_typ' technology library does not 
	have corresponding physical cell description. (PSYN-024)
Warning: The 'PVDD1CANP' cell in the 'SP013D3_V1p2_typ' technology library is being 
	marked as "dont_use". (PSYN-039)
Warning: The 'PVDD1CANP' cell in the 'SP013D3_V1p2_typ' technology library does not 
	have corresponding physical cell description. (PSYN-024)
Warning: The 'PVDD1CAP' cell in the 'SP013D3_V1p2_typ' technology library is being 
	marked as "dont_use". (PSYN-039)
Warning: The 'PVDD1CAP' cell in the 'SP013D3_V1p2_typ' technology library does not 
	have corresponding physical cell description. (PSYN-024)
Warning: The 'PVDD1CAP1' cell in the 'SP013D3_V1p2_typ' technology library is being 
	marked as "dont_use". (PSYN-039)
Warning: The 'PVDD1CAP1' cell in the 'SP013D3_V1p2_typ' technology library does not 
	have corresponding physical cell description. (PSYN-024)
Warning: The 'PVDD3AP' cell in the 'SP013D3_V1p2_typ' technology library is being 
	marked as "dont_use". (PSYN-039)
Warning: The 'PVDD3AP' cell in the 'SP013D3_V1p2_typ' technology library does not 
	have corresponding physical cell description. (PSYN-024)
Warning: The 'PVDD3CAP' cell in the 'SP013D3_V1p2_typ' technology library is being 
	marked as "dont_use". (PSYN-039)
Warning: The 'PVDD3CAP' cell in the 'SP013D3_V1p2_typ' technology library does not 
	have corresponding physical cell description. (PSYN-024)
Warning: The 'PVSS1' cell in the 'SP013D3_V1p2_typ' technology library is being 
	marked as "dont_use". (PSYN-039)
Warning: The 'PVSS1' cell in the 'SP013D3_V1p2_typ' technology library does not 
	have corresponding physical cell description. (PSYN-024)
Warning: The 'PVSS1AP' cell in the 'SP013D3_V1p2_typ' technology library is being 
	marked as "dont_use". (PSYN-039)
Warning: The 'PVSS1AP' cell in the 'SP013D3_V1p2_typ' technology library does not 
	have corresponding physical cell description. (PSYN-024)
Warning: The 'PVSS1AP1' cell in the 'SP013D3_V1p2_typ' technology library is being 
	marked as "dont_use". (PSYN-039)
Warning: The 'PVSS1AP1' cell in the 'SP013D3_V1p2_typ' technology library does not 
	have corresponding physical cell description. (PSYN-024)
Warning: The 'PVSS1CANP' cell in the 'SP013D3_V1p2_typ' technology library is being 
	marked as "dont_use". (PSYN-039)
Warning: The 'PVSS1CANP' cell in the 'SP013D3_V1p2_typ' technology library does not 
	have corresponding physical cell description. (PSYN-024)
Warning: The 'PVSS1CAP' cell in the 'SP013D3_V1p2_typ' technology library is being 
	marked as "dont_use". (PSYN-039)
Warning: The 'PVSS1CAP' cell in the 'SP013D3_V1p2_typ' technology library does not 
	have corresponding physical cell description. (PSYN-024)
Warning: The 'PVSS1ANP' cell in the 'SP013D3_V1p2_typ' technology library is being 
	marked as "dont_use". (PSYN-039)
Warning: The 'PVSS1ANP' cell in the 'SP013D3_V1p2_typ' technology library does not 
	have corresponding physical cell description. (PSYN-024)
Warning: The 'PVSS1CAP1' cell in the 'SP013D3_V1p2_typ' technology library is being 
	marked as "dont_use". (PSYN-039)
Warning: The 'PVSS1CAP1' cell in the 'SP013D3_V1p2_typ' technology library does not 
	have corresponding physical cell description. (PSYN-024)
Warning: The 'PVSS3' cell in the 'SP013D3_V1p2_typ' technology library is being 
	marked as "dont_use". (PSYN-039)
Warning: The 'PVSS3' cell in the 'SP013D3_V1p2_typ' technology library does not 
	have corresponding physical cell description. (PSYN-024)
Warning: The 'PVSS3AP' cell in the 'SP013D3_V1p2_typ' technology library is being 
	marked as "dont_use". (PSYN-039)
Warning: The 'PVSS3AP' cell in the 'SP013D3_V1p2_typ' technology library does not 
	have corresponding physical cell description. (PSYN-024)
Warning: The 'PVSS3CAP' cell in the 'SP013D3_V1p2_typ' technology library is being 
	marked as "dont_use". (PSYN-039)
Warning: The 'PVSS3CAP' cell in the 'SP013D3_V1p2_typ' technology library does not 
	have corresponding physical cell description. (PSYN-024)
Warning: The 'PVPP' cell in the 'SP013D3_V1p2_typ' technology library is being 
	marked as "dont_use". (PSYN-039)
Warning: The 'PVPP' cell in the 'SP013D3_V1p2_typ' technology library does not 
	have corresponding physical cell description. (PSYN-024)
Warning: The 'P1DIODE' cell in the 'SP013D3_V1p2_typ' technology library is being 
	marked as "dont_use". (PSYN-039)
Warning: The 'P1DIODE' cell in the 'SP013D3_V1p2_typ' technology library does not 
	have corresponding physical cell description. (PSYN-024)
Warning: The 'P1DIODE8' cell in the 'SP013D3_V1p2_typ' technology library is being 
	marked as "dont_use". (PSYN-039)
Warning: The 'P1DIODE8' cell in the 'SP013D3_V1p2_typ' technology library does not 
	have corresponding physical cell description. (PSYN-024)
Warning: The 'PVDD1CE' cell in the 'SP013D3_V1p2_typ' technology library is being 
	marked as "dont_use". (PSYN-039)
Warning: The 'PVDD1CE' cell in the 'SP013D3_V1p2_typ' technology library does not 
	have corresponding physical cell description. (PSYN-024)
Information: Loading local_link_library attribute . (MWDC-290)

  Linking design 'control_pad'
  Using the following designs and libraries:
  --------------------------------------------------------------------------
  control_pad                 floorplan.CEL
  typical_1v2c25 (library)    /home/eda/lib/smic/aci/sc-x/synopsys/typical_1v2c25.db
  SP013D3_V1p2_typ (library)  /home/eda/lib/smic/SP013D3_V1p4/syn/SP013D3_V1p2_typ.db

# GUI Debug: Building dc from empty. -- Time: 164ms
(Running rc extraction with virtual route...)
Information: The design has horizontal rows, and Y-symmetry has been used for sites. (MWDC-217)
Floorplan loading succeeded.
Warning: Could not read any link_library files. The link_library setting {"*", "typical_1v2c25.db", "SP013D3_V1p2_typ.db", "typical_1v2c25.db", "SP013D3_V1p2_typ.db"} may be invalid. (UID-349)

  Loading design 'control_pad'


Information: Setting a dont_touch attribute on net 'rd' because it is connected to a pad cell. (PSYN-088)
Information: Setting a dont_touch attribute on net 'zero' because it is connected to a pad cell. (PSYN-088)
Information: Setting a dont_touch attribute on net 'clk' because it is connected to a pad cell. (PSYN-088)
Information: Setting a dont_touch attribute on net 'rst_' because it is connected to a pad cell. (PSYN-088)
Information: Setting a dont_touch attribute on net 'opcode[2]' because it is connected to a pad cell. (PSYN-088)
Information: Setting a dont_touch attribute on net 'opcode[1]' because it is connected to a pad cell. (PSYN-088)
Information: Setting a dont_touch attribute on net 'opcode[0]' because it is connected to a pad cell. (PSYN-088)
Information: Setting a dont_touch attribute on net 'sel' because it is connected to a pad cell. (PSYN-088)
Information: Setting a dont_touch attribute on net 'data_e' because it is connected to a pad cell. (PSYN-088)
Information: Setting a dont_touch attribute on net 'halt' because it is connected to a pad cell. (PSYN-088)
Information: Setting a dont_touch attribute on net 'inc_pc' because it is connected to a pad cell. (PSYN-088)
Information: Setting a dont_touch attribute on net 'ld_pc' because it is connected to a pad cell. (PSYN-088)
Information: Setting a dont_touch attribute on net 'ld_ac' because it is connected to a pad cell. (PSYN-088)
Information: Setting a dont_touch attribute on net 'ld_ir' because it is connected to a pad cell. (PSYN-088)
Information: Setting a dont_touch attribute on net 'wr' because it is connected to a pad cell. (PSYN-088)


Information: Library Manufacturing Grid(GridResolution) : 5
Information: Time Unit from Milkyway design library: 'ns' 
Information: Design Library and main library timing units are matched - 1.000 ns. 
Information: Resistance Unit from Milkyway design library: 'kohm' 
Information: Design Library and main library resistance units are matched - 1.000 kohm. 
Information: Capacitance Unit from Milkyway design library: 'pf' 
Information: Design Library and main library capacitance units are matched - 1.000 pf. 
****************************************************************
Information: TLUPlus based RC computation is enabled. (RCEX-141)
****************************************************************
Information: The distance unit in Capacitance and Resistance is 1 micron. (RCEX-007)
Information: The RC model used is TLU+. (RCEX-015)
Information: Library Derived Cap for layer METAL1 : 0.00025 0.00025 (RCEX-011)
Information: Library Derived Res for layer METAL1 : 0.0002 0.0002 (RCEX-011)
Information: Library Derived Cap for layer METAL2 : 0.00031 0.00031 (RCEX-011)
Information: Library Derived Res for layer METAL2 : 9.1e-05 9.1e-05 (RCEX-011)
Information: Library Derived Cap for layer METAL3 : 0.00035 0.00035 (RCEX-011)
Information: Library Derived Res for layer METAL3 : 9.1e-05 9.1e-05 (RCEX-011)
Information: Library Derived Cap for layer METAL4 : 0.00031 0.00031 (RCEX-011)
Information: Library Derived Res for layer METAL4 : 9.1e-05 9.1e-05 (RCEX-011)
Information: Library Derived Cap for layer METAL5 : 0.00035 0.00035 (RCEX-011)
Information: Library Derived Res for layer METAL5 : 9.1e-05 9.1e-05 (RCEX-011)
Information: Library Derived Cap for layer METAL6 : 0.00031 0.00031 (RCEX-011)
Information: Library Derived Res for layer METAL6 : 9.1e-05 9.1e-05 (RCEX-011)
Information: Library Derived Cap for layer METAL7 : 0.00035 0.00035 (RCEX-011)
Information: Library Derived Res for layer METAL7 : 9.1e-05 9.1e-05 (RCEX-011)
Information: Library Derived Cap for layer METAL8 : 0.0003 0.0003 (RCEX-011)
Information: Library Derived Res for layer METAL8 : 1.2e-05 1.2e-05 (RCEX-011)
Information: Library Derived Horizontal Cap : 0.00033 0.00033 (RCEX-011)
Information: Library Derived Horizontal Res : 0.00012 0.00012 (RCEX-011)
Information: Library Derived Vertical Cap : 0.00031 0.00031 (RCEX-011)
Information: Library Derived Vertical Res : 7.1e-05 7.1e-05 (RCEX-011)
Information: Using derived R and C coefficients. (RCEX-008)
Information: Using region-based R and C coefficients. (RCEX-013)
Information: Library Derived Via Res : 0.0001 0.0001 (RCEX-011)

51 nets processed. 
Router succeeded.
rc extraction finished.
CPU time for rc extraction =    0:00:00
Elapsed time for rc extraction =    0:00:01
Warning: High fanout net synthesis has not performed on the design yet. (VFP-432)
Information: Updating design information... (UID-85)

  Timing Path Group 'clk'
  -----------------------------------
  Levels of Logic:               5.00
  Critical Path Length:         11.48
  Critical Path Slack:           7.22
  Critical Path Clk Period:     20.00
  Total Negative Slack:          0.00
  No. of Violating Paths:        0.00
  Worst Hold Violation:          0.00
  Total Hold Violation:          0.00
  No. of Hold Violations:        0.00
  -----------------------------------


  Cell Count
  -----------------------------------
  Hierarchical Cell Count:          0
  Hierarchical Port Count:          0
  Leaf Cell Count:                 42
  Buf/Inv Cell Count:               3
  Buf Cell Count:                   0
  Inv Cell Count:                   3
  CT Buf/Inv Cell Count:            0
  Combinational Cell Count:        39
  Sequential Cell Count:            3
  Macro Count:                      0
  -----------------------------------


  Area
  -----------------------------------
  Combinational Area:       103581.16
  Noncombinational Area:        96.75
  Buf/Inv Area:             103435.18
  Total Buffer Area:             0.00
  Total Inverter Area:          10.18
  Macro/Black Box Area:          0.00
  Net Area:                      0.00
  Net XLength        :        5359.55
  Net YLength        :        7355.21
  -----------------------------------
  Cell Area:                103677.91
  Design Area:              103677.91
  Net Length        :        12714.75


  Design Rules
  -----------------------------------
  Total Number of Nets:            51
  Nets With Violations:            12
  Max Trans Violations:            12
  Max Cap Violations:              12
  -----------------------------------

CPU time for timing report =    0:00:00
Elapsed time for timing report =    0:00:00
Info: worst slack in the design is 7.215401
CPU time for freeing timing design =    0:00:00
Elapsed time for freeing timing design =    0:00:00
No timing violation found. Will not run timing-driven placement.
APL: calculating instance padding ...

Initializing Data Structure ...
INFO: legalizer_via_spacing_check_mode 0
  Reading technology information ...
    Technology table contains 8 routable metal layers
    Top most routable layer is set to be metal8
    This is considered as a 8-metal-layer design
    Reading library information from DB ...
    Speed = medium
    Flow Control = 1stCut(auto)
    Flow Control = 2ndCut(auto)
    Location Constraint = seePGrPGsPGpCKrCKsPHx
  Reading netlist information from DB ...
    3607 IO pads and 15 IO pins
    27 placeable cells
    0 cover cells
    3622 IO cells/pins
    3607 flip chip driver cells
    3649 cell instances
    53 nets
  Sorting cells, nets, pins ...
    net pin threshold = 17
  Reading misc information ...
    array <unit> has 0 vertical and 40 horizontal rows
    38 pre-routes for placement blockage/checking
    38 pre-routes for map congestion calculation
    0 net(s) treated as CLOCK for clustering
    0 clock nets, 0 clocked instances (0.00%)
    Auto Set : first cut = horizontal
  Checking information read in ...
    design style = Horizontal masters, Horizontal rows
.... FC: add guardband ....
  Preprocessing design ...
    splitting rows by natural obstacles ...
        Unit Tile        Demand      Available
             unit      149       13080
    calculating design statistics ...
    Auto Set : first cut = horizontal
    split into 40 row segments
    RowArea1 = total row area = 22201.99 micron^2
    RowArea2 = RowArea1 - macros = 22201.99 micron^2
    RowArea3 = RowArea2 - fixed standard cells = 22201.99 micron^2
    RowArea4 = RowArea3 - hard blockages and preroutes = 22201.99 micron^2
    RowArea5 = RowArea4 - IO pads and FC drivers = 22201.99 micron^2
    RowArea6 = RowArea5 - soft blockages = 22201.99 micron^2
    RowArea7 = RowArea6 - misc unusable area = 22201.99 micron^2
    27 placeable standard cells in 252.91 micron^2
    3607 nonplaceable cells/macros in 0.00 micron^2
    3622 IO pads cells/pins in 320822.03 micron^2
    cell/row utilization of array <unit> = 1.14%
... design style 0
... number of base array 1 0
INFO:... use original rows...
    max local area utilization set to be 80.23%
... design style 0
... number of base array 1 0
INFO:... use original rows...
    Calculating track supply in GRCs ...
    Calculating routing demand in GRCs ...
        [0%] [10%] [20%] [30%] [40%] [50%] [60%] [70%] [80%] [90%] [100%]
    6 nets may need more recursive calls in pseudo route.
    Final cleanup processing ...
    Reporting placement congestion ...
      @@@ Total Overflow = 0  Max = 0  DSR = 0.10%  GRCs = 0(0.00%)
      @@@ Horz  Overflow = 0  Max = 0(0 GRCs)  DSR = 0.08%  GRCs = 0(0.00 %)
      @@@ Vert  Overflow = 0  Max = 0(0 GRCs)  DSR = 0.12%  GRCs = 0(0.00 %)
      padding porosity reached
      Inst padding 0 units
APL: instance padding calculated (cpuTime = 0 second).
overflow 0.000000 numPaddedCell 0 numChangedCell 0
Reference Point: Lower Left-hand corner of Core Base Array
Number of plan group pins = 0
  0 blocks freed
  0 bytes freed
*********************************************
Report     : Virtual Flat Placement
Design     : floorplan
Version    : T-2022.03
Date       : Fri Nov 28 20:05:14 2025
*********************************************

Total wirelength: 12441.82
Number of 100x100 tracks cell density regions: 9
Number of low (< 10%) cell density regions: 16 (1.778%)
Number of high (> 200%) cell density regions: 0 (0.000%)
Maximum cell density: 2.32% (at 264 227 302 263)
Checking hard macro to hard macro overlaps...
Number of hard macro to hard macro overlaps: 0
Checking hard macro to std cell overlaps...
Number of hard macro to std cell overlaps: 0
Checking plan group to plan group overlaps...
Number of plan group to plan group overlaps: 0
Number of TL cells overlapping PG: 0
Number of cells violating core area: 0
Total number of cells violating plan group or core area: 0
*** global placement done.
Begin Overlap Removal...
Reference Point: Lower Left-hand corner of Core Base Array
[begin initializing data for legality checker]

Initializing Data Structure ...
INFO: legalizer_via_spacing_check_mode 0
  Reading technology information ...
    Technology table contains 8 routable metal layers
    Top most routable layer is set to be metal8
    This is considered as a 8-metal-layer design
    Reading library information from DB ...
  Reading misc information ...
    array <unit> has 0 vertical and 40 horizontal rows
    38 pre-routes for placement blockage/checking
    38 pre-routes for map congestion calculation
  Checking information read in ...
    design style = Horizontal masters, Horizontal rows

  Preprocessing design ...
    splitting rows by natural obstacles ...
... design style 0
... number of base array 1 0
INFO:... use original rows...
[end initializing data for legality checker]
Information: Running legalization in Fast-Mode! (DPI-029)
Warning: lib cell "PFILL001" of size (1 sites x 54 rows) will be treated as macro cell because it is larger than 6 site heights (default threshold). (PSYN-442)
Warning: lib cell "PO8" of size (77 sites x 54 rows) will be treated as macro cell because it is larger than 6 site heights (default threshold). (PSYN-442)
Warning: lib cell "PI" of size (77 sites x 54 rows) will be treated as macro cell because it is larger than 6 site heights (default threshold). (PSYN-442)
Warning: lib cell "PCORNER" of size (429 sites x 54 rows) will be treated as macro cell because it is larger than 6 site heights (default threshold). (PSYN-442)
Warning: lib cell "PVSS1" of size (77 sites x 54 rows) will be treated as macro cell because it is larger than 6 site heights (default threshold). (PSYN-442)
Warning: lib cell "PVDD1" of size (77 sites x 54 rows) will be treated as macro cell because it is larger than 6 site heights (default threshold). (PSYN-442)
Warning: lib cell "PVSS2" of size (77 sites x 54 rows) will be treated as macro cell because it is larger than 6 site heights (default threshold). (PSYN-442)
Warning: lib cell "PVDD2" of size (77 sites x 54 rows) will be treated as macro cell because it is larger than 6 site heights (default threshold). (PSYN-442)
 
****************************************
  Report : Chip Summary
  Design : control_pad
  Version: T-2022.03
  Date   : Fri Nov 28 20:05:14 2025
****************************************
Std cell utilization: 1.14%  (149/(13080-0))
(Non-fixed + Fixed)
Std cell utilization: 1.14%  (149/(13080-0))
(Non-fixed only)
Chip area:            13080    sites, bbox (227.00 227.00 377.42 374.60) um
Std cell area:        149      sites, (non-fixed:149    fixed:0)
                      27       cells, (non-fixed:27     fixed:0)
Macro cell area:      0        sites
                      0        cells
Placement blockages:  0        sites, (excluding fixed std cells)
                      0        sites, (include fixed std cells & chimney area)
                      0        sites, (complete p/g net blockages)
Routing blockages:    0        sites, (partial p/g net blockages)
                      0        sites, (routing blockages and signal pre-route)
Lib cell count:       21 
Avg. std cell width:  20.89 um 
Site array:           unit     (width: 0.46 um, height: 3.69 um, rows: 40)
Physical DB scale:    1000 db_unit = 1 um 

 
****************************************
  Report : pnet options
  Design : control_pad
  Version: T-2022.03
  Date   : Fri Nov 28 20:05:14 2025
****************************************


--------------------------------------------------------------------
Layer      Blockage   Min_width   Min_height   Via_additive     Density
--------------------------------------------------------------------
METAL1     none          ---         ---       via additive      ---
METAL2     none          ---         ---       via additive      ---
METAL3     none          ---         ---       via additive      ---
METAL4     none          ---         ---       via additive      ---
METAL5     none          ---         ---       via additive      ---
METAL6     none          ---         ---       via additive      ---
METAL7     none          ---         ---       via additive      ---
METAL8     none          ---         ---       via additive      ---
Legalizing 27 illegal cells...
Starting legalizer.
Initial legalization:  10% 20% 30% 40% 50% 60% 70% 80% 90% 100% (0 sec)
Optimizations pass 1: 10% 20% 30% 40% 50% 60% 70% 80% 90% 100% (0.0 sec)
Optimizations pass 2: 10% 20% 30% 40% 50% 60% 70% 80% 90% 100% (0.0 sec)
Optimizations pass 3: 10% 20% 30% 40% 50% 60% 70% 80% 90% 100% (0.0 sec)
Legalization complete (0 total sec)
 
****************************************
  Report : Legalize Displacement
  Design : control_pad
  Version: T-2022.03
  Date   : Fri Nov 28 20:05:14 2025
****************************************

avg cell displacement:    1.298 um ( 0.35 row height)
max cell displacement:    1.831 um ( 0.50 row height)
std deviation:            0.581 um ( 0.16 row height)
number of cell moved:        27 cells (out of 27 cells)

Total 0 cells has large displacement (e.g. > 11.070 um or 3 row height)

Information: Fast-Mode Legalization Done! (DPI-030)
Completed Overlap Removal.
1
route_zrt_global -congestion_map_only true -exploration true 
Start Global Route ... 
[Init] Elapsed real time: 0:00:00 
[Init] Elapsed cpu  time: sys=0:00:00 usr=0:00:00 total=0:00:00
[Init] Stage (MB): Used    0  Alloctr    0  Proc    0 
[Init] Total (MB): Used    6  Alloctr    7  Proc 2497 
Printing options for 'set_route_zrt_common_options'

Printing options for 'set_route_zrt_global_options'
-effort                                                 :	 minimum             

Begin global routing.
Warning: route design in exploration mode, exploration global routing results should NOT be used for track assignment or detail route (ZRT-441)
Turn off antenna since no rule is specified
Cell Min-Routing-Layer = METAL1
Cell Max-Routing-Layer = METAL8
Warning: Cell PCORNER contains more than 100000 obstructions (311044).  This may increase routing runtime.  You may wish to re-run BPV.  (ZRT-092)
Warning: Blockage, pin, and via extraction on 8 macros was done with "treat blockage as thin". (ZRT-023)
Warning: Ignore 2 top cell ports with no pins. (ZRT-027)
Warning: Pin i_rd/PAD of net rd has no valid shapes to connect. (ZRT-100)
Warning: Pin i_sel/PAD of net sel has no valid shapes to connect. (ZRT-100)
Warning: Pin i_data_e/PAD of net data_e has no valid shapes to connect. (ZRT-100)
Warning: Pin i_halt/PAD of net halt has no valid shapes to connect. (ZRT-100)
Warning: Pin i_inc_pc/PAD of net inc_pc has no valid shapes to connect. (ZRT-100)
Warning: Pin i_ld_pc/PAD of net ld_pc has no valid shapes to connect. (ZRT-100)
Warning: Pin i_ld_ac/PAD of net ld_ac has no valid shapes to connect. (ZRT-100)
Warning: Pin i_ld_ir/PAD of net ld_ir has no valid shapes to connect. (ZRT-100)
Warning: Pin i_wr/PAD of net wr has no valid shapes to connect. (ZRT-100)
Warning: Pin i_opcode_2/PAD of net opcode[2] has no valid shapes to connect. (ZRT-100)
Warning: Pin i_opcode_1/PAD of net opcode[1] has no valid shapes to connect. (ZRT-100)
Warning: Pin i_opcode_0/PAD of net opcode[0] has no valid shapes to connect. (ZRT-100)
Warning: Pin i_zero/PAD of net zero has no valid shapes to connect. (ZRT-100)
Warning: Pin i_clk/PAD of net clk has no valid shapes to connect. (ZRT-100)
Warning: Pin i_rst/PAD of net rst_ has no valid shapes to connect. (ZRT-100)
Warning: Cannot find a fat contact for layer 'VIA78'. (ZRT-010)
Via on layer (VIA78) needs more than one tracks
Warning: Layer METAL7 pitch 0.410 may be too small: wire/via-down 0.400, wire/via-up 0.490. (ZRT-026)
Transition layer name: METAL7(6)
Current Stage stats:
[End of Read DB] Elapsed real time: 0:00:01 
[End of Read DB] Elapsed cpu  time: sys=0:00:00 usr=0:00:01 total=0:00:01
[End of Read DB] Stage (MB): Used   95  Alloctr   95  Proc    0 
[End of Read DB] Total (MB): Used  102  Alloctr  103  Proc 2497 
Constructing data structure ...
Design statistics:
Design Bounding Box (0.00,0.00,604.42,604.00)
Number of routing layers = 8
layer METAL1, dir Hor, min width = 0.16, min space = 0.18 pitch = 0.41
layer METAL2, dir Ver, min width = 0.20, min space = 0.20 pitch = 0.46
layer METAL3, dir Hor, min width = 0.20, min space = 0.20 pitch = 0.41
layer METAL4, dir Ver, min width = 0.20, min space = 0.20 pitch = 0.46
layer METAL5, dir Hor, min width = 0.20, min space = 0.20 pitch = 0.41
layer METAL6, dir Ver, min width = 0.20, min space = 0.20 pitch = 0.46
layer METAL7, dir Hor, min width = 0.20, min space = 0.20 pitch = 0.41
layer METAL8, dir Ver, min width = 0.44, min space = 0.46 pitch = 0.96
Current Stage stats:
[End of Build Tech Data] Elapsed real time: 0:00:00 
[End of Build Tech Data] Elapsed cpu  time: sys=0:00:00 usr=0:00:00 total=0:00:00
[End of Build Tech Data] Stage (MB): Used    0  Alloctr    0  Proc    0 
[End of Build Tech Data] Total (MB): Used  103  Alloctr  103  Proc 2497 
Net statistics:
Total number of nets     = 53
Number of nets to route  = 36
Number of single or zero port nets = 15
2 nets are fully connected,
 of which 2 are detail routed and 0 are global routed.
Current Stage stats:
[End of Build All Nets] Elapsed real time: 0:00:00 
[End of Build All Nets] Elapsed cpu  time: sys=0:00:00 usr=0:00:00 total=0:00:00
[End of Build All Nets] Stage (MB): Used    0  Alloctr    0  Proc    0 
[End of Build All Nets] Total (MB): Used  103  Alloctr  103  Proc 2497 
Average gCell capacity  11.08	 on layer (1)	 METAL1
Average gCell capacity  10.18	 on layer (2)	 METAL2
Average gCell capacity  12.56	 on layer (3)	 METAL3
Average gCell capacity  6.32	 on layer (4)	 METAL4
Average gCell capacity  6.85	 on layer (5)	 METAL5
Average gCell capacity  6.32	 on layer (6)	 METAL6
Average gCell capacity  5.43	 on layer (7)	 METAL7
Average gCell capacity  2.11	 on layer (8)	 METAL8
Average number of tracks per gCell 35.93	 on layer (1)	 METAL1
Average number of tracks per gCell 32.85	 on layer (2)	 METAL2
Average number of tracks per gCell 35.93	 on layer (3)	 METAL3
Average number of tracks per gCell 32.85	 on layer (4)	 METAL4
Average number of tracks per gCell 35.93	 on layer (5)	 METAL5
Average number of tracks per gCell 32.85	 on layer (6)	 METAL6
Average number of tracks per gCell 35.93	 on layer (7)	 METAL7
Average number of tracks per gCell 15.75	 on layer (8)	 METAL8
Number of gCells = 13120
Current Stage stats:
[End of Build Congestion map] Elapsed real time: 0:00:00 
[End of Build Congestion map] Elapsed cpu  time: sys=0:00:00 usr=0:00:00 total=0:00:00
[End of Build Congestion map] Stage (MB): Used    0  Alloctr    0  Proc    0 
[End of Build Congestion map] Total (MB): Used  103  Alloctr  104  Proc 2497 
Total stats:
[End of Build Data] Elapsed real time: 0:00:00 
[End of Build Data] Elapsed cpu  time: sys=0:00:00 usr=0:00:00 total=0:00:00
[End of Build Data] Stage (MB): Used    1  Alloctr    1  Proc    0 
[End of Build Data] Total (MB): Used  103  Alloctr  104  Proc 2497 
Current Stage stats:
[End of Blocked Pin Detection] Elapsed real time: 0:00:00 
[End of Blocked Pin Detection] Elapsed cpu  time: sys=0:00:00 usr=0:00:00 total=0:00:00
[End of Blocked Pin Detection] Stage (MB): Used    0  Alloctr    0  Proc    0 
[End of Blocked Pin Detection] Total (MB): Used  103  Alloctr  104  Proc 2497 
Information: Using 1 threads for routing. (ZRT-444)

Start GR phase 0
Current Stage stats:
[End of Initial Routing] Elapsed real time: 0:00:00 
[End of Initial Routing] Elapsed cpu  time: sys=0:00:00 usr=0:00:00 total=0:00:00
[End of Initial Routing] Stage (MB): Used    0  Alloctr    0  Proc    0 
[End of Initial Routing] Total (MB): Used  103  Alloctr  104  Proc 2497 
Initial. Routing result:
Initial. Both Dirs: Overflow =     0 Max = 0 GRCs =     0 (0.00%)
Initial. H routing: Overflow =     0 Max = 0 (GRCs =  0) GRCs =     0 (0.00%)
Initial. V routing: Overflow =     0 Max = 0 (GRCs =  0) GRCs =     0 (0.00%)
Initial. METAL1     Overflow =     0 Max = 0 (GRCs =  0) GRCs =     0 (0.00%)
Initial. METAL2     Overflow =     0 Max = 0 (GRCs =  0) GRCs =     0 (0.00%)
Initial. METAL3     Overflow =     0 Max = 0 (GRCs =  0) GRCs =     0 (0.00%)
Initial. METAL4     Overflow =     0 Max = 0 (GRCs =  0) GRCs =     0 (0.00%)
Initial. METAL5     Overflow =     0 Max = 0 (GRCs =  0) GRCs =     0 (0.00%)
Initial. METAL6     Overflow =     0 Max = 0 (GRCs =  0) GRCs =     0 (0.00%)
Initial. METAL7     Overflow =     0 Max = 0 (GRCs =  0) GRCs =     0 (0.00%)
Initial. METAL8     Overflow =     0 Max = 0 (GRCs =  0) GRCs =     0 (0.00%)

Initial. Total Wire Length = 4690.03
Initial. Layer METAL1 wire length = 1823.26
Initial. Layer METAL2 wire length = 2200.68
Initial. Layer METAL3 wire length = 386.47
Initial. Layer METAL4 wire length = 184.41
Initial. Layer METAL5 wire length = 95.22
Initial. Layer METAL6 wire length = 0.00
Initial. Layer METAL7 wire length = 0.00
Initial. Layer METAL8 wire length = 0.00
Initial. Total Number of Contacts = 128
Initial. Via via1 count = 98
Initial. Via via2 count = 22
Initial. Via via3 count = 6
Initial. Via via4 count = 2
Initial. Via via5 count = 0
Initial. Via via6 count = 0
Initial. Via via7 count = 0
Initial. completed.

Start GR phase 1
Current Stage stats:
[End of Phase1 Routing] Elapsed real time: 0:00:00 
[End of Phase1 Routing] Elapsed cpu  time: sys=0:00:00 usr=0:00:00 total=0:00:00
[End of Phase1 Routing] Stage (MB): Used    0  Alloctr    0  Proc    0 
[End of Phase1 Routing] Total (MB): Used  103  Alloctr  104  Proc 2497 
phase1. Routing result:
phase1. Both Dirs: Overflow =     0 Max = 0 GRCs =     0 (0.00%)
phase1. H routing: Overflow =     0 Max = 0 (GRCs =  0) GRCs =     0 (0.00%)
phase1. V routing: Overflow =     0 Max = 0 (GRCs =  0) GRCs =     0 (0.00%)
phase1. METAL1     Overflow =     0 Max = 0 (GRCs =  0) GRCs =     0 (0.00%)
phase1. METAL2     Overflow =     0 Max = 0 (GRCs =  0) GRCs =     0 (0.00%)
phase1. METAL3     Overflow =     0 Max = 0 (GRCs =  0) GRCs =     0 (0.00%)
phase1. METAL4     Overflow =     0 Max = 0 (GRCs =  0) GRCs =     0 (0.00%)
phase1. METAL5     Overflow =     0 Max = 0 (GRCs =  0) GRCs =     0 (0.00%)
phase1. METAL6     Overflow =     0 Max = 0 (GRCs =  0) GRCs =     0 (0.00%)
phase1. METAL7     Overflow =     0 Max = 0 (GRCs =  0) GRCs =     0 (0.00%)
phase1. METAL8     Overflow =     0 Max = 0 (GRCs =  0) GRCs =     0 (0.00%)

phase1. Total Wire Length = 4690.03
phase1. Layer METAL1 wire length = 1823.26
phase1. Layer METAL2 wire length = 2200.68
phase1. Layer METAL3 wire length = 386.47
phase1. Layer METAL4 wire length = 184.41
phase1. Layer METAL5 wire length = 95.22
phase1. Layer METAL6 wire length = 0.00
phase1. Layer METAL7 wire length = 0.00
phase1. Layer METAL8 wire length = 0.00
phase1. Total Number of Contacts = 128
phase1. Via via1 count = 98
phase1. Via via2 count = 22
phase1. Via via3 count = 6
phase1. Via via4 count = 2
phase1. Via via5 count = 0
phase1. Via via6 count = 0
phase1. Via via7 count = 0
phase1. completed.
[End of Whole Chip Routing] Elapsed real time: 0:00:00 
[End of Whole Chip Routing] Elapsed cpu  time: sys=0:00:00 usr=0:00:00 total=0:00:00
[End of Whole Chip Routing] Stage (MB): Used    1  Alloctr    1  Proc    0 
[End of Whole Chip Routing] Total (MB): Used  103  Alloctr  104  Proc 2497 

Information: Global Routing terminated early: false (ZRT-103)

Congestion utilization per direction:
Average vertical track utilization   =  0.34 %
Peak    vertical track utilization   =  4.50 %
Average horizontal track utilization =  0.17 %
Peak    horizontal track utilization =  3.01 %

Current Stage stats:
[GR: Done] Elapsed real time: 0:00:00 
[GR: Done] Elapsed cpu  time: sys=0:00:00 usr=0:00:00 total=0:00:00
[GR: Done] Stage (MB): Used    0  Alloctr    0  Proc    0 
[GR: Done] Total (MB): Used  103  Alloctr  104  Proc 2497 
GR Total stats:
[GR: Done] Elapsed real time: 0:00:02 
[GR: Done] Elapsed cpu  time: sys=0:00:00 usr=0:00:02 total=0:00:02
[GR: Done] Stage (MB): Used   96  Alloctr   96  Proc    0 
[GR: Done] Total (MB): Used  103  Alloctr  104  Proc 2497 
Writing out congestion map...
Updating congestion ...
[DBOUT] Elapsed real time: 0:00:00 
[DBOUT] Elapsed cpu  time: sys=0:00:00 usr=0:00:00 total=0:00:00
[DBOUT] Stage (MB): Used  -95  Alloctr  -95  Proc    0 
[DBOUT] Total (MB): Used    7  Alloctr    7  Proc 2497 
Final total stats:
[End of Global Routing] Elapsed real time: 0:00:02 
[End of Global Routing] Elapsed cpu  time: sys=0:00:00 usr=0:00:02 total=0:00:02
[End of Global Routing] Stage (MB): Used    0  Alloctr    0  Proc    0 
[End of Global Routing] Total (MB): Used    7  Alloctr    7  Proc 2497 
1
preroute_instances
Using [3 x 3] Fat Wire Table for METAL1
Using [3 x 3] Fat Wire Table for METAL2
Using [3 x 3] Fat Wire Table for METAL3
Using [3 x 3] Fat Wire Table for METAL4
Using [3 x 3] Fat Wire Table for METAL5
Using [3 x 3] Fat Wire Table for METAL6
Using [3 x 3] Fat Wire Table for METAL7
Using [2 x 2] Fat Wire Table for VIA12
Using [2 x 2] Fat Wire Table for VIA23
Using [2 x 2] Fat Wire Table for VIA34
Using [2 x 2] Fat Wire Table for VIA45
Using [2 x 2] Fat Wire Table for VIA56
Using [2 x 2] Fat Wire Table for VIA67
Instance being processed:
 [1] i_opcode_2
 [2] pfiller40
 [3] pfiller41
 [4] pfiller42
 [5] pfiller43
 [6] pfiller44
 [7] pfiller45
 [8] pfiller46
 [9] pfiller47
 [10] pfiller48
 [11] pfiller49
 [12] pfiller50
 [13] pfiller51
 [14] pfiller52
 [15] pfiller53
 [16] pfiller54
 [17] pfiller55
 [18] pfiller56
 [19] pfiller57
 [20] pfiller58
 [21] pfiller59
 [22] pfiller60
 [23] pfiller61
 [24] pfiller62
 [25] pfiller63
 [26] pfiller64
 [27] pfiller65
 [28] pfiller66
 [29] pfiller67
 [30] pfiller68
 [31] pfiller69
 [32] pfiller70
 [33] pfiller71
 [34] pfiller72
 [35] pfiller73
 [36] pfiller74
 [37] pfiller75
 [38] pfiller76
 [39] pfiller77
 [40] pfiller78
 [41] pfiller79
 [42] pfiller80
 [43] pfiller81
 [44] pfiller82
 [45] pfiller83
 [46] pfiller84
 [47] pfiller85
 [48] pfiller86
 [49] pfiller87
 [50] pfiller88
 [51] pfiller89
 [52] pfiller90
 [53] pfiller91
 [54] pfiller92
 [55] pfiller93
 [56] pfiller94
 [57] pfiller95
 [58] pfiller96
 [59] pfiller97
 [60] pfiller98
 [61] pfiller99
 [62] pfiller100
 [63] pfiller101
 [64] pfiller102
 [65] pfiller103
 [66] pfiller104
 [67] pfiller105
 [68] pfiller106
 [69] pfiller107
 [70] pfiller108
 [71] pfiller109
 [72] pfiller110
 [73] pfiller111
 [74] pfiller112
 [75] pfiller113
 [76] pfiller114
 [77] pfiller115
 [78] pfiller116
 [79] pfiller117
 [80] pfiller118
 [81] pfiller119
 [82] pfiller120
 [83] pfiller121
 [84] pfiller122
 [85] pfiller123
 [86] pfiller124
 [87] pfiller125
 [88] pfiller126
 [89] pfiller127
 [90] pfiller128
 [91] pfiller129
 [92] pfiller130
 [93] pfiller131
 [94] pfiller132
 [95] pfiller133
 [96] pfiller134
 [97] pfiller135
 [98] pfiller136
 [99] pfiller137
 [100] pfiller138
 [101] pfiller139
 [102] pfiller140
 [103] pfiller141
 [104] pfiller142
 [105] pfiller143
 [106] pfiller144
 [107] pfiller145
 [108] pfiller146
 [109] pfiller147
 [110] pfiller148
 [111] pfiller149
 [112] pfiller150
 [113] pfiller151
 [114] pfiller152
 [115] pfiller153
 [116] pfiller154
 [117] pfiller155
 [118] pfiller156
 [119] pfiller157
 [120] pfiller158
 [121] pfiller159
 [122] pfiller160
 [123] pfiller161
 [124] pfiller162
 [125] pfiller163
 [126] pfiller164
 [127] pfiller165
 [128] pfiller166
 [129] pfiller167
 [130] pfiller168
 [131] pfiller169
 [132] pfiller170
 [133] pfiller171
 [134] pfiller172
 [135] pfiller173
 [136] pfiller174
 [137] pfiller175
 [138] pfiller176
 [139] pfiller177
 [140] pfiller178
 [141] pfiller179
 [142] pfiller180
 [143] pfiller181
 [144] pfiller182
 [145] pfiller183
 [146] pfiller184
 [147] pfiller185
 [148] pfiller186
 [149] pfiller187
 [150] pfiller188
 [151] pfiller189
 [152] pfiller190
 [153] pfiller191
 [154] pfiller192
 [155] pfiller193
 [156] pfiller194
 [157] pfiller195
 [158] pfiller196
 [159] pfiller197
 [160] pfiller198
 [161] pfiller199
 [162] pfiller200
 [163] pfiller201
 [164] pfiller202
 [165] pfiller203
 [166] pfiller204
 [167] pfiller205
 [168] pfiller206
 [169] pfiller207
 [170] pfiller208
 [171] pfiller209
 [172] pfiller210
 [173] pfiller211
 [174] pfiller212
 [175] pfiller213
 [176] pfiller214
 [177] pfiller215
 [178] pfiller216
 [179] pfiller217
 [180] pfiller218
 [181] pfiller219
 [182] pfiller220
 [183] pfiller221
 [184] pfiller222
 [185] pfiller223
 [186] pfiller224
 [187] pfiller225
 [188] pfiller226
 [189] pfiller227
 [190] pfiller228
 [191] pfiller229
 [192] pfiller230
 [193] pfiller231
 [194] pfiller232
 [195] pfiller233
 [196] pfiller234
 [197] pfiller235
 [198] pfiller236
 [199] pfiller237
 [200] pfiller238
 [201] pfiller239
 [202] pfiller240
 [203] pfiller241
 [204] pfiller242
 [205] pfiller243
 [206] pfiller244
 [207] pfiller245
 [208] pfiller246
 [209] pfiller247
 [210] pfiller248
 [211] pfiller249
 [212] pfiller250
 [213] pfiller251
 [214] pfiller252
 [215] pfiller253
 [216] pfiller254
 [217] pfiller255
 [218] pfiller256
 [219] pfiller257
 [220] pfiller258
 [221] pfiller259
 [222] pfiller260
 [223] pfiller261
 [224] pfiller262
 [225] pfiller263
 [226] pfiller264
 [227] pfiller265
 [228] pfiller266
 [229] pfiller267
 [230] pfiller268
 [231] pfiller269
 [232] pfiller270
 [233] pfiller271
 [234] pfiller272
 [235] pfiller273
 [236] pfiller274
 [237] pfiller275
 [238] pfiller276
 [239] pfiller277
 [240] pfiller278
 [241] pfiller279
 [242] pfiller280
 [243] pfiller281
 [244] pfiller282
 [245] pfiller283
 [246] pfiller284
 [247] pfiller285
 [248] pfiller286
 [249] pfiller287
 [250] pfiller288
 [251] pfiller289
 [252] pfiller290
 [253] pfiller291
 [254] pfiller292
 [255] pfiller293
 [256] pfiller294
 [257] pfiller295
 [258] pfiller296
 [259] pfiller297
 [260] pfiller298
 [261] pfiller299
 [262] pfiller300
 [263] pfiller301
 [264] pfiller302
 [265] pfiller303
 [266] pfiller304
 [267] pfiller305
 [268] pfiller306
 [269] pfiller307
 [270] pfiller308
 [271] pfiller309
 [272] pfiller310
 [273] pfiller311
 [274] pfiller312
 [275] pfiller313
 [276] pfiller314
 [277] pfiller315
 [278] pfiller316
 [279] pfiller317
 [280] pfiller318
 [281] pfiller319
 [282] pfiller320
 [283] pfiller321
 [284] pfiller322
 [285] pfiller323
 [286] pfiller324
 [287] pfiller325
 [288] pfiller326
 [289] pfiller327
 [290] pfiller328
 [291] pfiller329
 [292] pfiller330
 [293] pfiller331
 [294] pfiller332
 [295] pfiller333
 [296] pfiller334
 [297] pfiller335
 [298] pfiller336
 [299] pfiller337
 [300] pfiller338
 [301] pfiller339
 [302] pfiller340
 [303] pfiller341
 [304] pfiller342
 [305] pfiller343
 [306] pfiller344
 [307] pfiller345
 [308] pfiller346
 [309] pfiller347
 [310] pfiller348
 [311] pfiller349
 [312] pfiller350
 [313] pfiller351
 [314] pfiller352
 [315] pfiller353
 [316] pfiller354
 [317] pfiller355
 [318] pfiller356
 [319] pfiller357
 [320] pfiller358
 [321] pfiller359
 [322] pfiller360
 [323] pfiller361
 [324] pfiller362
 [325] pfiller363
 [326] pfiller364
 [327] pfiller365
 [328] pfiller366
 [329] pfiller367
 [330] pfiller368
 [331] pfiller369
 [332] pfiller370
 [333] pfiller371
 [334] pfiller372
 [335] pfiller373
 [336] pfiller374
 [337] pfiller375
 [338] pfiller376
 [339] pfiller377
 [340] pfiller378
 [341] pfiller379
 [342] pfiller380
 [343] pfiller381
 [344] pfiller382
 [345] pfiller383
 [346] pfiller384
 [347] pfiller385
 [348] pfiller386
 [349] pfiller387
 [350] pfiller388
 [351] pfiller389
 [352] pfiller390
 [353] pfiller391
 [354] pfiller392
 [355] pfiller393
 [356] pfiller394
 [357] pfiller395
 [358] pfiller396
 [359] pfiller397
 [360] pfiller398
 [361] pfiller399
 [362] pfiller400
 [363] pfiller401
 [364] pfiller402
 [365] pfiller403
 [366] pfiller404
 [367] pfiller405
 [368] pfiller406
 [369] pfiller407
 [370] pfiller408
 [371] pfiller409
 [372] pfiller410
 [373] pfiller411
 [374] pfiller412
 [375] pfiller413
 [376] pfiller414
 [377] pfiller415
 [378] pfiller416
 [379] pfiller417
 [380] pfiller418
 [381] pfiller419
 [382] pfiller420
 [383] pfiller421
 [384] pfiller422
 [385] pfiller423
 [386] pfiller424
 [387] pfiller425
 [388] pfiller426
 [389] pfiller427
 [390] pfiller428
 [391] pfiller429
 [392] pfiller430
 [393] pfiller431
 [394] pfiller432
 [395] pfiller433
 [396] pfiller434
 [397] pfiller435
 [398] pfiller436
 [399] pfiller437
 [400] pfiller438
 [401] pfiller439
 [402] pfiller440
 [403] pfiller441
 [404] pfiller442
 [405] pfiller443
 [406] pfiller444
 [407] pfiller445
 [408] pfiller446
 [409] pfiller447
 [410] pfiller448
 [411] pfiller449
 [412] pfiller450
 [413] pfiller451
 [414] pfiller452
 [415] pfiller453
 [416] pfiller454
 [417] pfiller455
 [418] pfiller456
 [419] pfiller457
 [420] pfiller458
 [421] pfiller459
 [422] pfiller460
 [423] pfiller461
 [424] pfiller462
 [425] pfiller463
 [426] pfiller464
 [427] pfiller465
 [428] pfiller466
 [429] pfiller467
 [430] pfiller468
 [431] pfiller469
 [432] pfiller470
 [433] pfiller471
 [434] pfiller472
 [435] pfiller473
 [436] pfiller474
 [437] pfiller475
 [438] pfiller476
 [439] pfiller477
 [440] pfiller478
 [441] pfiller479
 [442] pfiller480
 [443] pfiller481
 [444] pfiller482
 [445] pfiller483
 [446] pfiller484
 [447] pfiller485
 [448] pfiller486
 [449] pfiller487
 [450] pfiller488
 [451] pfiller489
 [452] pfiller490
 [453] pfiller491
 [454] pfiller492
 [455] pfiller493
 [456] pfiller494
 [457] pfiller495
 [458] pfiller496
 [459] pfiller497
 [460] pfiller498
 [461] pfiller499
 [462] pfiller500
 [463] pfiller501
 [464] pfiller502
 [465] pfiller503
 [466] pfiller504
 [467] pfiller505
 [468] pfiller506
 [469] pfiller507
 [470] pfiller508
 [471] pfiller509
 [472] pfiller510
 [473] pfiller511
 [474] pfiller512
 [475] pfiller513
 [476] pfiller514
 [477] pfiller515
 [478] pfiller516
 [479] pfiller517
 [480] pfiller518
 [481] pfiller519
 [482] pfiller520
 [483] pfiller521
 [484] pfiller522
 [485] pfiller523
 [486] pfiller524
 [487] pfiller525
 [488] pfiller526
 [489] pfiller527
 [490] pfiller528
 [491] pfiller529
 [492] pfiller530
 [493] pfiller531
 [494] pfiller532
 [495] pfiller533
 [496] pfiller534
 [497] pfiller535
 [498] pfiller536
 [499] pfiller537
 [500] pfiller538
 [501] pfiller539
 [502] pfiller540
 [503] pfiller541
 [504] pfiller542
 [505] pfiller543
 [506] pfiller544
 [507] pfiller545
 [508] pfiller546
 [509] pfiller547
 [510] pfiller548
 [511] pfiller549
 [512] pfiller550
 [513] pfiller551
 [514] pfiller552
 [515] pfiller553
 [516] pfiller554
 [517] pfiller555
 [518] pfiller556
 [519] pfiller557
 [520] pfiller558
 [521] pfiller559
 [522] pfiller560
 [523] pfiller561
 [524] pfiller562
 [525] pfiller563
 [526] pfiller564
 [527] pfiller565
 [528] pfiller566
 [529] pfiller567
 [530] pfiller568
 [531] pfiller569
 [532] pfiller570
 [533] pfiller571
 [534] pfiller572
 [535] pfiller573
 [536] pfiller574
 [537] pfiller575
 [538] pfiller576
 [539] pfiller577
 [540] pfiller578
 [541] pfiller579
 [542] pfiller580
 [543] pfiller581
 [544] pfiller582
 [545] pfiller583
 [546] pfiller584
 [547] pfiller585
 [548] pfiller586
 [549] pfiller587
 [550] pfiller588
 [551] pfiller589
 [552] pfiller590
 [553] pfiller591
 [554] pfiller592
 [555] pfiller593
 [556] pfiller594
 [557] pfiller595
 [558] pfiller596
 [559] pfiller597
 [560] pfiller598
 [561] pfiller599
 [562] pfiller600
 [563] pfiller601
 [564] pfiller602
 [565] pfiller603
 [566] pfiller604
 [567] pfiller605
 [568] pfiller606
 [569] pfiller607
 [570] pfiller608
 [571] pfiller609
 [572] pfiller610
 [573] pfiller611
 [574] pfiller612
 [575] pfiller613
 [576] pfiller614
 [577] pfiller615
 [578] pfiller616
 [579] pfiller617
 [580] pfiller618
 [581] pfiller619
 [582] pfiller620
 [583] pfiller621
 [584] pfiller622
 [585] pfiller623
 [586] pfiller624
 [587] pfiller625
 [588] pfiller626
 [589] pfiller627
 [590] pfiller628
 [591] pfiller629
 [592] pfiller630
 [593] pfiller631
 [594] pfiller632
 [595] pfiller633
 [596] pfiller634
 [597] pfiller635
 [598] pfiller636
 [599] pfiller637
 [600] pfiller638
 [601] pfiller639
 [602] pfiller640
 [603] pfiller641
 [604] pfiller642
 [605] pfiller643
 [606] pfiller644
 [607] pfiller645
 [608] pfiller646
 [609] pfiller647
 [610] pfiller648
 [611] pfiller649
 [612] pfiller650
 [613] pfiller651
 [614] pfiller652
 [615] pfiller653
 [616] pfiller654
 [617] pfiller655
 [618] pfiller656
 [619] pfiller657
 [620] pfiller658
 [621] pfiller659
 [622] pfiller660
 [623] pfiller661
 [624] pfiller662
 [625] pfiller663
 [626] pfiller664
 [627] pfiller665
 [628] pfiller666
 [629] pfiller667
 [630] pfiller668
 [631] pfiller669
 [632] pfiller670
 [633] pfiller671
 [634] pfiller672
 [635] pfiller673
 [636] pfiller674
 [637] pfiller675
 [638] pfiller676
 [639] pfiller677
 [640] pfiller678
 [641] pfiller679
 [642] pfiller680
 [643] pfiller681
 [644] pfiller682
 [645] pfiller683
 [646] pfiller684
 [647] pfiller685
 [648] pfiller686
 [649] pfiller687
 [650] pfiller688
 [651] pfiller689
 [652] pfiller690
 [653] pfiller691
 [654] pfiller692
 [655] pfiller693
 [656] pfiller694
 [657] pfiller695
 [658] pfiller696
 [659] pfiller697
 [660] pfiller698
 [661] pfiller699
 [662] pfiller700
 [663] pfiller701
 [664] pfiller702
 [665] pfiller703
 [666] pfiller704
 [667] pfiller705
 [668] pfiller706
 [669] pfiller707
 [670] pfiller708
 [671] pfiller709
 [672] pfiller710
 [673] pfiller711
 [674] pfiller712
 [675] pfiller713
 [676] pfiller714
 [677] pfiller715
 [678] pfiller716
 [679] pfiller717
 [680] pfiller718
 [681] pfiller719
 [682] pfiller720
 [683] pfiller721
 [684] pfiller722
 [685] pfiller723
 [686] pfiller724
 [687] pfiller725
 [688] pfiller726
 [689] pfiller727
 [690] pfiller728
 [691] pfiller729
 [692] pfiller730
 [693] pfiller731
 [694] pfiller732
 [695] pfiller733
 [696] pfiller734
 [697] pfiller735
 [698] pfiller736
 [699] pfiller737
 [700] pfiller738
 [701] pfiller739
 [702] pfiller740
 [703] pfiller741
 [704] pfiller742
 [705] pfiller743
 [706] pfiller744
 [707] pfiller745
 [708] pfiller746
 [709] pfiller747
 [710] pfiller748
 [711] pfiller749
 [712] pfiller750
 [713] pfiller751
 [714] pfiller752
 [715] pfiller753
 [716] pfiller754
 [717] pfiller755
 [718] pfiller756
 [719] pfiller757
 [720] pfiller758
 [721] pfiller759
 [722] pfiller760
 [723] pfiller761
 [724] pfiller762
 [725] pfiller763
 [726] pfiller764
 [727] pfiller765
 [728] pfiller766
 [729] pfiller767
 [730] pfiller768
 [731] pfiller769
 [732] pfiller770
 [733] pfiller771
 [734] pfiller772
 [735] pfiller773
 [736] pfiller774
 [737] pfiller775
 [738] pfiller776
 [739] pfiller777
 [740] pfiller778
 [741] pfiller779
 [742] pfiller780
 [743] pfiller781
 [744] pfiller782
 [745] pfiller783
 [746] pfiller784
 [747] pfiller785
 [748] pfiller786
 [749] pfiller787
 [750] pfiller788
 [751] pfiller789
 [752] pfiller790
 [753] pfiller791
 [754] pfiller792
 [755] pfiller793
 [756] pfiller794
 [757] pfiller795
 [758] pfiller796
 [759] pfiller797
 [760] pfiller798
 [761] pfiller799
 [762] pfiller800
 [763] pfiller801
 [764] pfiller802
 [765] pfiller803
 [766] pfiller804
 [767] pfiller805
 [768] pfiller806
 [769] pfiller807
 [770] pfiller808
 [771] pfiller809
 [772] pfiller810
 [773] pfiller811
 [774] pfiller812
 [775] pfiller813
 [776] pfiller814
 [777] pfiller815
 [778] pfiller816
 [779] pfiller817
 [780] pfiller818
 [781] pfiller819
 [782] pfiller820
 [783] pfiller821
 [784] pfiller822
 [785] pfiller823
 [786] pfiller824
 [787] pfiller825
 [788] pfiller826
 [789] pfiller827
 [790] pfiller828
 [791] pfiller829
 [792] pfiller830
 [793] pfiller831
 [794] pfiller832
 [795] pfiller833
 [796] pfiller834
 [797] pfiller835
 [798] pfiller836
 [799] pfiller837
 [800] pfiller838
 [801] pfiller839
 [802] pfiller840
 [803] pfiller841
 [804] pfiller842
 [805] pfiller843
 [806] pfiller844
 [807] pfiller845
 [808] pfiller846
 [809] pfiller847
 [810] pfiller848
 [811] pfiller849
 [812] pfiller850
 [813] pfiller851
 [814] pfiller852
 [815] pfiller853
 [816] pfiller854
 [817] pfiller855
 [818] pfiller856
 [819] pfiller857
 [820] pfiller858
 [821] pfiller859
 [822] pfiller860
 [823] pfiller861
 [824] pfiller862
 [825] pfiller863
 [826] pfiller864
 [827] pfiller865
 [828] pfiller866
 [829] pfiller867
 [830] pfiller868
 [831] pfiller869
 [832] pfiller870
 [833] pfiller871
 [834] pfiller872
 [835] pfiller873
 [836] pfiller874
 [837] pfiller875
 [838] pfiller876
 [839] pfiller877
 [840] pfiller878
 [841] pfiller879
 [842] pfiller880
 [843] pfiller881
 [844] pfiller882
 [845] pfiller883
 [846] pfiller884
 [847] pfiller885
 [848] pfiller886
 [849] pfiller887
 [850] pfiller888
 [851] pfiller889
 [852] pfiller890
 [853] pfiller891
 [854] pfiller892
 [855] pfiller893
 [856] pfiller894
 [857] pfiller895
 [858] pfiller896
 [859] pfiller897
 [860] pfiller898
 [861] pfiller899
 [862] pfiller900
 [863] pfiller901
 [864] pfiller902
 [865] pfiller903
 [866] pfiller904
 [867] pfiller905
 [868] pfiller906
 [869] pfiller907
 [870] pfiller908
 [871] pfiller909
 [872] pfiller910
 [873] pfiller911
 [874] pfiller912
 [875] pfiller913
 [876] pfiller914
 [877] pfiller915
 [878] pfiller916
 [879] pfiller917
 [880] pfiller918
 [881] pfiller919
 [882] pfiller920
 [883] pfiller921
 [884] pfiller922
 [885] pfiller923
 [886] pfiller924
 [887] i_zero
 [888] pfiller925
 [889] pfiller926
 [890] pfiller927
 [891] pfiller928
 [892] pfiller929
 [893] pfiller930
 [894] pfiller931
 [895] pfiller932
 [896] pfiller933
 [897] pfiller934
 [898] pfiller935
 [899] pfiller936
 [900] pfiller937
 [901] pfiller938
 [902] pfiller939
 [903] pfiller940
 [904] pfiller941
 [905] pfiller942
 [906] pfiller943
 [907] pfiller944
 [908] pfiller945
 [909] pfiller946
 [910] pfiller947
 [911] pfiller948
 [912] pfiller949
 [913] pfiller950
 [914] pfiller951
 [915] pfiller952
 [916] pfiller953
 [917] pfiller954
 [918] pfiller955
 [919] pfiller956
 [920] pfiller957
 [921] pfiller958
 [922] pfiller959
 [923] pfiller960
 [924] pfiller961
 [925] pfiller962
 [926] pfiller963
 [927] pfiller964
 [928] pfiller965
 [929] pfiller966
 [930] pfiller967
 [931] pfiller968
 [932] pfiller969
 [933] pfiller970
 [934] pfiller971
 [935] pfiller972
 [936] pfiller973
 [937] pfiller974
 [938] pfiller975
 [939] pfiller976
 [940] pfiller977
 [941] pfiller978
 [942] pfiller979
 [943] pfiller980
 [944] pfiller981
 [945] pfiller982
 [946] pfiller983
 [947] pfiller984
 [948] pfiller985
 [949] pfiller986
 [950] pfiller987
 [951] pfiller988
 [952] pfiller989
 [953] pfiller990
 [954] pfiller991
 [955] pfiller992
 [956] pfiller993
 [957] pfiller994
 [958] pfiller995
 [959] pfiller996
 [960] pfiller997
 [961] pfiller998
 [962] pfiller999
 [963] pfiller1000
 [964] pfiller1001
 [965] pfiller1002
 [966] pfiller1003
 [967] pfiller1004
 [968] pfiller1005
 [969] pfiller1006
 [970] pfiller1007
 [971] pfiller1008
 [972] pfiller1009
 [973] pfiller1010
 [974] pfiller1011
 [975] pfiller1012
 [976] pfiller1013
 [977] pfiller1014
 [978] pfiller1015
 [979] pfiller1016
 [980] pfiller1017
 [981] pfiller1018
 [982] pfiller1019
 [983] pfiller1020
 [984] pfiller1021
 [985] pfiller1022
 [986] pfiller1023
 [987] pfiller1024
 [988] pfiller1025
 [989] pfiller1026
 [990] pfiller1027
 [991] pfiller1028
 [992] pfiller1029
 [993] pfiller1030
 [994] pfiller1031
 [995] pfiller1032
 [996] pfiller1033
 [997] pfiller1034
 [998] pfiller1035
 [999] pfiller1036
 [1000] pfiller1037
 [1001] pfiller1038
 [1002] pfiller1039
 [1003] pfiller1040
 [1004] pfiller1041
 [1005] pfiller1042
 [1006] pfiller1043
 [1007] pfiller1044
 [1008] pfiller1045
 [1009] pfiller1046
 [1010] pfiller1047
 [1011] pfiller1048
 [1012] pfiller1049
 [1013] pfiller1050
 [1014] pfiller1051
 [1015] pfiller1052
 [1016] pfiller1053
 [1017] pfiller1054
 [1018] pfiller1055
 [1019] pfiller1056
 [1020] pfiller1057
 [1021] pfiller1058
 [1022] pfiller1059
 [1023] pfiller1060
 [1024] pfiller1061
 [1025] pfiller1062
 [1026] pfiller1063
 [1027] pfiller1064
 [1028] pfiller1065
 [1029] pfiller1066
 [1030] pfiller1067
 [1031] pfiller1068
 [1032] pfiller1069
 [1033] pfiller1070
 [1034] pfiller1071
 [1035] pfiller1072
 [1036] pfiller1073
 [1037] pfiller1074
 [1038] pfiller1075
 [1039] pfiller1076
 [1040] pfiller1077
 [1041] pfiller1078
 [1042] pfiller1079
 [1043] pfiller1080
 [1044] pfiller1081
 [1045] pfiller1082
 [1046] pfiller1083
 [1047] pfiller1084
 [1048] pfiller1085
 [1049] pfiller1086
 [1050] pfiller1087
 [1051] pfiller1088
 [1052] pfiller1089
 [1053] pfiller1090
 [1054] pfiller1091
 [1055] pfiller1092
 [1056] pfiller1093
 [1057] pfiller1094
 [1058] pfiller1095
 [1059] pfiller1096
 [1060] pfiller1097
 [1061] pfiller1098
 [1062] pfiller1099
 [1063] pfiller1100
 [1064] pfiller1101
 [1065] pfiller1102
 [1066] pfiller1103
 [1067] pfiller1104
 [1068] pfiller1105
 [1069] pfiller1106
 [1070] pfiller1107
 [1071] pfiller1108
 [1072] pfiller1109
 [1073] pfiller1110
 [1074] pfiller1111
 [1075] pfiller1112
 [1076] pfiller1113
 [1077] pfiller1114
 [1078] pfiller1115
 [1079] pfiller1116
 [1080] pfiller1117
 [1081] pfiller1118
 [1082] pfiller1119
 [1083] pfiller1120
 [1084] pfiller1121
 [1085] pfiller1122
 [1086] pfiller1123
 [1087] pfiller1124
 [1088] pfiller1125
 [1089] pfiller1126
 [1090] pfiller1127
 [1091] pfiller1128
 [1092] pfiller1129
 [1093] pfiller1130
 [1094] pfiller1131
 [1095] pfiller1132
 [1096] pfiller1133
 [1097] pfiller1134
 [1098] pfiller1135
 [1099] pfiller1136
 [1100] pfiller1137
 [1101] pfiller1138
 [1102] pfiller1139
 [1103] pfiller1140
 [1104] pfiller1141
 [1105] pfiller1142
 [1106] pfiller1143
 [1107] pfiller1144
 [1108] pfiller1145
 [1109] pfiller1146
 [1110] pfiller1147
 [1111] pfiller1148
 [1112] pfiller1149
 [1113] pfiller1150
 [1114] pfiller1151
 [1115] pfiller1152
 [1116] pfiller1153
 [1117] pfiller1154
 [1118] pfiller1155
 [1119] pfiller1156
 [1120] pfiller1157
 [1121] pfiller1158
 [1122] pfiller1159
 [1123] pfiller1160
 [1124] pfiller1161
 [1125] pfiller1162
 [1126] pfiller1163
 [1127] pfiller1164
 [1128] pfiller1165
 [1129] pfiller1166
 [1130] pfiller1167
 [1131] pfiller1168
 [1132] pfiller1169
 [1133] pfiller1170
 [1134] pfiller1171
 [1135] pfiller1172
 [1136] pfiller1173
 [1137] pfiller1174
 [1138] pfiller1175
 [1139] pfiller1176
 [1140] pfiller1177
 [1141] pfiller1178
 [1142] pfiller1179
 [1143] pfiller1180
 [1144] pfiller1181
 [1145] pfiller1182
 [1146] pfiller1183
 [1147] pfiller1184
 [1148] pfiller1185
 [1149] pfiller1186
 [1150] pfiller1187
 [1151] pfiller1188
 [1152] pfiller1189
 [1153] pfiller1190
 [1154] pfiller1191
 [1155] pfiller1192
 [1156] pfiller1193
 [1157] pfiller1194
 [1158] pfiller1195
 [1159] pfiller1196
 [1160] pfiller1197
 [1161] pfiller1198
 [1162] pfiller1199
 [1163] pfiller1200
 [1164] pfiller1201
 [1165] pfiller1202
 [1166] pfiller1203
 [1167] pfiller1204
 [1168] pfiller1205
 [1169] pfiller1206
 [1170] pfiller1207
 [1171] pfiller1208
 [1172] pfiller1209
 [1173] pfiller1210
 [1174] pfiller1211
 [1175] pfiller1212
 [1176] pfiller1213
 [1177] pfiller1214
 [1178] pfiller1215
 [1179] pfiller1216
 [1180] pfiller1217
 [1181] pfiller1218
 [1182] pfiller1219
 [1183] pfiller1220
 [1184] pfiller1221
 [1185] pfiller1222
 [1186] pfiller1223
 [1187] pfiller1224
 [1188] pfiller1225
 [1189] pfiller1226
 [1190] pfiller1227
 [1191] pfiller1228
 [1192] pfiller1229
 [1193] pfiller1230
 [1194] pfiller1231
 [1195] pfiller1232
 [1196] pfiller1233
 [1197] pfiller1234
 [1198] pfiller1235
 [1199] pfiller1236
 [1200] pfiller1237
 [1201] pfiller1238
 [1202] pfiller1239
 [1203] pfiller1240
 [1204] pfiller1241
 [1205] pfiller1242
 [1206] pfiller1243
 [1207] pfiller1244
 [1208] pfiller1245
 [1209] pfiller1246
 [1210] pfiller1247
 [1211] pfiller1248
 [1212] pfiller1249
 [1213] pfiller1250
 [1214] pfiller1251
 [1215] pfiller1252
 [1216] pfiller1253
 [1217] pfiller1254
 [1218] pfiller1255
 [1219] pfiller1256
 [1220] pfiller1257
 [1221] pfiller1258
 [1222] pfiller1259
 [1223] pfiller1260
 [1224] pfiller1261
 [1225] pfiller1262
 [1226] pfiller1263
 [1227] pfiller1264
 [1228] pfiller1265
 [1229] pfiller1266
 [1230] pfiller1267
 [1231] pfiller1268
 [1232] pfiller1269
 [1233] pfiller1270
 [1234] pfiller1271
 [1235] pfiller1272
 [1236] pfiller1273
 [1237] pfiller1274
 [1238] pfiller1275
 [1239] pfiller1276
 [1240] pfiller1277
 [1241] pfiller1278
 [1242] pfiller1279
 [1243] pfiller1280
 [1244] pfiller1281
 [1245] pfiller1282
 [1246] pfiller1283
 [1247] pfiller1284
 [1248] pfiller1285
 [1249] pfiller1286
 [1250] pfiller1287
 [1251] pfiller1288
 [1252] pfiller1289
 [1253] pfiller1290
 [1254] pfiller1291
 [1255] pfiller1292
 [1256] pfiller1293
 [1257] pfiller1294
 [1258] pfiller1295
 [1259] pfiller1296
 [1260] pfiller1297
 [1261] pfiller1298
 [1262] pfiller1299
 [1263] pfiller1300
 [1264] pfiller1301
 [1265] pfiller1302
 [1266] pfiller1303
 [1267] pfiller1304
 [1268] pfiller1305
 [1269] pfiller1306
 [1270] pfiller1307
 [1271] pfiller1308
 [1272] pfiller1309
 [1273] pfiller1310
 [1274] pfiller1311
 [1275] pfiller1312
 [1276] pfiller1313
 [1277] pfiller1314
 [1278] pfiller1315
 [1279] pfiller1316
 [1280] pfiller1317
 [1281] pfiller1318
 [1282] pfiller1319
 [1283] pfiller1320
 [1284] pfiller1321
 [1285] pfiller1322
 [1286] pfiller1323
 [1287] pfiller1324
 [1288] pfiller1325
 [1289] pfiller1326
 [1290] pfiller1327
 [1291] pfiller1328
 [1292] pfiller1329
 [1293] pfiller1330
 [1294] pfiller1331
 [1295] pfiller1332
 [1296] pfiller1333
 [1297] pfiller1334
 [1298] pfiller1335
 [1299] pfiller1336
 [1300] pfiller1337
 [1301] pfiller1338
 [1302] pfiller1339
 [1303] pfiller1340
 [1304] pfiller1341
 [1305] pfiller1342
 [1306] pfiller1343
 [1307] pfiller1344
 [1308] pfiller1345
 [1309] pfiller1346
 [1310] pfiller1347
 [1311] pfiller1348
 [1312] pfiller1349
 [1313] pfiller1350
 [1314] pfiller1351
 [1315] pfiller1352
 [1316] pfiller1353
 [1317] pfiller1354
 [1318] pfiller1355
 [1319] pfiller1356
 [1320] pfiller1357
 [1321] pfiller1358
 [1322] pfiller1359
 [1323] pfiller1360
 [1324] pfiller1361
 [1325] pfiller1362
 [1326] pfiller1363
 [1327] pfiller1364
 [1328] pfiller1365
 [1329] pfiller1366
 [1330] pfiller1367
 [1331] pfiller1368
 [1332] pfiller1369
 [1333] pfiller1370
 [1334] pfiller1371
 [1335] pfiller1372
 [1336] pfiller1373
 [1337] pfiller1374
 [1338] pfiller1375
 [1339] pfiller1376
 [1340] pfiller1377
 [1341] pfiller1378
 [1342] pfiller1379
 [1343] pfiller1380
 [1344] pfiller1381
 [1345] pfiller1382
 [1346] pfiller1383
 [1347] pfiller1384
 [1348] pfiller1385
 [1349] pfiller1386
 [1350] pfiller1387
 [1351] pfiller1388
 [1352] pfiller1389
 [1353] pfiller1390
 [1354] pfiller1391
 [1355] pfiller1392
 [1356] pfiller1393
 [1357] pfiller1394
 [1358] pfiller1395
 [1359] pfiller1396
 [1360] pfiller1397
 [1361] pfiller1398
 [1362] pfiller1399
 [1363] pfiller1400
 [1364] pfiller1401
 [1365] pfiller1402
 [1366] pfiller1403
 [1367] pfiller1404
 [1368] pfiller1405
 [1369] pfiller1406
 [1370] pfiller1407
 [1371] pfiller1408
 [1372] pfiller1409
 [1373] pfiller1410
 [1374] pfiller1411
 [1375] pfiller1412
 [1376] pfiller1413
 [1377] pfiller1414
 [1378] pfiller1415
 [1379] pfiller1416
 [1380] pfiller1417
 [1381] pfiller1418
 [1382] pfiller1419
 [1383] pfiller1420
 [1384] pfiller1421
 [1385] pfiller1422
 [1386] pfiller1423
 [1387] pfiller1424
 [1388] pfiller1425
 [1389] pfiller1426
 [1390] pfiller1427
 [1391] pfiller1428
 [1392] pfiller1429
 [1393] pfiller1430
 [1394] pfiller1431
 [1395] pfiller1432
 [1396] pfiller1433
 [1397] pfiller1434
 [1398] pfiller1435
 [1399] pfiller1436
 [1400] pfiller1437
 [1401] pfiller1438
 [1402] pfiller1439
 [1403] pfiller1440
 [1404] pfiller1441
 [1405] pfiller1442
 [1406] pfiller1443
 [1407] pfiller1444
 [1408] pfiller1445
 [1409] pfiller1446
 [1410] pfiller1447
 [1411] pfiller1448
 [1412] pfiller1449
 [1413] pfiller1450
 [1414] pfiller1451
 [1415] pfiller1452
 [1416] pfiller1453
 [1417] pfiller1454
 [1418] pfiller1455
 [1419] pfiller1456
 [1420] pfiller1457
 [1421] pfiller1458
 [1422] pfiller1459
 [1423] pfiller1460
 [1424] pfiller1461
 [1425] pfiller1462
 [1426] pfiller1463
 [1427] pfiller1464
 [1428] pfiller1465
 [1429] pfiller1466
 [1430] pfiller1467
 [1431] pfiller1468
 [1432] pfiller1469
 [1433] pfiller1470
 [1434] pfiller1471
 [1435] pfiller1472
 [1436] pfiller1473
 [1437] pfiller1474
 [1438] pfiller1475
 [1439] pfiller1476
 [1440] pfiller1477
 [1441] pfiller1478
 [1442] pfiller1479
 [1443] pfiller1480
 [1444] pfiller1481
 [1445] pfiller1482
 [1446] pfiller1483
 [1447] pfiller1484
 [1448] pfiller1485
 [1449] pfiller1486
 [1450] pfiller1487
 [1451] pfiller1488
 [1452] pfiller1489
 [1453] pfiller1490
 [1454] pfiller1491
 [1455] pfiller1492
 [1456] pfiller1493
 [1457] pfiller1494
 [1458] pfiller1495
 [1459] pfiller1496
 [1460] pfiller1497
 [1461] pfiller1498
 [1462] pfiller1499
 [1463] pfiller1500
 [1464] pfiller1501
 [1465] pfiller1502
 [1466] pfiller1503
 [1467] pfiller1504
 [1468] pfiller1505
 [1469] pfiller1506
 [1470] pfiller1507
 [1471] pfiller1508
 [1472] pfiller1509
 [1473] pfiller1510
 [1474] pfiller1511
 [1475] pfiller1512
 [1476] pfiller1513
 [1477] pfiller1514
 [1478] pfiller1515
 [1479] pfiller1516
 [1480] pfiller1517
 [1481] pfiller1518
 [1482] pfiller1519
 [1483] pfiller1520
 [1484] pfiller1521
 [1485] pfiller1522
 [1486] pfiller1523
 [1487] pfiller1524
 [1488] pfiller1525
 [1489] pfiller1526
 [1490] pfiller1527
 [1491] pfiller1528
 [1492] pfiller1529
 [1493] pfiller1530
 [1494] pfiller1531
 [1495] pfiller1532
 [1496] pfiller1533
 [1497] pfiller1534
 [1498] pfiller1535
 [1499] pfiller1536
 [1500] pfiller1537
 [1501] pfiller1538
 [1502] pfiller1539
 [1503] pfiller1540
 [1504] pfiller1541
 [1505] pfiller1542
 [1506] pfiller1543
 [1507] pfiller1544
 [1508] pfiller1545
 [1509] pfiller1546
 [1510] pfiller1547
 [1511] pfiller1548
 [1512] pfiller1549
 [1513] pfiller1550
 [1514] pfiller1551
 [1515] pfiller1552
 [1516] pfiller1553
 [1517] pfiller1554
 [1518] pfiller1555
 [1519] pfiller1556
 [1520] pfiller1557
 [1521] pfiller1558
 [1522] pfiller1559
 [1523] pfiller1560
 [1524] pfiller1561
 [1525] pfiller1562
 [1526] pfiller1563
 [1527] pfiller1564
 [1528] pfiller1565
 [1529] pfiller1566
 [1530] pfiller1567
 [1531] pfiller1568
 [1532] pfiller1569
 [1533] pfiller1570
 [1534] pfiller1571
 [1535] pfiller1572
 [1536] pfiller1573
 [1537] pfiller1574
 [1538] pfiller1575
 [1539] pfiller1576
 [1540] pfiller1577
 [1541] pfiller1578
 [1542] pfiller1579
 [1543] pfiller1580
 [1544] pfiller1581
 [1545] pfiller1582
 [1546] pfiller1583
 [1547] pfiller1584
 [1548] pfiller1585
 [1549] pfiller1586
 [1550] pfiller1587
 [1551] pfiller1588
 [1552] pfiller1589
 [1553] pfiller1590
 [1554] pfiller1591
 [1555] pfiller1592
 [1556] pfiller1593
 [1557] pfiller1594
 [1558] pfiller1595
 [1559] pfiller1596
 [1560] pfiller1597
 [1561] pfiller1598
 [1562] pfiller1599
 [1563] pfiller1600
 [1564] pfiller1601
 [1565] pfiller1602
 [1566] pfiller1603
 [1567] pfiller1604
 [1568] pfiller1605
 [1569] pfiller1606
 [1570] pfiller1607
 [1571] pfiller1608
 [1572] pfiller1609
 [1573] pfiller1610
 [1574] pfiller1611
 [1575] pfiller1612
 [1576] pfiller1613
 [1577] pfiller1614
 [1578] pfiller1615
 [1579] pfiller1616
 [1580] pfiller1617
 [1581] pfiller1618
 [1582] pfiller1619
 [1583] pfiller1620
 [1584] pfiller1621
 [1585] pfiller1622
 [1586] pfiller1623
 [1587] pfiller1624
 [1588] pfiller1625
 [1589] pfiller1626
 [1590] pfiller1627
 [1591] pfiller1628
 [1592] pfiller1629
 [1593] pfiller1630
 [1594] pfiller1631
 [1595] pfiller1632
 [1596] pfiller1633
 [1597] pfiller1634
 [1598] pfiller1635
 [1599] pfiller1636
 [1600] pfiller1637
 [1601] pfiller1638
 [1602] pfiller1639
 [1603] pfiller1640
 [1604] pfiller1641
 [1605] pfiller1642
 [1606] pfiller1643
 [1607] pfiller1644
 [1608] pfiller1645
 [1609] pfiller1646
 [1610] pfiller1647
 [1611] pfiller1648
 [1612] pfiller1649
 [1613] pfiller1650
 [1614] pfiller1651
 [1615] pfiller1652
 [1616] pfiller1653
 [1617] pfiller1654
 [1618] pfiller1655
 [1619] pfiller1656
 [1620] pfiller1657
 [1621] pfiller1658
 [1622] pfiller1659
 [1623] pfiller1660
 [1624] pfiller1661
 [1625] pfiller1662
 [1626] pfiller1663
 [1627] pfiller1664
 [1628] pfiller1665
 [1629] pfiller1666
 [1630] pfiller1667
 [1631] pfiller1668
 [1632] pfiller1669
 [1633] pfiller1670
 [1634] pfiller1671
 [1635] pfiller1672
 [1636] pfiller1673
 [1637] pfiller1674
 [1638] pfiller1675
 [1639] pfiller1676
 [1640] pfiller1677
 [1641] pfiller1678
 [1642] pfiller1679
 [1643] pfiller1680
 [1644] pfiller1681
 [1645] pfiller1682
 [1646] pfiller1683
 [1647] pfiller1684
 [1648] pfiller1685
 [1649] pfiller1686
 [1650] pfiller1687
 [1651] pfiller1688
 [1652] pfiller1689
 [1653] pfiller1690
 [1654] pfiller1691
 [1655] pfiller1692
 [1656] pfiller1693
 [1657] pfiller1694
 [1658] pfiller1695
 [1659] pfiller1696
 [1660] pfiller1697
 [1661] pfiller1698
 [1662] pfiller1699
 [1663] pfiller1700
 [1664] pfiller1701
 [1665] pfiller1702
 [1666] pfiller1703
 [1667] pfiller1704
 [1668] pfiller1705
 [1669] pfiller1706
 [1670] pfiller1707
 [1671] pfiller1708
 [1672] pfiller1709
 [1673] pfiller1710
 [1674] pfiller1711
 [1675] pfiller1712
 [1676] pfiller1713
 [1677] pfiller1714
 [1678] pfiller1715
 [1679] pfiller1716
 [1680] pfiller1717
 [1681] pfiller1718
 [1682] pfiller1719
 [1683] pfiller1720
 [1684] pfiller1721
 [1685] pfiller1722
 [1686] pfiller1723
 [1687] pfiller1724
 [1688] pfiller1725
 [1689] pfiller1726
 [1690] pfiller1727
 [1691] pfiller1728
 [1692] pfiller1729
 [1693] pfiller1730
 [1694] pfiller1731
 [1695] pfiller1732
 [1696] pfiller1733
 [1697] pfiller1734
 [1698] pfiller1735
 [1699] pfiller1736
 [1700] pfiller1737
 [1701] pfiller1738
 [1702] pfiller1739
 [1703] pfiller1740
 [1704] pfiller1741
 [1705] pfiller1742
 [1706] pfiller1743
 [1707] pfiller1744
 [1708] pfiller1745
 [1709] pfiller1746
 [1710] pfiller1747
 [1711] pfiller1748
 [1712] pfiller1749
 [1713] pfiller1750
 [1714] pfiller1751
 [1715] pfiller1752
 [1716] pfiller1753
 [1717] pfiller1754
 [1718] pfiller1755
 [1719] pfiller1756
 [1720] pfiller1757
 [1721] pfiller1758
 [1722] pfiller1759
 [1723] pfiller1760
 [1724] pfiller1761
 [1725] pfiller1762
 [1726] pfiller1763
 [1727] pfiller1764
 [1728] pfiller1765
 [1729] pfiller1766
 [1730] pfiller1767
 [1731] pfiller1768
 [1732] pfiller1769
 [1733] pfiller1770
 [1734] pfiller1771
 [1735] pfiller1772
 [1736] pfiller1773
 [1737] pfiller1774
 [1738] pfiller1775
 [1739] pfiller1776
 [1740] pfiller1777
 [1741] pfiller1778
 [1742] pfiller1779
 [1743] pfiller1780
 [1744] pfiller1781
 [1745] pfiller1782
 [1746] pfiller1783
 [1747] pfiller1784
 [1748] pfiller1785
 [1749] pfiller1786
 [1750] pfiller1787
 [1751] pfiller1788
 [1752] pfiller1789
 [1753] pfiller1790
 [1754] pfiller1791
 [1755] pfiller1792
 [1756] pfiller1793
 [1757] pfiller1794
 [1758] pfiller1795
 [1759] pfiller1796
 [1760] pfiller1797
 [1761] pfiller1798
 [1762] pfiller1799
 [1763] pfiller1800
 [1764] pfiller1801
 [1765] pfiller1802
 [1766] pfiller1803
 [1767] pfiller1804
 [1768] pfiller1805
 [1769] pfiller1806
 [1770] pfiller1807
 [1771] pfiller1808
 [1772] pfiller1809
 [1773] vdd2top
 [1774] pfiller1810
 [1775] pfiller1811
 [1776] pfiller1812
 [1777] pfiller1813
 [1778] pfiller1814
 [1779] pfiller1815
 [1780] pfiller1816
 [1781] pfiller1817
 [1782] pfiller1818
 [1783] pfiller1819
 [1784] pfiller1820
 [1785] pfiller1821
 [1786] pfiller1822
 [1787] pfiller1823
 [1788] pfiller1824
 [1789] pfiller1825
 [1790] pfiller1826
 [1791] pfiller1827
 [1792] pfiller1828
 [1793] pfiller1829
 [1794] pfiller1830
 [1795] pfiller1831
 [1796] pfiller1832
 [1797] pfiller1833
 [1798] pfiller1834
 [1799] pfiller1835
 [1800] pfiller1836
 [1801] pfiller1837
 [1802] pfiller1838
 [1803] pfiller1839
 [1804] pfiller1840
 [1805] pfiller1841
 [1806] pfiller1842
 [1807] pfiller1843
 [1808] pfiller1844
 [1809] pfiller1845
 [1810] pfiller1846
 [1811] pfiller1847
 [1812] pfiller1848
 [1813] pfiller1849
 [1814] pfiller1850
 [1815] pfiller1851
 [1816] pfiller1852
 [1817] pfiller1853
 [1818] pfiller1854
 [1819] pfiller1855
 [1820] pfiller1856
 [1821] pfiller1857
 [1822] pfiller1858
 [1823] pfiller1859
 [1824] pfiller1860
 [1825] pfiller1861
 [1826] pfiller1862
 [1827] pfiller1863
 [1828] pfiller1864
 [1829] pfiller1865
 [1830] pfiller1866
 [1831] pfiller1867
 [1832] pfiller1868
 [1833] pfiller1869
 [1834] pfiller1870
 [1835] pfiller1871
 [1836] pfiller1872
 [1837] pfiller1873
 [1838] pfiller1874
 [1839] pfiller1875
 [1840] pfiller1876
 [1841] pfiller1877
 [1842] pfiller1878
 [1843] pfiller1879
 [1844] pfiller1880
 [1845] pfiller1881
 [1846] pfiller1882
 [1847] pfiller1883
 [1848] pfiller1884
 [1849] pfiller1885
 [1850] pfiller1886
 [1851] pfiller1887
 [1852] pfiller1888
 [1853] pfiller1889
 [1854] pfiller1890
 [1855] pfiller1891
 [1856] pfiller1892
 [1857] pfiller1893
 [1858] pfiller1894
 [1859] pfiller1895
 [1860] pfiller1896
 [1861] pfiller1897
 [1862] pfiller1898
 [1863] pfiller1899
 [1864] pfiller1900
 [1865] pfiller1901
 [1866] pfiller1902
 [1867] pfiller1903
 [1868] pfiller1904
 [1869] pfiller1905
 [1870] pfiller1906
 [1871] pfiller1907
 [1872] pfiller1908
 [1873] pfiller1909
 [1874] pfiller1910
 [1875] pfiller1911
 [1876] pfiller1912
 [1877] pfiller1913
 [1878] pfiller1914
 [1879] pfiller1915
 [1880] pfiller1916
 [1881] pfiller1917
 [1882] pfiller1918
 [1883] pfiller1919
 [1884] pfiller1920
 [1885] pfiller1921
 [1886] pfiller1922
 [1887] pfiller1923
 [1888] pfiller1924
 [1889] pfiller1925
 [1890] pfiller1926
 [1891] pfiller1927
 [1892] pfiller1928
 [1893] pfiller1929
 [1894] pfiller1930
 [1895] pfiller1931
 [1896] pfiller1932
 [1897] pfiller1933
 [1898] pfiller1934
 [1899] pfiller1935
 [1900] pfiller1936
 [1901] pfiller1937
 [1902] pfiller1938
 [1903] pfiller1939
 [1904] pfiller1940
 [1905] pfiller1941
 [1906] pfiller1942
 [1907] pfiller1943
 [1908] pfiller1944
 [1909] pfiller1945
 [1910] pfiller1946
 [1911] pfiller1947
 [1912] pfiller1948
 [1913] pfiller1949
 [1914] pfiller1950
 [1915] pfiller1951
 [1916] pfiller1952
 [1917] pfiller1953
 [1918] pfiller1954
 [1919] pfiller1955
 [1920] pfiller1956
 [1921] pfiller1957
 [1922] pfiller1958
 [1923] pfiller1959
 [1924] pfiller1960
 [1925] pfiller1961
 [1926] pfiller1962
 [1927] pfiller1963
 [1928] pfiller1964
 [1929] pfiller1965
 [1930] pfiller1966
 [1931] pfiller1967
 [1932] pfiller1968
 [1933] pfiller1969
 [1934] pfiller1970
 [1935] pfiller1971
 [1936] pfiller1972
 [1937] pfiller1973
 [1938] pfiller1974
 [1939] pfiller1975
 [1940] pfiller1976
 [1941] pfiller1977
 [1942] pfiller1978
 [1943] pfiller1979
 [1944] pfiller1980
 [1945] pfiller1981
 [1946] pfiller1982
 [1947] pfiller1983
 [1948] pfiller1984
 [1949] pfiller1985
 [1950] pfiller1986
 [1951] pfiller1987
 [1952] pfiller1988
 [1953] pfiller1989
 [1954] pfiller1990
 [1955] pfiller1991
 [1956] pfiller1992
 [1957] pfiller1993
 [1958] pfiller1994
 [1959] pfiller1995
 [1960] pfiller1996
 [1961] pfiller1997
 [1962] pfiller1998
 [1963] pfiller1999
 [1964] pfiller2000
 [1965] pfiller2001
 [1966] pfiller2002
 [1967] pfiller2003
 [1968] pfiller2004
 [1969] pfiller2005
 [1970] pfiller2006
 [1971] pfiller2007
 [1972] pfiller2008
 [1973] pfiller2009
 [1974] pfiller2010
 [1975] pfiller2011
 [1976] pfiller2012
 [1977] pfiller2013
 [1978] pfiller2014
 [1979] pfiller2015
 [1980] pfiller2016
 [1981] pfiller2017
 [1982] pfiller2018
 [1983] pfiller2019
 [1984] pfiller2020
 [1985] pfiller2021
 [1986] pfiller2022
 [1987] pfiller2023
 [1988] pfiller2024
 [1989] pfiller2025
 [1990] pfiller2026
 [1991] pfiller2027
 [1992] pfiller2028
 [1993] pfiller2029
 [1994] pfiller2030
 [1995] pfiller2031
 [1996] pfiller2032
 [1997] pfiller2033
 [1998] pfiller2034
 [1999] pfiller2035
 [2000] pfiller2036
 [2001] pfiller2037
 [2002] pfiller2038
 [2003] pfiller2039
 [2004] pfiller2040
 [2005] pfiller2041
 [2006] pfiller2042
 [2007] pfiller2043
 [2008] pfiller2044
 [2009] pfiller2045
 [2010] pfiller2046
 [2011] pfiller2047
 [2012] pfiller2048
 [2013] pfiller2049
 [2014] pfiller2050
 [2015] pfiller2051
 [2016] pfiller2052
 [2017] pfiller2053
 [2018] pfiller2054
 [2019] pfiller2055
 [2020] pfiller2056
 [2021] pfiller2057
 [2022] pfiller2058
 [2023] pfiller2059
 [2024] pfiller2060
 [2025] pfiller2061
 [2026] pfiller2062
 [2027] pfiller2063
 [2028] pfiller2064
 [2029] pfiller2065
 [2030] pfiller2066
 [2031] pfiller2067
 [2032] pfiller2068
 [2033] pfiller2069
 [2034] pfiller2070
 [2035] pfiller2071
 [2036] pfiller2072
 [2037] pfiller2073
 [2038] pfiller2074
 [2039] pfiller2075
 [2040] pfiller2076
 [2041] pfiller2077
 [2042] pfiller2078
 [2043] pfiller2079
 [2044] pfiller2080
 [2045] pfiller2081
 [2046] pfiller2082
 [2047] pfiller2083
 [2048] pfiller2084
 [2049] pfiller2085
 [2050] pfiller2086
 [2051] pfiller2087
 [2052] pfiller2088
 [2053] pfiller2089
 [2054] pfiller2090
 [2055] pfiller2091
 [2056] pfiller2092
 [2057] pfiller2093
 [2058] pfiller2094
 [2059] pfiller2095
 [2060] pfiller2096
 [2061] pfiller2097
 [2062] pfiller2098
 [2063] pfiller2099
 [2064] pfiller2100
 [2065] pfiller2101
 [2066] pfiller2102
 [2067] pfiller2103
 [2068] pfiller2104
 [2069] pfiller2105
 [2070] pfiller2106
 [2071] pfiller2107
 [2072] pfiller2108
 [2073] pfiller2109
 [2074] pfiller2110
 [2075] pfiller2111
 [2076] pfiller2112
 [2077] pfiller2113
 [2078] pfiller2114
 [2079] pfiller2115
 [2080] pfiller2116
 [2081] pfiller2117
 [2082] pfiller2118
 [2083] pfiller2119
 [2084] pfiller2120
 [2085] pfiller2121
 [2086] pfiller2122
 [2087] pfiller2123
 [2088] pfiller2124
 [2089] pfiller2125
 [2090] pfiller2126
 [2091] pfiller2127
 [2092] pfiller2128
 [2093] pfiller2129
 [2094] pfiller2130
 [2095] pfiller2131
 [2096] pfiller2132
 [2097] pfiller2133
 [2098] pfiller2134
 [2099] pfiller2135
 [2100] pfiller2136
 [2101] pfiller2137
 [2102] pfiller2138
 [2103] pfiller2139
 [2104] pfiller2140
 [2105] pfiller2141
 [2106] pfiller2142
 [2107] pfiller2143
 [2108] pfiller2144
 [2109] pfiller2145
 [2110] pfiller2146
 [2111] pfiller2147
 [2112] pfiller2148
 [2113] pfiller2149
 [2114] pfiller2150
 [2115] pfiller2151
 [2116] pfiller2152
 [2117] pfiller2153
 [2118] pfiller2154
 [2119] pfiller2155
 [2120] pfiller2156
 [2121] pfiller2157
 [2122] pfiller2158
 [2123] pfiller2159
 [2124] pfiller2160
 [2125] pfiller2161
 [2126] pfiller2162
 [2127] pfiller2163
 [2128] pfiller2164
 [2129] pfiller2165
 [2130] pfiller2166
 [2131] pfiller2167
 [2132] pfiller2168
 [2133] pfiller2169
 [2134] pfiller2170
 [2135] pfiller2171
 [2136] pfiller2172
 [2137] pfiller2173
 [2138] pfiller2174
 [2139] pfiller2175
 [2140] pfiller2176
 [2141] pfiller2177
 [2142] pfiller2178
 [2143] pfiller2179
 [2144] pfiller2180
 [2145] pfiller2181
 [2146] pfiller2182
 [2147] pfiller2183
 [2148] pfiller2184
 [2149] pfiller2185
 [2150] pfiller2186
 [2151] pfiller2187
 [2152] pfiller2188
 [2153] pfiller2189
 [2154] pfiller2190
 [2155] pfiller2191
 [2156] pfiller2192
 [2157] pfiller2193
 [2158] pfiller2194
 [2159] pfiller2195
 [2160] pfiller2196
 [2161] pfiller2197
 [2162] pfiller2198
 [2163] pfiller2199
 [2164] pfiller2200
 [2165] pfiller2201
 [2166] pfiller2202
 [2167] pfiller2203
 [2168] pfiller2204
 [2169] pfiller2205
 [2170] pfiller2206
 [2171] pfiller2207
 [2172] pfiller2208
 [2173] pfiller2209
 [2174] pfiller2210
 [2175] pfiller2211
 [2176] pfiller2212
 [2177] pfiller2213
 [2178] pfiller2214
 [2179] pfiller2215
 [2180] pfiller2216
 [2181] pfiller2217
 [2182] pfiller2218
 [2183] pfiller2219
 [2184] pfiller2220
 [2185] pfiller2221
 [2186] pfiller2222
 [2187] pfiller2223
 [2188] pfiller2224
 [2189] pfiller2225
 [2190] pfiller2226
 [2191] pfiller2227
 [2192] pfiller2228
 [2193] pfiller2229
 [2194] pfiller2230
 [2195] pfiller2231
 [2196] pfiller2232
 [2197] pfiller2233
 [2198] pfiller2234
 [2199] pfiller2235
 [2200] pfiller2236
 [2201] pfiller2237
 [2202] pfiller2238
 [2203] pfiller2239
 [2204] pfiller2240
 [2205] pfiller2241
 [2206] pfiller2242
 [2207] pfiller2243
 [2208] pfiller2244
 [2209] pfiller2245
 [2210] pfiller2246
 [2211] pfiller2247
 [2212] pfiller2248
 [2213] pfiller2249
 [2214] pfiller2250
 [2215] pfiller2251
 [2216] pfiller2252
 [2217] pfiller2253
 [2218] pfiller2254
 [2219] pfiller2255
 [2220] pfiller2256
 [2221] pfiller2257
 [2222] pfiller2258
 [2223] pfiller2259
 [2224] pfiller2260
 [2225] pfiller2261
 [2226] pfiller2262
 [2227] pfiller2263
 [2228] pfiller2264
 [2229] pfiller2265
 [2230] pfiller2266
 [2231] pfiller2267
 [2232] pfiller2268
 [2233] pfiller2269
 [2234] pfiller2270
 [2235] pfiller2271
 [2236] pfiller2272
 [2237] pfiller2273
 [2238] pfiller2274
 [2239] pfiller2275
 [2240] pfiller2276
 [2241] pfiller2277
 [2242] pfiller2278
 [2243] pfiller2279
 [2244] pfiller2280
 [2245] pfiller2281
 [2246] pfiller2282
 [2247] pfiller2283
 [2248] pfiller2284
 [2249] pfiller2285
 [2250] pfiller2286
 [2251] pfiller2287
 [2252] pfiller2288
 [2253] pfiller2289
 [2254] pfiller2290
 [2255] pfiller2291
 [2256] pfiller2292
 [2257] pfiller2293
 [2258] pfiller2294
 [2259] pfiller2295
 [2260] pfiller2296
 [2261] pfiller2297
 [2262] pfiller2298
 [2263] pfiller2299
 [2264] pfiller2300
 [2265] pfiller2301
 [2266] pfiller2302
 [2267] pfiller2303
 [2268] pfiller2304
 [2269] pfiller2305
 [2270] pfiller2306
 [2271] pfiller2307
 [2272] pfiller2308
 [2273] pfiller2309
 [2274] pfiller2310
 [2275] pfiller2311
 [2276] pfiller2312
 [2277] pfiller2313
 [2278] pfiller2314
 [2279] pfiller2315
 [2280] pfiller2316
 [2281] pfiller2317
 [2282] pfiller2318
 [2283] pfiller2319
 [2284] pfiller2320
 [2285] pfiller2321
 [2286] pfiller2322
 [2287] pfiller2323
 [2288] pfiller2324
 [2289] pfiller2325
 [2290] pfiller2326
 [2291] pfiller2327
 [2292] pfiller2328
 [2293] pfiller2329
 [2294] pfiller2330
 [2295] pfiller2331
 [2296] pfiller2332
 [2297] pfiller2333
 [2298] pfiller2334
 [2299] pfiller2335
 [2300] pfiller2336
 [2301] pfiller2337
 [2302] pfiller2338
 [2303] pfiller2339
 [2304] pfiller2340
 [2305] pfiller2341
 [2306] pfiller2342
 [2307] pfiller2343
 [2308] pfiller2344
 [2309] pfiller2345
 [2310] pfiller2346
 [2311] pfiller2347
 [2312] pfiller2348
 [2313] pfiller2349
 [2314] pfiller2350
 [2315] pfiller2351
 [2316] pfiller2352
 [2317] pfiller2353
 [2318] pfiller2354
 [2319] pfiller2355
 [2320] pfiller2356
 [2321] pfiller2357
 [2322] pfiller2358
 [2323] pfiller2359
 [2324] pfiller2360
 [2325] pfiller2361
 [2326] pfiller2362
 [2327] pfiller2363
 [2328] pfiller2364
 [2329] pfiller2365
 [2330] pfiller2366
 [2331] pfiller2367
 [2332] pfiller2368
 [2333] pfiller2369
 [2334] pfiller2370
 [2335] pfiller2371
 [2336] pfiller2372
 [2337] pfiller2373
 [2338] pfiller2374
 [2339] pfiller2375
 [2340] pfiller2376
 [2341] pfiller2377
 [2342] pfiller2378
 [2343] pfiller2379
 [2344] pfiller2380
 [2345] pfiller2381
 [2346] pfiller2382
 [2347] pfiller2383
 [2348] pfiller2384
 [2349] pfiller2385
 [2350] pfiller2386
 [2351] pfiller2387
 [2352] pfiller2388
 [2353] pfiller2389
 [2354] pfiller2390
 [2355] pfiller2391
 [2356] pfiller2392
 [2357] pfiller2393
 [2358] pfiller2394
 [2359] pfiller2395
 [2360] pfiller2396
 [2361] pfiller2397
 [2362] pfiller2398
 [2363] pfiller2399
 [2364] pfiller2400
 [2365] pfiller2401
 [2366] pfiller2402
 [2367] pfiller2403
 [2368] pfiller2404
 [2369] pfiller2405
 [2370] pfiller2406
 [2371] pfiller2407
 [2372] pfiller2408
 [2373] pfiller2409
 [2374] pfiller2410
 [2375] pfiller2411
 [2376] pfiller2412
 [2377] pfiller2413
 [2378] pfiller2414
 [2379] pfiller2415
 [2380] pfiller2416
 [2381] pfiller2417
 [2382] pfiller2418
 [2383] pfiller2419
 [2384] pfiller2420
 [2385] pfiller2421
 [2386] pfiller2422
 [2387] pfiller2423
 [2388] pfiller2424
 [2389] pfiller2425
 [2390] pfiller2426
 [2391] pfiller2427
 [2392] pfiller2428
 [2393] pfiller2429
 [2394] pfiller2430
 [2395] pfiller2431
 [2396] pfiller2432
 [2397] pfiller2433
 [2398] pfiller2434
 [2399] pfiller2435
 [2400] pfiller2436
 [2401] pfiller2437
 [2402] pfiller2438
 [2403] pfiller2439
 [2404] pfiller2440
 [2405] pfiller2441
 [2406] pfiller2442
 [2407] pfiller2443
 [2408] pfiller2444
 [2409] pfiller2445
 [2410] pfiller2446
 [2411] pfiller2447
 [2412] pfiller2448
 [2413] pfiller2449
 [2414] pfiller2450
 [2415] pfiller2451
 [2416] pfiller2452
 [2417] pfiller2453
 [2418] pfiller2454
 [2419] pfiller2455
 [2420] pfiller2456
 [2421] pfiller2457
 [2422] pfiller2458
 [2423] pfiller2459
 [2424] pfiller2460
 [2425] pfiller2461
 [2426] pfiller2462
 [2427] pfiller2463
 [2428] pfiller2464
 [2429] pfiller2465
 [2430] pfiller2466
 [2431] pfiller2467
 [2432] pfiller2468
 [2433] pfiller2469
 [2434] pfiller2470
 [2435] pfiller2471
 [2436] pfiller2472
 [2437] pfiller2473
 [2438] pfiller2474
 [2439] pfiller2475
 [2440] pfiller2476
 [2441] pfiller2477
 [2442] pfiller2478
 [2443] pfiller2479
 [2444] pfiller2480
 [2445] pfiller2481
 [2446] pfiller2482
 [2447] pfiller2483
 [2448] pfiller2484
 [2449] pfiller2485
 [2450] pfiller2486
 [2451] pfiller2487
 [2452] pfiller2488
 [2453] pfiller2489
 [2454] pfiller2490
 [2455] pfiller2491
 [2456] pfiller2492
 [2457] pfiller2493
 [2458] pfiller2494
 [2459] pfiller2495
 [2460] pfiller2496
 [2461] pfiller2497
 [2462] pfiller2498
 [2463] pfiller2499
 [2464] pfiller2500
 [2465] pfiller2501
 [2466] pfiller2502
 [2467] pfiller2503
 [2468] pfiller2504
 [2469] pfiller2505
 [2470] pfiller2506
 [2471] pfiller2507
 [2472] pfiller2508
 [2473] pfiller2509
 [2474] pfiller2510
 [2475] pfiller2511
 [2476] pfiller2512
 [2477] pfiller2513
 [2478] pfiller2514
 [2479] pfiller2515
 [2480] pfiller2516
 [2481] pfiller2517
 [2482] pfiller2518
 [2483] pfiller2519
 [2484] pfiller2520
 [2485] pfiller2521
 [2486] pfiller2522
 [2487] pfiller2523
 [2488] pfiller2524
 [2489] pfiller2525
 [2490] pfiller2526
 [2491] pfiller2527
 [2492] pfiller2528
 [2493] pfiller2529
 [2494] pfiller2530
 [2495] pfiller2531
 [2496] pfiller2532
 [2497] pfiller2533
 [2498] pfiller2534
 [2499] pfiller2535
 [2500] pfiller2536
 [2501] pfiller2537
 [2502] pfiller2538
 [2503] pfiller2539
 [2504] pfiller2540
 [2505] pfiller2541
 [2506] pfiller2542
 [2507] pfiller2543
 [2508] pfiller2544
 [2509] pfiller2545
 [2510] pfiller2546
 [2511] pfiller2547
 [2512] pfiller2548
 [2513] pfiller2549
 [2514] pfiller2550
 [2515] pfiller2551
 [2516] pfiller2552
 [2517] pfiller2553
 [2518] pfiller2554
 [2519] pfiller2555
 [2520] pfiller2556
 [2521] pfiller2557
 [2522] pfiller2558
 [2523] pfiller2559
 [2524] pfiller2560
 [2525] pfiller2561
 [2526] pfiller2562
 [2527] pfiller2563
 [2528] pfiller2564
 [2529] pfiller2565
 [2530] pfiller2566
 [2531] pfiller2567
 [2532] pfiller2568
 [2533] pfiller2569
 [2534] pfiller2570
 [2535] pfiller2571
 [2536] pfiller2572
 [2537] pfiller2573
 [2538] pfiller2574
 [2539] pfiller2575
 [2540] pfiller2576
 [2541] pfiller2577
 [2542] pfiller2578
 [2543] pfiller2579
 [2544] pfiller2580
 [2545] pfiller2581
 [2546] pfiller2582
 [2547] pfiller2583
 [2548] pfiller2584
 [2549] pfiller2585
 [2550] pfiller2586
 [2551] pfiller2587
 [2552] pfiller2588
 [2553] pfiller2589
 [2554] pfiller2590
 [2555] pfiller2591
 [2556] pfiller2592
 [2557] pfiller2593
 [2558] pfiller2594
 [2559] pfiller2595
 [2560] pfiller2596
 [2561] pfiller2597
 [2562] pfiller2598
 [2563] pfiller2599
 [2564] pfiller2600
 [2565] pfiller2601
 [2566] pfiller2602
 [2567] pfiller2603
 [2568] pfiller2604
 [2569] pfiller2605
 [2570] pfiller2606
 [2571] pfiller2607
 [2572] pfiller2608
 [2573] pfiller2609
 [2574] pfiller2610
 [2575] pfiller2611
 [2576] pfiller2612
 [2577] pfiller2613
 [2578] pfiller2614
 [2579] pfiller2615
 [2580] pfiller2616
 [2581] pfiller2617
 [2582] pfiller2618
 [2583] pfiller2619
 [2584] pfiller2620
 [2585] pfiller2621
 [2586] pfiller2622
 [2587] pfiller2623
 [2588] pfiller2624
 [2589] pfiller2625
 [2590] pfiller2626
 [2591] pfiller2627
 [2592] pfiller2628
 [2593] pfiller2629
 [2594] pfiller2630
 [2595] pfiller2631
 [2596] pfiller2632
 [2597] pfiller2633
 [2598] pfiller2634
 [2599] pfiller2635
 [2600] pfiller2636
 [2601] pfiller2637
 [2602] pfiller2638
 [2603] pfiller2639
 [2604] pfiller2640
 [2605] pfiller2641
 [2606] pfiller2642
 [2607] pfiller2643
 [2608] pfiller2644
 [2609] pfiller2645
 [2610] pfiller2646
 [2611] pfiller2647
 [2612] pfiller2648
 [2613] pfiller2649
 [2614] pfiller2650
 [2615] pfiller2651
 [2616] pfiller2652
 [2617] pfiller2653
 [2618] pfiller2654
 [2619] pfiller2655
 [2620] pfiller2656
 [2621] pfiller2657
 [2622] pfiller2658
 [2623] pfiller2659
 [2624] pfiller2660
 [2625] pfiller2661
 [2626] pfiller2662
 [2627] pfiller2663
 [2628] pfiller2664
 [2629] pfiller2665
 [2630] pfiller2666
 [2631] pfiller2667
 [2632] pfiller2668
 [2633] pfiller2669
 [2634] pfiller2670
 [2635] pfiller2671
 [2636] pfiller2672
 [2637] pfiller2673
 [2638] pfiller2674
 [2639] pfiller2675
 [2640] pfiller2676
 [2641] pfiller2677
 [2642] pfiller2678
 [2643] pfiller2679
 [2644] pfiller2680
 [2645] pfiller2681
 [2646] pfiller2682
 [2647] pfiller2683
 [2648] pfiller2684
 [2649] pfiller2685
 [2650] pfiller2686
 [2651] pfiller2687
 [2652] pfiller2688
 [2653] pfiller2689
 [2654] pfiller2690
 [2655] pfiller2691
 [2656] pfiller2692
 [2657] pfiller2693
 [2658] pfiller2694
 [2659] vss2top
 [2660] pfiller2695
 [2661] pfiller2696
 [2662] pfiller2697
 [2663] pfiller2698
 [2664] pfiller2699
 [2665] pfiller2700
 [2666] pfiller2701
 [2667] pfiller2702
 [2668] pfiller2703
 [2669] pfiller2704
 [2670] pfiller2705
 [2671] pfiller2706
 [2672] pfiller2707
 [2673] pfiller2708
 [2674] pfiller2709
 [2675] pfiller2710
 [2676] pfiller2711
 [2677] pfiller2712
 [2678] pfiller2713
 [2679] pfiller2714
 [2680] pfiller2715
 [2681] pfiller2716
 [2682] pfiller2717
 [2683] pfiller2718
 [2684] pfiller2719
 [2685] pfiller2720
 [2686] pfiller2721
 [2687] pfiller2722
 [2688] pfiller2723
 [2689] pfiller2724
 [2690] pfiller2725
 [2691] pfiller2726
 [2692] pfiller2727
 [2693] pfiller2728
 [2694] pfiller2729
 [2695] pfiller2730
 [2696] pfiller2731
 [2697] pfiller2732
 [2698] pfiller2733
 [2699] pfiller2734
 [2700] pfiller2735
 [2701] pfiller2736
 [2702] pfiller2737
 [2703] pfiller2738
 [2704] pfiller2739
 [2705] pfiller2740
 [2706] pfiller2741
 [2707] pfiller2742
 [2708] pfiller2743
 [2709] pfiller2744
 [2710] pfiller2745
 [2711] pfiller2746
 [2712] pfiller2747
 [2713] pfiller2748
 [2714] pfiller2749
 [2715] pfiller2750
 [2716] pfiller2751
 [2717] pfiller2752
 [2718] pfiller2753
 [2719] pfiller2754
 [2720] pfiller2755
 [2721] pfiller2756
 [2722] pfiller2757
 [2723] pfiller2758
 [2724] pfiller2759
 [2725] pfiller2760
 [2726] pfiller2761
 [2727] pfiller2762
 [2728] pfiller2763
 [2729] pfiller2764
 [2730] pfiller2765
 [2731] pfiller2766
 [2732] pfiller2767
 [2733] pfiller2768
 [2734] pfiller2769
 [2735] pfiller2770
 [2736] pfiller2771
 [2737] pfiller2772
 [2738] pfiller2773
 [2739] pfiller2774
 [2740] pfiller2775
 [2741] pfiller2776
 [2742] pfiller2777
 [2743] pfiller2778
 [2744] pfiller2779
 [2745] pfiller2780
 [2746] pfiller2781
 [2747] pfiller2782
 [2748] pfiller2783
 [2749] pfiller2784
 [2750] pfiller2785
 [2751] pfiller2786
 [2752] pfiller2787
 [2753] pfiller2788
 [2754] pfiller2789
 [2755] pfiller2790
 [2756] pfiller2791
 [2757] pfiller2792
 [2758] pfiller2793
 [2759] pfiller2794
 [2760] pfiller2795
 [2761] pfiller2796
 [2762] pfiller2797
 [2763] pfiller2798
 [2764] pfiller2799
 [2765] pfiller2800
 [2766] pfiller2801
 [2767] pfiller2802
 [2768] pfiller2803
 [2769] pfiller2804
 [2770] pfiller2805
 [2771] pfiller2806
 [2772] pfiller2807
 [2773] pfiller2808
 [2774] pfiller2809
 [2775] pfiller2810
 [2776] pfiller2811
 [2777] pfiller2812
 [2778] pfiller2813
 [2779] pfiller2814
 [2780] pfiller2815
 [2781] pfiller2816
 [2782] pfiller2817
 [2783] pfiller2818
 [2784] pfiller2819
 [2785] pfiller2820
 [2786] pfiller2821
 [2787] pfiller2822
 [2788] pfiller2823
 [2789] pfiller2824
 [2790] pfiller2825
 [2791] pfiller2826
 [2792] pfiller2827
 [2793] pfiller2828
 [2794] pfiller2829
 [2795] pfiller2830
 [2796] pfiller2831
 [2797] pfiller2832
 [2798] pfiller2833
 [2799] pfiller2834
 [2800] pfiller2835
 [2801] pfiller2836
 [2802] pfiller2837
 [2803] pfiller2838
 [2804] pfiller2839
 [2805] pfiller2840
 [2806] pfiller2841
 [2807] pfiller2842
 [2808] pfiller2843
 [2809] pfiller2844
 [2810] pfiller2845
 [2811] pfiller2846
 [2812] pfiller2847
 [2813] pfiller2848
 [2814] pfiller2849
 [2815] pfiller2850
 [2816] pfiller2851
 [2817] pfiller2852
 [2818] pfiller2853
 [2819] pfiller2854
 [2820] pfiller2855
 [2821] pfiller2856
 [2822] pfiller2857
 [2823] pfiller2858
 [2824] pfiller2859
 [2825] pfiller2860
 [2826] pfiller2861
 [2827] pfiller2862
 [2828] pfiller2863
 [2829] pfiller2864
 [2830] pfiller2865
 [2831] pfiller2866
 [2832] pfiller2867
 [2833] pfiller2868
 [2834] pfiller2869
 [2835] pfiller2870
 [2836] pfiller2871
 [2837] pfiller2872
 [2838] pfiller2873
 [2839] pfiller2874
 [2840] pfiller2875
 [2841] pfiller2876
 [2842] pfiller2877
 [2843] pfiller2878
 [2844] pfiller2879
 [2845] pfiller2880
 [2846] pfiller2881
 [2847] pfiller2882
 [2848] pfiller2883
 [2849] pfiller2884
 [2850] pfiller2885
 [2851] pfiller2886
 [2852] pfiller2887
 [2853] pfiller2888
 [2854] pfiller2889
 [2855] pfiller2890
 [2856] pfiller2891
 [2857] pfiller2892
 [2858] pfiller2893
 [2859] pfiller2894
 [2860] pfiller2895
 [2861] pfiller2896
 [2862] pfiller2897
 [2863] pfiller2898
 [2864] pfiller2899
 [2865] pfiller2900
 [2866] pfiller2901
 [2867] pfiller2902
 [2868] pfiller2903
 [2869] pfiller2904
 [2870] pfiller2905
 [2871] pfiller2906
 [2872] pfiller2907
 [2873] pfiller2908
 [2874] pfiller2909
 [2875] pfiller2910
 [2876] pfiller2911
 [2877] pfiller2912
 [2878] pfiller2913
 [2879] pfiller2914
 [2880] pfiller2915
 [2881] pfiller2916
 [2882] pfiller2917
 [2883] pfiller2918
 [2884] pfiller2919
 [2885] pfiller2920
 [2886] pfiller2921
 [2887] pfiller2922
 [2888] pfiller2923
 [2889] pfiller2924
 [2890] pfiller2925
 [2891] pfiller2926
 [2892] pfiller2927
 [2893] pfiller2928
 [2894] pfiller2929
 [2895] pfiller2930
 [2896] pfiller2931
 [2897] pfiller2932
 [2898] pfiller2933
 [2899] pfiller2934
 [2900] pfiller2935
 [2901] pfiller2936
 [2902] pfiller2937
 [2903] pfiller2938
 [2904] pfiller2939
 [2905] pfiller2940
 [2906] pfiller2941
 [2907] pfiller2942
 [2908] pfiller2943
 [2909] pfiller2944
 [2910] pfiller2945
 [2911] pfiller2946
 [2912] pfiller2947
 [2913] pfiller2948
 [2914] pfiller2949
 [2915] pfiller2950
 [2916] pfiller2951
 [2917] pfiller2952
 [2918] pfiller2953
 [2919] pfiller2954
 [2920] pfiller2955
 [2921] pfiller2956
 [2922] pfiller2957
 [2923] pfiller2958
 [2924] pfiller2959
 [2925] pfiller2960
 [2926] pfiller2961
 [2927] pfiller2962
 [2928] pfiller2963
 [2929] pfiller2964
 [2930] pfiller2965
 [2931] pfiller2966
 [2932] pfiller2967
 [2933] pfiller2968
 [2934] pfiller2969
 [2935] pfiller2970
 [2936] pfiller2971
 [2937] pfiller2972
 [2938] pfiller2973
 [2939] pfiller2974
 [2940] pfiller2975
 [2941] pfiller2976
 [2942] pfiller2977
 [2943] pfiller2978
 [2944] pfiller2979
 [2945] pfiller2980
 [2946] pfiller2981
 [2947] pfiller2982
 [2948] pfiller2983
 [2949] pfiller2984
 [2950] pfiller2985
 [2951] pfiller2986
 [2952] pfiller2987
 [2953] pfiller2988
 [2954] pfiller2989
 [2955] pfiller2990
 [2956] pfiller2991
 [2957] pfiller2992
 [2958] pfiller2993
 [2959] pfiller2994
 [2960] pfiller2995
 [2961] pfiller2996
 [2962] pfiller2997
 [2963] pfiller2998
 [2964] pfiller2999
 [2965] pfiller3000
 [2966] pfiller3001
 [2967] pfiller3002
 [2968] pfiller3003
 [2969] pfiller3004
 [2970] pfiller3005
 [2971] pfiller3006
 [2972] pfiller3007
 [2973] pfiller3008
 [2974] pfiller3009
 [2975] pfiller3010
 [2976] pfiller3011
 [2977] pfiller3012
 [2978] pfiller3013
 [2979] pfiller3014
 [2980] pfiller3015
 [2981] pfiller3016
 [2982] pfiller3017
 [2983] pfiller3018
 [2984] pfiller3019
 [2985] pfiller3020
 [2986] pfiller3021
 [2987] pfiller3022
 [2988] pfiller3023
 [2989] pfiller3024
 [2990] pfiller3025
 [2991] pfiller3026
 [2992] pfiller3027
 [2993] pfiller3028
 [2994] pfiller3029
 [2995] pfiller3030
 [2996] pfiller3031
 [2997] pfiller3032
 [2998] pfiller3033
 [2999] pfiller3034
 [3000] pfiller3035
 [3001] pfiller3036
 [3002] pfiller3037
 [3003] pfiller3038
 [3004] pfiller3039
 [3005] pfiller3040
 [3006] pfiller3041
 [3007] pfiller3042
 [3008] pfiller3043
 [3009] pfiller3044
 [3010] pfiller3045
 [3011] pfiller3046
 [3012] pfiller3047
 [3013] pfiller3048
 [3014] pfiller3049
 [3015] pfiller3050
 [3016] pfiller3051
 [3017] pfiller3052
 [3018] pfiller3053
 [3019] pfiller3054
 [3020] pfiller3055
 [3021] pfiller3056
 [3022] pfiller3057
 [3023] pfiller3058
 [3024] pfiller3059
 [3025] pfiller3060
 [3026] pfiller3061
 [3027] pfiller3062
 [3028] pfiller3063
 [3029] pfiller3064
 [3030] pfiller3065
 [3031] pfiller3066
 [3032] pfiller3067
 [3033] pfiller3068
 [3034] pfiller3069
 [3035] pfiller3070
 [3036] pfiller3071
 [3037] pfiller3072
 [3038] pfiller3073
 [3039] pfiller3074
 [3040] pfiller3075
 [3041] pfiller3076
 [3042] pfiller3077
 [3043] pfiller3078
 [3044] pfiller3079
 [3045] pfiller3080
 [3046] pfiller3081
 [3047] pfiller3082
 [3048] pfiller3083
 [3049] pfiller3084
 [3050] pfiller3085
 [3051] pfiller3086
 [3052] pfiller3087
 [3053] pfiller3088
 [3054] pfiller3089
 [3055] pfiller3090
 [3056] pfiller3091
 [3057] pfiller3092
 [3058] pfiller3093
 [3059] pfiller3094
 [3060] pfiller3095
 [3061] pfiller3096
 [3062] pfiller3097
 [3063] pfiller3098
 [3064] pfiller3099
 [3065] pfiller3100
 [3066] pfiller3101
 [3067] pfiller3102
 [3068] pfiller3103
 [3069] pfiller3104
 [3070] pfiller3105
 [3071] pfiller3106
 [3072] pfiller3107
 [3073] pfiller3108
 [3074] pfiller3109
 [3075] pfiller3110
 [3076] pfiller3111
 [3077] pfiller3112
 [3078] pfiller3113
 [3079] pfiller3114
 [3080] pfiller3115
 [3081] pfiller3116
 [3082] pfiller3117
 [3083] pfiller3118
 [3084] pfiller3119
 [3085] pfiller3120
 [3086] pfiller3121
 [3087] pfiller3122
 [3088] pfiller3123
 [3089] pfiller3124
 [3090] pfiller3125
 [3091] pfiller3126
 [3092] pfiller3127
 [3093] pfiller3128
 [3094] pfiller3129
 [3095] pfiller3130
 [3096] pfiller3131
 [3097] pfiller3132
 [3098] pfiller3133
 [3099] pfiller3134
 [3100] pfiller3135
 [3101] pfiller3136
 [3102] pfiller3137
 [3103] pfiller3138
 [3104] pfiller3139
 [3105] pfiller3140
 [3106] pfiller3141
 [3107] pfiller3142
 [3108] pfiller3143
 [3109] pfiller3144
 [3110] pfiller3145
 [3111] pfiller3146
 [3112] pfiller3147
 [3113] pfiller3148
 [3114] pfiller3149
 [3115] pfiller3150
 [3116] pfiller3151
 [3117] pfiller3152
 [3118] pfiller3153
 [3119] pfiller3154
 [3120] pfiller3155
 [3121] pfiller3156
 [3122] pfiller3157
 [3123] pfiller3158
 [3124] pfiller3159
 [3125] pfiller3160
 [3126] pfiller3161
 [3127] pfiller3162
 [3128] pfiller3163
 [3129] pfiller3164
 [3130] pfiller3165
 [3131] pfiller3166
 [3132] pfiller3167
 [3133] pfiller3168
 [3134] pfiller3169
 [3135] pfiller3170
 [3136] pfiller3171
 [3137] pfiller3172
 [3138] pfiller3173
 [3139] pfiller3174
 [3140] pfiller3175
 [3141] pfiller3176
 [3142] pfiller3177
 [3143] pfiller3178
 [3144] pfiller3179
 [3145] pfiller3180
 [3146] pfiller3181
 [3147] pfiller3182
 [3148] pfiller3183
 [3149] pfiller3184
 [3150] pfiller3185
 [3151] pfiller3186
 [3152] pfiller3187
 [3153] pfiller3188
 [3154] pfiller3189
 [3155] pfiller3190
 [3156] pfiller3191
 [3157] pfiller3192
 [3158] pfiller3193
 [3159] pfiller3194
 [3160] pfiller3195
 [3161] pfiller3196
 [3162] pfiller3197
 [3163] pfiller3198
 [3164] pfiller3199
 [3165] pfiller3200
 [3166] pfiller3201
 [3167] pfiller3202
 [3168] pfiller3203
 [3169] pfiller3204
 [3170] pfiller3205
 [3171] pfiller3206
 [3172] pfiller3207
 [3173] pfiller3208
 [3174] pfiller3209
 [3175] pfiller3210
 [3176] pfiller3211
 [3177] pfiller3212
 [3178] pfiller3213
 [3179] pfiller3214
 [3180] pfiller3215
 [3181] pfiller3216
 [3182] pfiller3217
 [3183] pfiller3218
 [3184] pfiller3219
 [3185] pfiller3220
 [3186] pfiller3221
 [3187] pfiller3222
 [3188] pfiller3223
 [3189] pfiller3224
 [3190] pfiller3225
 [3191] pfiller3226
 [3192] pfiller3227
 [3193] pfiller3228
 [3194] pfiller3229
 [3195] pfiller3230
 [3196] pfiller3231
 [3197] pfiller3232
 [3198] pfiller3233
 [3199] pfiller3234
 [3200] pfiller3235
 [3201] pfiller3236
 [3202] pfiller3237
 [3203] pfiller3238
 [3204] pfiller3239
 [3205] pfiller3240
 [3206] pfiller3241
 [3207] pfiller3242
 [3208] pfiller3243
 [3209] pfiller3244
 [3210] pfiller3245
 [3211] pfiller3246
 [3212] pfiller3247
 [3213] pfiller3248
 [3214] pfiller3249
 [3215] pfiller3250
 [3216] pfiller3251
 [3217] pfiller3252
 [3218] pfiller3253
 [3219] pfiller3254
 [3220] pfiller3255
 [3221] pfiller3256
 [3222] pfiller3257
 [3223] pfiller3258
 [3224] pfiller3259
 [3225] pfiller3260
 [3226] pfiller3261
 [3227] pfiller3262
 [3228] pfiller3263
 [3229] pfiller3264
 [3230] pfiller3265
 [3231] pfiller3266
 [3232] pfiller3267
 [3233] pfiller3268
 [3234] pfiller3269
 [3235] pfiller3270
 [3236] pfiller3271
 [3237] pfiller3272
 [3238] pfiller3273
 [3239] pfiller3274
 [3240] pfiller3275
 [3241] pfiller3276
 [3242] pfiller3277
 [3243] pfiller3278
 [3244] pfiller3279
 [3245] pfiller3280
 [3246] pfiller3281
 [3247] pfiller3282
 [3248] pfiller3283
 [3249] pfiller3284
 [3250] pfiller3285
 [3251] pfiller3286
 [3252] pfiller3287
 [3253] pfiller3288
 [3254] pfiller3289
 [3255] pfiller3290
 [3256] pfiller3291
 [3257] pfiller3292
 [3258] pfiller3293
 [3259] pfiller3294
 [3260] pfiller3295
 [3261] pfiller3296
 [3262] pfiller3297
 [3263] pfiller3298
 [3264] pfiller3299
 [3265] pfiller3300
 [3266] pfiller3301
 [3267] pfiller3302
 [3268] pfiller3303
 [3269] pfiller3304
 [3270] pfiller3305
 [3271] pfiller3306
 [3272] pfiller3307
 [3273] pfiller3308
 [3274] pfiller3309
 [3275] pfiller3310
 [3276] pfiller3311
 [3277] pfiller3312
 [3278] pfiller3313
 [3279] pfiller3314
 [3280] pfiller3315
 [3281] pfiller3316
 [3282] pfiller3317
 [3283] pfiller3318
 [3284] pfiller3319
 [3285] pfiller3320
 [3286] pfiller3321
 [3287] pfiller3322
 [3288] pfiller3323
 [3289] pfiller3324
 [3290] pfiller3325
 [3291] pfiller3326
 [3292] pfiller3327
 [3293] pfiller3328
 [3294] pfiller3329
 [3295] pfiller3330
 [3296] pfiller3331
 [3297] pfiller3332
 [3298] pfiller3333
 [3299] pfiller3334
 [3300] pfiller3335
 [3301] pfiller3336
 [3302] pfiller3337
 [3303] pfiller3338
 [3304] pfiller3339
 [3305] pfiller3340
 [3306] pfiller3341
 [3307] pfiller3342
 [3308] pfiller3343
 [3309] pfiller3344
 [3310] pfiller3345
 [3311] pfiller3346
 [3312] pfiller3347
 [3313] pfiller3348
 [3314] pfiller3349
 [3315] pfiller3350
 [3316] pfiller3351
 [3317] pfiller3352
 [3318] pfiller3353
 [3319] pfiller3354
 [3320] pfiller3355
 [3321] pfiller3356
 [3322] pfiller3357
 [3323] pfiller3358
 [3324] pfiller3359
 [3325] pfiller3360
 [3326] pfiller3361
 [3327] pfiller3362
 [3328] pfiller3363
 [3329] pfiller3364
 [3330] pfiller3365
 [3331] pfiller3366
 [3332] pfiller3367
 [3333] pfiller3368
 [3334] pfiller3369
 [3335] pfiller3370
 [3336] pfiller3371
 [3337] pfiller3372
 [3338] pfiller3373
 [3339] pfiller3374
 [3340] pfiller3375
 [3341] pfiller3376
 [3342] pfiller3377
 [3343] pfiller3378
 [3344] pfiller3379
 [3345] pfiller3380
 [3346] pfiller3381
 [3347] pfiller3382
 [3348] pfiller3383
 [3349] pfiller3384
 [3350] pfiller3385
 [3351] pfiller3386
 [3352] pfiller3387
 [3353] pfiller3388
 [3354] pfiller3389
 [3355] pfiller3390
 [3356] pfiller3391
 [3357] pfiller3392
 [3358] pfiller3393
 [3359] pfiller3394
 [3360] pfiller3395
 [3361] pfiller3396
 [3362] pfiller3397
 [3363] pfiller3398
 [3364] pfiller3399
 [3365] pfiller3400
 [3366] pfiller3401
 [3367] pfiller3402
 [3368] pfiller3403
 [3369] pfiller3404
 [3370] pfiller3405
 [3371] pfiller3406
 [3372] pfiller3407
 [3373] pfiller3408
 [3374] pfiller3409
 [3375] pfiller3410
 [3376] pfiller3411
 [3377] pfiller3412
 [3378] pfiller3413
 [3379] pfiller3414
 [3380] pfiller3415
 [3381] pfiller3416
 [3382] pfiller3417
 [3383] pfiller3418
 [3384] pfiller3419
 [3385] pfiller3420
 [3386] pfiller3421
 [3387] pfiller3422
 [3388] pfiller3423
 [3389] pfiller3424
 [3390] pfiller3425
 [3391] pfiller3426
 [3392] pfiller3427
 [3393] pfiller3428
 [3394] pfiller3429
 [3395] pfiller3430
 [3396] pfiller3431
 [3397] pfiller3432
 [3398] pfiller3433
 [3399] pfiller3434
 [3400] pfiller3435
 [3401] pfiller3436
 [3402] pfiller3437
 [3403] pfiller3438
 [3404] pfiller3439
 [3405] pfiller3440
 [3406] pfiller3441
 [3407] pfiller3442
 [3408] pfiller3443
 [3409] pfiller3444
 [3410] pfiller3445
 [3411] pfiller3446
 [3412] pfiller3447
 [3413] pfiller3448
 [3414] pfiller3449
 [3415] pfiller3450
 [3416] pfiller3451
 [3417] pfiller3452
 [3418] pfiller3453
 [3419] pfiller3454
 [3420] pfiller3455
 [3421] pfiller3456
 [3422] pfiller3457
 [3423] pfiller3458
 [3424] pfiller3459
 [3425] pfiller3460
 [3426] pfiller3461
 [3427] pfiller3462
 [3428] pfiller3463
 [3429] pfiller3464
 [3430] pfiller3465
 [3431] pfiller3466
 [3432] pfiller3467
 [3433] pfiller3468
 [3434] pfiller3469
 [3435] pfiller3470
 [3436] pfiller3471
 [3437] pfiller3472
 [3438] pfiller3473
 [3439] pfiller3474
 [3440] pfiller3475
 [3441] pfiller3476
 [3442] pfiller3477
 [3443] pfiller3478
 [3444] pfiller3479
 [3445] pfiller3480
 [3446] pfiller3481
 [3447] pfiller3482
 [3448] pfiller3483
 [3449] pfiller3484
 [3450] pfiller3485
 [3451] pfiller3486
 [3452] pfiller3487
 [3453] pfiller3488
 [3454] pfiller3489
 [3455] pfiller3490
 [3456] pfiller3491
 [3457] pfiller3492
 [3458] pfiller3493
 [3459] pfiller3494
 [3460] pfiller3495
 [3461] pfiller3496
 [3462] pfiller3497
 [3463] pfiller3498
 [3464] pfiller3499
 [3465] pfiller3500
 [3466] pfiller3501
 [3467] pfiller3502
 [3468] pfiller3503
 [3469] pfiller3504
 [3470] pfiller3505
 [3471] pfiller3506
 [3472] pfiller3507
 [3473] pfiller3508
 [3474] pfiller3509
 [3475] pfiller3510
 [3476] pfiller3511
 [3477] pfiller3512
 [3478] pfiller3513
 [3479] pfiller3514
 [3480] pfiller3515
 [3481] pfiller3516
 [3482] pfiller3517
 [3483] pfiller3518
 [3484] pfiller3519
 [3485] pfiller3520
 [3486] pfiller3521
 [3487] pfiller3522
 [3488] pfiller3523
 [3489] pfiller3524
 [3490] pfiller3525
 [3491] pfiller3526
 [3492] pfiller3527
 [3493] pfiller3528
 [3494] pfiller3529
 [3495] pfiller3530
 [3496] pfiller3531
 [3497] pfiller3532
 [3498] pfiller3533
 [3499] pfiller3534
 [3500] pfiller3535
 [3501] pfiller3536
 [3502] pfiller3537
 [3503] pfiller3538
 [3504] pfiller3539
 [3505] pfiller3540
 [3506] pfiller3541
 [3507] pfiller3542
 [3508] pfiller3543
 [3509] pfiller3544
 [3510] pfiller3545
 [3511] pfiller3546
 [3512] pfiller3547
 [3513] pfiller3548
 [3514] pfiller3549
 [3515] pfiller3550
 [3516] pfiller3551
 [3517] pfiller3552
 [3518] pfiller3553
 [3519] pfiller3554
 [3520] pfiller3555
 [3521] pfiller3556
 [3522] pfiller3557
 [3523] pfiller3558
 [3524] pfiller3559
 [3525] pfiller3560
 [3526] pfiller3561
 [3527] pfiller3562
 [3528] pfiller3563
 [3529] pfiller3564
 [3530] pfiller3565
 [3531] pfiller3566
 [3532] pfiller3567
 [3533] pfiller3568
 [3534] pfiller3569
 [3535] pfiller3570
 [3536] pfiller3571
 [3537] pfiller3572
 [3538] pfiller3573
 [3539] pfiller3574
 [3540] pfiller3575
 [3541] pfiller3576
 [3542] pfiller3577
 [3543] pfiller3578
 [3544] pfiller3579
 [3545] i_ld_pc
 [3546] i_halt
 [3547] pfiller0
 [3548] pfiller1
 [3549] pfiller2
 [3550] pfiller3
 [3551] pfiller4
 [3552] pfiller5
 [3553] pfiller6
 [3554] pfiller7
 [3555] i_data_e
 [3556] pfiller8
 [3557] pfiller9
 [3558] pfiller10
 [3559] pfiller11
 [3560] pfiller12
 [3561] pfiller13
 [3562] pfiller14
 [3563] pfiller15
 [3564] vdd2bottom
 [3565] pfiller16
 [3566] pfiller17
 [3567] pfiller18
 [3568] pfiller19
 [3569] pfiller20
 [3570] pfiller21
 [3571] pfiller22
 [3572] pfiller23
 [3573] vss2bottom
 [3574] pfiller24
 [3575] pfiller25
 [3576] pfiller26
 [3577] pfiller27
 [3578] pfiller28
 [3579] pfiller29
 [3580] pfiller30
 [3581] pfiller31
 [3582] i_sel
 [3583] pfiller32
 [3584] pfiller33
 [3585] pfiller34
 [3586] pfiller35
 [3587] pfiller36
 [3588] pfiller37
 [3589] pfiller38
 [3590] pfiller39
 [3591] i_inc_pc
 [3592] i_rd
 [3593] i_wr
 [3594] vss1right
 [3595] vdd1right
Warning: wire dropped because obstruction, ((407.425 306.530) (408.165 332.470)) (Net: VDD) (Layer: METAL2 [62]) is blocked by ((407.470 306.735) (407.660 306.925)) (Net: VDD) (Layer: VIA23 [71]). (PGRT-030)
Warning: wire dropped because obstruction, ((407.880 306.530) (408.170 332.470)) (Net: VDD) (Layer: METAL6 [66]) is blocked by ((407.835 306.555) (408.125 332.445)) (Net: VDD) (Layer: METAL6 [66]). (PGRT-030)
 [3596] i_ld_ir
 [3597] i_ld_ac
 [3598] i_rst
 [3599] i_clk
 [3600] vdd1left
Warning: wire dropped because obstruction, ((196.255 271.530) (196.995 297.470)) (Net: VDD) (Layer: METAL2 [62]) is blocked by ((196.760 271.635) (196.950 271.825)) (Net: VDD) (Layer: VIA23 [71]). (PGRT-030)
Warning: wire dropped because obstruction, ((196.250 271.530) (196.540 297.470)) (Net: VDD) (Layer: METAL6 [66]) is blocked by ((196.295 271.555) (196.585 297.445)) (Net: VDD) (Layer: METAL6 [66]). (PGRT-030)
 [3601] vss1left
 [3602] i_opcode_0
 [3603] i_opcode_1
 [3607] [done] 

[Prerouter] CPU = 00:00:00, Elapsed = 00:00:00
	Peak Memory =      729M Data =       13M
1
1
icc_shell> 