
                                IC Compiler (TM)
                              IC Compiler-PC (TM)
                              IC Compiler-XP (TM)
                              IC Compiler-DP (TM)
                              IC Compiler-AG (TM)

                 Version T-2022.03 for linux64 - Feb 22, 2022 

                    Copyright (c) 1988 - 2022 Synopsys, Inc.
   This software and the associated documentation are proprietary to Synopsys,
 Inc. This software may only be used in accordance with the terms and conditions
 of a written license agreement with Synopsys, Inc. All other use, reproduction,
   or distribution of this software is strictly prohibited.  Licensed Products
     communicate with Synopsys servers for the purpose of providing software
    updates, detecting software piracy and verifying that customers are using
    Licensed Products in conformity with the applicable License Key for such
  Licensed Products. Synopsys will use information gathered in connection with
    this process to deliver software updates and pursue software pirates and
                                   infringers.

 Inclusivity & Diversity - Visit SolvNetPlus to read the "Synopsys Statement on
            Inclusivity and Diversity" (Refer to article 000036315 at
                        https://solvnetplus.synopsys.com)
Initializing...
#place.tcl 
source ../rm_setup/icrm_setup.tcl 
RM-Info: Setting default SEV variables for running outside of Lynx.
source ../rm_setup/icc_setup.tcl 
RM-Info: Running script /home/user123/Desktop/ASIC/icc/rm_setup/icc_setup.tcl

RM-Info: Running script /home/user123/Desktop/ASIC/icc/rm_setup/common_setup.tcl

RM-Info: Completed script /home/user123/Desktop/ASIC/icc/rm_setup/common_setup.tcl

### Processing procs.tcl...
CES_procs: 
 aa                   # always ask - Searches Synopsys help for both commands and variables
 gui                  # Start or stop the GUI
 host_stats           # Display statistics of the current host (server)
 view                 # Display output of any command in a separate Tk window.

RM-Info: Completed script /home/user123/Desktop/ASIC/icc/rm_setup/icc_setup.tcl

open_mw_lib control_pad.mw 
Warning: Reference Library Inconsistent With Main Library
Reference Library: /home/eda/lib/smic/SP013D3_V1p4/apollo/SP013D3_V1p2_8MT (MWLIBP-300)
Warning: Inconsistent Data for Contact Code 9
	Main Library (control_pad.mw)     |	Reference Library (SP013D3_V1p2_8MT)
 (MWLIBP-324)
Warning: Inconsistent Data for Contact Code 10
	Main Library (control_pad.mw)     |	Reference Library (SP013D3_V1p2_8MT)
 (MWLIBP-324)
Warning: Inconsistent Data for Contact Code 11
	Main Library (control_pad.mw)     |	Reference Library (SP013D3_V1p2_8MT)
 (MWLIBP-324)
Warning: Inconsistent Data for Contact Code 12
	Main Library (control_pad.mw)     |	Reference Library (SP013D3_V1p2_8MT)
 (MWLIBP-324)
Warning: Inconsistent Data for Contact Code 13
	Main Library (control_pad.mw)     |	Reference Library (SP013D3_V1p2_8MT)
 (MWLIBP-324)
Warning: Inconsistent Data for Contact Code 14
	Main Library (control_pad.mw)     |	Reference Library (SP013D3_V1p2_8MT)
 (MWLIBP-324)
Warning: Inconsistent Data for Contact Code 15
	Main Library (control_pad.mw)     |	Reference Library (SP013D3_V1p2_8MT)
 (MWLIBP-324)
{control_pad.mw}
copy_mw_cel -from floorplaned -to place 
1
open_mw_cel place 
Information: Opened "place.CEL;1" from "/home/user123/Desktop/ASIC/icc/run/control_pad.mw" library. (MWUI-068)
{place}
################################################## 
source  ../scripts/common_optimization_settings_icc.tcl 
RM-Info: Running script /home/user123/Desktop/ASIC/icc/scripts/common_optimization_settings_icc.tcl

Loading db file '/home/eda/lib/smic/aci/sc-x/synopsys/typical_1v2c25.db'
Loading db file '/home/eda/lib/smic/SP013D3_V1p4/syn/SP013D3_V1p2_typ.db'
Loading db file '/home/eda/synopsys/icc/T-2022.03/libraries/syn/gtech.db'
Information: linking reference library : /home/eda/lib/smic/aci/sc-x/apollo/smic13g. (PSYN-878)
Information: linking reference library : /home/eda/lib/smic/SP013D3_V1p4/apollo/SP013D3_V1p2_8MT. (PSYN-878)
Warning: The pin direction of 'PAD' pin on 'PANA4AP' cell in the 'SP013D3_V1p2_typ' technology library is inconsistent with the same-name pin in the '/home/eda/lib/smic/SP013D3_V1p4/apollo/SP013D3_V1p2_8MT' physical library. No physical link for the logical lib cell. (PSYN-058)
Warning: The pin direction of 'PAD' pin on 'PANA3AP' cell in the 'SP013D3_V1p2_typ' technology library is inconsistent with the same-name pin in the '/home/eda/lib/smic/SP013D3_V1p4/apollo/SP013D3_V1p2_8MT' physical library. No physical link for the logical lib cell. (PSYN-058)
Warning: The pin direction of 'SVDD1AP' pin on 'PVDD1AP' cell in the 'SP013D3_V1p2_typ' technology library is inconsistent with the same-name pin in the '/home/eda/lib/smic/SP013D3_V1p4/apollo/SP013D3_V1p2_8MT' physical library. No physical link for the logical lib cell. (PSYN-058)
Warning: The pin direction of 'SAVDD' pin on 'PVDD3AP' cell in the 'SP013D3_V1p2_typ' technology library is inconsistent with the same-name pin in the '/home/eda/lib/smic/SP013D3_V1p4/apollo/SP013D3_V1p2_8MT' physical library. No physical link for the logical lib cell. (PSYN-058)
Warning: The pin direction of 'SAVSS' pin on 'PVSS3AP' cell in the 'SP013D3_V1p2_typ' technology library is inconsistent with the same-name pin in the '/home/eda/lib/smic/SP013D3_V1p4/apollo/SP013D3_V1p2_8MT' physical library. No physical link for the logical lib cell. (PSYN-058)
Warning: The pin direction of 'SVSS1AP' pin on 'PVSS1AP' cell in the 'SP013D3_V1p2_typ' technology library is inconsistent with the same-name pin in the '/home/eda/lib/smic/SP013D3_V1p4/apollo/SP013D3_V1p2_8MT' physical library. No physical link for the logical lib cell. (PSYN-058)
Warning: The pin direction of 'PAD' pin on 'PANA1AP' cell in the 'SP013D3_V1p2_typ' technology library is inconsistent with the same-name pin in the '/home/eda/lib/smic/SP013D3_V1p4/apollo/SP013D3_V1p2_8MT' physical library. No physical link for the logical lib cell. (PSYN-058)
Warning: The pin direction of 'PAD' pin on 'PANA2AP' cell in the 'SP013D3_V1p2_typ' technology library is inconsistent with the same-name pin in the '/home/eda/lib/smic/SP013D3_V1p4/apollo/SP013D3_V1p2_8MT' physical library. No physical link for the logical lib cell. (PSYN-058)
Warning: The pin direction of 'SVDD1CAP' pin on 'PVDD1CAP' cell in the 'SP013D3_V1p2_typ' technology library is inconsistent with the same-name pin in the '/home/eda/lib/smic/SP013D3_V1p4/apollo/SP013D3_V1p2_8MT' physical library. No physical link for the logical lib cell. (PSYN-058)
Warning: The pin direction of 'SAVDD' pin on 'PVDD3CAP' cell in the 'SP013D3_V1p2_typ' technology library is inconsistent with the same-name pin in the '/home/eda/lib/smic/SP013D3_V1p4/apollo/SP013D3_V1p2_8MT' physical library. No physical link for the logical lib cell. (PSYN-058)
Warning: The pin direction of 'SVSS1CAP' pin on 'PVSS1CAP' cell in the 'SP013D3_V1p2_typ' technology library is inconsistent with the same-name pin in the '/home/eda/lib/smic/SP013D3_V1p4/apollo/SP013D3_V1p2_8MT' physical library. No physical link for the logical lib cell. (PSYN-058)
Warning: The pin direction of 'SAVSS' pin on 'PVSS3CAP' cell in the 'SP013D3_V1p2_typ' technology library is inconsistent with the same-name pin in the '/home/eda/lib/smic/SP013D3_V1p4/apollo/SP013D3_V1p2_8MT' physical library. No physical link for the logical lib cell. (PSYN-058)
Warning: The pin direction of 'SVDD1AP1' pin on 'PVDD1AP1' cell in the 'SP013D3_V1p2_typ' technology library is inconsistent with the same-name pin in the '/home/eda/lib/smic/SP013D3_V1p4/apollo/SP013D3_V1p2_8MT' physical library. No physical link for the logical lib cell. (PSYN-058)
Warning: The pin direction of 'SVSS1AP1' pin on 'PVSS1AP1' cell in the 'SP013D3_V1p2_typ' technology library is inconsistent with the same-name pin in the '/home/eda/lib/smic/SP013D3_V1p4/apollo/SP013D3_V1p2_8MT' physical library. No physical link for the logical lib cell. (PSYN-058)
Warning: The pin direction of 'PAD' pin on 'PANA1AP1' cell in the 'SP013D3_V1p2_typ' technology library is inconsistent with the same-name pin in the '/home/eda/lib/smic/SP013D3_V1p4/apollo/SP013D3_V1p2_8MT' physical library. No physical link for the logical lib cell. (PSYN-058)
Warning: The pin direction of 'PAD' pin on 'PANA2AP1' cell in the 'SP013D3_V1p2_typ' technology library is inconsistent with the same-name pin in the '/home/eda/lib/smic/SP013D3_V1p4/apollo/SP013D3_V1p2_8MT' physical library. No physical link for the logical lib cell. (PSYN-058)
Warning: The pin direction of 'SVDD1CAP1' pin on 'PVDD1CAP1' cell in the 'SP013D3_V1p2_typ' technology library is inconsistent with the same-name pin in the '/home/eda/lib/smic/SP013D3_V1p4/apollo/SP013D3_V1p2_8MT' physical library. No physical link for the logical lib cell. (PSYN-058)
Warning: The pin direction of 'SVSS1CAP1' pin on 'PVSS1CAP1' cell in the 'SP013D3_V1p2_typ' technology library is inconsistent with the same-name pin in the '/home/eda/lib/smic/SP013D3_V1p4/apollo/SP013D3_V1p2_8MT' physical library. No physical link for the logical lib cell. (PSYN-058)
Warning: The pin direction of 'PAD' pin on 'PI' cell in the 'SP013D3_V1p2_typ' technology library is inconsistent with the same-name pin in the '/home/eda/lib/smic/SP013D3_V1p4/apollo/SP013D3_V1p2_8MT' physical library. No physical link for the logical lib cell. (PSYN-058)
Warning: The pin direction of 'C' pin on 'PI' cell in the 'SP013D3_V1p2_typ' technology library is inconsistent with the same-name pin in the '/home/eda/lib/smic/SP013D3_V1p4/apollo/SP013D3_V1p2_8MT' physical library. No physical link for the logical lib cell. (PSYN-058)
Warning: The pin direction of 'PAD' pin on 'PIS' cell in the 'SP013D3_V1p2_typ' technology library is inconsistent with the same-name pin in the '/home/eda/lib/smic/SP013D3_V1p4/apollo/SP013D3_V1p2_8MT' physical library. No physical link for the logical lib cell. (PSYN-058)
Warning: The pin direction of 'C' pin on 'PIS' cell in the 'SP013D3_V1p2_typ' technology library is inconsistent with the same-name pin in the '/home/eda/lib/smic/SP013D3_V1p4/apollo/SP013D3_V1p2_8MT' physical library. No physical link for the logical lib cell. (PSYN-058)
Warning: The pin direction of 'OEN' pin on 'PB4' cell in the 'SP013D3_V1p2_typ' technology library is inconsistent with the same-name pin in the '/home/eda/lib/smic/SP013D3_V1p4/apollo/SP013D3_V1p2_8MT' physical library. No physical link for the logical lib cell. (PSYN-058)
Warning: The pin direction of 'I' pin on 'PB4' cell in the 'SP013D3_V1p2_typ' technology library is inconsistent with the same-name pin in the '/home/eda/lib/smic/SP013D3_V1p4/apollo/SP013D3_V1p2_8MT' physical library. No physical link for the logical lib cell. (PSYN-058)
Warning: The pin direction of 'C' pin on 'PB4' cell in the 'SP013D3_V1p2_typ' technology library is inconsistent with the same-name pin in the '/home/eda/lib/smic/SP013D3_V1p4/apollo/SP013D3_V1p2_8MT' physical library. No physical link for the logical lib cell. (PSYN-058)
Warning: The pin direction of 'PAD' pin on 'PB4' cell in the 'SP013D3_V1p2_typ' technology library is inconsistent with the same-name pin in the '/home/eda/lib/smic/SP013D3_V1p4/apollo/SP013D3_V1p2_8MT' physical library. No physical link for the logical lib cell. (PSYN-058)
Warning: The pin direction of 'I' pin on 'PO4' cell in the 'SP013D3_V1p2_typ' technology library is inconsistent with the same-name pin in the '/home/eda/lib/smic/SP013D3_V1p4/apollo/SP013D3_V1p2_8MT' physical library. No physical link for the logical lib cell. (PSYN-058)
Warning: The pin direction of 'PAD' pin on 'PO4' cell in the 'SP013D3_V1p2_typ' technology library is inconsistent with the same-name pin in the '/home/eda/lib/smic/SP013D3_V1p4/apollo/SP013D3_V1p2_8MT' physical library. No physical link for the logical lib cell. (PSYN-058)
Warning: The pin direction of 'XIN' pin on 'PX3' cell in the 'SP013D3_V1p2_typ' technology library is inconsistent with the same-name pin in the '/home/eda/lib/smic/SP013D3_V1p4/apollo/SP013D3_V1p2_8MT' physical library. No physical link for the logical lib cell. (PSYN-058)
Warning: The pin direction of 'XOUT' pin on 'PX3' cell in the 'SP013D3_V1p2_typ' technology library is inconsistent with the same-name pin in the '/home/eda/lib/smic/SP013D3_V1p4/apollo/SP013D3_V1p2_8MT' physical library. No physical link for the logical lib cell. (PSYN-058)
Warning: The pin direction of 'XC' pin on 'PX3' cell in the 'SP013D3_V1p2_typ' technology library is inconsistent with the same-name pin in the '/home/eda/lib/smic/SP013D3_V1p4/apollo/SP013D3_V1p2_8MT' physical library. No physical link for the logical lib cell. (PSYN-058)
Warning: The pin direction of 'OEN' pin on 'PB2' cell in the 'SP013D3_V1p2_typ' technology library is inconsistent with the same-name pin in the '/home/eda/lib/smic/SP013D3_V1p4/apollo/SP013D3_V1p2_8MT' physical library. No physical link for the logical lib cell. (PSYN-058)
Warning: The pin direction of 'I' pin on 'PB2' cell in the 'SP013D3_V1p2_typ' technology library is inconsistent with the same-name pin in the '/home/eda/lib/smic/SP013D3_V1p4/apollo/SP013D3_V1p2_8MT' physical library. No physical link for the logical lib cell. (PSYN-058)
Warning: The pin direction of 'C' pin on 'PB2' cell in the 'SP013D3_V1p2_typ' technology library is inconsistent with the same-name pin in the '/home/eda/lib/smic/SP013D3_V1p4/apollo/SP013D3_V1p2_8MT' physical library. No physical link for the logical lib cell. (PSYN-058)
Warning: The pin direction of 'PAD' pin on 'PB2' cell in the 'SP013D3_V1p2_typ' technology library is inconsistent with the same-name pin in the '/home/eda/lib/smic/SP013D3_V1p4/apollo/SP013D3_V1p2_8MT' physical library. No physical link for the logical lib cell. (PSYN-058)
Warning: The pin direction of 'OEN' pin on 'PB8' cell in the 'SP013D3_V1p2_typ' technology library is inconsistent with the same-name pin in the '/home/eda/lib/smic/SP013D3_V1p4/apollo/SP013D3_V1p2_8MT' physical library. No physical link for the logical lib cell. (PSYN-058)
Warning: The pin direction of 'I' pin on 'PB8' cell in the 'SP013D3_V1p2_typ' technology library is inconsistent with the same-name pin in the '/home/eda/lib/smic/SP013D3_V1p4/apollo/SP013D3_V1p2_8MT' physical library. No physical link for the logical lib cell. (PSYN-058)
Warning: The pin direction of 'C' pin on 'PB8' cell in the 'SP013D3_V1p2_typ' technology library is inconsistent with the same-name pin in the '/home/eda/lib/smic/SP013D3_V1p4/apollo/SP013D3_V1p2_8MT' physical library. No physical link for the logical lib cell. (PSYN-058)
Warning: The pin direction of 'PAD' pin on 'PB8' cell in the 'SP013D3_V1p2_typ' technology library is inconsistent with the same-name pin in the '/home/eda/lib/smic/SP013D3_V1p4/apollo/SP013D3_V1p2_8MT' physical library. No physical link for the logical lib cell. (PSYN-058)
Warning: The pin direction of 'I' pin on 'PO8' cell in the 'SP013D3_V1p2_typ' technology library is inconsistent with the same-name pin in the '/home/eda/lib/smic/SP013D3_V1p4/apollo/SP013D3_V1p2_8MT' physical library. No physical link for the logical lib cell. (PSYN-058)
Warning: The pin direction of 'PAD' pin on 'PO8' cell in the 'SP013D3_V1p2_typ' technology library is inconsistent with the same-name pin in the '/home/eda/lib/smic/SP013D3_V1p4/apollo/SP013D3_V1p2_8MT' physical library. No physical link for the logical lib cell. (PSYN-058)
Warning: The pin direction of 'I' pin on 'PO2' cell in the 'SP013D3_V1p2_typ' technology library is inconsistent with the same-name pin in the '/home/eda/lib/smic/SP013D3_V1p4/apollo/SP013D3_V1p2_8MT' physical library. No physical link for the logical lib cell. (PSYN-058)
Warning: The pin direction of 'PAD' pin on 'PO2' cell in the 'SP013D3_V1p2_typ' technology library is inconsistent with the same-name pin in the '/home/eda/lib/smic/SP013D3_V1p4/apollo/SP013D3_V1p2_8MT' physical library. No physical link for the logical lib cell. (PSYN-058)
Warning: The pin direction of 'PAD' pin on 'PID' cell in the 'SP013D3_V1p2_typ' technology library is inconsistent with the same-name pin in the '/home/eda/lib/smic/SP013D3_V1p4/apollo/SP013D3_V1p2_8MT' physical library. No physical link for the logical lib cell. (PSYN-058)
Warning: The pin direction of 'C' pin on 'PID' cell in the 'SP013D3_V1p2_typ' technology library is inconsistent with the same-name pin in the '/home/eda/lib/smic/SP013D3_V1p4/apollo/SP013D3_V1p2_8MT' physical library. No physical link for the logical lib cell. (PSYN-058)
Warning: The pin direction of 'XIN' pin on 'PX2' cell in the 'SP013D3_V1p2_typ' technology library is inconsistent with the same-name pin in the '/home/eda/lib/smic/SP013D3_V1p4/apollo/SP013D3_V1p2_8MT' physical library. No physical link for the logical lib cell. (PSYN-058)
Warning: The pin direction of 'XOUT' pin on 'PX2' cell in the 'SP013D3_V1p2_typ' technology library is inconsistent with the same-name pin in the '/home/eda/lib/smic/SP013D3_V1p4/apollo/SP013D3_V1p2_8MT' physical library. No physical link for the logical lib cell. (PSYN-058)
Warning: The pin direction of 'XC' pin on 'PX2' cell in the 'SP013D3_V1p2_typ' technology library is inconsistent with the same-name pin in the '/home/eda/lib/smic/SP013D3_V1p4/apollo/SP013D3_V1p2_8MT' physical library. No physical link for the logical lib cell. (PSYN-058)
Warning: The pin direction of 'PAD' pin on 'PIU' cell in the 'SP013D3_V1p2_typ' technology library is inconsistent with the same-name pin in the '/home/eda/lib/smic/SP013D3_V1p4/apollo/SP013D3_V1p2_8MT' physical library. No physical link for the logical lib cell. (PSYN-058)
Warning: The pin direction of 'C' pin on 'PIU' cell in the 'SP013D3_V1p2_typ' technology library is inconsistent with the same-name pin in the '/home/eda/lib/smic/SP013D3_V1p4/apollo/SP013D3_V1p2_8MT' physical library. No physical link for the logical lib cell. (PSYN-058)
Warning: The pin direction of 'XIN' pin on 'PX1' cell in the 'SP013D3_V1p2_typ' technology library is inconsistent with the same-name pin in the '/home/eda/lib/smic/SP013D3_V1p4/apollo/SP013D3_V1p2_8MT' physical library. No physical link for the logical lib cell. (PSYN-058)
Warning: The pin direction of 'XOUT' pin on 'PX1' cell in the 'SP013D3_V1p2_typ' technology library is inconsistent with the same-name pin in the '/home/eda/lib/smic/SP013D3_V1p4/apollo/SP013D3_V1p2_8MT' physical library. No physical link for the logical lib cell. (PSYN-058)
Warning: The pin direction of 'XC' pin on 'PX1' cell in the 'SP013D3_V1p2_typ' technology library is inconsistent with the same-name pin in the '/home/eda/lib/smic/SP013D3_V1p4/apollo/SP013D3_V1p2_8MT' physical library. No physical link for the logical lib cell. (PSYN-058)
Warning: The pin direction of 'OEN' pin on 'PB16' cell in the 'SP013D3_V1p2_typ' technology library is inconsistent with the same-name pin in the '/home/eda/lib/smic/SP013D3_V1p4/apollo/SP013D3_V1p2_8MT' physical library. No physical link for the logical lib cell. (PSYN-058)
Warning: The pin direction of 'I' pin on 'PB16' cell in the 'SP013D3_V1p2_typ' technology library is inconsistent with the same-name pin in the '/home/eda/lib/smic/SP013D3_V1p4/apollo/SP013D3_V1p2_8MT' physical library. No physical link for the logical lib cell. (PSYN-058)
Warning: The pin direction of 'C' pin on 'PB16' cell in the 'SP013D3_V1p2_typ' technology library is inconsistent with the same-name pin in the '/home/eda/lib/smic/SP013D3_V1p4/apollo/SP013D3_V1p2_8MT' physical library. No physical link for the logical lib cell. (PSYN-058)
Warning: The pin direction of 'PAD' pin on 'PB16' cell in the 'SP013D3_V1p2_typ' technology library is inconsistent with the same-name pin in the '/home/eda/lib/smic/SP013D3_V1p4/apollo/SP013D3_V1p2_8MT' physical library. No physical link for the logical lib cell. (PSYN-058)
Warning: The pin direction of 'I' pin on 'PO16' cell in the 'SP013D3_V1p2_typ' technology library is inconsistent with the same-name pin in the '/home/eda/lib/smic/SP013D3_V1p4/apollo/SP013D3_V1p2_8MT' physical library. No physical link for the logical lib cell. (PSYN-058)
Warning: The pin direction of 'PAD' pin on 'PO16' cell in the 'SP013D3_V1p2_typ' technology library is inconsistent with the same-name pin in the '/home/eda/lib/smic/SP013D3_V1p4/apollo/SP013D3_V1p2_8MT' physical library. No physical link for the logical lib cell. (PSYN-058)
Warning: The pin direction of 'OEN' pin on 'PB24' cell in the 'SP013D3_V1p2_typ' technology library is inconsistent with the same-name pin in the '/home/eda/lib/smic/SP013D3_V1p4/apollo/SP013D3_V1p2_8MT' physical library. No physical link for the logical lib cell. (PSYN-058)
Warning: The pin direction of 'I' pin on 'PB24' cell in the 'SP013D3_V1p2_typ' technology library is inconsistent with the same-name pin in the '/home/eda/lib/smic/SP013D3_V1p4/apollo/SP013D3_V1p2_8MT' physical library. No physical link for the logical lib cell. (PSYN-058)
Warning: The pin direction of 'C' pin on 'PB24' cell in the 'SP013D3_V1p2_typ' technology library is inconsistent with the same-name pin in the '/home/eda/lib/smic/SP013D3_V1p4/apollo/SP013D3_V1p2_8MT' physical library. No physical link for the logical lib cell. (PSYN-058)
Warning: The pin direction of 'PAD' pin on 'PB24' cell in the 'SP013D3_V1p2_typ' technology library is inconsistent with the same-name pin in the '/home/eda/lib/smic/SP013D3_V1p4/apollo/SP013D3_V1p2_8MT' physical library. No physical link for the logical lib cell. (PSYN-058)
Warning: The pin direction of 'OEN' pin on 'PBS4' cell in the 'SP013D3_V1p2_typ' technology library is inconsistent with the same-name pin in the '/home/eda/lib/smic/SP013D3_V1p4/apollo/SP013D3_V1p2_8MT' physical library. No physical link for the logical lib cell. (PSYN-058)
Warning: The pin direction of 'I' pin on 'PBS4' cell in the 'SP013D3_V1p2_typ' technology library is inconsistent with the same-name pin in the '/home/eda/lib/smic/SP013D3_V1p4/apollo/SP013D3_V1p2_8MT' physical library. No physical link for the logical lib cell. (PSYN-058)
Warning: The pin direction of 'C' pin on 'PBS4' cell in the 'SP013D3_V1p2_typ' technology library is inconsistent with the same-name pin in the '/home/eda/lib/smic/SP013D3_V1p4/apollo/SP013D3_V1p2_8MT' physical library. No physical link for the logical lib cell. (PSYN-058)
Warning: The pin direction of 'PAD' pin on 'PBS4' cell in the 'SP013D3_V1p2_typ' technology library is inconsistent with the same-name pin in the '/home/eda/lib/smic/SP013D3_V1p4/apollo/SP013D3_V1p2_8MT' physical library. No physical link for the logical lib cell. (PSYN-058)
Warning: The pin direction of 'OEN' pin on 'PBU4' cell in the 'SP013D3_V1p2_typ' technology library is inconsistent with the same-name pin in the '/home/eda/lib/smic/SP013D3_V1p4/apollo/SP013D3_V1p2_8MT' physical library. No physical link for the logical lib cell. (PSYN-058)
Warning: The pin direction of 'I' pin on 'PBU4' cell in the 'SP013D3_V1p2_typ' technology library is inconsistent with the same-name pin in the '/home/eda/lib/smic/SP013D3_V1p4/apollo/SP013D3_V1p2_8MT' physical library. No physical link for the logical lib cell. (PSYN-058)
Warning: The pin direction of 'C' pin on 'PBU4' cell in the 'SP013D3_V1p2_typ' technology library is inconsistent with the same-name pin in the '/home/eda/lib/smic/SP013D3_V1p4/apollo/SP013D3_V1p2_8MT' physical library. No physical link for the logical lib cell. (PSYN-058)
Warning: The pin direction of 'PAD' pin on 'PBU4' cell in the 'SP013D3_V1p2_typ' technology library is inconsistent with the same-name pin in the '/home/eda/lib/smic/SP013D3_V1p4/apollo/SP013D3_V1p2_8MT' physical library. No physical link for the logical lib cell. (PSYN-058)
Warning: The pin direction of 'OEN' pin on 'PBD4' cell in the 'SP013D3_V1p2_typ' technology library is inconsistent with the same-name pin in the '/home/eda/lib/smic/SP013D3_V1p4/apollo/SP013D3_V1p2_8MT' physical library. No physical link for the logical lib cell. (PSYN-058)
Warning: The pin direction of 'I' pin on 'PBD4' cell in the 'SP013D3_V1p2_typ' technology library is inconsistent with the same-name pin in the '/home/eda/lib/smic/SP013D3_V1p4/apollo/SP013D3_V1p2_8MT' physical library. No physical link for the logical lib cell. (PSYN-058)
Warning: The pin direction of 'C' pin on 'PBD4' cell in the 'SP013D3_V1p2_typ' technology library is inconsistent with the same-name pin in the '/home/eda/lib/smic/SP013D3_V1p4/apollo/SP013D3_V1p2_8MT' physical library. No physical link for the logical lib cell. (PSYN-058)
Warning: The pin direction of 'PAD' pin on 'PBD4' cell in the 'SP013D3_V1p2_typ' technology library is inconsistent with the same-name pin in the '/home/eda/lib/smic/SP013D3_V1p4/apollo/SP013D3_V1p2_8MT' physical library. No physical link for the logical lib cell. (PSYN-058)
Warning: The pin direction of 'I' pin on 'PO24' cell in the 'SP013D3_V1p2_typ' technology library is inconsistent with the same-name pin in the '/home/eda/lib/smic/SP013D3_V1p4/apollo/SP013D3_V1p2_8MT' physical library. No physical link for the logical lib cell. (PSYN-058)
Warning: The pin direction of 'PAD' pin on 'PO24' cell in the 'SP013D3_V1p2_typ' technology library is inconsistent with the same-name pin in the '/home/eda/lib/smic/SP013D3_V1p4/apollo/SP013D3_V1p2_8MT' physical library. No physical link for the logical lib cell. (PSYN-058)
Warning: The pin direction of 'OEN' pin on 'POT4' cell in the 'SP013D3_V1p2_typ' technology library is inconsistent with the same-name pin in the '/home/eda/lib/smic/SP013D3_V1p4/apollo/SP013D3_V1p2_8MT' physical library. No physical link for the logical lib cell. (PSYN-058)
Warning: The pin direction of 'I' pin on 'POT4' cell in the 'SP013D3_V1p2_typ' technology library is inconsistent with the same-name pin in the '/home/eda/lib/smic/SP013D3_V1p4/apollo/SP013D3_V1p2_8MT' physical library. No physical link for the logical lib cell. (PSYN-058)
Warning: The pin direction of 'PAD' pin on 'POT4' cell in the 'SP013D3_V1p2_typ' technology library is inconsistent with the same-name pin in the '/home/eda/lib/smic/SP013D3_V1p4/apollo/SP013D3_V1p2_8MT' physical library. No physical link for the logical lib cell. (PSYN-058)
Warning: The pin direction of 'OEN' pin on 'PB12' cell in the 'SP013D3_V1p2_typ' technology library is inconsistent with the same-name pin in the '/home/eda/lib/smic/SP013D3_V1p4/apollo/SP013D3_V1p2_8MT' physical library. No physical link for the logical lib cell. (PSYN-058)
Warning: The pin direction of 'I' pin on 'PB12' cell in the 'SP013D3_V1p2_typ' technology library is inconsistent with the same-name pin in the '/home/eda/lib/smic/SP013D3_V1p4/apollo/SP013D3_V1p2_8MT' physical library. No physical link for the logical lib cell. (PSYN-058)
Warning: The pin direction of 'C' pin on 'PB12' cell in the 'SP013D3_V1p2_typ' technology library is inconsistent with the same-name pin in the '/home/eda/lib/smic/SP013D3_V1p4/apollo/SP013D3_V1p2_8MT' physical library. No physical link for the logical lib cell. (PSYN-058)
Warning: The pin direction of 'PAD' pin on 'PB12' cell in the 'SP013D3_V1p2_typ' technology library is inconsistent with the same-name pin in the '/home/eda/lib/smic/SP013D3_V1p4/apollo/SP013D3_V1p2_8MT' physical library. No physical link for the logical lib cell. (PSYN-058)
Warning: The pin direction of 'OEN' pin on 'PBL8' cell in the 'SP013D3_V1p2_typ' technology library is inconsistent with the same-name pin in the '/home/eda/lib/smic/SP013D3_V1p4/apollo/SP013D3_V1p2_8MT' physical library. No physical link for the logical lib cell. (PSYN-058)
Warning: The pin direction of 'I' pin on 'PBL8' cell in the 'SP013D3_V1p2_typ' technology library is inconsistent with the same-name pin in the '/home/eda/lib/smic/SP013D3_V1p4/apollo/SP013D3_V1p2_8MT' physical library. No physical link for the logical lib cell. (PSYN-058)
Warning: The pin direction of 'C' pin on 'PBL8' cell in the 'SP013D3_V1p2_typ' technology library is inconsistent with the same-name pin in the '/home/eda/lib/smic/SP013D3_V1p4/apollo/SP013D3_V1p2_8MT' physical library. No physical link for the logical lib cell. (PSYN-058)
Warning: The pin direction of 'PAD' pin on 'PBL8' cell in the 'SP013D3_V1p2_typ' technology library is inconsistent with the same-name pin in the '/home/eda/lib/smic/SP013D3_V1p4/apollo/SP013D3_V1p2_8MT' physical library. No physical link for the logical lib cell. (PSYN-058)
Warning: The pin direction of 'OEN' pin on 'PBS8' cell in the 'SP013D3_V1p2_typ' technology library is inconsistent with the same-name pin in the '/home/eda/lib/smic/SP013D3_V1p4/apollo/SP013D3_V1p2_8MT' physical library. No physical link for the logical lib cell. (PSYN-058)
Warning: The pin direction of 'I' pin on 'PBS8' cell in the 'SP013D3_V1p2_typ' technology library is inconsistent with the same-name pin in the '/home/eda/lib/smic/SP013D3_V1p4/apollo/SP013D3_V1p2_8MT' physical library. No physical link for the logical lib cell. (PSYN-058)
Warning: The pin direction of 'C' pin on 'PBS8' cell in the 'SP013D3_V1p2_typ' technology library is inconsistent with the same-name pin in the '/home/eda/lib/smic/SP013D3_V1p4/apollo/SP013D3_V1p2_8MT' physical library. No physical link for the logical lib cell. (PSYN-058)
Warning: The pin direction of 'PAD' pin on 'PBS8' cell in the 'SP013D3_V1p2_typ' technology library is inconsistent with the same-name pin in the '/home/eda/lib/smic/SP013D3_V1p4/apollo/SP013D3_V1p2_8MT' physical library. No physical link for the logical lib cell. (PSYN-058)
Warning: The pin direction of 'OEN' pin on 'PBS2' cell in the 'SP013D3_V1p2_typ' technology library is inconsistent with the same-name pin in the '/home/eda/lib/smic/SP013D3_V1p4/apollo/SP013D3_V1p2_8MT' physical library. No physical link for the logical lib cell. (PSYN-058)
Warning: The pin direction of 'I' pin on 'PBS2' cell in the 'SP013D3_V1p2_typ' technology library is inconsistent with the same-name pin in the '/home/eda/lib/smic/SP013D3_V1p4/apollo/SP013D3_V1p2_8MT' physical library. No physical link for the logical lib cell. (PSYN-058)
Warning: The pin direction of 'C' pin on 'PBS2' cell in the 'SP013D3_V1p2_typ' technology library is inconsistent with the same-name pin in the '/home/eda/lib/smic/SP013D3_V1p4/apollo/SP013D3_V1p2_8MT' physical library. No physical link for the logical lib cell. (PSYN-058)
Warning: The pin direction of 'PAD' pin on 'PBS2' cell in the 'SP013D3_V1p2_typ' technology library is inconsistent with the same-name pin in the '/home/eda/lib/smic/SP013D3_V1p4/apollo/SP013D3_V1p2_8MT' physical library. No physical link for the logical lib cell. (PSYN-058)
Warning: The pin direction of 'OEN' pin on 'PBU8' cell in the 'SP013D3_V1p2_typ' technology library is inconsistent with the same-name pin in the '/home/eda/lib/smic/SP013D3_V1p4/apollo/SP013D3_V1p2_8MT' physical library. No physical link for the logical lib cell. (PSYN-058)
Warning: The pin direction of 'I' pin on 'PBU8' cell in the 'SP013D3_V1p2_typ' technology library is inconsistent with the same-name pin in the '/home/eda/lib/smic/SP013D3_V1p4/apollo/SP013D3_V1p2_8MT' physical library. No physical link for the logical lib cell. (PSYN-058)
Warning: The pin direction of 'C' pin on 'PBU8' cell in the 'SP013D3_V1p2_typ' technology library is inconsistent with the same-name pin in the '/home/eda/lib/smic/SP013D3_V1p4/apollo/SP013D3_V1p2_8MT' physical library. No physical link for the logical lib cell. (PSYN-058)
Warning: The pin direction of 'PAD' pin on 'PBU8' cell in the 'SP013D3_V1p2_typ' technology library is inconsistent with the same-name pin in the '/home/eda/lib/smic/SP013D3_V1p4/apollo/SP013D3_V1p2_8MT' physical library. No physical link for the logical lib cell. (PSYN-058)
Warning: The pin direction of 'OEN' pin on 'PBU2' cell in the 'SP013D3_V1p2_typ' technology library is inconsistent with the same-name pin in the '/home/eda/lib/smic/SP013D3_V1p4/apollo/SP013D3_V1p2_8MT' physical library. No physical link for the logical lib cell. (PSYN-058)
Warning: The pin direction of 'I' pin on 'PBU2' cell in the 'SP013D3_V1p2_typ' technology library is inconsistent with the same-name pin in the '/home/eda/lib/smic/SP013D3_V1p4/apollo/SP013D3_V1p2_8MT' physical library. No physical link for the logical lib cell. (PSYN-058)
Warning: The pin direction of 'C' pin on 'PBU2' cell in the 'SP013D3_V1p2_typ' technology library is inconsistent with the same-name pin in the '/home/eda/lib/smic/SP013D3_V1p4/apollo/SP013D3_V1p2_8MT' physical library. No physical link for the logical lib cell. (PSYN-058)
Warning: The pin direction of 'PAD' pin on 'PBU2' cell in the 'SP013D3_V1p2_typ' technology library is inconsistent with the same-name pin in the '/home/eda/lib/smic/SP013D3_V1p4/apollo/SP013D3_V1p2_8MT' physical library. No physical link for the logical lib cell. (PSYN-058)
Warning: The pin direction of 'OEN' pin on 'PBD8' cell in the 'SP013D3_V1p2_typ' technology library is inconsistent with the same-name pin in the '/home/eda/lib/smic/SP013D3_V1p4/apollo/SP013D3_V1p2_8MT' physical library. No physical link for the logical lib cell. (PSYN-058)
Warning: The pin direction of 'I' pin on 'PBD8' cell in the 'SP013D3_V1p2_typ' technology library is inconsistent with the same-name pin in the '/home/eda/lib/smic/SP013D3_V1p4/apollo/SP013D3_V1p2_8MT' physical library. No physical link for the logical lib cell. (PSYN-058)
Warning: The pin direction of 'C' pin on 'PBD8' cell in the 'SP013D3_V1p2_typ' technology library is inconsistent with the same-name pin in the '/home/eda/lib/smic/SP013D3_V1p4/apollo/SP013D3_V1p2_8MT' physical library. No physical link for the logical lib cell. (PSYN-058)
Warning: The pin direction of 'PAD' pin on 'PBD8' cell in the 'SP013D3_V1p2_typ' technology library is inconsistent with the same-name pin in the '/home/eda/lib/smic/SP013D3_V1p4/apollo/SP013D3_V1p2_8MT' physical library. No physical link for the logical lib cell. (PSYN-058)
Warning: The pin direction of 'OEN' pin on 'PBD2' cell in the 'SP013D3_V1p2_typ' technology library is inconsistent with the same-name pin in the '/home/eda/lib/smic/SP013D3_V1p4/apollo/SP013D3_V1p2_8MT' physical library. No physical link for the logical lib cell. (PSYN-058)
Warning: The pin direction of 'I' pin on 'PBD2' cell in the 'SP013D3_V1p2_typ' technology library is inconsistent with the same-name pin in the '/home/eda/lib/smic/SP013D3_V1p4/apollo/SP013D3_V1p2_8MT' physical library. No physical link for the logical lib cell. (PSYN-058)
Warning: The pin direction of 'C' pin on 'PBD2' cell in the 'SP013D3_V1p2_typ' technology library is inconsistent with the same-name pin in the '/home/eda/lib/smic/SP013D3_V1p4/apollo/SP013D3_V1p2_8MT' physical library. No physical link for the logical lib cell. (PSYN-058)
Warning: The pin direction of 'PAD' pin on 'PBD2' cell in the 'SP013D3_V1p2_typ' technology library is inconsistent with the same-name pin in the '/home/eda/lib/smic/SP013D3_V1p4/apollo/SP013D3_V1p2_8MT' physical library. No physical link for the logical lib cell. (PSYN-058)
Warning: The pin direction of 'I' pin on 'POL8' cell in the 'SP013D3_V1p2_typ' technology library is inconsistent with the same-name pin in the '/home/eda/lib/smic/SP013D3_V1p4/apollo/SP013D3_V1p2_8MT' physical library. No physical link for the logical lib cell. (PSYN-058)
Warning: The pin direction of 'PAD' pin on 'POL8' cell in the 'SP013D3_V1p2_typ' technology library is inconsistent with the same-name pin in the '/home/eda/lib/smic/SP013D3_V1p4/apollo/SP013D3_V1p2_8MT' physical library. No physical link for the logical lib cell. (PSYN-058)
Warning: The pin direction of 'I' pin on 'PO12' cell in the 'SP013D3_V1p2_typ' technology library is inconsistent with the same-name pin in the '/home/eda/lib/smic/SP013D3_V1p4/apollo/SP013D3_V1p2_8MT' physical library. No physical link for the logical lib cell. (PSYN-058)
Warning: The pin direction of 'PAD' pin on 'PO12' cell in the 'SP013D3_V1p2_typ' technology library is inconsistent with the same-name pin in the '/home/eda/lib/smic/SP013D3_V1p4/apollo/SP013D3_V1p2_8MT' physical library. No physical link for the logical lib cell. (PSYN-058)
Warning: The pin direction of 'OEN' pin on 'POT8' cell in the 'SP013D3_V1p2_typ' technology library is inconsistent with the same-name pin in the '/home/eda/lib/smic/SP013D3_V1p4/apollo/SP013D3_V1p2_8MT' physical library. No physical link for the logical lib cell. (PSYN-058)
Warning: The pin direction of 'I' pin on 'POT8' cell in the 'SP013D3_V1p2_typ' technology library is inconsistent with the same-name pin in the '/home/eda/lib/smic/SP013D3_V1p4/apollo/SP013D3_V1p2_8MT' physical library. No physical link for the logical lib cell. (PSYN-058)
Warning: The pin direction of 'PAD' pin on 'POT8' cell in the 'SP013D3_V1p2_typ' technology library is inconsistent with the same-name pin in the '/home/eda/lib/smic/SP013D3_V1p4/apollo/SP013D3_V1p2_8MT' physical library. No physical link for the logical lib cell. (PSYN-058)
Warning: The pin direction of 'OEN' pin on 'POT2' cell in the 'SP013D3_V1p2_typ' technology library is inconsistent with the same-name pin in the '/home/eda/lib/smic/SP013D3_V1p4/apollo/SP013D3_V1p2_8MT' physical library. No physical link for the logical lib cell. (PSYN-058)
Warning: The pin direction of 'I' pin on 'POT2' cell in the 'SP013D3_V1p2_typ' technology library is inconsistent with the same-name pin in the '/home/eda/lib/smic/SP013D3_V1p4/apollo/SP013D3_V1p2_8MT' physical library. No physical link for the logical lib cell. (PSYN-058)
Warning: The pin direction of 'PAD' pin on 'POT2' cell in the 'SP013D3_V1p2_typ' technology library is inconsistent with the same-name pin in the '/home/eda/lib/smic/SP013D3_V1p4/apollo/SP013D3_V1p2_8MT' physical library. No physical link for the logical lib cell. (PSYN-058)
Warning: The pin direction of 'PAD' pin on 'PICD' cell in the 'SP013D3_V1p2_typ' technology library is inconsistent with the same-name pin in the '/home/eda/lib/smic/SP013D3_V1p4/apollo/SP013D3_V1p2_8MT' physical library. No physical link for the logical lib cell. (PSYN-058)
Warning: The pin direction of 'REN' pin on 'PICD' cell in the 'SP013D3_V1p2_typ' technology library is inconsistent with the same-name pin in the '/home/eda/lib/smic/SP013D3_V1p4/apollo/SP013D3_V1p2_8MT' physical library. No physical link for the logical lib cell. (PSYN-058)
Warning: The pin direction of 'C' pin on 'PICD' cell in the 'SP013D3_V1p2_typ' technology library is inconsistent with the same-name pin in the '/home/eda/lib/smic/SP013D3_V1p4/apollo/SP013D3_V1p2_8MT' physical library. No physical link for the logical lib cell. (PSYN-058)
Warning: The pin direction of 'PAD' pin on 'PISD' cell in the 'SP013D3_V1p2_typ' technology library is inconsistent with the same-name pin in the '/home/eda/lib/smic/SP013D3_V1p4/apollo/SP013D3_V1p2_8MT' physical library. No physical link for the logical lib cell. (PSYN-058)
Warning: The pin direction of 'C' pin on 'PISD' cell in the 'SP013D3_V1p2_typ' technology library is inconsistent with the same-name pin in the '/home/eda/lib/smic/SP013D3_V1p4/apollo/SP013D3_V1p2_8MT' physical library. No physical link for the logical lib cell. (PSYN-058)
Warning: The pin direction of 'PAD' pin on 'PICU' cell in the 'SP013D3_V1p2_typ' technology library is inconsistent with the same-name pin in the '/home/eda/lib/smic/SP013D3_V1p4/apollo/SP013D3_V1p2_8MT' physical library. No physical link for the logical lib cell. (PSYN-058)
Warning: The pin direction of 'REN' pin on 'PICU' cell in the 'SP013D3_V1p2_typ' technology library is inconsistent with the same-name pin in the '/home/eda/lib/smic/SP013D3_V1p4/apollo/SP013D3_V1p2_8MT' physical library. No physical link for the logical lib cell. (PSYN-058)
Warning: The pin direction of 'C' pin on 'PICU' cell in the 'SP013D3_V1p2_typ' technology library is inconsistent with the same-name pin in the '/home/eda/lib/smic/SP013D3_V1p4/apollo/SP013D3_V1p2_8MT' physical library. No physical link for the logical lib cell. (PSYN-058)
Warning: The pin direction of 'PAD' pin on 'PISU' cell in the 'SP013D3_V1p2_typ' technology library is inconsistent with the same-name pin in the '/home/eda/lib/smic/SP013D3_V1p4/apollo/SP013D3_V1p2_8MT' physical library. No physical link for the logical lib cell. (PSYN-058)
Warning: The pin direction of 'C' pin on 'PISU' cell in the 'SP013D3_V1p2_typ' technology library is inconsistent with the same-name pin in the '/home/eda/lib/smic/SP013D3_V1p4/apollo/SP013D3_V1p2_8MT' physical library. No physical link for the logical lib cell. (PSYN-058)
Warning: The pin direction of 'OEN' pin on 'PCI6B' cell in the 'SP013D3_V1p2_typ' technology library is inconsistent with the same-name pin in the '/home/eda/lib/smic/SP013D3_V1p4/apollo/SP013D3_V1p2_8MT' physical library. No physical link for the logical lib cell. (PSYN-058)
Warning: The pin direction of 'I' pin on 'PCI6B' cell in the 'SP013D3_V1p2_typ' technology library is inconsistent with the same-name pin in the '/home/eda/lib/smic/SP013D3_V1p4/apollo/SP013D3_V1p2_8MT' physical library. No physical link for the logical lib cell. (PSYN-058)
Warning: The pin direction of 'C' pin on 'PCI6B' cell in the 'SP013D3_V1p2_typ' technology library is inconsistent with the same-name pin in the '/home/eda/lib/smic/SP013D3_V1p4/apollo/SP013D3_V1p2_8MT' physical library. No physical link for the logical lib cell. (PSYN-058)
Warning: The pin direction of 'PAD' pin on 'PCI6B' cell in the 'SP013D3_V1p2_typ' technology library is inconsistent with the same-name pin in the '/home/eda/lib/smic/SP013D3_V1p4/apollo/SP013D3_V1p2_8MT' physical library. No physical link for the logical lib cell. (PSYN-058)
Warning: The pin direction of 'OEN' pin on 'PCI3B' cell in the 'SP013D3_V1p2_typ' technology library is inconsistent with the same-name pin in the '/home/eda/lib/smic/SP013D3_V1p4/apollo/SP013D3_V1p2_8MT' physical library. No physical link for the logical lib cell. (PSYN-058)
Warning: The pin direction of 'I' pin on 'PCI3B' cell in the 'SP013D3_V1p2_typ' technology library is inconsistent with the same-name pin in the '/home/eda/lib/smic/SP013D3_V1p4/apollo/SP013D3_V1p2_8MT' physical library. No physical link for the logical lib cell. (PSYN-058)
Warning: The pin direction of 'C' pin on 'PCI3B' cell in the 'SP013D3_V1p2_typ' technology library is inconsistent with the same-name pin in the '/home/eda/lib/smic/SP013D3_V1p4/apollo/SP013D3_V1p2_8MT' physical library. No physical link for the logical lib cell. (PSYN-058)
Warning: The pin direction of 'PAD' pin on 'PCI3B' cell in the 'SP013D3_V1p2_typ' technology library is inconsistent with the same-name pin in the '/home/eda/lib/smic/SP013D3_V1p4/apollo/SP013D3_V1p2_8MT' physical library. No physical link for the logical lib cell. (PSYN-058)
Warning: The pin direction of 'OEN' pin on 'PBL16' cell in the 'SP013D3_V1p2_typ' technology library is inconsistent with the same-name pin in the '/home/eda/lib/smic/SP013D3_V1p4/apollo/SP013D3_V1p2_8MT' physical library. No physical link for the logical lib cell. (PSYN-058)
Warning: The pin direction of 'I' pin on 'PBL16' cell in the 'SP013D3_V1p2_typ' technology library is inconsistent with the same-name pin in the '/home/eda/lib/smic/SP013D3_V1p4/apollo/SP013D3_V1p2_8MT' physical library. No physical link for the logical lib cell. (PSYN-058)
Warning: The pin direction of 'C' pin on 'PBL16' cell in the 'SP013D3_V1p2_typ' technology library is inconsistent with the same-name pin in the '/home/eda/lib/smic/SP013D3_V1p4/apollo/SP013D3_V1p2_8MT' physical library. No physical link for the logical lib cell. (PSYN-058)
Warning: The pin direction of 'PAD' pin on 'PBL16' cell in the 'SP013D3_V1p2_typ' technology library is inconsistent with the same-name pin in the '/home/eda/lib/smic/SP013D3_V1p4/apollo/SP013D3_V1p2_8MT' physical library. No physical link for the logical lib cell. (PSYN-058)
Warning: The pin direction of 'OEN' pin on 'PBS16' cell in the 'SP013D3_V1p2_typ' technology library is inconsistent with the same-name pin in the '/home/eda/lib/smic/SP013D3_V1p4/apollo/SP013D3_V1p2_8MT' physical library. No physical link for the logical lib cell. (PSYN-058)
Warning: The pin direction of 'I' pin on 'PBS16' cell in the 'SP013D3_V1p2_typ' technology library is inconsistent with the same-name pin in the '/home/eda/lib/smic/SP013D3_V1p4/apollo/SP013D3_V1p2_8MT' physical library. No physical link for the logical lib cell. (PSYN-058)
Warning: The pin direction of 'C' pin on 'PBS16' cell in the 'SP013D3_V1p2_typ' technology library is inconsistent with the same-name pin in the '/home/eda/lib/smic/SP013D3_V1p4/apollo/SP013D3_V1p2_8MT' physical library. No physical link for the logical lib cell. (PSYN-058)
Warning: The pin direction of 'PAD' pin on 'PBS16' cell in the 'SP013D3_V1p2_typ' technology library is inconsistent with the same-name pin in the '/home/eda/lib/smic/SP013D3_V1p4/apollo/SP013D3_V1p2_8MT' physical library. No physical link for the logical lib cell. (PSYN-058)
Warning: The pin direction of 'OEN' pin on 'PBU16' cell in the 'SP013D3_V1p2_typ' technology library is inconsistent with the same-name pin in the '/home/eda/lib/smic/SP013D3_V1p4/apollo/SP013D3_V1p2_8MT' physical library. No physical link for the logical lib cell. (PSYN-058)
Warning: The pin direction of 'I' pin on 'PBU16' cell in the 'SP013D3_V1p2_typ' technology library is inconsistent with the same-name pin in the '/home/eda/lib/smic/SP013D3_V1p4/apollo/SP013D3_V1p2_8MT' physical library. No physical link for the logical lib cell. (PSYN-058)
Warning: The pin direction of 'C' pin on 'PBU16' cell in the 'SP013D3_V1p2_typ' technology library is inconsistent with the same-name pin in the '/home/eda/lib/smic/SP013D3_V1p4/apollo/SP013D3_V1p2_8MT' physical library. No physical link for the logical lib cell. (PSYN-058)
Warning: The pin direction of 'PAD' pin on 'PBU16' cell in the 'SP013D3_V1p2_typ' technology library is inconsistent with the same-name pin in the '/home/eda/lib/smic/SP013D3_V1p4/apollo/SP013D3_V1p2_8MT' physical library. No physical link for the logical lib cell. (PSYN-058)
Warning: The pin direction of 'OEN' pin on 'PBD16' cell in the 'SP013D3_V1p2_typ' technology library is inconsistent with the same-name pin in the '/home/eda/lib/smic/SP013D3_V1p4/apollo/SP013D3_V1p2_8MT' physical library. No physical link for the logical lib cell. (PSYN-058)
Warning: The pin direction of 'I' pin on 'PBD16' cell in the 'SP013D3_V1p2_typ' technology library is inconsistent with the same-name pin in the '/home/eda/lib/smic/SP013D3_V1p4/apollo/SP013D3_V1p2_8MT' physical library. No physical link for the logical lib cell. (PSYN-058)
Warning: The pin direction of 'C' pin on 'PBD16' cell in the 'SP013D3_V1p2_typ' technology library is inconsistent with the same-name pin in the '/home/eda/lib/smic/SP013D3_V1p4/apollo/SP013D3_V1p2_8MT' physical library. No physical link for the logical lib cell. (PSYN-058)
Warning: The pin direction of 'PAD' pin on 'PBD16' cell in the 'SP013D3_V1p2_typ' technology library is inconsistent with the same-name pin in the '/home/eda/lib/smic/SP013D3_V1p4/apollo/SP013D3_V1p2_8MT' physical library. No physical link for the logical lib cell. (PSYN-058)
Warning: The pin direction of 'I' pin on 'POL16' cell in the 'SP013D3_V1p2_typ' technology library is inconsistent with the same-name pin in the '/home/eda/lib/smic/SP013D3_V1p4/apollo/SP013D3_V1p2_8MT' physical library. No physical link for the logical lib cell. (PSYN-058)
Warning: The pin direction of 'PAD' pin on 'POL16' cell in the 'SP013D3_V1p2_typ' technology library is inconsistent with the same-name pin in the '/home/eda/lib/smic/SP013D3_V1p4/apollo/SP013D3_V1p2_8MT' physical library. No physical link for the logical lib cell. (PSYN-058)
Warning: The pin direction of 'OEN' pin on 'POT16' cell in the 'SP013D3_V1p2_typ' technology library is inconsistent with the same-name pin in the '/home/eda/lib/smic/SP013D3_V1p4/apollo/SP013D3_V1p2_8MT' physical library. No physical link for the logical lib cell. (PSYN-058)
Warning: The pin direction of 'I' pin on 'POT16' cell in the 'SP013D3_V1p2_typ' technology library is inconsistent with the same-name pin in the '/home/eda/lib/smic/SP013D3_V1p4/apollo/SP013D3_V1p2_8MT' physical library. No physical link for the logical lib cell. (PSYN-058)
Warning: The pin direction of 'PAD' pin on 'POT16' cell in the 'SP013D3_V1p2_typ' technology library is inconsistent with the same-name pin in the '/home/eda/lib/smic/SP013D3_V1p4/apollo/SP013D3_V1p2_8MT' physical library. No physical link for the logical lib cell. (PSYN-058)
Warning: The pin direction of 'OEN' pin on 'PBL24' cell in the 'SP013D3_V1p2_typ' technology library is inconsistent with the same-name pin in the '/home/eda/lib/smic/SP013D3_V1p4/apollo/SP013D3_V1p2_8MT' physical library. No physical link for the logical lib cell. (PSYN-058)
Warning: The pin direction of 'I' pin on 'PBL24' cell in the 'SP013D3_V1p2_typ' technology library is inconsistent with the same-name pin in the '/home/eda/lib/smic/SP013D3_V1p4/apollo/SP013D3_V1p2_8MT' physical library. No physical link for the logical lib cell. (PSYN-058)
Warning: The pin direction of 'C' pin on 'PBL24' cell in the 'SP013D3_V1p2_typ' technology library is inconsistent with the same-name pin in the '/home/eda/lib/smic/SP013D3_V1p4/apollo/SP013D3_V1p2_8MT' physical library. No physical link for the logical lib cell. (PSYN-058)
Warning: The pin direction of 'PAD' pin on 'PBL24' cell in the 'SP013D3_V1p2_typ' technology library is inconsistent with the same-name pin in the '/home/eda/lib/smic/SP013D3_V1p4/apollo/SP013D3_V1p2_8MT' physical library. No physical link for the logical lib cell. (PSYN-058)
Warning: The pin direction of 'OEN' pin on 'PBCD4' cell in the 'SP013D3_V1p2_typ' technology library is inconsistent with the same-name pin in the '/home/eda/lib/smic/SP013D3_V1p4/apollo/SP013D3_V1p2_8MT' physical library. No physical link for the logical lib cell. (PSYN-058)
Warning: The pin direction of 'I' pin on 'PBCD4' cell in the 'SP013D3_V1p2_typ' technology library is inconsistent with the same-name pin in the '/home/eda/lib/smic/SP013D3_V1p4/apollo/SP013D3_V1p2_8MT' physical library. No physical link for the logical lib cell. (PSYN-058)
Warning: The pin direction of 'REN' pin on 'PBCD4' cell in the 'SP013D3_V1p2_typ' technology library is inconsistent with the same-name pin in the '/home/eda/lib/smic/SP013D3_V1p4/apollo/SP013D3_V1p2_8MT' physical library. No physical link for the logical lib cell. (PSYN-058)
Warning: The pin direction of 'C' pin on 'PBCD4' cell in the 'SP013D3_V1p2_typ' technology library is inconsistent with the same-name pin in the '/home/eda/lib/smic/SP013D3_V1p4/apollo/SP013D3_V1p2_8MT' physical library. No physical link for the logical lib cell. (PSYN-058)
Warning: The pin direction of 'PAD' pin on 'PBCD4' cell in the 'SP013D3_V1p2_typ' technology library is inconsistent with the same-name pin in the '/home/eda/lib/smic/SP013D3_V1p4/apollo/SP013D3_V1p2_8MT' physical library. No physical link for the logical lib cell. (PSYN-058)
Warning: The pin direction of 'OEN' pin on 'PBCU4' cell in the 'SP013D3_V1p2_typ' technology library is inconsistent with the same-name pin in the '/home/eda/lib/smic/SP013D3_V1p4/apollo/SP013D3_V1p2_8MT' physical library. No physical link for the logical lib cell. (PSYN-058)
Warning: The pin direction of 'I' pin on 'PBCU4' cell in the 'SP013D3_V1p2_typ' technology library is inconsistent with the same-name pin in the '/home/eda/lib/smic/SP013D3_V1p4/apollo/SP013D3_V1p2_8MT' physical library. No physical link for the logical lib cell. (PSYN-058)
Warning: The pin direction of 'REN' pin on 'PBCU4' cell in the 'SP013D3_V1p2_typ' technology library is inconsistent with the same-name pin in the '/home/eda/lib/smic/SP013D3_V1p4/apollo/SP013D3_V1p2_8MT' physical library. No physical link for the logical lib cell. (PSYN-058)
Warning: The pin direction of 'C' pin on 'PBCU4' cell in the 'SP013D3_V1p2_typ' technology library is inconsistent with the same-name pin in the '/home/eda/lib/smic/SP013D3_V1p4/apollo/SP013D3_V1p2_8MT' physical library. No physical link for the logical lib cell. (PSYN-058)
Warning: The pin direction of 'PAD' pin on 'PBCU4' cell in the 'SP013D3_V1p2_typ' technology library is inconsistent with the same-name pin in the '/home/eda/lib/smic/SP013D3_V1p4/apollo/SP013D3_V1p2_8MT' physical library. No physical link for the logical lib cell. (PSYN-058)
Warning: The pin direction of 'OEN' pin on 'PBS24' cell in the 'SP013D3_V1p2_typ' technology library is inconsistent with the same-name pin in the '/home/eda/lib/smic/SP013D3_V1p4/apollo/SP013D3_V1p2_8MT' physical library. No physical link for the logical lib cell. (PSYN-058)
Warning: The pin direction of 'I' pin on 'PBS24' cell in the 'SP013D3_V1p2_typ' technology library is inconsistent with the same-name pin in the '/home/eda/lib/smic/SP013D3_V1p4/apollo/SP013D3_V1p2_8MT' physical library. No physical link for the logical lib cell. (PSYN-058)
Warning: The pin direction of 'C' pin on 'PBS24' cell in the 'SP013D3_V1p2_typ' technology library is inconsistent with the same-name pin in the '/home/eda/lib/smic/SP013D3_V1p4/apollo/SP013D3_V1p2_8MT' physical library. No physical link for the logical lib cell. (PSYN-058)
Warning: The pin direction of 'PAD' pin on 'PBS24' cell in the 'SP013D3_V1p2_typ' technology library is inconsistent with the same-name pin in the '/home/eda/lib/smic/SP013D3_V1p4/apollo/SP013D3_V1p2_8MT' physical library. No physical link for the logical lib cell. (PSYN-058)
Warning: The pin direction of 'OEN' pin on 'PBSD4' cell in the 'SP013D3_V1p2_typ' technology library is inconsistent with the same-name pin in the '/home/eda/lib/smic/SP013D3_V1p4/apollo/SP013D3_V1p2_8MT' physical library. No physical link for the logical lib cell. (PSYN-058)
Warning: The pin direction of 'I' pin on 'PBSD4' cell in the 'SP013D3_V1p2_typ' technology library is inconsistent with the same-name pin in the '/home/eda/lib/smic/SP013D3_V1p4/apollo/SP013D3_V1p2_8MT' physical library. No physical link for the logical lib cell. (PSYN-058)
Warning: The pin direction of 'C' pin on 'PBSD4' cell in the 'SP013D3_V1p2_typ' technology library is inconsistent with the same-name pin in the '/home/eda/lib/smic/SP013D3_V1p4/apollo/SP013D3_V1p2_8MT' physical library. No physical link for the logical lib cell. (PSYN-058)
Warning: The pin direction of 'PAD' pin on 'PBSD4' cell in the 'SP013D3_V1p2_typ' technology library is inconsistent with the same-name pin in the '/home/eda/lib/smic/SP013D3_V1p4/apollo/SP013D3_V1p2_8MT' physical library. No physical link for the logical lib cell. (PSYN-058)
Warning: The pin direction of 'OEN' pin on 'PBSU4' cell in the 'SP013D3_V1p2_typ' technology library is inconsistent with the same-name pin in the '/home/eda/lib/smic/SP013D3_V1p4/apollo/SP013D3_V1p2_8MT' physical library. No physical link for the logical lib cell. (PSYN-058)
Warning: The pin direction of 'I' pin on 'PBSU4' cell in the 'SP013D3_V1p2_typ' technology library is inconsistent with the same-name pin in the '/home/eda/lib/smic/SP013D3_V1p4/apollo/SP013D3_V1p2_8MT' physical library. No physical link for the logical lib cell. (PSYN-058)
Warning: The pin direction of 'C' pin on 'PBSU4' cell in the 'SP013D3_V1p2_typ' technology library is inconsistent with the same-name pin in the '/home/eda/lib/smic/SP013D3_V1p4/apollo/SP013D3_V1p2_8MT' physical library. No physical link for the logical lib cell. (PSYN-058)
Warning: The pin direction of 'PAD' pin on 'PBSU4' cell in the 'SP013D3_V1p2_typ' technology library is inconsistent with the same-name pin in the '/home/eda/lib/smic/SP013D3_V1p4/apollo/SP013D3_V1p2_8MT' physical library. No physical link for the logical lib cell. (PSYN-058)
Warning: The pin direction of 'OEN' pin on 'PBU24' cell in the 'SP013D3_V1p2_typ' technology library is inconsistent with the same-name pin in the '/home/eda/lib/smic/SP013D3_V1p4/apollo/SP013D3_V1p2_8MT' physical library. No physical link for the logical lib cell. (PSYN-058)
Warning: The pin direction of 'I' pin on 'PBU24' cell in the 'SP013D3_V1p2_typ' technology library is inconsistent with the same-name pin in the '/home/eda/lib/smic/SP013D3_V1p4/apollo/SP013D3_V1p2_8MT' physical library. No physical link for the logical lib cell. (PSYN-058)
Warning: The pin direction of 'C' pin on 'PBU24' cell in the 'SP013D3_V1p2_typ' technology library is inconsistent with the same-name pin in the '/home/eda/lib/smic/SP013D3_V1p4/apollo/SP013D3_V1p2_8MT' physical library. No physical link for the logical lib cell. (PSYN-058)
Warning: The pin direction of 'PAD' pin on 'PBU24' cell in the 'SP013D3_V1p2_typ' technology library is inconsistent with the same-name pin in the '/home/eda/lib/smic/SP013D3_V1p4/apollo/SP013D3_V1p2_8MT' physical library. No physical link for the logical lib cell. (PSYN-058)
Warning: The pin direction of 'OEN' pin on 'PBD24' cell in the 'SP013D3_V1p2_typ' technology library is inconsistent with the same-name pin in the '/home/eda/lib/smic/SP013D3_V1p4/apollo/SP013D3_V1p2_8MT' physical library. No physical link for the logical lib cell. (PSYN-058)
Warning: The pin direction of 'I' pin on 'PBD24' cell in the 'SP013D3_V1p2_typ' technology library is inconsistent with the same-name pin in the '/home/eda/lib/smic/SP013D3_V1p4/apollo/SP013D3_V1p2_8MT' physical library. No physical link for the logical lib cell. (PSYN-058)
Warning: The pin direction of 'C' pin on 'PBD24' cell in the 'SP013D3_V1p2_typ' technology library is inconsistent with the same-name pin in the '/home/eda/lib/smic/SP013D3_V1p4/apollo/SP013D3_V1p2_8MT' physical library. No physical link for the logical lib cell. (PSYN-058)
Warning: The pin direction of 'PAD' pin on 'PBD24' cell in the 'SP013D3_V1p2_typ' technology library is inconsistent with the same-name pin in the '/home/eda/lib/smic/SP013D3_V1p4/apollo/SP013D3_V1p2_8MT' physical library. No physical link for the logical lib cell. (PSYN-058)
Warning: The pin direction of 'I' pin on 'POL24' cell in the 'SP013D3_V1p2_typ' technology library is inconsistent with the same-name pin in the '/home/eda/lib/smic/SP013D3_V1p4/apollo/SP013D3_V1p2_8MT' physical library. No physical link for the logical lib cell. (PSYN-058)
Warning: The pin direction of 'PAD' pin on 'POL24' cell in the 'SP013D3_V1p2_typ' technology library is inconsistent with the same-name pin in the '/home/eda/lib/smic/SP013D3_V1p4/apollo/SP013D3_V1p2_8MT' physical library. No physical link for the logical lib cell. (PSYN-058)
Warning: The pin direction of 'OEN' pin on 'POT24' cell in the 'SP013D3_V1p2_typ' technology library is inconsistent with the same-name pin in the '/home/eda/lib/smic/SP013D3_V1p4/apollo/SP013D3_V1p2_8MT' physical library. No physical link for the logical lib cell. (PSYN-058)
Warning: The pin direction of 'I' pin on 'POT24' cell in the 'SP013D3_V1p2_typ' technology library is inconsistent with the same-name pin in the '/home/eda/lib/smic/SP013D3_V1p4/apollo/SP013D3_V1p2_8MT' physical library. No physical link for the logical lib cell. (PSYN-058)
Warning: The pin direction of 'PAD' pin on 'POT24' cell in the 'SP013D3_V1p2_typ' technology library is inconsistent with the same-name pin in the '/home/eda/lib/smic/SP013D3_V1p4/apollo/SP013D3_V1p2_8MT' physical library. No physical link for the logical lib cell. (PSYN-058)
Warning: The pin direction of 'VSS' pin on 'PVSS3' cell in the 'SP013D3_V1p2_typ' technology library is inconsistent with the same-name pin in the '/home/eda/lib/smic/SP013D3_V1p4/apollo/SP013D3_V1p2_8MT' physical library. No physical link for the logical lib cell. (PSYN-058)
Warning: The pin direction of 'XIN' pin on 'PXWE3' cell in the 'SP013D3_V1p2_typ' technology library is inconsistent with the same-name pin in the '/home/eda/lib/smic/SP013D3_V1p4/apollo/SP013D3_V1p2_8MT' physical library. No physical link for the logical lib cell. (PSYN-058)
Warning: The pin direction of 'E' pin on 'PXWE3' cell in the 'SP013D3_V1p2_typ' technology library is inconsistent with the same-name pin in the '/home/eda/lib/smic/SP013D3_V1p4/apollo/SP013D3_V1p2_8MT' physical library. No physical link for the logical lib cell. (PSYN-058)
Warning: The pin direction of 'XOUT' pin on 'PXWE3' cell in the 'SP013D3_V1p2_typ' technology library is inconsistent with the same-name pin in the '/home/eda/lib/smic/SP013D3_V1p4/apollo/SP013D3_V1p2_8MT' physical library. No physical link for the logical lib cell. (PSYN-058)
Warning: The pin direction of 'XC' pin on 'PXWE3' cell in the 'SP013D3_V1p2_typ' technology library is inconsistent with the same-name pin in the '/home/eda/lib/smic/SP013D3_V1p4/apollo/SP013D3_V1p2_8MT' physical library. No physical link for the logical lib cell. (PSYN-058)
Warning: The pin direction of 'OEN' pin on 'PBL12' cell in the 'SP013D3_V1p2_typ' technology library is inconsistent with the same-name pin in the '/home/eda/lib/smic/SP013D3_V1p4/apollo/SP013D3_V1p2_8MT' physical library. No physical link for the logical lib cell. (PSYN-058)
Warning: The pin direction of 'I' pin on 'PBL12' cell in the 'SP013D3_V1p2_typ' technology library is inconsistent with the same-name pin in the '/home/eda/lib/smic/SP013D3_V1p4/apollo/SP013D3_V1p2_8MT' physical library. No physical link for the logical lib cell. (PSYN-058)
Warning: The pin direction of 'C' pin on 'PBL12' cell in the 'SP013D3_V1p2_typ' technology library is inconsistent with the same-name pin in the '/home/eda/lib/smic/SP013D3_V1p4/apollo/SP013D3_V1p2_8MT' physical library. No physical link for the logical lib cell. (PSYN-058)
Warning: The pin direction of 'PAD' pin on 'PBL12' cell in the 'SP013D3_V1p2_typ' technology library is inconsistent with the same-name pin in the '/home/eda/lib/smic/SP013D3_V1p4/apollo/SP013D3_V1p2_8MT' physical library. No physical link for the logical lib cell. (PSYN-058)
Warning: The pin direction of 'OEN' pin on 'PBCD8' cell in the 'SP013D3_V1p2_typ' technology library is inconsistent with the same-name pin in the '/home/eda/lib/smic/SP013D3_V1p4/apollo/SP013D3_V1p2_8MT' physical library. No physical link for the logical lib cell. (PSYN-058)
Warning: The pin direction of 'I' pin on 'PBCD8' cell in the 'SP013D3_V1p2_typ' technology library is inconsistent with the same-name pin in the '/home/eda/lib/smic/SP013D3_V1p4/apollo/SP013D3_V1p2_8MT' physical library. No physical link for the logical lib cell. (PSYN-058)
Warning: The pin direction of 'REN' pin on 'PBCD8' cell in the 'SP013D3_V1p2_typ' technology library is inconsistent with the same-name pin in the '/home/eda/lib/smic/SP013D3_V1p4/apollo/SP013D3_V1p2_8MT' physical library. No physical link for the logical lib cell. (PSYN-058)
Warning: The pin direction of 'C' pin on 'PBCD8' cell in the 'SP013D3_V1p2_typ' technology library is inconsistent with the same-name pin in the '/home/eda/lib/smic/SP013D3_V1p4/apollo/SP013D3_V1p2_8MT' physical library. No physical link for the logical lib cell. (PSYN-058)
Warning: The pin direction of 'PAD' pin on 'PBCD8' cell in the 'SP013D3_V1p2_typ' technology library is inconsistent with the same-name pin in the '/home/eda/lib/smic/SP013D3_V1p4/apollo/SP013D3_V1p2_8MT' physical library. No physical link for the logical lib cell. (PSYN-058)
Warning: The pin direction of 'OEN' pin on 'PBCD2' cell in the 'SP013D3_V1p2_typ' technology library is inconsistent with the same-name pin in the '/home/eda/lib/smic/SP013D3_V1p4/apollo/SP013D3_V1p2_8MT' physical library. No physical link for the logical lib cell. (PSYN-058)
Warning: The pin direction of 'I' pin on 'PBCD2' cell in the 'SP013D3_V1p2_typ' technology library is inconsistent with the same-name pin in the '/home/eda/lib/smic/SP013D3_V1p4/apollo/SP013D3_V1p2_8MT' physical library. No physical link for the logical lib cell. (PSYN-058)
Warning: The pin direction of 'REN' pin on 'PBCD2' cell in the 'SP013D3_V1p2_typ' technology library is inconsistent with the same-name pin in the '/home/eda/lib/smic/SP013D3_V1p4/apollo/SP013D3_V1p2_8MT' physical library. No physical link for the logical lib cell. (PSYN-058)
Warning: The pin direction of 'C' pin on 'PBCD2' cell in the 'SP013D3_V1p2_typ' technology library is inconsistent with the same-name pin in the '/home/eda/lib/smic/SP013D3_V1p4/apollo/SP013D3_V1p2_8MT' physical library. No physical link for the logical lib cell. (PSYN-058)
Warning: The pin direction of 'PAD' pin on 'PBCD2' cell in the 'SP013D3_V1p2_typ' technology library is inconsistent with the same-name pin in the '/home/eda/lib/smic/SP013D3_V1p4/apollo/SP013D3_V1p2_8MT' physical library. No physical link for the logical lib cell. (PSYN-058)
Warning: The pin direction of 'OEN' pin on 'PBCU8' cell in the 'SP013D3_V1p2_typ' technology library is inconsistent with the same-name pin in the '/home/eda/lib/smic/SP013D3_V1p4/apollo/SP013D3_V1p2_8MT' physical library. No physical link for the logical lib cell. (PSYN-058)
Warning: The pin direction of 'I' pin on 'PBCU8' cell in the 'SP013D3_V1p2_typ' technology library is inconsistent with the same-name pin in the '/home/eda/lib/smic/SP013D3_V1p4/apollo/SP013D3_V1p2_8MT' physical library. No physical link for the logical lib cell. (PSYN-058)
Warning: The pin direction of 'REN' pin on 'PBCU8' cell in the 'SP013D3_V1p2_typ' technology library is inconsistent with the same-name pin in the '/home/eda/lib/smic/SP013D3_V1p4/apollo/SP013D3_V1p2_8MT' physical library. No physical link for the logical lib cell. (PSYN-058)
Warning: The pin direction of 'C' pin on 'PBCU8' cell in the 'SP013D3_V1p2_typ' technology library is inconsistent with the same-name pin in the '/home/eda/lib/smic/SP013D3_V1p4/apollo/SP013D3_V1p2_8MT' physical library. No physical link for the logical lib cell. (PSYN-058)
Warning: The pin direction of 'PAD' pin on 'PBCU8' cell in the 'SP013D3_V1p2_typ' technology library is inconsistent with the same-name pin in the '/home/eda/lib/smic/SP013D3_V1p4/apollo/SP013D3_V1p2_8MT' physical library. No physical link for the logical lib cell. (PSYN-058)
Warning: The pin direction of 'OEN' pin on 'PBCU2' cell in the 'SP013D3_V1p2_typ' technology library is inconsistent with the same-name pin in the '/home/eda/lib/smic/SP013D3_V1p4/apollo/SP013D3_V1p2_8MT' physical library. No physical link for the logical lib cell. (PSYN-058)
Warning: The pin direction of 'I' pin on 'PBCU2' cell in the 'SP013D3_V1p2_typ' technology library is inconsistent with the same-name pin in the '/home/eda/lib/smic/SP013D3_V1p4/apollo/SP013D3_V1p2_8MT' physical library. No physical link for the logical lib cell. (PSYN-058)
Warning: The pin direction of 'REN' pin on 'PBCU2' cell in the 'SP013D3_V1p2_typ' technology library is inconsistent with the same-name pin in the '/home/eda/lib/smic/SP013D3_V1p4/apollo/SP013D3_V1p2_8MT' physical library. No physical link for the logical lib cell. (PSYN-058)
Warning: The pin direction of 'C' pin on 'PBCU2' cell in the 'SP013D3_V1p2_typ' technology library is inconsistent with the same-name pin in the '/home/eda/lib/smic/SP013D3_V1p4/apollo/SP013D3_V1p2_8MT' physical library. No physical link for the logical lib cell. (PSYN-058)
Warning: The pin direction of 'PAD' pin on 'PBCU2' cell in the 'SP013D3_V1p2_typ' technology library is inconsistent with the same-name pin in the '/home/eda/lib/smic/SP013D3_V1p4/apollo/SP013D3_V1p2_8MT' physical library. No physical link for the logical lib cell. (PSYN-058)
Warning: The pin direction of 'OEN' pin on 'PBSL8' cell in the 'SP013D3_V1p2_typ' technology library is inconsistent with the same-name pin in the '/home/eda/lib/smic/SP013D3_V1p4/apollo/SP013D3_V1p2_8MT' physical library. No physical link for the logical lib cell. (PSYN-058)
Warning: The pin direction of 'I' pin on 'PBSL8' cell in the 'SP013D3_V1p2_typ' technology library is inconsistent with the same-name pin in the '/home/eda/lib/smic/SP013D3_V1p4/apollo/SP013D3_V1p2_8MT' physical library. No physical link for the logical lib cell. (PSYN-058)
Warning: The pin direction of 'C' pin on 'PBSL8' cell in the 'SP013D3_V1p2_typ' technology library is inconsistent with the same-name pin in the '/home/eda/lib/smic/SP013D3_V1p4/apollo/SP013D3_V1p2_8MT' physical library. No physical link for the logical lib cell. (PSYN-058)
Warning: The pin direction of 'PAD' pin on 'PBSL8' cell in the 'SP013D3_V1p2_typ' technology library is inconsistent with the same-name pin in the '/home/eda/lib/smic/SP013D3_V1p4/apollo/SP013D3_V1p2_8MT' physical library. No physical link for the logical lib cell. (PSYN-058)
Warning: The pin direction of 'OEN' pin on 'PBS12' cell in the 'SP013D3_V1p2_typ' technology library is inconsistent with the same-name pin in the '/home/eda/lib/smic/SP013D3_V1p4/apollo/SP013D3_V1p2_8MT' physical library. No physical link for the logical lib cell. (PSYN-058)
Warning: The pin direction of 'I' pin on 'PBS12' cell in the 'SP013D3_V1p2_typ' technology library is inconsistent with the same-name pin in the '/home/eda/lib/smic/SP013D3_V1p4/apollo/SP013D3_V1p2_8MT' physical library. No physical link for the logical lib cell. (PSYN-058)
Warning: The pin direction of 'C' pin on 'PBS12' cell in the 'SP013D3_V1p2_typ' technology library is inconsistent with the same-name pin in the '/home/eda/lib/smic/SP013D3_V1p4/apollo/SP013D3_V1p2_8MT' physical library. No physical link for the logical lib cell. (PSYN-058)
Warning: The pin direction of 'PAD' pin on 'PBS12' cell in the 'SP013D3_V1p2_typ' technology library is inconsistent with the same-name pin in the '/home/eda/lib/smic/SP013D3_V1p4/apollo/SP013D3_V1p2_8MT' physical library. No physical link for the logical lib cell. (PSYN-058)
Warning: The pin direction of 'OEN' pin on 'PBSD8' cell in the 'SP013D3_V1p2_typ' technology library is inconsistent with the same-name pin in the '/home/eda/lib/smic/SP013D3_V1p4/apollo/SP013D3_V1p2_8MT' physical library. No physical link for the logical lib cell. (PSYN-058)
Warning: The pin direction of 'I' pin on 'PBSD8' cell in the 'SP013D3_V1p2_typ' technology library is inconsistent with the same-name pin in the '/home/eda/lib/smic/SP013D3_V1p4/apollo/SP013D3_V1p2_8MT' physical library. No physical link for the logical lib cell. (PSYN-058)
Warning: The pin direction of 'C' pin on 'PBSD8' cell in the 'SP013D3_V1p2_typ' technology library is inconsistent with the same-name pin in the '/home/eda/lib/smic/SP013D3_V1p4/apollo/SP013D3_V1p2_8MT' physical library. No physical link for the logical lib cell. (PSYN-058)
Warning: The pin direction of 'PAD' pin on 'PBSD8' cell in the 'SP013D3_V1p2_typ' technology library is inconsistent with the same-name pin in the '/home/eda/lib/smic/SP013D3_V1p4/apollo/SP013D3_V1p2_8MT' physical library. No physical link for the logical lib cell. (PSYN-058)
Warning: The pin direction of 'OEN' pin on 'PBSD2' cell in the 'SP013D3_V1p2_typ' technology library is inconsistent with the same-name pin in the '/home/eda/lib/smic/SP013D3_V1p4/apollo/SP013D3_V1p2_8MT' physical library. No physical link for the logical lib cell. (PSYN-058)
Warning: The pin direction of 'I' pin on 'PBSD2' cell in the 'SP013D3_V1p2_typ' technology library is inconsistent with the same-name pin in the '/home/eda/lib/smic/SP013D3_V1p4/apollo/SP013D3_V1p2_8MT' physical library. No physical link for the logical lib cell. (PSYN-058)
Warning: The pin direction of 'C' pin on 'PBSD2' cell in the 'SP013D3_V1p2_typ' technology library is inconsistent with the same-name pin in the '/home/eda/lib/smic/SP013D3_V1p4/apollo/SP013D3_V1p2_8MT' physical library. No physical link for the logical lib cell. (PSYN-058)
Warning: The pin direction of 'PAD' pin on 'PBSD2' cell in the 'SP013D3_V1p2_typ' technology library is inconsistent with the same-name pin in the '/home/eda/lib/smic/SP013D3_V1p4/apollo/SP013D3_V1p2_8MT' physical library. No physical link for the logical lib cell. (PSYN-058)
Warning: The pin direction of 'OEN' pin on 'PBSU2' cell in the 'SP013D3_V1p2_typ' technology library is inconsistent with the same-name pin in the '/home/eda/lib/smic/SP013D3_V1p4/apollo/SP013D3_V1p2_8MT' physical library. No physical link for the logical lib cell. (PSYN-058)
Warning: The pin direction of 'I' pin on 'PBSU2' cell in the 'SP013D3_V1p2_typ' technology library is inconsistent with the same-name pin in the '/home/eda/lib/smic/SP013D3_V1p4/apollo/SP013D3_V1p2_8MT' physical library. No physical link for the logical lib cell. (PSYN-058)
Warning: The pin direction of 'C' pin on 'PBSU2' cell in the 'SP013D3_V1p2_typ' technology library is inconsistent with the same-name pin in the '/home/eda/lib/smic/SP013D3_V1p4/apollo/SP013D3_V1p2_8MT' physical library. No physical link for the logical lib cell. (PSYN-058)
Warning: The pin direction of 'PAD' pin on 'PBSU2' cell in the 'SP013D3_V1p2_typ' technology library is inconsistent with the same-name pin in the '/home/eda/lib/smic/SP013D3_V1p4/apollo/SP013D3_V1p2_8MT' physical library. No physical link for the logical lib cell. (PSYN-058)
Warning: The pin direction of 'OEN' pin on 'PBSU8' cell in the 'SP013D3_V1p2_typ' technology library is inconsistent with the same-name pin in the '/home/eda/lib/smic/SP013D3_V1p4/apollo/SP013D3_V1p2_8MT' physical library. No physical link for the logical lib cell. (PSYN-058)
Warning: The pin direction of 'I' pin on 'PBSU8' cell in the 'SP013D3_V1p2_typ' technology library is inconsistent with the same-name pin in the '/home/eda/lib/smic/SP013D3_V1p4/apollo/SP013D3_V1p2_8MT' physical library. No physical link for the logical lib cell. (PSYN-058)
Warning: The pin direction of 'C' pin on 'PBSU8' cell in the 'SP013D3_V1p2_typ' technology library is inconsistent with the same-name pin in the '/home/eda/lib/smic/SP013D3_V1p4/apollo/SP013D3_V1p2_8MT' physical library. No physical link for the logical lib cell. (PSYN-058)
Warning: The pin direction of 'PAD' pin on 'PBSU8' cell in the 'SP013D3_V1p2_typ' technology library is inconsistent with the same-name pin in the '/home/eda/lib/smic/SP013D3_V1p4/apollo/SP013D3_V1p2_8MT' physical library. No physical link for the logical lib cell. (PSYN-058)
Warning: The pin direction of 'OEN' pin on 'PBUL8' cell in the 'SP013D3_V1p2_typ' technology library is inconsistent with the same-name pin in the '/home/eda/lib/smic/SP013D3_V1p4/apollo/SP013D3_V1p2_8MT' physical library. No physical link for the logical lib cell. (PSYN-058)
Warning: The pin direction of 'I' pin on 'PBUL8' cell in the 'SP013D3_V1p2_typ' technology library is inconsistent with the same-name pin in the '/home/eda/lib/smic/SP013D3_V1p4/apollo/SP013D3_V1p2_8MT' physical library. No physical link for the logical lib cell. (PSYN-058)
Warning: The pin direction of 'C' pin on 'PBUL8' cell in the 'SP013D3_V1p2_typ' technology library is inconsistent with the same-name pin in the '/home/eda/lib/smic/SP013D3_V1p4/apollo/SP013D3_V1p2_8MT' physical library. No physical link for the logical lib cell. (PSYN-058)
Warning: The pin direction of 'PAD' pin on 'PBUL8' cell in the 'SP013D3_V1p2_typ' technology library is inconsistent with the same-name pin in the '/home/eda/lib/smic/SP013D3_V1p4/apollo/SP013D3_V1p2_8MT' physical library. No physical link for the logical lib cell. (PSYN-058)
Warning: The pin direction of 'OEN' pin on 'PBU12' cell in the 'SP013D3_V1p2_typ' technology library is inconsistent with the same-name pin in the '/home/eda/lib/smic/SP013D3_V1p4/apollo/SP013D3_V1p2_8MT' physical library. No physical link for the logical lib cell. (PSYN-058)
Warning: The pin direction of 'I' pin on 'PBU12' cell in the 'SP013D3_V1p2_typ' technology library is inconsistent with the same-name pin in the '/home/eda/lib/smic/SP013D3_V1p4/apollo/SP013D3_V1p2_8MT' physical library. No physical link for the logical lib cell. (PSYN-058)
Warning: The pin direction of 'C' pin on 'PBU12' cell in the 'SP013D3_V1p2_typ' technology library is inconsistent with the same-name pin in the '/home/eda/lib/smic/SP013D3_V1p4/apollo/SP013D3_V1p2_8MT' physical library. No physical link for the logical lib cell. (PSYN-058)
Warning: The pin direction of 'PAD' pin on 'PBU12' cell in the 'SP013D3_V1p2_typ' technology library is inconsistent with the same-name pin in the '/home/eda/lib/smic/SP013D3_V1p4/apollo/SP013D3_V1p2_8MT' physical library. No physical link for the logical lib cell. (PSYN-058)
Warning: The pin direction of 'OEN' pin on 'PBDL8' cell in the 'SP013D3_V1p2_typ' technology library is inconsistent with the same-name pin in the '/home/eda/lib/smic/SP013D3_V1p4/apollo/SP013D3_V1p2_8MT' physical library. No physical link for the logical lib cell. (PSYN-058)
Warning: The pin direction of 'I' pin on 'PBDL8' cell in the 'SP013D3_V1p2_typ' technology library is inconsistent with the same-name pin in the '/home/eda/lib/smic/SP013D3_V1p4/apollo/SP013D3_V1p2_8MT' physical library. No physical link for the logical lib cell. (PSYN-058)
Warning: The pin direction of 'C' pin on 'PBDL8' cell in the 'SP013D3_V1p2_typ' technology library is inconsistent with the same-name pin in the '/home/eda/lib/smic/SP013D3_V1p4/apollo/SP013D3_V1p2_8MT' physical library. No physical link for the logical lib cell. (PSYN-058)
Warning: The pin direction of 'PAD' pin on 'PBDL8' cell in the 'SP013D3_V1p2_typ' technology library is inconsistent with the same-name pin in the '/home/eda/lib/smic/SP013D3_V1p4/apollo/SP013D3_V1p2_8MT' physical library. No physical link for the logical lib cell. (PSYN-058)
Warning: The pin direction of 'OEN' pin on 'PBD12' cell in the 'SP013D3_V1p2_typ' technology library is inconsistent with the same-name pin in the '/home/eda/lib/smic/SP013D3_V1p4/apollo/SP013D3_V1p2_8MT' physical library. No physical link for the logical lib cell. (PSYN-058)
Warning: The pin direction of 'I' pin on 'PBD12' cell in the 'SP013D3_V1p2_typ' technology library is inconsistent with the same-name pin in the '/home/eda/lib/smic/SP013D3_V1p4/apollo/SP013D3_V1p2_8MT' physical library. No physical link for the logical lib cell. (PSYN-058)
Warning: The pin direction of 'C' pin on 'PBD12' cell in the 'SP013D3_V1p2_typ' technology library is inconsistent with the same-name pin in the '/home/eda/lib/smic/SP013D3_V1p4/apollo/SP013D3_V1p2_8MT' physical library. No physical link for the logical lib cell. (PSYN-058)
Warning: The pin direction of 'PAD' pin on 'PBD12' cell in the 'SP013D3_V1p2_typ' technology library is inconsistent with the same-name pin in the '/home/eda/lib/smic/SP013D3_V1p4/apollo/SP013D3_V1p2_8MT' physical library. No physical link for the logical lib cell. (PSYN-058)
Warning: The pin direction of 'I' pin on 'POL12' cell in the 'SP013D3_V1p2_typ' technology library is inconsistent with the same-name pin in the '/home/eda/lib/smic/SP013D3_V1p4/apollo/SP013D3_V1p2_8MT' physical library. No physical link for the logical lib cell. (PSYN-058)
Warning: The pin direction of 'PAD' pin on 'POL12' cell in the 'SP013D3_V1p2_typ' technology library is inconsistent with the same-name pin in the '/home/eda/lib/smic/SP013D3_V1p4/apollo/SP013D3_V1p2_8MT' physical library. No physical link for the logical lib cell. (PSYN-058)
Warning: The pin direction of 'OEN' pin on 'POTL8' cell in the 'SP013D3_V1p2_typ' technology library is inconsistent with the same-name pin in the '/home/eda/lib/smic/SP013D3_V1p4/apollo/SP013D3_V1p2_8MT' physical library. No physical link for the logical lib cell. (PSYN-058)
Warning: The pin direction of 'I' pin on 'POTL8' cell in the 'SP013D3_V1p2_typ' technology library is inconsistent with the same-name pin in the '/home/eda/lib/smic/SP013D3_V1p4/apollo/SP013D3_V1p2_8MT' physical library. No physical link for the logical lib cell. (PSYN-058)
Warning: The pin direction of 'PAD' pin on 'POTL8' cell in the 'SP013D3_V1p2_typ' technology library is inconsistent with the same-name pin in the '/home/eda/lib/smic/SP013D3_V1p4/apollo/SP013D3_V1p2_8MT' physical library. No physical link for the logical lib cell. (PSYN-058)
Warning: The pin direction of 'OEN' pin on 'POT12' cell in the 'SP013D3_V1p2_typ' technology library is inconsistent with the same-name pin in the '/home/eda/lib/smic/SP013D3_V1p4/apollo/SP013D3_V1p2_8MT' physical library. No physical link for the logical lib cell. (PSYN-058)
Warning: The pin direction of 'I' pin on 'POT12' cell in the 'SP013D3_V1p2_typ' technology library is inconsistent with the same-name pin in the '/home/eda/lib/smic/SP013D3_V1p4/apollo/SP013D3_V1p2_8MT' physical library. No physical link for the logical lib cell. (PSYN-058)
Warning: The pin direction of 'PAD' pin on 'POT12' cell in the 'SP013D3_V1p2_typ' technology library is inconsistent with the same-name pin in the '/home/eda/lib/smic/SP013D3_V1p4/apollo/SP013D3_V1p2_8MT' physical library. No physical link for the logical lib cell. (PSYN-058)
Warning: The pin direction of 'XIN' pin on 'PXWE2' cell in the 'SP013D3_V1p2_typ' technology library is inconsistent with the same-name pin in the '/home/eda/lib/smic/SP013D3_V1p4/apollo/SP013D3_V1p2_8MT' physical library. No physical link for the logical lib cell. (PSYN-058)
Warning: The pin direction of 'E' pin on 'PXWE2' cell in the 'SP013D3_V1p2_typ' technology library is inconsistent with the same-name pin in the '/home/eda/lib/smic/SP013D3_V1p4/apollo/SP013D3_V1p2_8MT' physical library. No physical link for the logical lib cell. (PSYN-058)
Warning: The pin direction of 'XOUT' pin on 'PXWE2' cell in the 'SP013D3_V1p2_typ' technology library is inconsistent with the same-name pin in the '/home/eda/lib/smic/SP013D3_V1p4/apollo/SP013D3_V1p2_8MT' physical library. No physical link for the logical lib cell. (PSYN-058)
Warning: The pin direction of 'XC' pin on 'PXWE2' cell in the 'SP013D3_V1p2_typ' technology library is inconsistent with the same-name pin in the '/home/eda/lib/smic/SP013D3_V1p4/apollo/SP013D3_V1p2_8MT' physical library. No physical link for the logical lib cell. (PSYN-058)
Warning: The pin direction of 'VSS' pin on 'PVSS1' cell in the 'SP013D3_V1p2_typ' technology library is inconsistent with the same-name pin in the '/home/eda/lib/smic/SP013D3_V1p4/apollo/SP013D3_V1p2_8MT' physical library. No physical link for the logical lib cell. (PSYN-058)
Warning: The pin direction of 'VDD' pin on 'PVDD1' cell in the 'SP013D3_V1p2_typ' technology library is inconsistent with the same-name pin in the '/home/eda/lib/smic/SP013D3_V1p4/apollo/SP013D3_V1p2_8MT' physical library. No physical link for the logical lib cell. (PSYN-058)
Warning: The pin direction of 'XIN' pin on 'PXWE1' cell in the 'SP013D3_V1p2_typ' technology library is inconsistent with the same-name pin in the '/home/eda/lib/smic/SP013D3_V1p4/apollo/SP013D3_V1p2_8MT' physical library. No physical link for the logical lib cell. (PSYN-058)
Warning: The pin direction of 'E' pin on 'PXWE1' cell in the 'SP013D3_V1p2_typ' technology library is inconsistent with the same-name pin in the '/home/eda/lib/smic/SP013D3_V1p4/apollo/SP013D3_V1p2_8MT' physical library. No physical link for the logical lib cell. (PSYN-058)
Warning: The pin direction of 'XOUT' pin on 'PXWE1' cell in the 'SP013D3_V1p2_typ' technology library is inconsistent with the same-name pin in the '/home/eda/lib/smic/SP013D3_V1p4/apollo/SP013D3_V1p2_8MT' physical library. No physical link for the logical lib cell. (PSYN-058)
Warning: The pin direction of 'XC' pin on 'PXWE1' cell in the 'SP013D3_V1p2_typ' technology library is inconsistent with the same-name pin in the '/home/eda/lib/smic/SP013D3_V1p4/apollo/SP013D3_V1p2_8MT' physical library. No physical link for the logical lib cell. (PSYN-058)
Warning: The pin direction of 'OEN' pin on 'PBCD16' cell in the 'SP013D3_V1p2_typ' technology library is inconsistent with the same-name pin in the '/home/eda/lib/smic/SP013D3_V1p4/apollo/SP013D3_V1p2_8MT' physical library. No physical link for the logical lib cell. (PSYN-058)
Warning: The pin direction of 'I' pin on 'PBCD16' cell in the 'SP013D3_V1p2_typ' technology library is inconsistent with the same-name pin in the '/home/eda/lib/smic/SP013D3_V1p4/apollo/SP013D3_V1p2_8MT' physical library. No physical link for the logical lib cell. (PSYN-058)
Warning: The pin direction of 'REN' pin on 'PBCD16' cell in the 'SP013D3_V1p2_typ' technology library is inconsistent with the same-name pin in the '/home/eda/lib/smic/SP013D3_V1p4/apollo/SP013D3_V1p2_8MT' physical library. No physical link for the logical lib cell. (PSYN-058)
Warning: The pin direction of 'C' pin on 'PBCD16' cell in the 'SP013D3_V1p2_typ' technology library is inconsistent with the same-name pin in the '/home/eda/lib/smic/SP013D3_V1p4/apollo/SP013D3_V1p2_8MT' physical library. No physical link for the logical lib cell. (PSYN-058)
Warning: The pin direction of 'PAD' pin on 'PBCD16' cell in the 'SP013D3_V1p2_typ' technology library is inconsistent with the same-name pin in the '/home/eda/lib/smic/SP013D3_V1p4/apollo/SP013D3_V1p2_8MT' physical library. No physical link for the logical lib cell. (PSYN-058)
Warning: The pin direction of 'OEN' pin on 'PBCU16' cell in the 'SP013D3_V1p2_typ' technology library is inconsistent with the same-name pin in the '/home/eda/lib/smic/SP013D3_V1p4/apollo/SP013D3_V1p2_8MT' physical library. No physical link for the logical lib cell. (PSYN-058)
Warning: The pin direction of 'I' pin on 'PBCU16' cell in the 'SP013D3_V1p2_typ' technology library is inconsistent with the same-name pin in the '/home/eda/lib/smic/SP013D3_V1p4/apollo/SP013D3_V1p2_8MT' physical library. No physical link for the logical lib cell. (PSYN-058)
Warning: The pin direction of 'REN' pin on 'PBCU16' cell in the 'SP013D3_V1p2_typ' technology library is inconsistent with the same-name pin in the '/home/eda/lib/smic/SP013D3_V1p4/apollo/SP013D3_V1p2_8MT' physical library. No physical link for the logical lib cell. (PSYN-058)
Warning: The pin direction of 'C' pin on 'PBCU16' cell in the 'SP013D3_V1p2_typ' technology library is inconsistent with the same-name pin in the '/home/eda/lib/smic/SP013D3_V1p4/apollo/SP013D3_V1p2_8MT' physical library. No physical link for the logical lib cell. (PSYN-058)
Warning: The pin direction of 'PAD' pin on 'PBCU16' cell in the 'SP013D3_V1p2_typ' technology library is inconsistent with the same-name pin in the '/home/eda/lib/smic/SP013D3_V1p4/apollo/SP013D3_V1p2_8MT' physical library. No physical link for the logical lib cell. (PSYN-058)
Warning: The pin direction of 'OEN' pin on 'PBSL16' cell in the 'SP013D3_V1p2_typ' technology library is inconsistent with the same-name pin in the '/home/eda/lib/smic/SP013D3_V1p4/apollo/SP013D3_V1p2_8MT' physical library. No physical link for the logical lib cell. (PSYN-058)
Warning: The pin direction of 'I' pin on 'PBSL16' cell in the 'SP013D3_V1p2_typ' technology library is inconsistent with the same-name pin in the '/home/eda/lib/smic/SP013D3_V1p4/apollo/SP013D3_V1p2_8MT' physical library. No physical link for the logical lib cell. (PSYN-058)
Warning: The pin direction of 'C' pin on 'PBSL16' cell in the 'SP013D3_V1p2_typ' technology library is inconsistent with the same-name pin in the '/home/eda/lib/smic/SP013D3_V1p4/apollo/SP013D3_V1p2_8MT' physical library. No physical link for the logical lib cell. (PSYN-058)
Warning: The pin direction of 'PAD' pin on 'PBSL16' cell in the 'SP013D3_V1p2_typ' technology library is inconsistent with the same-name pin in the '/home/eda/lib/smic/SP013D3_V1p4/apollo/SP013D3_V1p2_8MT' physical library. No physical link for the logical lib cell. (PSYN-058)
Warning: The pin direction of 'OEN' pin on 'PBSD16' cell in the 'SP013D3_V1p2_typ' technology library is inconsistent with the same-name pin in the '/home/eda/lib/smic/SP013D3_V1p4/apollo/SP013D3_V1p2_8MT' physical library. No physical link for the logical lib cell. (PSYN-058)
Warning: The pin direction of 'I' pin on 'PBSD16' cell in the 'SP013D3_V1p2_typ' technology library is inconsistent with the same-name pin in the '/home/eda/lib/smic/SP013D3_V1p4/apollo/SP013D3_V1p2_8MT' physical library. No physical link for the logical lib cell. (PSYN-058)
Warning: The pin direction of 'C' pin on 'PBSD16' cell in the 'SP013D3_V1p2_typ' technology library is inconsistent with the same-name pin in the '/home/eda/lib/smic/SP013D3_V1p4/apollo/SP013D3_V1p2_8MT' physical library. No physical link for the logical lib cell. (PSYN-058)
Warning: The pin direction of 'PAD' pin on 'PBSD16' cell in the 'SP013D3_V1p2_typ' technology library is inconsistent with the same-name pin in the '/home/eda/lib/smic/SP013D3_V1p4/apollo/SP013D3_V1p2_8MT' physical library. No physical link for the logical lib cell. (PSYN-058)
Warning: The pin direction of 'OEN' pin on 'PBSU16' cell in the 'SP013D3_V1p2_typ' technology library is inconsistent with the same-name pin in the '/home/eda/lib/smic/SP013D3_V1p4/apollo/SP013D3_V1p2_8MT' physical library. No physical link for the logical lib cell. (PSYN-058)
Warning: The pin direction of 'I' pin on 'PBSU16' cell in the 'SP013D3_V1p2_typ' technology library is inconsistent with the same-name pin in the '/home/eda/lib/smic/SP013D3_V1p4/apollo/SP013D3_V1p2_8MT' physical library. No physical link for the logical lib cell. (PSYN-058)
Warning: The pin direction of 'C' pin on 'PBSU16' cell in the 'SP013D3_V1p2_typ' technology library is inconsistent with the same-name pin in the '/home/eda/lib/smic/SP013D3_V1p4/apollo/SP013D3_V1p2_8MT' physical library. No physical link for the logical lib cell. (PSYN-058)
Warning: The pin direction of 'PAD' pin on 'PBSU16' cell in the 'SP013D3_V1p2_typ' technology library is inconsistent with the same-name pin in the '/home/eda/lib/smic/SP013D3_V1p4/apollo/SP013D3_V1p2_8MT' physical library. No physical link for the logical lib cell. (PSYN-058)
Warning: The pin direction of 'OEN' pin on 'PBUL16' cell in the 'SP013D3_V1p2_typ' technology library is inconsistent with the same-name pin in the '/home/eda/lib/smic/SP013D3_V1p4/apollo/SP013D3_V1p2_8MT' physical library. No physical link for the logical lib cell. (PSYN-058)
Warning: The pin direction of 'I' pin on 'PBUL16' cell in the 'SP013D3_V1p2_typ' technology library is inconsistent with the same-name pin in the '/home/eda/lib/smic/SP013D3_V1p4/apollo/SP013D3_V1p2_8MT' physical library. No physical link for the logical lib cell. (PSYN-058)
Warning: The pin direction of 'C' pin on 'PBUL16' cell in the 'SP013D3_V1p2_typ' technology library is inconsistent with the same-name pin in the '/home/eda/lib/smic/SP013D3_V1p4/apollo/SP013D3_V1p2_8MT' physical library. No physical link for the logical lib cell. (PSYN-058)
Warning: The pin direction of 'PAD' pin on 'PBUL16' cell in the 'SP013D3_V1p2_typ' technology library is inconsistent with the same-name pin in the '/home/eda/lib/smic/SP013D3_V1p4/apollo/SP013D3_V1p2_8MT' physical library. No physical link for the logical lib cell. (PSYN-058)
Warning: The pin direction of 'OEN' pin on 'PBDL16' cell in the 'SP013D3_V1p2_typ' technology library is inconsistent with the same-name pin in the '/home/eda/lib/smic/SP013D3_V1p4/apollo/SP013D3_V1p2_8MT' physical library. No physical link for the logical lib cell. (PSYN-058)
Warning: The pin direction of 'I' pin on 'PBDL16' cell in the 'SP013D3_V1p2_typ' technology library is inconsistent with the same-name pin in the '/home/eda/lib/smic/SP013D3_V1p4/apollo/SP013D3_V1p2_8MT' physical library. No physical link for the logical lib cell. (PSYN-058)
Warning: The pin direction of 'C' pin on 'PBDL16' cell in the 'SP013D3_V1p2_typ' technology library is inconsistent with the same-name pin in the '/home/eda/lib/smic/SP013D3_V1p4/apollo/SP013D3_V1p2_8MT' physical library. No physical link for the logical lib cell. (PSYN-058)
Warning: The pin direction of 'PAD' pin on 'PBDL16' cell in the 'SP013D3_V1p2_typ' technology library is inconsistent with the same-name pin in the '/home/eda/lib/smic/SP013D3_V1p4/apollo/SP013D3_V1p2_8MT' physical library. No physical link for the logical lib cell. (PSYN-058)
Warning: The pin direction of 'OEN' pin on 'POTL16' cell in the 'SP013D3_V1p2_typ' technology library is inconsistent with the same-name pin in the '/home/eda/lib/smic/SP013D3_V1p4/apollo/SP013D3_V1p2_8MT' physical library. No physical link for the logical lib cell. (PSYN-058)
Warning: The pin direction of 'I' pin on 'POTL16' cell in the 'SP013D3_V1p2_typ' technology library is inconsistent with the same-name pin in the '/home/eda/lib/smic/SP013D3_V1p4/apollo/SP013D3_V1p2_8MT' physical library. No physical link for the logical lib cell. (PSYN-058)
Warning: The pin direction of 'PAD' pin on 'POTL16' cell in the 'SP013D3_V1p2_typ' technology library is inconsistent with the same-name pin in the '/home/eda/lib/smic/SP013D3_V1p4/apollo/SP013D3_V1p2_8MT' physical library. No physical link for the logical lib cell. (PSYN-058)
Warning: The pin direction of 'OEN' pin on 'PCI6BS' cell in the 'SP013D3_V1p2_typ' technology library is inconsistent with the same-name pin in the '/home/eda/lib/smic/SP013D3_V1p4/apollo/SP013D3_V1p2_8MT' physical library. No physical link for the logical lib cell. (PSYN-058)
Warning: The pin direction of 'I' pin on 'PCI6BS' cell in the 'SP013D3_V1p2_typ' technology library is inconsistent with the same-name pin in the '/home/eda/lib/smic/SP013D3_V1p4/apollo/SP013D3_V1p2_8MT' physical library. No physical link for the logical lib cell. (PSYN-058)
Warning: The pin direction of 'C' pin on 'PCI6BS' cell in the 'SP013D3_V1p2_typ' technology library is inconsistent with the same-name pin in the '/home/eda/lib/smic/SP013D3_V1p4/apollo/SP013D3_V1p2_8MT' physical library. No physical link for the logical lib cell. (PSYN-058)
Warning: The pin direction of 'PAD' pin on 'PCI6BS' cell in the 'SP013D3_V1p2_typ' technology library is inconsistent with the same-name pin in the '/home/eda/lib/smic/SP013D3_V1p4/apollo/SP013D3_V1p2_8MT' physical library. No physical link for the logical lib cell. (PSYN-058)
Warning: The pin direction of 'OEN' pin on 'PCI3BS' cell in the 'SP013D3_V1p2_typ' technology library is inconsistent with the same-name pin in the '/home/eda/lib/smic/SP013D3_V1p4/apollo/SP013D3_V1p2_8MT' physical library. No physical link for the logical lib cell. (PSYN-058)
Warning: The pin direction of 'I' pin on 'PCI3BS' cell in the 'SP013D3_V1p2_typ' technology library is inconsistent with the same-name pin in the '/home/eda/lib/smic/SP013D3_V1p4/apollo/SP013D3_V1p2_8MT' physical library. No physical link for the logical lib cell. (PSYN-058)
Warning: The pin direction of 'C' pin on 'PCI3BS' cell in the 'SP013D3_V1p2_typ' technology library is inconsistent with the same-name pin in the '/home/eda/lib/smic/SP013D3_V1p4/apollo/SP013D3_V1p2_8MT' physical library. No physical link for the logical lib cell. (PSYN-058)
Warning: The pin direction of 'PAD' pin on 'PCI3BS' cell in the 'SP013D3_V1p2_typ' technology library is inconsistent with the same-name pin in the '/home/eda/lib/smic/SP013D3_V1p4/apollo/SP013D3_V1p2_8MT' physical library. No physical link for the logical lib cell. (PSYN-058)
Warning: The pin direction of 'OEN' pin on 'PBCD24' cell in the 'SP013D3_V1p2_typ' technology library is inconsistent with the same-name pin in the '/home/eda/lib/smic/SP013D3_V1p4/apollo/SP013D3_V1p2_8MT' physical library. No physical link for the logical lib cell. (PSYN-058)
Warning: The pin direction of 'I' pin on 'PBCD24' cell in the 'SP013D3_V1p2_typ' technology library is inconsistent with the same-name pin in the '/home/eda/lib/smic/SP013D3_V1p4/apollo/SP013D3_V1p2_8MT' physical library. No physical link for the logical lib cell. (PSYN-058)
Warning: The pin direction of 'REN' pin on 'PBCD24' cell in the 'SP013D3_V1p2_typ' technology library is inconsistent with the same-name pin in the '/home/eda/lib/smic/SP013D3_V1p4/apollo/SP013D3_V1p2_8MT' physical library. No physical link for the logical lib cell. (PSYN-058)
Warning: The pin direction of 'C' pin on 'PBCD24' cell in the 'SP013D3_V1p2_typ' technology library is inconsistent with the same-name pin in the '/home/eda/lib/smic/SP013D3_V1p4/apollo/SP013D3_V1p2_8MT' physical library. No physical link for the logical lib cell. (PSYN-058)
Warning: The pin direction of 'PAD' pin on 'PBCD24' cell in the 'SP013D3_V1p2_typ' technology library is inconsistent with the same-name pin in the '/home/eda/lib/smic/SP013D3_V1p4/apollo/SP013D3_V1p2_8MT' physical library. No physical link for the logical lib cell. (PSYN-058)
Warning: The pin direction of 'OEN' pin on 'PBCU24' cell in the 'SP013D3_V1p2_typ' technology library is inconsistent with the same-name pin in the '/home/eda/lib/smic/SP013D3_V1p4/apollo/SP013D3_V1p2_8MT' physical library. No physical link for the logical lib cell. (PSYN-058)
Warning: The pin direction of 'I' pin on 'PBCU24' cell in the 'SP013D3_V1p2_typ' technology library is inconsistent with the same-name pin in the '/home/eda/lib/smic/SP013D3_V1p4/apollo/SP013D3_V1p2_8MT' physical library. No physical link for the logical lib cell. (PSYN-058)
Warning: The pin direction of 'REN' pin on 'PBCU24' cell in the 'SP013D3_V1p2_typ' technology library is inconsistent with the same-name pin in the '/home/eda/lib/smic/SP013D3_V1p4/apollo/SP013D3_V1p2_8MT' physical library. No physical link for the logical lib cell. (PSYN-058)
Warning: The pin direction of 'C' pin on 'PBCU24' cell in the 'SP013D3_V1p2_typ' technology library is inconsistent with the same-name pin in the '/home/eda/lib/smic/SP013D3_V1p4/apollo/SP013D3_V1p2_8MT' physical library. No physical link for the logical lib cell. (PSYN-058)
Warning: The pin direction of 'PAD' pin on 'PBCU24' cell in the 'SP013D3_V1p2_typ' technology library is inconsistent with the same-name pin in the '/home/eda/lib/smic/SP013D3_V1p4/apollo/SP013D3_V1p2_8MT' physical library. No physical link for the logical lib cell. (PSYN-058)
Warning: The pin direction of 'OEN' pin on 'PBSL24' cell in the 'SP013D3_V1p2_typ' technology library is inconsistent with the same-name pin in the '/home/eda/lib/smic/SP013D3_V1p4/apollo/SP013D3_V1p2_8MT' physical library. No physical link for the logical lib cell. (PSYN-058)
Warning: The pin direction of 'I' pin on 'PBSL24' cell in the 'SP013D3_V1p2_typ' technology library is inconsistent with the same-name pin in the '/home/eda/lib/smic/SP013D3_V1p4/apollo/SP013D3_V1p2_8MT' physical library. No physical link for the logical lib cell. (PSYN-058)
Warning: The pin direction of 'C' pin on 'PBSL24' cell in the 'SP013D3_V1p2_typ' technology library is inconsistent with the same-name pin in the '/home/eda/lib/smic/SP013D3_V1p4/apollo/SP013D3_V1p2_8MT' physical library. No physical link for the logical lib cell. (PSYN-058)
Warning: The pin direction of 'PAD' pin on 'PBSL24' cell in the 'SP013D3_V1p2_typ' technology library is inconsistent with the same-name pin in the '/home/eda/lib/smic/SP013D3_V1p4/apollo/SP013D3_V1p2_8MT' physical library. No physical link for the logical lib cell. (PSYN-058)
Warning: The pin direction of 'OEN' pin on 'PBSD24' cell in the 'SP013D3_V1p2_typ' technology library is inconsistent with the same-name pin in the '/home/eda/lib/smic/SP013D3_V1p4/apollo/SP013D3_V1p2_8MT' physical library. No physical link for the logical lib cell. (PSYN-058)
Warning: The pin direction of 'I' pin on 'PBSD24' cell in the 'SP013D3_V1p2_typ' technology library is inconsistent with the same-name pin in the '/home/eda/lib/smic/SP013D3_V1p4/apollo/SP013D3_V1p2_8MT' physical library. No physical link for the logical lib cell. (PSYN-058)
Warning: The pin direction of 'C' pin on 'PBSD24' cell in the 'SP013D3_V1p2_typ' technology library is inconsistent with the same-name pin in the '/home/eda/lib/smic/SP013D3_V1p4/apollo/SP013D3_V1p2_8MT' physical library. No physical link for the logical lib cell. (PSYN-058)
Warning: The pin direction of 'PAD' pin on 'PBSD24' cell in the 'SP013D3_V1p2_typ' technology library is inconsistent with the same-name pin in the '/home/eda/lib/smic/SP013D3_V1p4/apollo/SP013D3_V1p2_8MT' physical library. No physical link for the logical lib cell. (PSYN-058)
Warning: The pin direction of 'OEN' pin on 'PBSU24' cell in the 'SP013D3_V1p2_typ' technology library is inconsistent with the same-name pin in the '/home/eda/lib/smic/SP013D3_V1p4/apollo/SP013D3_V1p2_8MT' physical library. No physical link for the logical lib cell. (PSYN-058)
Warning: The pin direction of 'I' pin on 'PBSU24' cell in the 'SP013D3_V1p2_typ' technology library is inconsistent with the same-name pin in the '/home/eda/lib/smic/SP013D3_V1p4/apollo/SP013D3_V1p2_8MT' physical library. No physical link for the logical lib cell. (PSYN-058)
Warning: The pin direction of 'C' pin on 'PBSU24' cell in the 'SP013D3_V1p2_typ' technology library is inconsistent with the same-name pin in the '/home/eda/lib/smic/SP013D3_V1p4/apollo/SP013D3_V1p2_8MT' physical library. No physical link for the logical lib cell. (PSYN-058)
Warning: The pin direction of 'PAD' pin on 'PBSU24' cell in the 'SP013D3_V1p2_typ' technology library is inconsistent with the same-name pin in the '/home/eda/lib/smic/SP013D3_V1p4/apollo/SP013D3_V1p2_8MT' physical library. No physical link for the logical lib cell. (PSYN-058)
Warning: The pin direction of 'OEN' pin on 'PBUL24' cell in the 'SP013D3_V1p2_typ' technology library is inconsistent with the same-name pin in the '/home/eda/lib/smic/SP013D3_V1p4/apollo/SP013D3_V1p2_8MT' physical library. No physical link for the logical lib cell. (PSYN-058)
Warning: The pin direction of 'I' pin on 'PBUL24' cell in the 'SP013D3_V1p2_typ' technology library is inconsistent with the same-name pin in the '/home/eda/lib/smic/SP013D3_V1p4/apollo/SP013D3_V1p2_8MT' physical library. No physical link for the logical lib cell. (PSYN-058)
Warning: The pin direction of 'C' pin on 'PBUL24' cell in the 'SP013D3_V1p2_typ' technology library is inconsistent with the same-name pin in the '/home/eda/lib/smic/SP013D3_V1p4/apollo/SP013D3_V1p2_8MT' physical library. No physical link for the logical lib cell. (PSYN-058)
Warning: The pin direction of 'PAD' pin on 'PBUL24' cell in the 'SP013D3_V1p2_typ' technology library is inconsistent with the same-name pin in the '/home/eda/lib/smic/SP013D3_V1p4/apollo/SP013D3_V1p2_8MT' physical library. No physical link for the logical lib cell. (PSYN-058)
Warning: The pin direction of 'OEN' pin on 'PBDL24' cell in the 'SP013D3_V1p2_typ' technology library is inconsistent with the same-name pin in the '/home/eda/lib/smic/SP013D3_V1p4/apollo/SP013D3_V1p2_8MT' physical library. No physical link for the logical lib cell. (PSYN-058)
Warning: The pin direction of 'I' pin on 'PBDL24' cell in the 'SP013D3_V1p2_typ' technology library is inconsistent with the same-name pin in the '/home/eda/lib/smic/SP013D3_V1p4/apollo/SP013D3_V1p2_8MT' physical library. No physical link for the logical lib cell. (PSYN-058)
Warning: The pin direction of 'C' pin on 'PBDL24' cell in the 'SP013D3_V1p2_typ' technology library is inconsistent with the same-name pin in the '/home/eda/lib/smic/SP013D3_V1p4/apollo/SP013D3_V1p2_8MT' physical library. No physical link for the logical lib cell. (PSYN-058)
Warning: The pin direction of 'PAD' pin on 'PBDL24' cell in the 'SP013D3_V1p2_typ' technology library is inconsistent with the same-name pin in the '/home/eda/lib/smic/SP013D3_V1p4/apollo/SP013D3_V1p2_8MT' physical library. No physical link for the logical lib cell. (PSYN-058)
Warning: The pin direction of 'OEN' pin on 'POTL24' cell in the 'SP013D3_V1p2_typ' technology library is inconsistent with the same-name pin in the '/home/eda/lib/smic/SP013D3_V1p4/apollo/SP013D3_V1p2_8MT' physical library. No physical link for the logical lib cell. (PSYN-058)
Warning: The pin direction of 'I' pin on 'POTL24' cell in the 'SP013D3_V1p2_typ' technology library is inconsistent with the same-name pin in the '/home/eda/lib/smic/SP013D3_V1p4/apollo/SP013D3_V1p2_8MT' physical library. No physical link for the logical lib cell. (PSYN-058)
Warning: The pin direction of 'PAD' pin on 'POTL24' cell in the 'SP013D3_V1p2_typ' technology library is inconsistent with the same-name pin in the '/home/eda/lib/smic/SP013D3_V1p4/apollo/SP013D3_V1p2_8MT' physical library. No physical link for the logical lib cell. (PSYN-058)
Warning: The pin direction of 'VDD1' pin on 'PDIODE' cell in the 'SP013D3_V1p2_typ' technology library is inconsistent with the same-name pin in the '/home/eda/lib/smic/SP013D3_V1p4/apollo/SP013D3_V1p2_8MT' physical library. No physical link for the logical lib cell. (PSYN-058)
Warning: The pin direction of 'VDD2' pin on 'PDIODE' cell in the 'SP013D3_V1p2_typ' technology library is inconsistent with the same-name pin in the '/home/eda/lib/smic/SP013D3_V1p4/apollo/SP013D3_V1p2_8MT' physical library. No physical link for the logical lib cell. (PSYN-058)
Warning: The pin direction of 'VSS1' pin on 'PDIODE' cell in the 'SP013D3_V1p2_typ' technology library is inconsistent with the same-name pin in the '/home/eda/lib/smic/SP013D3_V1p4/apollo/SP013D3_V1p2_8MT' physical library. No physical link for the logical lib cell. (PSYN-058)
Warning: The pin direction of 'VSS2' pin on 'PDIODE' cell in the 'SP013D3_V1p2_typ' technology library is inconsistent with the same-name pin in the '/home/eda/lib/smic/SP013D3_V1p4/apollo/SP013D3_V1p2_8MT' physical library. No physical link for the logical lib cell. (PSYN-058)
Warning: The pin direction of 'OEN' pin on 'PBCDL8' cell in the 'SP013D3_V1p2_typ' technology library is inconsistent with the same-name pin in the '/home/eda/lib/smic/SP013D3_V1p4/apollo/SP013D3_V1p2_8MT' physical library. No physical link for the logical lib cell. (PSYN-058)
Warning: The pin direction of 'I' pin on 'PBCDL8' cell in the 'SP013D3_V1p2_typ' technology library is inconsistent with the same-name pin in the '/home/eda/lib/smic/SP013D3_V1p4/apollo/SP013D3_V1p2_8MT' physical library. No physical link for the logical lib cell. (PSYN-058)
Warning: The pin direction of 'REN' pin on 'PBCDL8' cell in the 'SP013D3_V1p2_typ' technology library is inconsistent with the same-name pin in the '/home/eda/lib/smic/SP013D3_V1p4/apollo/SP013D3_V1p2_8MT' physical library. No physical link for the logical lib cell. (PSYN-058)
Warning: The pin direction of 'C' pin on 'PBCDL8' cell in the 'SP013D3_V1p2_typ' technology library is inconsistent with the same-name pin in the '/home/eda/lib/smic/SP013D3_V1p4/apollo/SP013D3_V1p2_8MT' physical library. No physical link for the logical lib cell. (PSYN-058)
Warning: The pin direction of 'PAD' pin on 'PBCDL8' cell in the 'SP013D3_V1p2_typ' technology library is inconsistent with the same-name pin in the '/home/eda/lib/smic/SP013D3_V1p4/apollo/SP013D3_V1p2_8MT' physical library. No physical link for the logical lib cell. (PSYN-058)
Warning: The pin direction of 'OEN' pin on 'PBCD12' cell in the 'SP013D3_V1p2_typ' technology library is inconsistent with the same-name pin in the '/home/eda/lib/smic/SP013D3_V1p4/apollo/SP013D3_V1p2_8MT' physical library. No physical link for the logical lib cell. (PSYN-058)
Warning: The pin direction of 'I' pin on 'PBCD12' cell in the 'SP013D3_V1p2_typ' technology library is inconsistent with the same-name pin in the '/home/eda/lib/smic/SP013D3_V1p4/apollo/SP013D3_V1p2_8MT' physical library. No physical link for the logical lib cell. (PSYN-058)
Warning: The pin direction of 'REN' pin on 'PBCD12' cell in the 'SP013D3_V1p2_typ' technology library is inconsistent with the same-name pin in the '/home/eda/lib/smic/SP013D3_V1p4/apollo/SP013D3_V1p2_8MT' physical library. No physical link for the logical lib cell. (PSYN-058)
Warning: The pin direction of 'C' pin on 'PBCD12' cell in the 'SP013D3_V1p2_typ' technology library is inconsistent with the same-name pin in the '/home/eda/lib/smic/SP013D3_V1p4/apollo/SP013D3_V1p2_8MT' physical library. No physical link for the logical lib cell. (PSYN-058)
Warning: The pin direction of 'PAD' pin on 'PBCD12' cell in the 'SP013D3_V1p2_typ' technology library is inconsistent with the same-name pin in the '/home/eda/lib/smic/SP013D3_V1p4/apollo/SP013D3_V1p2_8MT' physical library. No physical link for the logical lib cell. (PSYN-058)
Warning: The pin direction of 'OEN' pin on 'PBCUL8' cell in the 'SP013D3_V1p2_typ' technology library is inconsistent with the same-name pin in the '/home/eda/lib/smic/SP013D3_V1p4/apollo/SP013D3_V1p2_8MT' physical library. No physical link for the logical lib cell. (PSYN-058)
Warning: The pin direction of 'I' pin on 'PBCUL8' cell in the 'SP013D3_V1p2_typ' technology library is inconsistent with the same-name pin in the '/home/eda/lib/smic/SP013D3_V1p4/apollo/SP013D3_V1p2_8MT' physical library. No physical link for the logical lib cell. (PSYN-058)
Warning: The pin direction of 'REN' pin on 'PBCUL8' cell in the 'SP013D3_V1p2_typ' technology library is inconsistent with the same-name pin in the '/home/eda/lib/smic/SP013D3_V1p4/apollo/SP013D3_V1p2_8MT' physical library. No physical link for the logical lib cell. (PSYN-058)
Warning: The pin direction of 'C' pin on 'PBCUL8' cell in the 'SP013D3_V1p2_typ' technology library is inconsistent with the same-name pin in the '/home/eda/lib/smic/SP013D3_V1p4/apollo/SP013D3_V1p2_8MT' physical library. No physical link for the logical lib cell. (PSYN-058)
Warning: The pin direction of 'PAD' pin on 'PBCUL8' cell in the 'SP013D3_V1p2_typ' technology library is inconsistent with the same-name pin in the '/home/eda/lib/smic/SP013D3_V1p4/apollo/SP013D3_V1p2_8MT' physical library. No physical link for the logical lib cell. (PSYN-058)
Warning: The pin direction of 'OEN' pin on 'PBCU12' cell in the 'SP013D3_V1p2_typ' technology library is inconsistent with the same-name pin in the '/home/eda/lib/smic/SP013D3_V1p4/apollo/SP013D3_V1p2_8MT' physical library. No physical link for the logical lib cell. (PSYN-058)
Warning: The pin direction of 'I' pin on 'PBCU12' cell in the 'SP013D3_V1p2_typ' technology library is inconsistent with the same-name pin in the '/home/eda/lib/smic/SP013D3_V1p4/apollo/SP013D3_V1p2_8MT' physical library. No physical link for the logical lib cell. (PSYN-058)
Warning: The pin direction of 'REN' pin on 'PBCU12' cell in the 'SP013D3_V1p2_typ' technology library is inconsistent with the same-name pin in the '/home/eda/lib/smic/SP013D3_V1p4/apollo/SP013D3_V1p2_8MT' physical library. No physical link for the logical lib cell. (PSYN-058)
Warning: The pin direction of 'C' pin on 'PBCU12' cell in the 'SP013D3_V1p2_typ' technology library is inconsistent with the same-name pin in the '/home/eda/lib/smic/SP013D3_V1p4/apollo/SP013D3_V1p2_8MT' physical library. No physical link for the logical lib cell. (PSYN-058)
Warning: The pin direction of 'PAD' pin on 'PBCU12' cell in the 'SP013D3_V1p2_typ' technology library is inconsistent with the same-name pin in the '/home/eda/lib/smic/SP013D3_V1p4/apollo/SP013D3_V1p2_8MT' physical library. No physical link for the logical lib cell. (PSYN-058)
Warning: The pin direction of 'OEN' pin on 'PBSL12' cell in the 'SP013D3_V1p2_typ' technology library is inconsistent with the same-name pin in the '/home/eda/lib/smic/SP013D3_V1p4/apollo/SP013D3_V1p2_8MT' physical library. No physical link for the logical lib cell. (PSYN-058)
Warning: The pin direction of 'I' pin on 'PBSL12' cell in the 'SP013D3_V1p2_typ' technology library is inconsistent with the same-name pin in the '/home/eda/lib/smic/SP013D3_V1p4/apollo/SP013D3_V1p2_8MT' physical library. No physical link for the logical lib cell. (PSYN-058)
Warning: The pin direction of 'C' pin on 'PBSL12' cell in the 'SP013D3_V1p2_typ' technology library is inconsistent with the same-name pin in the '/home/eda/lib/smic/SP013D3_V1p4/apollo/SP013D3_V1p2_8MT' physical library. No physical link for the logical lib cell. (PSYN-058)
Warning: The pin direction of 'PAD' pin on 'PBSL12' cell in the 'SP013D3_V1p2_typ' technology library is inconsistent with the same-name pin in the '/home/eda/lib/smic/SP013D3_V1p4/apollo/SP013D3_V1p2_8MT' physical library. No physical link for the logical lib cell. (PSYN-058)
Warning: The pin direction of 'OEN' pin on 'PBSDL8' cell in the 'SP013D3_V1p2_typ' technology library is inconsistent with the same-name pin in the '/home/eda/lib/smic/SP013D3_V1p4/apollo/SP013D3_V1p2_8MT' physical library. No physical link for the logical lib cell. (PSYN-058)
Warning: The pin direction of 'I' pin on 'PBSDL8' cell in the 'SP013D3_V1p2_typ' technology library is inconsistent with the same-name pin in the '/home/eda/lib/smic/SP013D3_V1p4/apollo/SP013D3_V1p2_8MT' physical library. No physical link for the logical lib cell. (PSYN-058)
Warning: The pin direction of 'C' pin on 'PBSDL8' cell in the 'SP013D3_V1p2_typ' technology library is inconsistent with the same-name pin in the '/home/eda/lib/smic/SP013D3_V1p4/apollo/SP013D3_V1p2_8MT' physical library. No physical link for the logical lib cell. (PSYN-058)
Warning: The pin direction of 'PAD' pin on 'PBSDL8' cell in the 'SP013D3_V1p2_typ' technology library is inconsistent with the same-name pin in the '/home/eda/lib/smic/SP013D3_V1p4/apollo/SP013D3_V1p2_8MT' physical library. No physical link for the logical lib cell. (PSYN-058)
Warning: The pin direction of 'OEN' pin on 'PBSD12' cell in the 'SP013D3_V1p2_typ' technology library is inconsistent with the same-name pin in the '/home/eda/lib/smic/SP013D3_V1p4/apollo/SP013D3_V1p2_8MT' physical library. No physical link for the logical lib cell. (PSYN-058)
Warning: The pin direction of 'I' pin on 'PBSD12' cell in the 'SP013D3_V1p2_typ' technology library is inconsistent with the same-name pin in the '/home/eda/lib/smic/SP013D3_V1p4/apollo/SP013D3_V1p2_8MT' physical library. No physical link for the logical lib cell. (PSYN-058)
Warning: The pin direction of 'C' pin on 'PBSD12' cell in the 'SP013D3_V1p2_typ' technology library is inconsistent with the same-name pin in the '/home/eda/lib/smic/SP013D3_V1p4/apollo/SP013D3_V1p2_8MT' physical library. No physical link for the logical lib cell. (PSYN-058)
Warning: The pin direction of 'PAD' pin on 'PBSD12' cell in the 'SP013D3_V1p2_typ' technology library is inconsistent with the same-name pin in the '/home/eda/lib/smic/SP013D3_V1p4/apollo/SP013D3_V1p2_8MT' physical library. No physical link for the logical lib cell. (PSYN-058)
Warning: The pin direction of 'OEN' pin on 'PBSU12' cell in the 'SP013D3_V1p2_typ' technology library is inconsistent with the same-name pin in the '/home/eda/lib/smic/SP013D3_V1p4/apollo/SP013D3_V1p2_8MT' physical library. No physical link for the logical lib cell. (PSYN-058)
Warning: The pin direction of 'I' pin on 'PBSU12' cell in the 'SP013D3_V1p2_typ' technology library is inconsistent with the same-name pin in the '/home/eda/lib/smic/SP013D3_V1p4/apollo/SP013D3_V1p2_8MT' physical library. No physical link for the logical lib cell. (PSYN-058)
Warning: The pin direction of 'C' pin on 'PBSU12' cell in the 'SP013D3_V1p2_typ' technology library is inconsistent with the same-name pin in the '/home/eda/lib/smic/SP013D3_V1p4/apollo/SP013D3_V1p2_8MT' physical library. No physical link for the logical lib cell. (PSYN-058)
Warning: The pin direction of 'PAD' pin on 'PBSU12' cell in the 'SP013D3_V1p2_typ' technology library is inconsistent with the same-name pin in the '/home/eda/lib/smic/SP013D3_V1p4/apollo/SP013D3_V1p2_8MT' physical library. No physical link for the logical lib cell. (PSYN-058)
Warning: The pin direction of 'OEN' pin on 'PBSUL8' cell in the 'SP013D3_V1p2_typ' technology library is inconsistent with the same-name pin in the '/home/eda/lib/smic/SP013D3_V1p4/apollo/SP013D3_V1p2_8MT' physical library. No physical link for the logical lib cell. (PSYN-058)
Warning: The pin direction of 'I' pin on 'PBSUL8' cell in the 'SP013D3_V1p2_typ' technology library is inconsistent with the same-name pin in the '/home/eda/lib/smic/SP013D3_V1p4/apollo/SP013D3_V1p2_8MT' physical library. No physical link for the logical lib cell. (PSYN-058)
Warning: The pin direction of 'C' pin on 'PBSUL8' cell in the 'SP013D3_V1p2_typ' technology library is inconsistent with the same-name pin in the '/home/eda/lib/smic/SP013D3_V1p4/apollo/SP013D3_V1p2_8MT' physical library. No physical link for the logical lib cell. (PSYN-058)
Warning: The pin direction of 'PAD' pin on 'PBSUL8' cell in the 'SP013D3_V1p2_typ' technology library is inconsistent with the same-name pin in the '/home/eda/lib/smic/SP013D3_V1p4/apollo/SP013D3_V1p2_8MT' physical library. No physical link for the logical lib cell. (PSYN-058)
Warning: The pin direction of 'OEN' pin on 'PBUL12' cell in the 'SP013D3_V1p2_typ' technology library is inconsistent with the same-name pin in the '/home/eda/lib/smic/SP013D3_V1p4/apollo/SP013D3_V1p2_8MT' physical library. No physical link for the logical lib cell. (PSYN-058)
Warning: The pin direction of 'I' pin on 'PBUL12' cell in the 'SP013D3_V1p2_typ' technology library is inconsistent with the same-name pin in the '/home/eda/lib/smic/SP013D3_V1p4/apollo/SP013D3_V1p2_8MT' physical library. No physical link for the logical lib cell. (PSYN-058)
Warning: The pin direction of 'C' pin on 'PBUL12' cell in the 'SP013D3_V1p2_typ' technology library is inconsistent with the same-name pin in the '/home/eda/lib/smic/SP013D3_V1p4/apollo/SP013D3_V1p2_8MT' physical library. No physical link for the logical lib cell. (PSYN-058)
Warning: The pin direction of 'PAD' pin on 'PBUL12' cell in the 'SP013D3_V1p2_typ' technology library is inconsistent with the same-name pin in the '/home/eda/lib/smic/SP013D3_V1p4/apollo/SP013D3_V1p2_8MT' physical library. No physical link for the logical lib cell. (PSYN-058)
Warning: The pin direction of 'OEN' pin on 'PBDL12' cell in the 'SP013D3_V1p2_typ' technology library is inconsistent with the same-name pin in the '/home/eda/lib/smic/SP013D3_V1p4/apollo/SP013D3_V1p2_8MT' physical library. No physical link for the logical lib cell. (PSYN-058)
Warning: The pin direction of 'I' pin on 'PBDL12' cell in the 'SP013D3_V1p2_typ' technology library is inconsistent with the same-name pin in the '/home/eda/lib/smic/SP013D3_V1p4/apollo/SP013D3_V1p2_8MT' physical library. No physical link for the logical lib cell. (PSYN-058)
Warning: The pin direction of 'C' pin on 'PBDL12' cell in the 'SP013D3_V1p2_typ' technology library is inconsistent with the same-name pin in the '/home/eda/lib/smic/SP013D3_V1p4/apollo/SP013D3_V1p2_8MT' physical library. No physical link for the logical lib cell. (PSYN-058)
Warning: The pin direction of 'PAD' pin on 'PBDL12' cell in the 'SP013D3_V1p2_typ' technology library is inconsistent with the same-name pin in the '/home/eda/lib/smic/SP013D3_V1p4/apollo/SP013D3_V1p2_8MT' physical library. No physical link for the logical lib cell. (PSYN-058)
Warning: The pin direction of 'OEN' pin on 'POTL12' cell in the 'SP013D3_V1p2_typ' technology library is inconsistent with the same-name pin in the '/home/eda/lib/smic/SP013D3_V1p4/apollo/SP013D3_V1p2_8MT' physical library. No physical link for the logical lib cell. (PSYN-058)
Warning: The pin direction of 'I' pin on 'POTL12' cell in the 'SP013D3_V1p2_typ' technology library is inconsistent with the same-name pin in the '/home/eda/lib/smic/SP013D3_V1p4/apollo/SP013D3_V1p2_8MT' physical library. No physical link for the logical lib cell. (PSYN-058)
Warning: The pin direction of 'PAD' pin on 'POTL12' cell in the 'SP013D3_V1p2_typ' technology library is inconsistent with the same-name pin in the '/home/eda/lib/smic/SP013D3_V1p4/apollo/SP013D3_V1p2_8MT' physical library. No physical link for the logical lib cell. (PSYN-058)
Warning: The pin direction of 'OEN' pin on 'PBCDL16' cell in the 'SP013D3_V1p2_typ' technology library is inconsistent with the same-name pin in the '/home/eda/lib/smic/SP013D3_V1p4/apollo/SP013D3_V1p2_8MT' physical library. No physical link for the logical lib cell. (PSYN-058)
Warning: The pin direction of 'I' pin on 'PBCDL16' cell in the 'SP013D3_V1p2_typ' technology library is inconsistent with the same-name pin in the '/home/eda/lib/smic/SP013D3_V1p4/apollo/SP013D3_V1p2_8MT' physical library. No physical link for the logical lib cell. (PSYN-058)
Warning: The pin direction of 'REN' pin on 'PBCDL16' cell in the 'SP013D3_V1p2_typ' technology library is inconsistent with the same-name pin in the '/home/eda/lib/smic/SP013D3_V1p4/apollo/SP013D3_V1p2_8MT' physical library. No physical link for the logical lib cell. (PSYN-058)
Warning: The pin direction of 'C' pin on 'PBCDL16' cell in the 'SP013D3_V1p2_typ' technology library is inconsistent with the same-name pin in the '/home/eda/lib/smic/SP013D3_V1p4/apollo/SP013D3_V1p2_8MT' physical library. No physical link for the logical lib cell. (PSYN-058)
Warning: The pin direction of 'PAD' pin on 'PBCDL16' cell in the 'SP013D3_V1p2_typ' technology library is inconsistent with the same-name pin in the '/home/eda/lib/smic/SP013D3_V1p4/apollo/SP013D3_V1p2_8MT' physical library. No physical link for the logical lib cell. (PSYN-058)
Warning: The pin direction of 'OEN' pin on 'PBCUL16' cell in the 'SP013D3_V1p2_typ' technology library is inconsistent with the same-name pin in the '/home/eda/lib/smic/SP013D3_V1p4/apollo/SP013D3_V1p2_8MT' physical library. No physical link for the logical lib cell. (PSYN-058)
Warning: The pin direction of 'I' pin on 'PBCUL16' cell in the 'SP013D3_V1p2_typ' technology library is inconsistent with the same-name pin in the '/home/eda/lib/smic/SP013D3_V1p4/apollo/SP013D3_V1p2_8MT' physical library. No physical link for the logical lib cell. (PSYN-058)
Warning: The pin direction of 'REN' pin on 'PBCUL16' cell in the 'SP013D3_V1p2_typ' technology library is inconsistent with the same-name pin in the '/home/eda/lib/smic/SP013D3_V1p4/apollo/SP013D3_V1p2_8MT' physical library. No physical link for the logical lib cell. (PSYN-058)
Warning: The pin direction of 'C' pin on 'PBCUL16' cell in the 'SP013D3_V1p2_typ' technology library is inconsistent with the same-name pin in the '/home/eda/lib/smic/SP013D3_V1p4/apollo/SP013D3_V1p2_8MT' physical library. No physical link for the logical lib cell. (PSYN-058)
Warning: The pin direction of 'PAD' pin on 'PBCUL16' cell in the 'SP013D3_V1p2_typ' technology library is inconsistent with the same-name pin in the '/home/eda/lib/smic/SP013D3_V1p4/apollo/SP013D3_V1p2_8MT' physical library. No physical link for the logical lib cell. (PSYN-058)
Warning: The pin direction of 'OEN' pin on 'PBSDL16' cell in the 'SP013D3_V1p2_typ' technology library is inconsistent with the same-name pin in the '/home/eda/lib/smic/SP013D3_V1p4/apollo/SP013D3_V1p2_8MT' physical library. No physical link for the logical lib cell. (PSYN-058)
Warning: The pin direction of 'I' pin on 'PBSDL16' cell in the 'SP013D3_V1p2_typ' technology library is inconsistent with the same-name pin in the '/home/eda/lib/smic/SP013D3_V1p4/apollo/SP013D3_V1p2_8MT' physical library. No physical link for the logical lib cell. (PSYN-058)
Warning: The pin direction of 'C' pin on 'PBSDL16' cell in the 'SP013D3_V1p2_typ' technology library is inconsistent with the same-name pin in the '/home/eda/lib/smic/SP013D3_V1p4/apollo/SP013D3_V1p2_8MT' physical library. No physical link for the logical lib cell. (PSYN-058)
Warning: The pin direction of 'PAD' pin on 'PBSDL16' cell in the 'SP013D3_V1p2_typ' technology library is inconsistent with the same-name pin in the '/home/eda/lib/smic/SP013D3_V1p4/apollo/SP013D3_V1p2_8MT' physical library. No physical link for the logical lib cell. (PSYN-058)
Warning: The pin direction of 'OEN' pin on 'PBSUL16' cell in the 'SP013D3_V1p2_typ' technology library is inconsistent with the same-name pin in the '/home/eda/lib/smic/SP013D3_V1p4/apollo/SP013D3_V1p2_8MT' physical library. No physical link for the logical lib cell. (PSYN-058)
Warning: The pin direction of 'I' pin on 'PBSUL16' cell in the 'SP013D3_V1p2_typ' technology library is inconsistent with the same-name pin in the '/home/eda/lib/smic/SP013D3_V1p4/apollo/SP013D3_V1p2_8MT' physical library. No physical link for the logical lib cell. (PSYN-058)
Warning: The pin direction of 'C' pin on 'PBSUL16' cell in the 'SP013D3_V1p2_typ' technology library is inconsistent with the same-name pin in the '/home/eda/lib/smic/SP013D3_V1p4/apollo/SP013D3_V1p2_8MT' physical library. No physical link for the logical lib cell. (PSYN-058)
Warning: The pin direction of 'PAD' pin on 'PBSUL16' cell in the 'SP013D3_V1p2_typ' technology library is inconsistent with the same-name pin in the '/home/eda/lib/smic/SP013D3_V1p4/apollo/SP013D3_V1p2_8MT' physical library. No physical link for the logical lib cell. (PSYN-058)
Warning: The pin direction of 'OEN' pin on 'PBCDL24' cell in the 'SP013D3_V1p2_typ' technology library is inconsistent with the same-name pin in the '/home/eda/lib/smic/SP013D3_V1p4/apollo/SP013D3_V1p2_8MT' physical library. No physical link for the logical lib cell. (PSYN-058)
Warning: The pin direction of 'I' pin on 'PBCDL24' cell in the 'SP013D3_V1p2_typ' technology library is inconsistent with the same-name pin in the '/home/eda/lib/smic/SP013D3_V1p4/apollo/SP013D3_V1p2_8MT' physical library. No physical link for the logical lib cell. (PSYN-058)
Warning: The pin direction of 'REN' pin on 'PBCDL24' cell in the 'SP013D3_V1p2_typ' technology library is inconsistent with the same-name pin in the '/home/eda/lib/smic/SP013D3_V1p4/apollo/SP013D3_V1p2_8MT' physical library. No physical link for the logical lib cell. (PSYN-058)
Warning: The pin direction of 'C' pin on 'PBCDL24' cell in the 'SP013D3_V1p2_typ' technology library is inconsistent with the same-name pin in the '/home/eda/lib/smic/SP013D3_V1p4/apollo/SP013D3_V1p2_8MT' physical library. No physical link for the logical lib cell. (PSYN-058)
Warning: The pin direction of 'PAD' pin on 'PBCDL24' cell in the 'SP013D3_V1p2_typ' technology library is inconsistent with the same-name pin in the '/home/eda/lib/smic/SP013D3_V1p4/apollo/SP013D3_V1p2_8MT' physical library. No physical link for the logical lib cell. (PSYN-058)
Warning: The pin direction of 'OEN' pin on 'PBCUL24' cell in the 'SP013D3_V1p2_typ' technology library is inconsistent with the same-name pin in the '/home/eda/lib/smic/SP013D3_V1p4/apollo/SP013D3_V1p2_8MT' physical library. No physical link for the logical lib cell. (PSYN-058)
Warning: The pin direction of 'I' pin on 'PBCUL24' cell in the 'SP013D3_V1p2_typ' technology library is inconsistent with the same-name pin in the '/home/eda/lib/smic/SP013D3_V1p4/apollo/SP013D3_V1p2_8MT' physical library. No physical link for the logical lib cell. (PSYN-058)
Warning: The pin direction of 'REN' pin on 'PBCUL24' cell in the 'SP013D3_V1p2_typ' technology library is inconsistent with the same-name pin in the '/home/eda/lib/smic/SP013D3_V1p4/apollo/SP013D3_V1p2_8MT' physical library. No physical link for the logical lib cell. (PSYN-058)
Warning: The pin direction of 'C' pin on 'PBCUL24' cell in the 'SP013D3_V1p2_typ' technology library is inconsistent with the same-name pin in the '/home/eda/lib/smic/SP013D3_V1p4/apollo/SP013D3_V1p2_8MT' physical library. No physical link for the logical lib cell. (PSYN-058)
Warning: The pin direction of 'PAD' pin on 'PBCUL24' cell in the 'SP013D3_V1p2_typ' technology library is inconsistent with the same-name pin in the '/home/eda/lib/smic/SP013D3_V1p4/apollo/SP013D3_V1p2_8MT' physical library. No physical link for the logical lib cell. (PSYN-058)
Warning: The pin direction of 'OEN' pin on 'PBSDL24' cell in the 'SP013D3_V1p2_typ' technology library is inconsistent with the same-name pin in the '/home/eda/lib/smic/SP013D3_V1p4/apollo/SP013D3_V1p2_8MT' physical library. No physical link for the logical lib cell. (PSYN-058)
Warning: The pin direction of 'I' pin on 'PBSDL24' cell in the 'SP013D3_V1p2_typ' technology library is inconsistent with the same-name pin in the '/home/eda/lib/smic/SP013D3_V1p4/apollo/SP013D3_V1p2_8MT' physical library. No physical link for the logical lib cell. (PSYN-058)
Warning: The pin direction of 'C' pin on 'PBSDL24' cell in the 'SP013D3_V1p2_typ' technology library is inconsistent with the same-name pin in the '/home/eda/lib/smic/SP013D3_V1p4/apollo/SP013D3_V1p2_8MT' physical library. No physical link for the logical lib cell. (PSYN-058)
Warning: The pin direction of 'PAD' pin on 'PBSDL24' cell in the 'SP013D3_V1p2_typ' technology library is inconsistent with the same-name pin in the '/home/eda/lib/smic/SP013D3_V1p4/apollo/SP013D3_V1p2_8MT' physical library. No physical link for the logical lib cell. (PSYN-058)
Warning: The pin direction of 'OEN' pin on 'PBSUL24' cell in the 'SP013D3_V1p2_typ' technology library is inconsistent with the same-name pin in the '/home/eda/lib/smic/SP013D3_V1p4/apollo/SP013D3_V1p2_8MT' physical library. No physical link for the logical lib cell. (PSYN-058)
Warning: The pin direction of 'I' pin on 'PBSUL24' cell in the 'SP013D3_V1p2_typ' technology library is inconsistent with the same-name pin in the '/home/eda/lib/smic/SP013D3_V1p4/apollo/SP013D3_V1p2_8MT' physical library. No physical link for the logical lib cell. (PSYN-058)
Warning: The pin direction of 'C' pin on 'PBSUL24' cell in the 'SP013D3_V1p2_typ' technology library is inconsistent with the same-name pin in the '/home/eda/lib/smic/SP013D3_V1p4/apollo/SP013D3_V1p2_8MT' physical library. No physical link for the logical lib cell. (PSYN-058)
Warning: The pin direction of 'PAD' pin on 'PBSUL24' cell in the 'SP013D3_V1p2_typ' technology library is inconsistent with the same-name pin in the '/home/eda/lib/smic/SP013D3_V1p4/apollo/SP013D3_V1p2_8MT' physical library. No physical link for the logical lib cell. (PSYN-058)
Warning: The pin direction of 'VSS1' pin on 'PDIODE8' cell in the 'SP013D3_V1p2_typ' technology library is inconsistent with the same-name pin in the '/home/eda/lib/smic/SP013D3_V1p4/apollo/SP013D3_V1p2_8MT' physical library. No physical link for the logical lib cell. (PSYN-058)
Warning: The pin direction of 'VSS2' pin on 'PDIODE8' cell in the 'SP013D3_V1p2_typ' technology library is inconsistent with the same-name pin in the '/home/eda/lib/smic/SP013D3_V1p4/apollo/SP013D3_V1p2_8MT' physical library. No physical link for the logical lib cell. (PSYN-058)
Warning: The pin direction of 'OEN' pin on 'PBCDL12' cell in the 'SP013D3_V1p2_typ' technology library is inconsistent with the same-name pin in the '/home/eda/lib/smic/SP013D3_V1p4/apollo/SP013D3_V1p2_8MT' physical library. No physical link for the logical lib cell. (PSYN-058)
Warning: The pin direction of 'I' pin on 'PBCDL12' cell in the 'SP013D3_V1p2_typ' technology library is inconsistent with the same-name pin in the '/home/eda/lib/smic/SP013D3_V1p4/apollo/SP013D3_V1p2_8MT' physical library. No physical link for the logical lib cell. (PSYN-058)
Warning: The pin direction of 'REN' pin on 'PBCDL12' cell in the 'SP013D3_V1p2_typ' technology library is inconsistent with the same-name pin in the '/home/eda/lib/smic/SP013D3_V1p4/apollo/SP013D3_V1p2_8MT' physical library. No physical link for the logical lib cell. (PSYN-058)
Warning: The pin direction of 'C' pin on 'PBCDL12' cell in the 'SP013D3_V1p2_typ' technology library is inconsistent with the same-name pin in the '/home/eda/lib/smic/SP013D3_V1p4/apollo/SP013D3_V1p2_8MT' physical library. No physical link for the logical lib cell. (PSYN-058)
Warning: The pin direction of 'PAD' pin on 'PBCDL12' cell in the 'SP013D3_V1p2_typ' technology library is inconsistent with the same-name pin in the '/home/eda/lib/smic/SP013D3_V1p4/apollo/SP013D3_V1p2_8MT' physical library. No physical link for the logical lib cell. (PSYN-058)
Warning: The pin direction of 'OEN' pin on 'PBCUL12' cell in the 'SP013D3_V1p2_typ' technology library is inconsistent with the same-name pin in the '/home/eda/lib/smic/SP013D3_V1p4/apollo/SP013D3_V1p2_8MT' physical library. No physical link for the logical lib cell. (PSYN-058)
Warning: The pin direction of 'I' pin on 'PBCUL12' cell in the 'SP013D3_V1p2_typ' technology library is inconsistent with the same-name pin in the '/home/eda/lib/smic/SP013D3_V1p4/apollo/SP013D3_V1p2_8MT' physical library. No physical link for the logical lib cell. (PSYN-058)
Warning: The pin direction of 'REN' pin on 'PBCUL12' cell in the 'SP013D3_V1p2_typ' technology library is inconsistent with the same-name pin in the '/home/eda/lib/smic/SP013D3_V1p4/apollo/SP013D3_V1p2_8MT' physical library. No physical link for the logical lib cell. (PSYN-058)
Warning: The pin direction of 'C' pin on 'PBCUL12' cell in the 'SP013D3_V1p2_typ' technology library is inconsistent with the same-name pin in the '/home/eda/lib/smic/SP013D3_V1p4/apollo/SP013D3_V1p2_8MT' physical library. No physical link for the logical lib cell. (PSYN-058)
Warning: The pin direction of 'PAD' pin on 'PBCUL12' cell in the 'SP013D3_V1p2_typ' technology library is inconsistent with the same-name pin in the '/home/eda/lib/smic/SP013D3_V1p4/apollo/SP013D3_V1p2_8MT' physical library. No physical link for the logical lib cell. (PSYN-058)
Warning: The pin direction of 'OEN' pin on 'PBSDL12' cell in the 'SP013D3_V1p2_typ' technology library is inconsistent with the same-name pin in the '/home/eda/lib/smic/SP013D3_V1p4/apollo/SP013D3_V1p2_8MT' physical library. No physical link for the logical lib cell. (PSYN-058)
Warning: The pin direction of 'I' pin on 'PBSDL12' cell in the 'SP013D3_V1p2_typ' technology library is inconsistent with the same-name pin in the '/home/eda/lib/smic/SP013D3_V1p4/apollo/SP013D3_V1p2_8MT' physical library. No physical link for the logical lib cell. (PSYN-058)
Warning: The pin direction of 'C' pin on 'PBSDL12' cell in the 'SP013D3_V1p2_typ' technology library is inconsistent with the same-name pin in the '/home/eda/lib/smic/SP013D3_V1p4/apollo/SP013D3_V1p2_8MT' physical library. No physical link for the logical lib cell. (PSYN-058)
Warning: The pin direction of 'PAD' pin on 'PBSDL12' cell in the 'SP013D3_V1p2_typ' technology library is inconsistent with the same-name pin in the '/home/eda/lib/smic/SP013D3_V1p4/apollo/SP013D3_V1p2_8MT' physical library. No physical link for the logical lib cell. (PSYN-058)
Warning: The pin direction of 'OEN' pin on 'PBSUL12' cell in the 'SP013D3_V1p2_typ' technology library is inconsistent with the same-name pin in the '/home/eda/lib/smic/SP013D3_V1p4/apollo/SP013D3_V1p2_8MT' physical library. No physical link for the logical lib cell. (PSYN-058)
Warning: The pin direction of 'I' pin on 'PBSUL12' cell in the 'SP013D3_V1p2_typ' technology library is inconsistent with the same-name pin in the '/home/eda/lib/smic/SP013D3_V1p4/apollo/SP013D3_V1p2_8MT' physical library. No physical link for the logical lib cell. (PSYN-058)
Warning: The pin direction of 'C' pin on 'PBSUL12' cell in the 'SP013D3_V1p2_typ' technology library is inconsistent with the same-name pin in the '/home/eda/lib/smic/SP013D3_V1p4/apollo/SP013D3_V1p2_8MT' physical library. No physical link for the logical lib cell. (PSYN-058)
Warning: The pin direction of 'PAD' pin on 'PBSUL12' cell in the 'SP013D3_V1p2_typ' technology library is inconsistent with the same-name pin in the '/home/eda/lib/smic/SP013D3_V1p4/apollo/SP013D3_V1p2_8MT' physical library. No physical link for the logical lib cell. (PSYN-058)
Warning: The pin direction of 'VDD' pin on 'PVDD1CE' cell in the 'SP013D3_V1p2_typ' technology library is inconsistent with the same-name pin in the '/home/eda/lib/smic/SP013D3_V1p4/apollo/SP013D3_V1p2_8MT' physical library. No physical link for the logical lib cell. (PSYN-058)
Warning: The pin direction of 'VSS1' pin on 'P1DIODE8' cell in the 'SP013D3_V1p2_typ' technology library is inconsistent with the same-name pin in the '/home/eda/lib/smic/SP013D3_V1p4/apollo/SP013D3_V1p2_8MT' physical library. No physical link for the logical lib cell. (PSYN-058)
Warning: The pin direction of 'VSS2' pin on 'P1DIODE8' cell in the 'SP013D3_V1p2_typ' technology library is inconsistent with the same-name pin in the '/home/eda/lib/smic/SP013D3_V1p4/apollo/SP013D3_V1p2_8MT' physical library. No physical link for the logical lib cell. (PSYN-058)
Warning: The pin direction of 'VDD1' pin on 'P1DIODE' cell in the 'SP013D3_V1p2_typ' technology library is inconsistent with the same-name pin in the '/home/eda/lib/smic/SP013D3_V1p4/apollo/SP013D3_V1p2_8MT' physical library. No physical link for the logical lib cell. (PSYN-058)
Warning: The pin direction of 'VDD2' pin on 'P1DIODE' cell in the 'SP013D3_V1p2_typ' technology library is inconsistent with the same-name pin in the '/home/eda/lib/smic/SP013D3_V1p4/apollo/SP013D3_V1p2_8MT' physical library. No physical link for the logical lib cell. (PSYN-058)
Warning: The pin direction of 'VSS1' pin on 'P1DIODE' cell in the 'SP013D3_V1p2_typ' technology library is inconsistent with the same-name pin in the '/home/eda/lib/smic/SP013D3_V1p4/apollo/SP013D3_V1p2_8MT' physical library. No physical link for the logical lib cell. (PSYN-058)
Warning: The pin direction of 'VSS2' pin on 'P1DIODE' cell in the 'SP013D3_V1p2_typ' technology library is inconsistent with the same-name pin in the '/home/eda/lib/smic/SP013D3_V1p4/apollo/SP013D3_V1p2_8MT' physical library. No physical link for the logical lib cell. (PSYN-058)
Warning: The pin direction of 'SVSS1ANP' pin on 'PVSS1ANP' cell in the 'SP013D3_V1p2_typ' technology library is inconsistent with the same-name pin in the '/home/eda/lib/smic/SP013D3_V1p4/apollo/SP013D3_V1p2_8MT' physical library. No physical link for the logical lib cell. (PSYN-058)
Warning: The pin direction of 'SVDD1ANP' pin on 'PVDD1ANP' cell in the 'SP013D3_V1p2_typ' technology library is inconsistent with the same-name pin in the '/home/eda/lib/smic/SP013D3_V1p4/apollo/SP013D3_V1p2_8MT' physical library. No physical link for the logical lib cell. (PSYN-058)
Warning: The pin direction of 'VPP' pin on 'PVPP' cell in the 'SP013D3_V1p2_typ' technology library is inconsistent with the same-name pin in the '/home/eda/lib/smic/SP013D3_V1p4/apollo/SP013D3_V1p2_8MT' physical library. No physical link for the logical lib cell. (PSYN-058)
Warning: The pin direction of 'SVSS1CANP' pin on 'PVSS1CANP' cell in the 'SP013D3_V1p2_typ' technology library is inconsistent with the same-name pin in the '/home/eda/lib/smic/SP013D3_V1p4/apollo/SP013D3_V1p2_8MT' physical library. No physical link for the logical lib cell. (PSYN-058)
Warning: The pin direction of 'SVDD1CANP' pin on 'PVDD1CANP' cell in the 'SP013D3_V1p2_typ' technology library is inconsistent with the same-name pin in the '/home/eda/lib/smic/SP013D3_V1p4/apollo/SP013D3_V1p2_8MT' physical library. No physical link for the logical lib cell. (PSYN-058)
Warning: The 'PB12' cell in the 'SP013D3_V1p2_typ' technology library is being 
	marked as "dont_use". (PSYN-039)
Warning: The 'PB12' cell in the 'SP013D3_V1p2_typ' technology library does not 
	have corresponding physical cell description. (PSYN-024)
Warning: The 'PB16' cell in the 'SP013D3_V1p2_typ' technology library is being 
	marked as "dont_use". (PSYN-039)
Warning: The 'PB16' cell in the 'SP013D3_V1p2_typ' technology library does not 
	have corresponding physical cell description. (PSYN-024)
Warning: The 'PB2' cell in the 'SP013D3_V1p2_typ' technology library is being 
	marked as "dont_use". (PSYN-039)
Warning: The 'PB2' cell in the 'SP013D3_V1p2_typ' technology library does not 
	have corresponding physical cell description. (PSYN-024)
Warning: The 'PB24' cell in the 'SP013D3_V1p2_typ' technology library is being 
	marked as "dont_use". (PSYN-039)
Warning: The 'PB24' cell in the 'SP013D3_V1p2_typ' technology library does not 
	have corresponding physical cell description. (PSYN-024)
Warning: The 'PB4' cell in the 'SP013D3_V1p2_typ' technology library is being 
	marked as "dont_use". (PSYN-039)
Warning: The 'PB4' cell in the 'SP013D3_V1p2_typ' technology library does not 
	have corresponding physical cell description. (PSYN-024)
Warning: The 'PB8' cell in the 'SP013D3_V1p2_typ' technology library is being 
	marked as "dont_use". (PSYN-039)
Warning: The 'PB8' cell in the 'SP013D3_V1p2_typ' technology library does not 
	have corresponding physical cell description. (PSYN-024)
Warning: The 'PBCD12' cell in the 'SP013D3_V1p2_typ' technology library is being 
	marked as "dont_use". (PSYN-039)
Warning: The 'PBCD12' cell in the 'SP013D3_V1p2_typ' technology library does not 
	have corresponding physical cell description. (PSYN-024)
Warning: The 'PBCD16' cell in the 'SP013D3_V1p2_typ' technology library is being 
	marked as "dont_use". (PSYN-039)
Warning: The 'PBCD16' cell in the 'SP013D3_V1p2_typ' technology library does not 
	have corresponding physical cell description. (PSYN-024)
Warning: The 'PBCD2' cell in the 'SP013D3_V1p2_typ' technology library is being 
	marked as "dont_use". (PSYN-039)
Warning: The 'PBCD2' cell in the 'SP013D3_V1p2_typ' technology library does not 
	have corresponding physical cell description. (PSYN-024)
Warning: The 'PBCD24' cell in the 'SP013D3_V1p2_typ' technology library is being 
	marked as "dont_use". (PSYN-039)
Warning: The 'PBCD24' cell in the 'SP013D3_V1p2_typ' technology library does not 
	have corresponding physical cell description. (PSYN-024)
Warning: The 'PBCD4' cell in the 'SP013D3_V1p2_typ' technology library is being 
	marked as "dont_use". (PSYN-039)
Warning: The 'PBCD4' cell in the 'SP013D3_V1p2_typ' technology library does not 
	have corresponding physical cell description. (PSYN-024)
Warning: The 'PBCD8' cell in the 'SP013D3_V1p2_typ' technology library is being 
	marked as "dont_use". (PSYN-039)
Warning: The 'PBCD8' cell in the 'SP013D3_V1p2_typ' technology library does not 
	have corresponding physical cell description. (PSYN-024)
Warning: The 'PBCDL12' cell in the 'SP013D3_V1p2_typ' technology library is being 
	marked as "dont_use". (PSYN-039)
Warning: The 'PBCDL12' cell in the 'SP013D3_V1p2_typ' technology library does not 
	have corresponding physical cell description. (PSYN-024)
Warning: The 'PBCDL16' cell in the 'SP013D3_V1p2_typ' technology library is being 
	marked as "dont_use". (PSYN-039)
Warning: The 'PBCDL16' cell in the 'SP013D3_V1p2_typ' technology library does not 
	have corresponding physical cell description. (PSYN-024)
Warning: The 'PBCDL24' cell in the 'SP013D3_V1p2_typ' technology library is being 
	marked as "dont_use". (PSYN-039)
Warning: The 'PBCDL24' cell in the 'SP013D3_V1p2_typ' technology library does not 
	have corresponding physical cell description. (PSYN-024)
Warning: The 'PBCDL8' cell in the 'SP013D3_V1p2_typ' technology library is being 
	marked as "dont_use". (PSYN-039)
Warning: The 'PBCDL8' cell in the 'SP013D3_V1p2_typ' technology library does not 
	have corresponding physical cell description. (PSYN-024)
Warning: The 'PBCU12' cell in the 'SP013D3_V1p2_typ' technology library is being 
	marked as "dont_use". (PSYN-039)
Warning: The 'PBCU12' cell in the 'SP013D3_V1p2_typ' technology library does not 
	have corresponding physical cell description. (PSYN-024)
Warning: The 'PBCU16' cell in the 'SP013D3_V1p2_typ' technology library is being 
	marked as "dont_use". (PSYN-039)
Warning: The 'PBCU16' cell in the 'SP013D3_V1p2_typ' technology library does not 
	have corresponding physical cell description. (PSYN-024)
Warning: The 'PBCU2' cell in the 'SP013D3_V1p2_typ' technology library is being 
	marked as "dont_use". (PSYN-039)
Warning: The 'PBCU2' cell in the 'SP013D3_V1p2_typ' technology library does not 
	have corresponding physical cell description. (PSYN-024)
Warning: The 'PBCU24' cell in the 'SP013D3_V1p2_typ' technology library is being 
	marked as "dont_use". (PSYN-039)
Warning: The 'PBCU24' cell in the 'SP013D3_V1p2_typ' technology library does not 
	have corresponding physical cell description. (PSYN-024)
Warning: The 'PBCU4' cell in the 'SP013D3_V1p2_typ' technology library is being 
	marked as "dont_use". (PSYN-039)
Warning: The 'PBCU4' cell in the 'SP013D3_V1p2_typ' technology library does not 
	have corresponding physical cell description. (PSYN-024)
Warning: The 'PBCU8' cell in the 'SP013D3_V1p2_typ' technology library is being 
	marked as "dont_use". (PSYN-039)
Warning: The 'PBCU8' cell in the 'SP013D3_V1p2_typ' technology library does not 
	have corresponding physical cell description. (PSYN-024)
Warning: The 'PBCUL12' cell in the 'SP013D3_V1p2_typ' technology library is being 
	marked as "dont_use". (PSYN-039)
Warning: The 'PBCUL12' cell in the 'SP013D3_V1p2_typ' technology library does not 
	have corresponding physical cell description. (PSYN-024)
Warning: The 'PBCUL16' cell in the 'SP013D3_V1p2_typ' technology library is being 
	marked as "dont_use". (PSYN-039)
Warning: The 'PBCUL16' cell in the 'SP013D3_V1p2_typ' technology library does not 
	have corresponding physical cell description. (PSYN-024)
Warning: The 'PBCUL24' cell in the 'SP013D3_V1p2_typ' technology library is being 
	marked as "dont_use". (PSYN-039)
Warning: The 'PBCUL24' cell in the 'SP013D3_V1p2_typ' technology library does not 
	have corresponding physical cell description. (PSYN-024)
Warning: The 'PBCUL8' cell in the 'SP013D3_V1p2_typ' technology library is being 
	marked as "dont_use". (PSYN-039)
Warning: The 'PBCUL8' cell in the 'SP013D3_V1p2_typ' technology library does not 
	have corresponding physical cell description. (PSYN-024)
Warning: The 'PBD12' cell in the 'SP013D3_V1p2_typ' technology library is being 
	marked as "dont_use". (PSYN-039)
Warning: The 'PBD12' cell in the 'SP013D3_V1p2_typ' technology library does not 
	have corresponding physical cell description. (PSYN-024)
Warning: The 'PBD16' cell in the 'SP013D3_V1p2_typ' technology library is being 
	marked as "dont_use". (PSYN-039)
Warning: The 'PBD16' cell in the 'SP013D3_V1p2_typ' technology library does not 
	have corresponding physical cell description. (PSYN-024)
Warning: The 'PBD2' cell in the 'SP013D3_V1p2_typ' technology library is being 
	marked as "dont_use". (PSYN-039)
Warning: The 'PBD2' cell in the 'SP013D3_V1p2_typ' technology library does not 
	have corresponding physical cell description. (PSYN-024)
Warning: The 'PBD24' cell in the 'SP013D3_V1p2_typ' technology library is being 
	marked as "dont_use". (PSYN-039)
Warning: The 'PBD24' cell in the 'SP013D3_V1p2_typ' technology library does not 
	have corresponding physical cell description. (PSYN-024)
Warning: The 'PBD4' cell in the 'SP013D3_V1p2_typ' technology library is being 
	marked as "dont_use". (PSYN-039)
Warning: The 'PBD4' cell in the 'SP013D3_V1p2_typ' technology library does not 
	have corresponding physical cell description. (PSYN-024)
Warning: The 'PBD8' cell in the 'SP013D3_V1p2_typ' technology library is being 
	marked as "dont_use". (PSYN-039)
Warning: The 'PBD8' cell in the 'SP013D3_V1p2_typ' technology library does not 
	have corresponding physical cell description. (PSYN-024)
Warning: The 'PBDL12' cell in the 'SP013D3_V1p2_typ' technology library is being 
	marked as "dont_use". (PSYN-039)
Warning: The 'PBDL12' cell in the 'SP013D3_V1p2_typ' technology library does not 
	have corresponding physical cell description. (PSYN-024)
Warning: The 'PBDL16' cell in the 'SP013D3_V1p2_typ' technology library is being 
	marked as "dont_use". (PSYN-039)
Warning: The 'PBDL16' cell in the 'SP013D3_V1p2_typ' technology library does not 
	have corresponding physical cell description. (PSYN-024)
Warning: The 'PBDL24' cell in the 'SP013D3_V1p2_typ' technology library is being 
	marked as "dont_use". (PSYN-039)
Warning: The 'PBDL24' cell in the 'SP013D3_V1p2_typ' technology library does not 
	have corresponding physical cell description. (PSYN-024)
Warning: The 'PBDL8' cell in the 'SP013D3_V1p2_typ' technology library is being 
	marked as "dont_use". (PSYN-039)
Warning: The 'PBDL8' cell in the 'SP013D3_V1p2_typ' technology library does not 
	have corresponding physical cell description. (PSYN-024)
Warning: The 'PBL12' cell in the 'SP013D3_V1p2_typ' technology library is being 
	marked as "dont_use". (PSYN-039)
Warning: The 'PBL12' cell in the 'SP013D3_V1p2_typ' technology library does not 
	have corresponding physical cell description. (PSYN-024)
Warning: The 'PBL16' cell in the 'SP013D3_V1p2_typ' technology library is being 
	marked as "dont_use". (PSYN-039)
Warning: The 'PBL16' cell in the 'SP013D3_V1p2_typ' technology library does not 
	have corresponding physical cell description. (PSYN-024)
Warning: The 'PBL24' cell in the 'SP013D3_V1p2_typ' technology library is being 
	marked as "dont_use". (PSYN-039)
Warning: The 'PBL24' cell in the 'SP013D3_V1p2_typ' technology library does not 
	have corresponding physical cell description. (PSYN-024)
Warning: The 'PBL8' cell in the 'SP013D3_V1p2_typ' technology library is being 
	marked as "dont_use". (PSYN-039)
Warning: The 'PBL8' cell in the 'SP013D3_V1p2_typ' technology library does not 
	have corresponding physical cell description. (PSYN-024)
Warning: The 'PBS12' cell in the 'SP013D3_V1p2_typ' technology library is being 
	marked as "dont_use". (PSYN-039)
Warning: The 'PBS12' cell in the 'SP013D3_V1p2_typ' technology library does not 
	have corresponding physical cell description. (PSYN-024)
Warning: The 'PBS16' cell in the 'SP013D3_V1p2_typ' technology library is being 
	marked as "dont_use". (PSYN-039)
Warning: The 'PBS16' cell in the 'SP013D3_V1p2_typ' technology library does not 
	have corresponding physical cell description. (PSYN-024)
Warning: The 'PBS2' cell in the 'SP013D3_V1p2_typ' technology library is being 
	marked as "dont_use". (PSYN-039)
Warning: The 'PBS2' cell in the 'SP013D3_V1p2_typ' technology library does not 
	have corresponding physical cell description. (PSYN-024)
Warning: The 'PBS24' cell in the 'SP013D3_V1p2_typ' technology library is being 
	marked as "dont_use". (PSYN-039)
Warning: The 'PBS24' cell in the 'SP013D3_V1p2_typ' technology library does not 
	have corresponding physical cell description. (PSYN-024)
Warning: The 'PBS4' cell in the 'SP013D3_V1p2_typ' technology library is being 
	marked as "dont_use". (PSYN-039)
Warning: The 'PBS4' cell in the 'SP013D3_V1p2_typ' technology library does not 
	have corresponding physical cell description. (PSYN-024)
Warning: The 'PBS8' cell in the 'SP013D3_V1p2_typ' technology library is being 
	marked as "dont_use". (PSYN-039)
Warning: The 'PBS8' cell in the 'SP013D3_V1p2_typ' technology library does not 
	have corresponding physical cell description. (PSYN-024)
Warning: The 'PBSD12' cell in the 'SP013D3_V1p2_typ' technology library is being 
	marked as "dont_use". (PSYN-039)
Warning: The 'PBSD12' cell in the 'SP013D3_V1p2_typ' technology library does not 
	have corresponding physical cell description. (PSYN-024)
Warning: The 'PBSD16' cell in the 'SP013D3_V1p2_typ' technology library is being 
	marked as "dont_use". (PSYN-039)
Warning: The 'PBSD16' cell in the 'SP013D3_V1p2_typ' technology library does not 
	have corresponding physical cell description. (PSYN-024)
Warning: The 'PBSD2' cell in the 'SP013D3_V1p2_typ' technology library is being 
	marked as "dont_use". (PSYN-039)
Warning: The 'PBSD2' cell in the 'SP013D3_V1p2_typ' technology library does not 
	have corresponding physical cell description. (PSYN-024)
Warning: The 'PBSD24' cell in the 'SP013D3_V1p2_typ' technology library is being 
	marked as "dont_use". (PSYN-039)
Warning: The 'PBSD24' cell in the 'SP013D3_V1p2_typ' technology library does not 
	have corresponding physical cell description. (PSYN-024)
Warning: The 'PBSD4' cell in the 'SP013D3_V1p2_typ' technology library is being 
	marked as "dont_use". (PSYN-039)
Warning: The 'PBSD4' cell in the 'SP013D3_V1p2_typ' technology library does not 
	have corresponding physical cell description. (PSYN-024)
Warning: The 'PBSD8' cell in the 'SP013D3_V1p2_typ' technology library is being 
	marked as "dont_use". (PSYN-039)
Warning: The 'PBSD8' cell in the 'SP013D3_V1p2_typ' technology library does not 
	have corresponding physical cell description. (PSYN-024)
Warning: The 'PBSDL12' cell in the 'SP013D3_V1p2_typ' technology library is being 
	marked as "dont_use". (PSYN-039)
Warning: The 'PBSDL12' cell in the 'SP013D3_V1p2_typ' technology library does not 
	have corresponding physical cell description. (PSYN-024)
Warning: The 'PBSDL16' cell in the 'SP013D3_V1p2_typ' technology library is being 
	marked as "dont_use". (PSYN-039)
Warning: The 'PBSDL16' cell in the 'SP013D3_V1p2_typ' technology library does not 
	have corresponding physical cell description. (PSYN-024)
Warning: The 'PBSDL24' cell in the 'SP013D3_V1p2_typ' technology library is being 
	marked as "dont_use". (PSYN-039)
Warning: The 'PBSDL24' cell in the 'SP013D3_V1p2_typ' technology library does not 
	have corresponding physical cell description. (PSYN-024)
Warning: The 'PBSDL8' cell in the 'SP013D3_V1p2_typ' technology library is being 
	marked as "dont_use". (PSYN-039)
Warning: The 'PBSDL8' cell in the 'SP013D3_V1p2_typ' technology library does not 
	have corresponding physical cell description. (PSYN-024)
Warning: The 'PBSL12' cell in the 'SP013D3_V1p2_typ' technology library is being 
	marked as "dont_use". (PSYN-039)
Warning: The 'PBSL12' cell in the 'SP013D3_V1p2_typ' technology library does not 
	have corresponding physical cell description. (PSYN-024)
Warning: The 'PBSL16' cell in the 'SP013D3_V1p2_typ' technology library is being 
	marked as "dont_use". (PSYN-039)
Warning: The 'PBSL16' cell in the 'SP013D3_V1p2_typ' technology library does not 
	have corresponding physical cell description. (PSYN-024)
Warning: The 'PBSL24' cell in the 'SP013D3_V1p2_typ' technology library is being 
	marked as "dont_use". (PSYN-039)
Warning: The 'PBSL24' cell in the 'SP013D3_V1p2_typ' technology library does not 
	have corresponding physical cell description. (PSYN-024)
Warning: The 'PBSL8' cell in the 'SP013D3_V1p2_typ' technology library is being 
	marked as "dont_use". (PSYN-039)
Warning: The 'PBSL8' cell in the 'SP013D3_V1p2_typ' technology library does not 
	have corresponding physical cell description. (PSYN-024)
Warning: The 'PBSU12' cell in the 'SP013D3_V1p2_typ' technology library is being 
	marked as "dont_use". (PSYN-039)
Warning: The 'PBSU12' cell in the 'SP013D3_V1p2_typ' technology library does not 
	have corresponding physical cell description. (PSYN-024)
Warning: The 'PBSU16' cell in the 'SP013D3_V1p2_typ' technology library is being 
	marked as "dont_use". (PSYN-039)
Warning: The 'PBSU16' cell in the 'SP013D3_V1p2_typ' technology library does not 
	have corresponding physical cell description. (PSYN-024)
Warning: The 'PBSU2' cell in the 'SP013D3_V1p2_typ' technology library is being 
	marked as "dont_use". (PSYN-039)
Warning: The 'PBSU2' cell in the 'SP013D3_V1p2_typ' technology library does not 
	have corresponding physical cell description. (PSYN-024)
Warning: The 'PBSU24' cell in the 'SP013D3_V1p2_typ' technology library is being 
	marked as "dont_use". (PSYN-039)
Warning: The 'PBSU24' cell in the 'SP013D3_V1p2_typ' technology library does not 
	have corresponding physical cell description. (PSYN-024)
Warning: The 'PBSU4' cell in the 'SP013D3_V1p2_typ' technology library is being 
	marked as "dont_use". (PSYN-039)
Warning: The 'PBSU4' cell in the 'SP013D3_V1p2_typ' technology library does not 
	have corresponding physical cell description. (PSYN-024)
Warning: The 'PBSU8' cell in the 'SP013D3_V1p2_typ' technology library is being 
	marked as "dont_use". (PSYN-039)
Warning: The 'PBSU8' cell in the 'SP013D3_V1p2_typ' technology library does not 
	have corresponding physical cell description. (PSYN-024)
Warning: The 'PBSUL12' cell in the 'SP013D3_V1p2_typ' technology library is being 
	marked as "dont_use". (PSYN-039)
Warning: The 'PBSUL12' cell in the 'SP013D3_V1p2_typ' technology library does not 
	have corresponding physical cell description. (PSYN-024)
Warning: The 'PBSUL16' cell in the 'SP013D3_V1p2_typ' technology library is being 
	marked as "dont_use". (PSYN-039)
Warning: The 'PBSUL16' cell in the 'SP013D3_V1p2_typ' technology library does not 
	have corresponding physical cell description. (PSYN-024)
Warning: The 'PBSUL24' cell in the 'SP013D3_V1p2_typ' technology library is being 
	marked as "dont_use". (PSYN-039)
Warning: The 'PBSUL24' cell in the 'SP013D3_V1p2_typ' technology library does not 
	have corresponding physical cell description. (PSYN-024)
Warning: The 'PBSUL8' cell in the 'SP013D3_V1p2_typ' technology library is being 
	marked as "dont_use". (PSYN-039)
Warning: The 'PBSUL8' cell in the 'SP013D3_V1p2_typ' technology library does not 
	have corresponding physical cell description. (PSYN-024)
Warning: The 'PBU12' cell in the 'SP013D3_V1p2_typ' technology library is being 
	marked as "dont_use". (PSYN-039)
Warning: The 'PBU12' cell in the 'SP013D3_V1p2_typ' technology library does not 
	have corresponding physical cell description. (PSYN-024)
Warning: The 'PBU16' cell in the 'SP013D3_V1p2_typ' technology library is being 
	marked as "dont_use". (PSYN-039)
Warning: The 'PBU16' cell in the 'SP013D3_V1p2_typ' technology library does not 
	have corresponding physical cell description. (PSYN-024)
Warning: The 'PBU2' cell in the 'SP013D3_V1p2_typ' technology library is being 
	marked as "dont_use". (PSYN-039)
Warning: The 'PBU2' cell in the 'SP013D3_V1p2_typ' technology library does not 
	have corresponding physical cell description. (PSYN-024)
Warning: The 'PBU24' cell in the 'SP013D3_V1p2_typ' technology library is being 
	marked as "dont_use". (PSYN-039)
Warning: The 'PBU24' cell in the 'SP013D3_V1p2_typ' technology library does not 
	have corresponding physical cell description. (PSYN-024)
Warning: The 'PBU4' cell in the 'SP013D3_V1p2_typ' technology library is being 
	marked as "dont_use". (PSYN-039)
Warning: The 'PBU4' cell in the 'SP013D3_V1p2_typ' technology library does not 
	have corresponding physical cell description. (PSYN-024)
Warning: The 'PBU8' cell in the 'SP013D3_V1p2_typ' technology library is being 
	marked as "dont_use". (PSYN-039)
Warning: The 'PBU8' cell in the 'SP013D3_V1p2_typ' technology library does not 
	have corresponding physical cell description. (PSYN-024)
Warning: The 'PBUL12' cell in the 'SP013D3_V1p2_typ' technology library is being 
	marked as "dont_use". (PSYN-039)
Warning: The 'PBUL12' cell in the 'SP013D3_V1p2_typ' technology library does not 
	have corresponding physical cell description. (PSYN-024)
Warning: The 'PBUL16' cell in the 'SP013D3_V1p2_typ' technology library is being 
	marked as "dont_use". (PSYN-039)
Warning: The 'PBUL16' cell in the 'SP013D3_V1p2_typ' technology library does not 
	have corresponding physical cell description. (PSYN-024)
Warning: The 'PBUL24' cell in the 'SP013D3_V1p2_typ' technology library is being 
	marked as "dont_use". (PSYN-039)
Warning: The 'PBUL24' cell in the 'SP013D3_V1p2_typ' technology library does not 
	have corresponding physical cell description. (PSYN-024)
Warning: The 'PBUL8' cell in the 'SP013D3_V1p2_typ' technology library is being 
	marked as "dont_use". (PSYN-039)
Warning: The 'PBUL8' cell in the 'SP013D3_V1p2_typ' technology library does not 
	have corresponding physical cell description. (PSYN-024)
Warning: The 'PI' cell in the 'SP013D3_V1p2_typ' technology library is being 
	marked as "dont_use". (PSYN-039)
Warning: The 'PI' cell in the 'SP013D3_V1p2_typ' technology library does not 
	have corresponding physical cell description. (PSYN-024)
Warning: The 'PICD' cell in the 'SP013D3_V1p2_typ' technology library is being 
	marked as "dont_use". (PSYN-039)
Warning: The 'PICD' cell in the 'SP013D3_V1p2_typ' technology library does not 
	have corresponding physical cell description. (PSYN-024)
Warning: The 'PICU' cell in the 'SP013D3_V1p2_typ' technology library is being 
	marked as "dont_use". (PSYN-039)
Warning: The 'PICU' cell in the 'SP013D3_V1p2_typ' technology library does not 
	have corresponding physical cell description. (PSYN-024)
Warning: The 'PID' cell in the 'SP013D3_V1p2_typ' technology library is being 
	marked as "dont_use". (PSYN-039)
Warning: The 'PID' cell in the 'SP013D3_V1p2_typ' technology library does not 
	have corresponding physical cell description. (PSYN-024)
Warning: The 'PIS' cell in the 'SP013D3_V1p2_typ' technology library is being 
	marked as "dont_use". (PSYN-039)
Warning: The 'PIS' cell in the 'SP013D3_V1p2_typ' technology library does not 
	have corresponding physical cell description. (PSYN-024)
Warning: The 'PISD' cell in the 'SP013D3_V1p2_typ' technology library is being 
	marked as "dont_use". (PSYN-039)
Warning: The 'PISD' cell in the 'SP013D3_V1p2_typ' technology library does not 
	have corresponding physical cell description. (PSYN-024)
Warning: The 'PISU' cell in the 'SP013D3_V1p2_typ' technology library is being 
	marked as "dont_use". (PSYN-039)
Warning: The 'PISU' cell in the 'SP013D3_V1p2_typ' technology library does not 
	have corresponding physical cell description. (PSYN-024)
Warning: The 'PIU' cell in the 'SP013D3_V1p2_typ' technology library is being 
	marked as "dont_use". (PSYN-039)
Warning: The 'PIU' cell in the 'SP013D3_V1p2_typ' technology library does not 
	have corresponding physical cell description. (PSYN-024)
Warning: The 'PO12' cell in the 'SP013D3_V1p2_typ' technology library is being 
	marked as "dont_use". (PSYN-039)
Warning: The 'PO12' cell in the 'SP013D3_V1p2_typ' technology library does not 
	have corresponding physical cell description. (PSYN-024)
Warning: The 'PO16' cell in the 'SP013D3_V1p2_typ' technology library is being 
	marked as "dont_use". (PSYN-039)
Warning: The 'PO16' cell in the 'SP013D3_V1p2_typ' technology library does not 
	have corresponding physical cell description. (PSYN-024)
Warning: The 'PO2' cell in the 'SP013D3_V1p2_typ' technology library is being 
	marked as "dont_use". (PSYN-039)
Warning: The 'PO2' cell in the 'SP013D3_V1p2_typ' technology library does not 
	have corresponding physical cell description. (PSYN-024)
Warning: The 'PO24' cell in the 'SP013D3_V1p2_typ' technology library is being 
	marked as "dont_use". (PSYN-039)
Warning: The 'PO24' cell in the 'SP013D3_V1p2_typ' technology library does not 
	have corresponding physical cell description. (PSYN-024)
Warning: The 'PO4' cell in the 'SP013D3_V1p2_typ' technology library is being 
	marked as "dont_use". (PSYN-039)
Warning: The 'PO4' cell in the 'SP013D3_V1p2_typ' technology library does not 
	have corresponding physical cell description. (PSYN-024)
Warning: The 'PO8' cell in the 'SP013D3_V1p2_typ' technology library is being 
	marked as "dont_use". (PSYN-039)
Warning: The 'PO8' cell in the 'SP013D3_V1p2_typ' technology library does not 
	have corresponding physical cell description. (PSYN-024)
Warning: The 'POL12' cell in the 'SP013D3_V1p2_typ' technology library is being 
	marked as "dont_use". (PSYN-039)
Warning: The 'POL12' cell in the 'SP013D3_V1p2_typ' technology library does not 
	have corresponding physical cell description. (PSYN-024)
Warning: The 'POL16' cell in the 'SP013D3_V1p2_typ' technology library is being 
	marked as "dont_use". (PSYN-039)
Warning: The 'POL16' cell in the 'SP013D3_V1p2_typ' technology library does not 
	have corresponding physical cell description. (PSYN-024)
Warning: The 'POL24' cell in the 'SP013D3_V1p2_typ' technology library is being 
	marked as "dont_use". (PSYN-039)
Warning: The 'POL24' cell in the 'SP013D3_V1p2_typ' technology library does not 
	have corresponding physical cell description. (PSYN-024)
Warning: The 'POL8' cell in the 'SP013D3_V1p2_typ' technology library is being 
	marked as "dont_use". (PSYN-039)
Warning: The 'POL8' cell in the 'SP013D3_V1p2_typ' technology library does not 
	have corresponding physical cell description. (PSYN-024)
Warning: The 'POT12' cell in the 'SP013D3_V1p2_typ' technology library is being 
	marked as "dont_use". (PSYN-039)
Warning: The 'POT12' cell in the 'SP013D3_V1p2_typ' technology library does not 
	have corresponding physical cell description. (PSYN-024)
Warning: The 'POT16' cell in the 'SP013D3_V1p2_typ' technology library is being 
	marked as "dont_use". (PSYN-039)
Warning: The 'POT16' cell in the 'SP013D3_V1p2_typ' technology library does not 
	have corresponding physical cell description. (PSYN-024)
Warning: The 'POT2' cell in the 'SP013D3_V1p2_typ' technology library is being 
	marked as "dont_use". (PSYN-039)
Warning: The 'POT2' cell in the 'SP013D3_V1p2_typ' technology library does not 
	have corresponding physical cell description. (PSYN-024)
Warning: The 'POT24' cell in the 'SP013D3_V1p2_typ' technology library is being 
	marked as "dont_use". (PSYN-039)
Warning: The 'POT24' cell in the 'SP013D3_V1p2_typ' technology library does not 
	have corresponding physical cell description. (PSYN-024)
Warning: The 'POT4' cell in the 'SP013D3_V1p2_typ' technology library is being 
	marked as "dont_use". (PSYN-039)
Warning: The 'POT4' cell in the 'SP013D3_V1p2_typ' technology library does not 
	have corresponding physical cell description. (PSYN-024)
Warning: The 'POT8' cell in the 'SP013D3_V1p2_typ' technology library is being 
	marked as "dont_use". (PSYN-039)
Warning: The 'POT8' cell in the 'SP013D3_V1p2_typ' technology library does not 
	have corresponding physical cell description. (PSYN-024)
Warning: The 'POTL12' cell in the 'SP013D3_V1p2_typ' technology library is being 
	marked as "dont_use". (PSYN-039)
Warning: The 'POTL12' cell in the 'SP013D3_V1p2_typ' technology library does not 
	have corresponding physical cell description. (PSYN-024)
Warning: The 'POTL16' cell in the 'SP013D3_V1p2_typ' technology library is being 
	marked as "dont_use". (PSYN-039)
Warning: The 'POTL16' cell in the 'SP013D3_V1p2_typ' technology library does not 
	have corresponding physical cell description. (PSYN-024)
Warning: The 'POTL24' cell in the 'SP013D3_V1p2_typ' technology library is being 
	marked as "dont_use". (PSYN-039)
Warning: The 'POTL24' cell in the 'SP013D3_V1p2_typ' technology library does not 
	have corresponding physical cell description. (PSYN-024)
Warning: The 'POTL8' cell in the 'SP013D3_V1p2_typ' technology library is being 
	marked as "dont_use". (PSYN-039)
Warning: The 'POTL8' cell in the 'SP013D3_V1p2_typ' technology library does not 
	have corresponding physical cell description. (PSYN-024)
Warning: The 'PX1' cell in the 'SP013D3_V1p2_typ' technology library is being 
	marked as "dont_use". (PSYN-039)
Warning: The 'PX1' cell in the 'SP013D3_V1p2_typ' technology library does not 
	have corresponding physical cell description. (PSYN-024)
Warning: The 'PX2' cell in the 'SP013D3_V1p2_typ' technology library is being 
	marked as "dont_use". (PSYN-039)
Warning: The 'PX2' cell in the 'SP013D3_V1p2_typ' technology library does not 
	have corresponding physical cell description. (PSYN-024)
Warning: The 'PX3' cell in the 'SP013D3_V1p2_typ' technology library is being 
	marked as "dont_use". (PSYN-039)
Warning: The 'PX3' cell in the 'SP013D3_V1p2_typ' technology library does not 
	have corresponding physical cell description. (PSYN-024)
Warning: The 'PXWE1' cell in the 'SP013D3_V1p2_typ' technology library is being 
	marked as "dont_use". (PSYN-039)
Warning: The 'PXWE1' cell in the 'SP013D3_V1p2_typ' technology library does not 
	have corresponding physical cell description. (PSYN-024)
Warning: The 'PXWE2' cell in the 'SP013D3_V1p2_typ' technology library is being 
	marked as "dont_use". (PSYN-039)
Warning: The 'PXWE2' cell in the 'SP013D3_V1p2_typ' technology library does not 
	have corresponding physical cell description. (PSYN-024)
Warning: The 'PXWE3' cell in the 'SP013D3_V1p2_typ' technology library is being 
	marked as "dont_use". (PSYN-039)
Warning: The 'PXWE3' cell in the 'SP013D3_V1p2_typ' technology library does not 
	have corresponding physical cell description. (PSYN-024)
Warning: The 'PCI3B' cell in the 'SP013D3_V1p2_typ' technology library is being 
	marked as "dont_use". (PSYN-039)
Warning: The 'PCI3B' cell in the 'SP013D3_V1p2_typ' technology library does not 
	have corresponding physical cell description. (PSYN-024)
Warning: The 'PCI3BS' cell in the 'SP013D3_V1p2_typ' technology library is being 
	marked as "dont_use". (PSYN-039)
Warning: The 'PCI3BS' cell in the 'SP013D3_V1p2_typ' technology library does not 
	have corresponding physical cell description. (PSYN-024)
Warning: The 'PCI6B' cell in the 'SP013D3_V1p2_typ' technology library is being 
	marked as "dont_use". (PSYN-039)
Warning: The 'PCI6B' cell in the 'SP013D3_V1p2_typ' technology library does not 
	have corresponding physical cell description. (PSYN-024)
Warning: The 'PCI6BS' cell in the 'SP013D3_V1p2_typ' technology library is being 
	marked as "dont_use". (PSYN-039)
Warning: The 'PCI6BS' cell in the 'SP013D3_V1p2_typ' technology library does not 
	have corresponding physical cell description. (PSYN-024)
Warning: The 'PANA3AP' cell in the 'SP013D3_V1p2_typ' technology library is being 
	marked as "dont_use". (PSYN-039)
Warning: The 'PANA3AP' cell in the 'SP013D3_V1p2_typ' technology library does not 
	have corresponding physical cell description. (PSYN-024)
Warning: The 'PANA1AP' cell in the 'SP013D3_V1p2_typ' technology library is being 
	marked as "dont_use". (PSYN-039)
Warning: The 'PANA1AP' cell in the 'SP013D3_V1p2_typ' technology library does not 
	have corresponding physical cell description. (PSYN-024)
Warning: The 'PANA1AP1' cell in the 'SP013D3_V1p2_typ' technology library is being 
	marked as "dont_use". (PSYN-039)
Warning: The 'PANA1AP1' cell in the 'SP013D3_V1p2_typ' technology library does not 
	have corresponding physical cell description. (PSYN-024)
Warning: The 'PANA2AP' cell in the 'SP013D3_V1p2_typ' technology library is being 
	marked as "dont_use". (PSYN-039)
Warning: The 'PANA2AP' cell in the 'SP013D3_V1p2_typ' technology library does not 
	have corresponding physical cell description. (PSYN-024)
Warning: The 'PANA2AP1' cell in the 'SP013D3_V1p2_typ' technology library is being 
	marked as "dont_use". (PSYN-039)
Warning: The 'PANA2AP1' cell in the 'SP013D3_V1p2_typ' technology library does not 
	have corresponding physical cell description. (PSYN-024)
Warning: The 'PANA4AP' cell in the 'SP013D3_V1p2_typ' technology library is being 
	marked as "dont_use". (PSYN-039)
Warning: The 'PANA4AP' cell in the 'SP013D3_V1p2_typ' technology library does not 
	have corresponding physical cell description. (PSYN-024)
Warning: The 'PDIODE' cell in the 'SP013D3_V1p2_typ' technology library is being 
	marked as "dont_use". (PSYN-039)
Warning: The 'PDIODE' cell in the 'SP013D3_V1p2_typ' technology library does not 
	have corresponding physical cell description. (PSYN-024)
Warning: The 'PDIODE8' cell in the 'SP013D3_V1p2_typ' technology library is being 
	marked as "dont_use". (PSYN-039)
Warning: The 'PDIODE8' cell in the 'SP013D3_V1p2_typ' technology library does not 
	have corresponding physical cell description. (PSYN-024)
Warning: The 'PVDD1' cell in the 'SP013D3_V1p2_typ' technology library is being 
	marked as "dont_use". (PSYN-039)
Warning: The 'PVDD1' cell in the 'SP013D3_V1p2_typ' technology library does not 
	have corresponding physical cell description. (PSYN-024)
Warning: The 'PVDD1AP' cell in the 'SP013D3_V1p2_typ' technology library is being 
	marked as "dont_use". (PSYN-039)
Warning: The 'PVDD1AP' cell in the 'SP013D3_V1p2_typ' technology library does not 
	have corresponding physical cell description. (PSYN-024)
Warning: The 'PVDD1AP1' cell in the 'SP013D3_V1p2_typ' technology library is being 
	marked as "dont_use". (PSYN-039)
Warning: The 'PVDD1AP1' cell in the 'SP013D3_V1p2_typ' technology library does not 
	have corresponding physical cell description. (PSYN-024)
Warning: The 'PVDD1ANP' cell in the 'SP013D3_V1p2_typ' technology library is being 
	marked as "dont_use". (PSYN-039)
Warning: The 'PVDD1ANP' cell in the 'SP013D3_V1p2_typ' technology library does not 
	have corresponding physical cell description. (PSYN-024)
Warning: The 'PVDD1CANP' cell in the 'SP013D3_V1p2_typ' technology library is being 
	marked as "dont_use". (PSYN-039)
Warning: The 'PVDD1CANP' cell in the 'SP013D3_V1p2_typ' technology library does not 
	have corresponding physical cell description. (PSYN-024)
Warning: The 'PVDD1CAP' cell in the 'SP013D3_V1p2_typ' technology library is being 
	marked as "dont_use". (PSYN-039)
Warning: The 'PVDD1CAP' cell in the 'SP013D3_V1p2_typ' technology library does not 
	have corresponding physical cell description. (PSYN-024)
Warning: The 'PVDD1CAP1' cell in the 'SP013D3_V1p2_typ' technology library is being 
	marked as "dont_use". (PSYN-039)
Warning: The 'PVDD1CAP1' cell in the 'SP013D3_V1p2_typ' technology library does not 
	have corresponding physical cell description. (PSYN-024)
Warning: The 'PVDD3AP' cell in the 'SP013D3_V1p2_typ' technology library is being 
	marked as "dont_use". (PSYN-039)
Warning: The 'PVDD3AP' cell in the 'SP013D3_V1p2_typ' technology library does not 
	have corresponding physical cell description. (PSYN-024)
Warning: The 'PVDD3CAP' cell in the 'SP013D3_V1p2_typ' technology library is being 
	marked as "dont_use". (PSYN-039)
Warning: The 'PVDD3CAP' cell in the 'SP013D3_V1p2_typ' technology library does not 
	have corresponding physical cell description. (PSYN-024)
Warning: The 'PVSS1' cell in the 'SP013D3_V1p2_typ' technology library is being 
	marked as "dont_use". (PSYN-039)
Warning: The 'PVSS1' cell in the 'SP013D3_V1p2_typ' technology library does not 
	have corresponding physical cell description. (PSYN-024)
Warning: The 'PVSS1AP' cell in the 'SP013D3_V1p2_typ' technology library is being 
	marked as "dont_use". (PSYN-039)
Warning: The 'PVSS1AP' cell in the 'SP013D3_V1p2_typ' technology library does not 
	have corresponding physical cell description. (PSYN-024)
Warning: The 'PVSS1AP1' cell in the 'SP013D3_V1p2_typ' technology library is being 
	marked as "dont_use". (PSYN-039)
Warning: The 'PVSS1AP1' cell in the 'SP013D3_V1p2_typ' technology library does not 
	have corresponding physical cell description. (PSYN-024)
Warning: The 'PVSS1CANP' cell in the 'SP013D3_V1p2_typ' technology library is being 
	marked as "dont_use". (PSYN-039)
Warning: The 'PVSS1CANP' cell in the 'SP013D3_V1p2_typ' technology library does not 
	have corresponding physical cell description. (PSYN-024)
Warning: The 'PVSS1CAP' cell in the 'SP013D3_V1p2_typ' technology library is being 
	marked as "dont_use". (PSYN-039)
Warning: The 'PVSS1CAP' cell in the 'SP013D3_V1p2_typ' technology library does not 
	have corresponding physical cell description. (PSYN-024)
Warning: The 'PVSS1ANP' cell in the 'SP013D3_V1p2_typ' technology library is being 
	marked as "dont_use". (PSYN-039)
Warning: The 'PVSS1ANP' cell in the 'SP013D3_V1p2_typ' technology library does not 
	have corresponding physical cell description. (PSYN-024)
Warning: The 'PVSS1CAP1' cell in the 'SP013D3_V1p2_typ' technology library is being 
	marked as "dont_use". (PSYN-039)
Warning: The 'PVSS1CAP1' cell in the 'SP013D3_V1p2_typ' technology library does not 
	have corresponding physical cell description. (PSYN-024)
Warning: The 'PVSS3' cell in the 'SP013D3_V1p2_typ' technology library is being 
	marked as "dont_use". (PSYN-039)
Warning: The 'PVSS3' cell in the 'SP013D3_V1p2_typ' technology library does not 
	have corresponding physical cell description. (PSYN-024)
Warning: The 'PVSS3AP' cell in the 'SP013D3_V1p2_typ' technology library is being 
	marked as "dont_use". (PSYN-039)
Warning: The 'PVSS3AP' cell in the 'SP013D3_V1p2_typ' technology library does not 
	have corresponding physical cell description. (PSYN-024)
Warning: The 'PVSS3CAP' cell in the 'SP013D3_V1p2_typ' technology library is being 
	marked as "dont_use". (PSYN-039)
Warning: The 'PVSS3CAP' cell in the 'SP013D3_V1p2_typ' technology library does not 
	have corresponding physical cell description. (PSYN-024)
Warning: The 'PVPP' cell in the 'SP013D3_V1p2_typ' technology library is being 
	marked as "dont_use". (PSYN-039)
Warning: The 'PVPP' cell in the 'SP013D3_V1p2_typ' technology library does not 
	have corresponding physical cell description. (PSYN-024)
Warning: The 'P1DIODE' cell in the 'SP013D3_V1p2_typ' technology library is being 
	marked as "dont_use". (PSYN-039)
Warning: The 'P1DIODE' cell in the 'SP013D3_V1p2_typ' technology library does not 
	have corresponding physical cell description. (PSYN-024)
Warning: The 'P1DIODE8' cell in the 'SP013D3_V1p2_typ' technology library is being 
	marked as "dont_use". (PSYN-039)
Warning: The 'P1DIODE8' cell in the 'SP013D3_V1p2_typ' technology library does not 
	have corresponding physical cell description. (PSYN-024)
Warning: The 'PVDD1CE' cell in the 'SP013D3_V1p2_typ' technology library is being 
	marked as "dont_use". (PSYN-039)
Warning: The 'PVDD1CE' cell in the 'SP013D3_V1p2_typ' technology library does not 
	have corresponding physical cell description. (PSYN-024)
Warning: Cell PVDD1CE has no orientation; check FRAM library library /home/eda/lib/smic/SP013D3_V1p4/apollo/SP013D3_V1p2_8MT cell symmetry.  (PSYN-650)
Warning: Cell PVDD1CE orientation is set to the default. (PSYN-651)
Warning: Cell P1DIODE8 has no orientation; check FRAM library library /home/eda/lib/smic/SP013D3_V1p4/apollo/SP013D3_V1p2_8MT cell symmetry.  (PSYN-650)
Warning: Cell P1DIODE8 orientation is set to the default. (PSYN-651)
Warning: Cell P1DIODE has no orientation; check FRAM library library /home/eda/lib/smic/SP013D3_V1p4/apollo/SP013D3_V1p2_8MT cell symmetry.  (PSYN-650)
Warning: Cell P1DIODE orientation is set to the default. (PSYN-651)
Warning: Cell PVPP has no orientation; check FRAM library library /home/eda/lib/smic/SP013D3_V1p4/apollo/SP013D3_V1p2_8MT cell symmetry.  (PSYN-650)
Warning: Cell PVPP orientation is set to the default. (PSYN-651)
Warning: Cell PVSS3CAP has no orientation; check FRAM library library /home/eda/lib/smic/SP013D3_V1p4/apollo/SP013D3_V1p2_8MT cell symmetry.  (PSYN-650)
Warning: Cell PVSS3CAP orientation is set to the default. (PSYN-651)
Warning: Cell PVSS3AP has no orientation; check FRAM library library /home/eda/lib/smic/SP013D3_V1p4/apollo/SP013D3_V1p2_8MT cell symmetry.  (PSYN-650)
Warning: Cell PVSS3AP orientation is set to the default. (PSYN-651)
Warning: Cell PVSS3 has no orientation; check FRAM library library /home/eda/lib/smic/SP013D3_V1p4/apollo/SP013D3_V1p2_8MT cell symmetry.  (PSYN-650)
Warning: Cell PVSS3 orientation is set to the default. (PSYN-651)
Warning: Cell PVSS1CAP1 has no orientation; check FRAM library library /home/eda/lib/smic/SP013D3_V1p4/apollo/SP013D3_V1p2_8MT cell symmetry.  (PSYN-650)
Warning: Cell PVSS1CAP1 orientation is set to the default. (PSYN-651)
Warning: Cell PVSS1ANP has no orientation; check FRAM library library /home/eda/lib/smic/SP013D3_V1p4/apollo/SP013D3_V1p2_8MT cell symmetry.  (PSYN-650)
Warning: Cell PVSS1ANP orientation is set to the default. (PSYN-651)
Warning: Cell PVSS1CAP has no orientation; check FRAM library library /home/eda/lib/smic/SP013D3_V1p4/apollo/SP013D3_V1p2_8MT cell symmetry.  (PSYN-650)
Warning: Cell PVSS1CAP orientation is set to the default. (PSYN-651)
Warning: Cell PVSS1CANP has no orientation; check FRAM library library /home/eda/lib/smic/SP013D3_V1p4/apollo/SP013D3_V1p2_8MT cell symmetry.  (PSYN-650)
Warning: Cell PVSS1CANP orientation is set to the default. (PSYN-651)
Warning: Cell PVSS1AP1 has no orientation; check FRAM library library /home/eda/lib/smic/SP013D3_V1p4/apollo/SP013D3_V1p2_8MT cell symmetry.  (PSYN-650)
Warning: Cell PVSS1AP1 orientation is set to the default. (PSYN-651)
Warning: Cell PVSS1AP has no orientation; check FRAM library library /home/eda/lib/smic/SP013D3_V1p4/apollo/SP013D3_V1p2_8MT cell symmetry.  (PSYN-650)
Warning: Cell PVSS1AP orientation is set to the default. (PSYN-651)
Warning: Cell PVSS1 has no orientation; check FRAM library library /home/eda/lib/smic/SP013D3_V1p4/apollo/SP013D3_V1p2_8MT cell symmetry.  (PSYN-650)
Warning: Cell PVSS1 orientation is set to the default. (PSYN-651)
Warning: Cell PVDD3CAP has no orientation; check FRAM library library /home/eda/lib/smic/SP013D3_V1p4/apollo/SP013D3_V1p2_8MT cell symmetry.  (PSYN-650)
Warning: Cell PVDD3CAP orientation is set to the default. (PSYN-651)
Warning: Cell PVDD3AP has no orientation; check FRAM library library /home/eda/lib/smic/SP013D3_V1p4/apollo/SP013D3_V1p2_8MT cell symmetry.  (PSYN-650)
Warning: Cell PVDD3AP orientation is set to the default. (PSYN-651)
Warning: Cell PVDD1CAP1 has no orientation; check FRAM library library /home/eda/lib/smic/SP013D3_V1p4/apollo/SP013D3_V1p2_8MT cell symmetry.  (PSYN-650)
Warning: Cell PVDD1CAP1 orientation is set to the default. (PSYN-651)
Warning: Cell PVDD1CAP has no orientation; check FRAM library library /home/eda/lib/smic/SP013D3_V1p4/apollo/SP013D3_V1p2_8MT cell symmetry.  (PSYN-650)
Warning: Cell PVDD1CAP orientation is set to the default. (PSYN-651)
Warning: Cell PVDD1CANP has no orientation; check FRAM library library /home/eda/lib/smic/SP013D3_V1p4/apollo/SP013D3_V1p2_8MT cell symmetry.  (PSYN-650)
Warning: Cell PVDD1CANP orientation is set to the default. (PSYN-651)
Warning: Cell PVDD1ANP has no orientation; check FRAM library library /home/eda/lib/smic/SP013D3_V1p4/apollo/SP013D3_V1p2_8MT cell symmetry.  (PSYN-650)
Warning: Cell PVDD1ANP orientation is set to the default. (PSYN-651)
Warning: Cell PVDD1AP1 has no orientation; check FRAM library library /home/eda/lib/smic/SP013D3_V1p4/apollo/SP013D3_V1p2_8MT cell symmetry.  (PSYN-650)
Warning: Cell PVDD1AP1 orientation is set to the default. (PSYN-651)
Warning: Cell PVDD1AP has no orientation; check FRAM library library /home/eda/lib/smic/SP013D3_V1p4/apollo/SP013D3_V1p2_8MT cell symmetry.  (PSYN-650)
Warning: Cell PVDD1AP orientation is set to the default. (PSYN-651)
Warning: Cell PVDD1 has no orientation; check FRAM library library /home/eda/lib/smic/SP013D3_V1p4/apollo/SP013D3_V1p2_8MT cell symmetry.  (PSYN-650)
Warning: Cell PVDD1 orientation is set to the default. (PSYN-651)
Warning: Cell PDIODE8 has no orientation; check FRAM library library /home/eda/lib/smic/SP013D3_V1p4/apollo/SP013D3_V1p2_8MT cell symmetry.  (PSYN-650)
Warning: Cell PDIODE8 orientation is set to the default. (PSYN-651)
Warning: Cell PDIODE has no orientation; check FRAM library library /home/eda/lib/smic/SP013D3_V1p4/apollo/SP013D3_V1p2_8MT cell symmetry.  (PSYN-650)
Warning: Cell PDIODE orientation is set to the default. (PSYN-651)
Warning: Cell PANA4AP has no orientation; check FRAM library library /home/eda/lib/smic/SP013D3_V1p4/apollo/SP013D3_V1p2_8MT cell symmetry.  (PSYN-650)
Warning: Cell PANA4AP orientation is set to the default. (PSYN-651)
Warning: Cell PANA2AP1 has no orientation; check FRAM library library /home/eda/lib/smic/SP013D3_V1p4/apollo/SP013D3_V1p2_8MT cell symmetry.  (PSYN-650)
Warning: Cell PANA2AP1 orientation is set to the default. (PSYN-651)
Warning: Cell PANA2AP has no orientation; check FRAM library library /home/eda/lib/smic/SP013D3_V1p4/apollo/SP013D3_V1p2_8MT cell symmetry.  (PSYN-650)
Warning: Cell PANA2AP orientation is set to the default. (PSYN-651)
Warning: Cell PANA1AP1 has no orientation; check FRAM library library /home/eda/lib/smic/SP013D3_V1p4/apollo/SP013D3_V1p2_8MT cell symmetry.  (PSYN-650)
Warning: Cell PANA1AP1 orientation is set to the default. (PSYN-651)
Warning: Cell PANA1AP has no orientation; check FRAM library library /home/eda/lib/smic/SP013D3_V1p4/apollo/SP013D3_V1p2_8MT cell symmetry.  (PSYN-650)
Warning: Cell PANA1AP orientation is set to the default. (PSYN-651)
Warning: Cell PANA3AP has no orientation; check FRAM library library /home/eda/lib/smic/SP013D3_V1p4/apollo/SP013D3_V1p2_8MT cell symmetry.  (PSYN-650)
Warning: Cell PANA3AP orientation is set to the default. (PSYN-651)
Warning: Cell PCI6BS has no orientation; check FRAM library library /home/eda/lib/smic/SP013D3_V1p4/apollo/SP013D3_V1p2_8MT cell symmetry.  (PSYN-650)
Warning: Cell PCI6BS orientation is set to the default. (PSYN-651)
Warning: Cell PCI6B has no orientation; check FRAM library library /home/eda/lib/smic/SP013D3_V1p4/apollo/SP013D3_V1p2_8MT cell symmetry.  (PSYN-650)
Warning: Cell PCI6B orientation is set to the default. (PSYN-651)
Warning: Cell PCI3BS has no orientation; check FRAM library library /home/eda/lib/smic/SP013D3_V1p4/apollo/SP013D3_V1p2_8MT cell symmetry.  (PSYN-650)
Warning: Cell PCI3BS orientation is set to the default. (PSYN-651)
Warning: Cell PCI3B has no orientation; check FRAM library library /home/eda/lib/smic/SP013D3_V1p4/apollo/SP013D3_V1p2_8MT cell symmetry.  (PSYN-650)
Warning: Cell PCI3B orientation is set to the default. (PSYN-651)
Warning: Cell PXWE3 has no orientation; check FRAM library library /home/eda/lib/smic/SP013D3_V1p4/apollo/SP013D3_V1p2_8MT cell symmetry.  (PSYN-650)
Warning: Cell PXWE3 orientation is set to the default. (PSYN-651)
Warning: Cell PXWE2 has no orientation; check FRAM library library /home/eda/lib/smic/SP013D3_V1p4/apollo/SP013D3_V1p2_8MT cell symmetry.  (PSYN-650)
Warning: Cell PXWE2 orientation is set to the default. (PSYN-651)
Warning: Cell PXWE1 has no orientation; check FRAM library library /home/eda/lib/smic/SP013D3_V1p4/apollo/SP013D3_V1p2_8MT cell symmetry.  (PSYN-650)
Warning: Cell PXWE1 orientation is set to the default. (PSYN-651)
Warning: Cell PX3 has no orientation; check FRAM library library /home/eda/lib/smic/SP013D3_V1p4/apollo/SP013D3_V1p2_8MT cell symmetry.  (PSYN-650)
Warning: Cell PX3 orientation is set to the default. (PSYN-651)
Warning: Cell PX2 has no orientation; check FRAM library library /home/eda/lib/smic/SP013D3_V1p4/apollo/SP013D3_V1p2_8MT cell symmetry.  (PSYN-650)
Warning: Cell PX2 orientation is set to the default. (PSYN-651)
Warning: Cell PX1 has no orientation; check FRAM library library /home/eda/lib/smic/SP013D3_V1p4/apollo/SP013D3_V1p2_8MT cell symmetry.  (PSYN-650)
Warning: Cell PX1 orientation is set to the default. (PSYN-651)
Warning: Cell POTL8 has no orientation; check FRAM library library /home/eda/lib/smic/SP013D3_V1p4/apollo/SP013D3_V1p2_8MT cell symmetry.  (PSYN-650)
Warning: Cell POTL8 orientation is set to the default. (PSYN-651)
Warning: Cell POTL24 has no orientation; check FRAM library library /home/eda/lib/smic/SP013D3_V1p4/apollo/SP013D3_V1p2_8MT cell symmetry.  (PSYN-650)
Warning: Cell POTL24 orientation is set to the default. (PSYN-651)
Warning: Cell POTL16 has no orientation; check FRAM library library /home/eda/lib/smic/SP013D3_V1p4/apollo/SP013D3_V1p2_8MT cell symmetry.  (PSYN-650)
Warning: Cell POTL16 orientation is set to the default. (PSYN-651)
Warning: Cell POTL12 has no orientation; check FRAM library library /home/eda/lib/smic/SP013D3_V1p4/apollo/SP013D3_V1p2_8MT cell symmetry.  (PSYN-650)
Warning: Cell POTL12 orientation is set to the default. (PSYN-651)
Warning: Cell POT8 has no orientation; check FRAM library library /home/eda/lib/smic/SP013D3_V1p4/apollo/SP013D3_V1p2_8MT cell symmetry.  (PSYN-650)
Warning: Cell POT8 orientation is set to the default. (PSYN-651)
Warning: Cell POT4 has no orientation; check FRAM library library /home/eda/lib/smic/SP013D3_V1p4/apollo/SP013D3_V1p2_8MT cell symmetry.  (PSYN-650)
Warning: Cell POT4 orientation is set to the default. (PSYN-651)
Warning: Cell POT24 has no orientation; check FRAM library library /home/eda/lib/smic/SP013D3_V1p4/apollo/SP013D3_V1p2_8MT cell symmetry.  (PSYN-650)
Warning: Cell POT24 orientation is set to the default. (PSYN-651)
Warning: Cell POT2 has no orientation; check FRAM library library /home/eda/lib/smic/SP013D3_V1p4/apollo/SP013D3_V1p2_8MT cell symmetry.  (PSYN-650)
Warning: Cell POT2 orientation is set to the default. (PSYN-651)
Warning: Cell POT16 has no orientation; check FRAM library library /home/eda/lib/smic/SP013D3_V1p4/apollo/SP013D3_V1p2_8MT cell symmetry.  (PSYN-650)
Warning: Cell POT16 orientation is set to the default. (PSYN-651)
Warning: Cell POT12 has no orientation; check FRAM library library /home/eda/lib/smic/SP013D3_V1p4/apollo/SP013D3_V1p2_8MT cell symmetry.  (PSYN-650)
Warning: Cell POT12 orientation is set to the default. (PSYN-651)
Warning: Cell POL8 has no orientation; check FRAM library library /home/eda/lib/smic/SP013D3_V1p4/apollo/SP013D3_V1p2_8MT cell symmetry.  (PSYN-650)
Warning: Cell POL8 orientation is set to the default. (PSYN-651)
Warning: Cell POL24 has no orientation; check FRAM library library /home/eda/lib/smic/SP013D3_V1p4/apollo/SP013D3_V1p2_8MT cell symmetry.  (PSYN-650)
Warning: Cell POL24 orientation is set to the default. (PSYN-651)
Warning: Cell POL16 has no orientation; check FRAM library library /home/eda/lib/smic/SP013D3_V1p4/apollo/SP013D3_V1p2_8MT cell symmetry.  (PSYN-650)
Warning: Cell POL16 orientation is set to the default. (PSYN-651)
Warning: Cell POL12 has no orientation; check FRAM library library /home/eda/lib/smic/SP013D3_V1p4/apollo/SP013D3_V1p2_8MT cell symmetry.  (PSYN-650)
Warning: Cell POL12 orientation is set to the default. (PSYN-651)
Warning: Cell PO8 has no orientation; check FRAM library library /home/eda/lib/smic/SP013D3_V1p4/apollo/SP013D3_V1p2_8MT cell symmetry.  (PSYN-650)
Warning: Cell PO8 orientation is set to the default. (PSYN-651)
Warning: Cell PO4 has no orientation; check FRAM library library /home/eda/lib/smic/SP013D3_V1p4/apollo/SP013D3_V1p2_8MT cell symmetry.  (PSYN-650)
Warning: Cell PO4 orientation is set to the default. (PSYN-651)
Warning: Cell PO24 has no orientation; check FRAM library library /home/eda/lib/smic/SP013D3_V1p4/apollo/SP013D3_V1p2_8MT cell symmetry.  (PSYN-650)
Warning: Cell PO24 orientation is set to the default. (PSYN-651)
Warning: Cell PO2 has no orientation; check FRAM library library /home/eda/lib/smic/SP013D3_V1p4/apollo/SP013D3_V1p2_8MT cell symmetry.  (PSYN-650)
Warning: Cell PO2 orientation is set to the default. (PSYN-651)
Warning: Cell PO16 has no orientation; check FRAM library library /home/eda/lib/smic/SP013D3_V1p4/apollo/SP013D3_V1p2_8MT cell symmetry.  (PSYN-650)
Warning: Cell PO16 orientation is set to the default. (PSYN-651)
Warning: Cell PO12 has no orientation; check FRAM library library /home/eda/lib/smic/SP013D3_V1p4/apollo/SP013D3_V1p2_8MT cell symmetry.  (PSYN-650)
Warning: Cell PO12 orientation is set to the default. (PSYN-651)
Warning: Cell PIU has no orientation; check FRAM library library /home/eda/lib/smic/SP013D3_V1p4/apollo/SP013D3_V1p2_8MT cell symmetry.  (PSYN-650)
Warning: Cell PIU orientation is set to the default. (PSYN-651)
Warning: Cell PISU has no orientation; check FRAM library library /home/eda/lib/smic/SP013D3_V1p4/apollo/SP013D3_V1p2_8MT cell symmetry.  (PSYN-650)
Warning: Cell PISU orientation is set to the default. (PSYN-651)
Warning: Cell PISD has no orientation; check FRAM library library /home/eda/lib/smic/SP013D3_V1p4/apollo/SP013D3_V1p2_8MT cell symmetry.  (PSYN-650)
Warning: Cell PISD orientation is set to the default. (PSYN-651)
Warning: Cell PIS has no orientation; check FRAM library library /home/eda/lib/smic/SP013D3_V1p4/apollo/SP013D3_V1p2_8MT cell symmetry.  (PSYN-650)
Warning: Cell PIS orientation is set to the default. (PSYN-651)
Warning: Cell PID has no orientation; check FRAM library library /home/eda/lib/smic/SP013D3_V1p4/apollo/SP013D3_V1p2_8MT cell symmetry.  (PSYN-650)
Warning: Cell PID orientation is set to the default. (PSYN-651)
Warning: Cell PICU has no orientation; check FRAM library library /home/eda/lib/smic/SP013D3_V1p4/apollo/SP013D3_V1p2_8MT cell symmetry.  (PSYN-650)
Warning: Cell PICU orientation is set to the default. (PSYN-651)
Warning: Cell PICD has no orientation; check FRAM library library /home/eda/lib/smic/SP013D3_V1p4/apollo/SP013D3_V1p2_8MT cell symmetry.  (PSYN-650)
Warning: Cell PICD orientation is set to the default. (PSYN-651)
Warning: Cell PI has no orientation; check FRAM library library /home/eda/lib/smic/SP013D3_V1p4/apollo/SP013D3_V1p2_8MT cell symmetry.  (PSYN-650)
Warning: Cell PI orientation is set to the default. (PSYN-651)
Warning: Cell PBUL8 has no orientation; check FRAM library library /home/eda/lib/smic/SP013D3_V1p4/apollo/SP013D3_V1p2_8MT cell symmetry.  (PSYN-650)
Warning: Cell PBUL8 orientation is set to the default. (PSYN-651)
Warning: Cell PBUL24 has no orientation; check FRAM library library /home/eda/lib/smic/SP013D3_V1p4/apollo/SP013D3_V1p2_8MT cell symmetry.  (PSYN-650)
Warning: Cell PBUL24 orientation is set to the default. (PSYN-651)
Warning: Cell PBUL16 has no orientation; check FRAM library library /home/eda/lib/smic/SP013D3_V1p4/apollo/SP013D3_V1p2_8MT cell symmetry.  (PSYN-650)
Warning: Cell PBUL16 orientation is set to the default. (PSYN-651)
Warning: Cell PBUL12 has no orientation; check FRAM library library /home/eda/lib/smic/SP013D3_V1p4/apollo/SP013D3_V1p2_8MT cell symmetry.  (PSYN-650)
Warning: Cell PBUL12 orientation is set to the default. (PSYN-651)
Warning: Cell PBU8 has no orientation; check FRAM library library /home/eda/lib/smic/SP013D3_V1p4/apollo/SP013D3_V1p2_8MT cell symmetry.  (PSYN-650)
Warning: Cell PBU8 orientation is set to the default. (PSYN-651)
Warning: Cell PBU4 has no orientation; check FRAM library library /home/eda/lib/smic/SP013D3_V1p4/apollo/SP013D3_V1p2_8MT cell symmetry.  (PSYN-650)
Warning: Cell PBU4 orientation is set to the default. (PSYN-651)
Warning: Cell PBU24 has no orientation; check FRAM library library /home/eda/lib/smic/SP013D3_V1p4/apollo/SP013D3_V1p2_8MT cell symmetry.  (PSYN-650)
Warning: Cell PBU24 orientation is set to the default. (PSYN-651)
Warning: Cell PBU2 has no orientation; check FRAM library library /home/eda/lib/smic/SP013D3_V1p4/apollo/SP013D3_V1p2_8MT cell symmetry.  (PSYN-650)
Warning: Cell PBU2 orientation is set to the default. (PSYN-651)
Warning: Cell PBU16 has no orientation; check FRAM library library /home/eda/lib/smic/SP013D3_V1p4/apollo/SP013D3_V1p2_8MT cell symmetry.  (PSYN-650)
Warning: Cell PBU16 orientation is set to the default. (PSYN-651)
Warning: Cell PBU12 has no orientation; check FRAM library library /home/eda/lib/smic/SP013D3_V1p4/apollo/SP013D3_V1p2_8MT cell symmetry.  (PSYN-650)
Warning: Cell PBU12 orientation is set to the default. (PSYN-651)
Warning: Cell PBSUL8 has no orientation; check FRAM library library /home/eda/lib/smic/SP013D3_V1p4/apollo/SP013D3_V1p2_8MT cell symmetry.  (PSYN-650)
Warning: Cell PBSUL8 orientation is set to the default. (PSYN-651)
Warning: Cell PBSUL24 has no orientation; check FRAM library library /home/eda/lib/smic/SP013D3_V1p4/apollo/SP013D3_V1p2_8MT cell symmetry.  (PSYN-650)
Warning: Cell PBSUL24 orientation is set to the default. (PSYN-651)
Warning: Cell PBSUL16 has no orientation; check FRAM library library /home/eda/lib/smic/SP013D3_V1p4/apollo/SP013D3_V1p2_8MT cell symmetry.  (PSYN-650)
Warning: Cell PBSUL16 orientation is set to the default. (PSYN-651)
Warning: Cell PBSUL12 has no orientation; check FRAM library library /home/eda/lib/smic/SP013D3_V1p4/apollo/SP013D3_V1p2_8MT cell symmetry.  (PSYN-650)
Warning: Cell PBSUL12 orientation is set to the default. (PSYN-651)
Warning: Cell PBSU8 has no orientation; check FRAM library library /home/eda/lib/smic/SP013D3_V1p4/apollo/SP013D3_V1p2_8MT cell symmetry.  (PSYN-650)
Warning: Cell PBSU8 orientation is set to the default. (PSYN-651)
Warning: Cell PBSU4 has no orientation; check FRAM library library /home/eda/lib/smic/SP013D3_V1p4/apollo/SP013D3_V1p2_8MT cell symmetry.  (PSYN-650)
Warning: Cell PBSU4 orientation is set to the default. (PSYN-651)
Warning: Cell PBSU24 has no orientation; check FRAM library library /home/eda/lib/smic/SP013D3_V1p4/apollo/SP013D3_V1p2_8MT cell symmetry.  (PSYN-650)
Warning: Cell PBSU24 orientation is set to the default. (PSYN-651)
Warning: Cell PBSU2 has no orientation; check FRAM library library /home/eda/lib/smic/SP013D3_V1p4/apollo/SP013D3_V1p2_8MT cell symmetry.  (PSYN-650)
Warning: Cell PBSU2 orientation is set to the default. (PSYN-651)
Warning: Cell PBSU16 has no orientation; check FRAM library library /home/eda/lib/smic/SP013D3_V1p4/apollo/SP013D3_V1p2_8MT cell symmetry.  (PSYN-650)
Warning: Cell PBSU16 orientation is set to the default. (PSYN-651)
Warning: Cell PBSU12 has no orientation; check FRAM library library /home/eda/lib/smic/SP013D3_V1p4/apollo/SP013D3_V1p2_8MT cell symmetry.  (PSYN-650)
Warning: Cell PBSU12 orientation is set to the default. (PSYN-651)
Warning: Cell PBSL8 has no orientation; check FRAM library library /home/eda/lib/smic/SP013D3_V1p4/apollo/SP013D3_V1p2_8MT cell symmetry.  (PSYN-650)
Warning: Cell PBSL8 orientation is set to the default. (PSYN-651)
Warning: Cell PBSL24 has no orientation; check FRAM library library /home/eda/lib/smic/SP013D3_V1p4/apollo/SP013D3_V1p2_8MT cell symmetry.  (PSYN-650)
Warning: Cell PBSL24 orientation is set to the default. (PSYN-651)
Warning: Cell PBSL16 has no orientation; check FRAM library library /home/eda/lib/smic/SP013D3_V1p4/apollo/SP013D3_V1p2_8MT cell symmetry.  (PSYN-650)
Warning: Cell PBSL16 orientation is set to the default. (PSYN-651)
Warning: Cell PBSL12 has no orientation; check FRAM library library /home/eda/lib/smic/SP013D3_V1p4/apollo/SP013D3_V1p2_8MT cell symmetry.  (PSYN-650)
Warning: Cell PBSL12 orientation is set to the default. (PSYN-651)
Warning: Cell PBSDL8 has no orientation; check FRAM library library /home/eda/lib/smic/SP013D3_V1p4/apollo/SP013D3_V1p2_8MT cell symmetry.  (PSYN-650)
Warning: Cell PBSDL8 orientation is set to the default. (PSYN-651)
Warning: Cell PBSDL24 has no orientation; check FRAM library library /home/eda/lib/smic/SP013D3_V1p4/apollo/SP013D3_V1p2_8MT cell symmetry.  (PSYN-650)
Warning: Cell PBSDL24 orientation is set to the default. (PSYN-651)
Warning: Cell PBSDL16 has no orientation; check FRAM library library /home/eda/lib/smic/SP013D3_V1p4/apollo/SP013D3_V1p2_8MT cell symmetry.  (PSYN-650)
Warning: Cell PBSDL16 orientation is set to the default. (PSYN-651)
Warning: Cell PBSDL12 has no orientation; check FRAM library library /home/eda/lib/smic/SP013D3_V1p4/apollo/SP013D3_V1p2_8MT cell symmetry.  (PSYN-650)
Warning: Cell PBSDL12 orientation is set to the default. (PSYN-651)
Warning: Cell PBSD8 has no orientation; check FRAM library library /home/eda/lib/smic/SP013D3_V1p4/apollo/SP013D3_V1p2_8MT cell symmetry.  (PSYN-650)
Warning: Cell PBSD8 orientation is set to the default. (PSYN-651)
Warning: Cell PBSD4 has no orientation; check FRAM library library /home/eda/lib/smic/SP013D3_V1p4/apollo/SP013D3_V1p2_8MT cell symmetry.  (PSYN-650)
Warning: Cell PBSD4 orientation is set to the default. (PSYN-651)
Warning: Cell PBSD24 has no orientation; check FRAM library library /home/eda/lib/smic/SP013D3_V1p4/apollo/SP013D3_V1p2_8MT cell symmetry.  (PSYN-650)
Warning: Cell PBSD24 orientation is set to the default. (PSYN-651)
Warning: Cell PBSD2 has no orientation; check FRAM library library /home/eda/lib/smic/SP013D3_V1p4/apollo/SP013D3_V1p2_8MT cell symmetry.  (PSYN-650)
Warning: Cell PBSD2 orientation is set to the default. (PSYN-651)
Warning: Cell PBSD16 has no orientation; check FRAM library library /home/eda/lib/smic/SP013D3_V1p4/apollo/SP013D3_V1p2_8MT cell symmetry.  (PSYN-650)
Warning: Cell PBSD16 orientation is set to the default. (PSYN-651)
Warning: Cell PBSD12 has no orientation; check FRAM library library /home/eda/lib/smic/SP013D3_V1p4/apollo/SP013D3_V1p2_8MT cell symmetry.  (PSYN-650)
Warning: Cell PBSD12 orientation is set to the default. (PSYN-651)
Warning: Cell PBS8 has no orientation; check FRAM library library /home/eda/lib/smic/SP013D3_V1p4/apollo/SP013D3_V1p2_8MT cell symmetry.  (PSYN-650)
Warning: Cell PBS8 orientation is set to the default. (PSYN-651)
Warning: Cell PBS4 has no orientation; check FRAM library library /home/eda/lib/smic/SP013D3_V1p4/apollo/SP013D3_V1p2_8MT cell symmetry.  (PSYN-650)
Warning: Cell PBS4 orientation is set to the default. (PSYN-651)
Warning: Cell PBS24 has no orientation; check FRAM library library /home/eda/lib/smic/SP013D3_V1p4/apollo/SP013D3_V1p2_8MT cell symmetry.  (PSYN-650)
Warning: Cell PBS24 orientation is set to the default. (PSYN-651)
Warning: Cell PBS2 has no orientation; check FRAM library library /home/eda/lib/smic/SP013D3_V1p4/apollo/SP013D3_V1p2_8MT cell symmetry.  (PSYN-650)
Warning: Cell PBS2 orientation is set to the default. (PSYN-651)
Warning: Cell PBS16 has no orientation; check FRAM library library /home/eda/lib/smic/SP013D3_V1p4/apollo/SP013D3_V1p2_8MT cell symmetry.  (PSYN-650)
Warning: Cell PBS16 orientation is set to the default. (PSYN-651)
Warning: Cell PBS12 has no orientation; check FRAM library library /home/eda/lib/smic/SP013D3_V1p4/apollo/SP013D3_V1p2_8MT cell symmetry.  (PSYN-650)
Warning: Cell PBS12 orientation is set to the default. (PSYN-651)
Warning: Cell PBL8 has no orientation; check FRAM library library /home/eda/lib/smic/SP013D3_V1p4/apollo/SP013D3_V1p2_8MT cell symmetry.  (PSYN-650)
Warning: Cell PBL8 orientation is set to the default. (PSYN-651)
Warning: Cell PBL24 has no orientation; check FRAM library library /home/eda/lib/smic/SP013D3_V1p4/apollo/SP013D3_V1p2_8MT cell symmetry.  (PSYN-650)
Warning: Cell PBL24 orientation is set to the default. (PSYN-651)
Warning: Cell PBL16 has no orientation; check FRAM library library /home/eda/lib/smic/SP013D3_V1p4/apollo/SP013D3_V1p2_8MT cell symmetry.  (PSYN-650)
Warning: Cell PBL16 orientation is set to the default. (PSYN-651)
Warning: Cell PBL12 has no orientation; check FRAM library library /home/eda/lib/smic/SP013D3_V1p4/apollo/SP013D3_V1p2_8MT cell symmetry.  (PSYN-650)
Warning: Cell PBL12 orientation is set to the default. (PSYN-651)
Warning: Cell PBDL8 has no orientation; check FRAM library library /home/eda/lib/smic/SP013D3_V1p4/apollo/SP013D3_V1p2_8MT cell symmetry.  (PSYN-650)
Warning: Cell PBDL8 orientation is set to the default. (PSYN-651)
Warning: Cell PBDL24 has no orientation; check FRAM library library /home/eda/lib/smic/SP013D3_V1p4/apollo/SP013D3_V1p2_8MT cell symmetry.  (PSYN-650)
Warning: Cell PBDL24 orientation is set to the default. (PSYN-651)
Warning: Cell PBDL16 has no orientation; check FRAM library library /home/eda/lib/smic/SP013D3_V1p4/apollo/SP013D3_V1p2_8MT cell symmetry.  (PSYN-650)
Warning: Cell PBDL16 orientation is set to the default. (PSYN-651)
Warning: Cell PBDL12 has no orientation; check FRAM library library /home/eda/lib/smic/SP013D3_V1p4/apollo/SP013D3_V1p2_8MT cell symmetry.  (PSYN-650)
Warning: Cell PBDL12 orientation is set to the default. (PSYN-651)
Warning: Cell PBD8 has no orientation; check FRAM library library /home/eda/lib/smic/SP013D3_V1p4/apollo/SP013D3_V1p2_8MT cell symmetry.  (PSYN-650)
Warning: Cell PBD8 orientation is set to the default. (PSYN-651)
Warning: Cell PBD4 has no orientation; check FRAM library library /home/eda/lib/smic/SP013D3_V1p4/apollo/SP013D3_V1p2_8MT cell symmetry.  (PSYN-650)
Warning: Cell PBD4 orientation is set to the default. (PSYN-651)
Warning: Cell PBD24 has no orientation; check FRAM library library /home/eda/lib/smic/SP013D3_V1p4/apollo/SP013D3_V1p2_8MT cell symmetry.  (PSYN-650)
Warning: Cell PBD24 orientation is set to the default. (PSYN-651)
Warning: Cell PBD2 has no orientation; check FRAM library library /home/eda/lib/smic/SP013D3_V1p4/apollo/SP013D3_V1p2_8MT cell symmetry.  (PSYN-650)
Warning: Cell PBD2 orientation is set to the default. (PSYN-651)
Warning: Cell PBD16 has no orientation; check FRAM library library /home/eda/lib/smic/SP013D3_V1p4/apollo/SP013D3_V1p2_8MT cell symmetry.  (PSYN-650)
Warning: Cell PBD16 orientation is set to the default. (PSYN-651)
Warning: Cell PBD12 has no orientation; check FRAM library library /home/eda/lib/smic/SP013D3_V1p4/apollo/SP013D3_V1p2_8MT cell symmetry.  (PSYN-650)
Warning: Cell PBD12 orientation is set to the default. (PSYN-651)
Warning: Cell PBCUL8 has no orientation; check FRAM library library /home/eda/lib/smic/SP013D3_V1p4/apollo/SP013D3_V1p2_8MT cell symmetry.  (PSYN-650)
Warning: Cell PBCUL8 orientation is set to the default. (PSYN-651)
Warning: Cell PBCUL24 has no orientation; check FRAM library library /home/eda/lib/smic/SP013D3_V1p4/apollo/SP013D3_V1p2_8MT cell symmetry.  (PSYN-650)
Warning: Cell PBCUL24 orientation is set to the default. (PSYN-651)
Warning: Cell PBCUL16 has no orientation; check FRAM library library /home/eda/lib/smic/SP013D3_V1p4/apollo/SP013D3_V1p2_8MT cell symmetry.  (PSYN-650)
Warning: Cell PBCUL16 orientation is set to the default. (PSYN-651)
Warning: Cell PBCUL12 has no orientation; check FRAM library library /home/eda/lib/smic/SP013D3_V1p4/apollo/SP013D3_V1p2_8MT cell symmetry.  (PSYN-650)
Warning: Cell PBCUL12 orientation is set to the default. (PSYN-651)
Warning: Cell PBCU8 has no orientation; check FRAM library library /home/eda/lib/smic/SP013D3_V1p4/apollo/SP013D3_V1p2_8MT cell symmetry.  (PSYN-650)
Warning: Cell PBCU8 orientation is set to the default. (PSYN-651)
Warning: Cell PBCU4 has no orientation; check FRAM library library /home/eda/lib/smic/SP013D3_V1p4/apollo/SP013D3_V1p2_8MT cell symmetry.  (PSYN-650)
Warning: Cell PBCU4 orientation is set to the default. (PSYN-651)
Warning: Cell PBCU24 has no orientation; check FRAM library library /home/eda/lib/smic/SP013D3_V1p4/apollo/SP013D3_V1p2_8MT cell symmetry.  (PSYN-650)
Warning: Cell PBCU24 orientation is set to the default. (PSYN-651)
Warning: Cell PBCU2 has no orientation; check FRAM library library /home/eda/lib/smic/SP013D3_V1p4/apollo/SP013D3_V1p2_8MT cell symmetry.  (PSYN-650)
Warning: Cell PBCU2 orientation is set to the default. (PSYN-651)
Warning: Cell PBCU16 has no orientation; check FRAM library library /home/eda/lib/smic/SP013D3_V1p4/apollo/SP013D3_V1p2_8MT cell symmetry.  (PSYN-650)
Warning: Cell PBCU16 orientation is set to the default. (PSYN-651)
Warning: Cell PBCU12 has no orientation; check FRAM library library /home/eda/lib/smic/SP013D3_V1p4/apollo/SP013D3_V1p2_8MT cell symmetry.  (PSYN-650)
Warning: Cell PBCU12 orientation is set to the default. (PSYN-651)
Warning: Cell PBCDL8 has no orientation; check FRAM library library /home/eda/lib/smic/SP013D3_V1p4/apollo/SP013D3_V1p2_8MT cell symmetry.  (PSYN-650)
Warning: Cell PBCDL8 orientation is set to the default. (PSYN-651)
Warning: Cell PBCDL24 has no orientation; check FRAM library library /home/eda/lib/smic/SP013D3_V1p4/apollo/SP013D3_V1p2_8MT cell symmetry.  (PSYN-650)
Warning: Cell PBCDL24 orientation is set to the default. (PSYN-651)
Warning: Cell PBCDL16 has no orientation; check FRAM library library /home/eda/lib/smic/SP013D3_V1p4/apollo/SP013D3_V1p2_8MT cell symmetry.  (PSYN-650)
Warning: Cell PBCDL16 orientation is set to the default. (PSYN-651)
Warning: Cell PBCDL12 has no orientation; check FRAM library library /home/eda/lib/smic/SP013D3_V1p4/apollo/SP013D3_V1p2_8MT cell symmetry.  (PSYN-650)
Warning: Cell PBCDL12 orientation is set to the default. (PSYN-651)
Warning: Cell PBCD8 has no orientation; check FRAM library library /home/eda/lib/smic/SP013D3_V1p4/apollo/SP013D3_V1p2_8MT cell symmetry.  (PSYN-650)
Warning: Cell PBCD8 orientation is set to the default. (PSYN-651)
Warning: Cell PBCD4 has no orientation; check FRAM library library /home/eda/lib/smic/SP013D3_V1p4/apollo/SP013D3_V1p2_8MT cell symmetry.  (PSYN-650)
Warning: Cell PBCD4 orientation is set to the default. (PSYN-651)
Warning: Cell PBCD24 has no orientation; check FRAM library library /home/eda/lib/smic/SP013D3_V1p4/apollo/SP013D3_V1p2_8MT cell symmetry.  (PSYN-650)
Warning: Cell PBCD24 orientation is set to the default. (PSYN-651)
Warning: Cell PBCD2 has no orientation; check FRAM library library /home/eda/lib/smic/SP013D3_V1p4/apollo/SP013D3_V1p2_8MT cell symmetry.  (PSYN-650)
Warning: Cell PBCD2 orientation is set to the default. (PSYN-651)
Warning: Cell PBCD16 has no orientation; check FRAM library library /home/eda/lib/smic/SP013D3_V1p4/apollo/SP013D3_V1p2_8MT cell symmetry.  (PSYN-650)
Warning: Cell PBCD16 orientation is set to the default. (PSYN-651)
Warning: Cell PBCD12 has no orientation; check FRAM library library /home/eda/lib/smic/SP013D3_V1p4/apollo/SP013D3_V1p2_8MT cell symmetry.  (PSYN-650)
Warning: Cell PBCD12 orientation is set to the default. (PSYN-651)
Warning: Cell PB8 has no orientation; check FRAM library library /home/eda/lib/smic/SP013D3_V1p4/apollo/SP013D3_V1p2_8MT cell symmetry.  (PSYN-650)
Warning: Cell PB8 orientation is set to the default. (PSYN-651)
Warning: Cell PB4 has no orientation; check FRAM library library /home/eda/lib/smic/SP013D3_V1p4/apollo/SP013D3_V1p2_8MT cell symmetry.  (PSYN-650)
Warning: Cell PB4 orientation is set to the default. (PSYN-651)
Warning: Cell PB24 has no orientation; check FRAM library library /home/eda/lib/smic/SP013D3_V1p4/apollo/SP013D3_V1p2_8MT cell symmetry.  (PSYN-650)
Warning: Cell PB24 orientation is set to the default. (PSYN-651)
Warning: Cell PB2 has no orientation; check FRAM library library /home/eda/lib/smic/SP013D3_V1p4/apollo/SP013D3_V1p2_8MT cell symmetry.  (PSYN-650)
Warning: Cell PB2 orientation is set to the default. (PSYN-651)
Warning: Cell PB16 has no orientation; check FRAM library library /home/eda/lib/smic/SP013D3_V1p4/apollo/SP013D3_V1p2_8MT cell symmetry.  (PSYN-650)
Warning: Cell PB16 orientation is set to the default. (PSYN-651)
Warning: Cell PB12 has no orientation; check FRAM library library /home/eda/lib/smic/SP013D3_V1p4/apollo/SP013D3_V1p2_8MT cell symmetry.  (PSYN-650)
Warning: Cell PB12 orientation is set to the default. (PSYN-651)
Information: Loading local_link_library attribute . (MWDC-290)

  Linking design 'control_pad'
  Using the following designs and libraries:
  --------------------------------------------------------------------------
  control_pad                 place.CEL
  typical_1v2c25 (library)    /home/eda/lib/smic/aci/sc-x/synopsys/typical_1v2c25.db
  SP013D3_V1p2_typ (library)  /home/eda/lib/smic/SP013D3_V1p4/syn/SP013D3_V1p2_typ.db

Warning: Cell PFILL001 has no orientation; check FRAM library library /home/eda/lib/smic/SP013D3_V1p4/apollo/SP013D3_V1p2_8MT cell symmetry.  (PSYN-650)
Warning: Cell PFILL001 orientation is set to the default. (PSYN-651)
Warning: Cell PCORNER has no orientation; check FRAM library library /home/eda/lib/smic/SP013D3_V1p4/apollo/SP013D3_V1p2_8MT cell symmetry.  (PSYN-650)
Warning: Cell PCORNER orientation is set to the default. (PSYN-651)
Warning: Cell PVSS2 has no orientation; check FRAM library library /home/eda/lib/smic/SP013D3_V1p4/apollo/SP013D3_V1p2_8MT cell symmetry.  (PSYN-650)
Warning: Cell PVSS2 orientation is set to the default. (PSYN-651)
Warning: Cell PVDD2 has no orientation; check FRAM library library /home/eda/lib/smic/SP013D3_V1p4/apollo/SP013D3_V1p2_8MT cell symmetry.  (PSYN-650)
Warning: Cell PVDD2 orientation is set to the default. (PSYN-651)
# GUI Debug: Building dc from empty. -- Time: 1sec 799ms
RM-Info: Completed script /home/user123/Desktop/ASIC/icc/scripts/common_optimization_settings_icc.tcl

source  ../scripts/common_placement_settings_icc.tcl 
RM-Info: Running script /home/user123/Desktop/ASIC/icc/scripts/common_placement_settings_icc.tcl

Warning: The design has already been assigned layer constraints and we will overwrite the constraints. (RT-064)
Warning: The design has already been assigned layer constraints and we will overwrite the constraints. (RT-064)
RM-Info: Completed script /home/user123/Desktop/ASIC/icc/scripts/common_placement_settings_icc.tcl

#################################################### 
check_physical_design -stage pre_place_opt 
Information: The design has horizontal rows, and Y-symmetry has been used for sites. (MWDC-217)
Floorplan loading succeeded.
Information: Disabling timing checks inside check_ilm 
Information: Disabling timing checks inside check_block_abstraction 
Warning: Cell 'i_rst' is being marked as "dont_touch" because it has 
	a fixed_placement attribute. (PSYN-040)
Warning: Cell 'i_clk' is being marked as "dont_touch" because it has 
	a fixed_placement attribute. (PSYN-040)
Warning: Cell 'i_zero' is being marked as "dont_touch" because it has 
	a fixed_placement attribute. (PSYN-040)
Warning: Cell 'i_opcode_0' is being marked as "dont_touch" because it has 
	a fixed_placement attribute. (PSYN-040)
Warning: Cell 'i_opcode_1' is being marked as "dont_touch" because it has 
	a fixed_placement attribute. (PSYN-040)
Warning: Cell 'i_opcode_2' is being marked as "dont_touch" because it has 
	a fixed_placement attribute. (PSYN-040)
Warning: Cell 'i_rd' is being marked as "dont_touch" because it has 
	a fixed_placement attribute. (PSYN-040)
Warning: Cell 'i_wr' is being marked as "dont_touch" because it has 
	a fixed_placement attribute. (PSYN-040)
Warning: Cell 'i_ld_ir' is being marked as "dont_touch" because it has 
	a fixed_placement attribute. (PSYN-040)
Warning: Cell 'i_ld_ac' is being marked as "dont_touch" because it has 
	a fixed_placement attribute. (PSYN-040)
Note - message 'PSYN-040' limit (10) exceeded.  Remainder will be suppressed.
checking tluplus...
CPD_Runtime: ::check_tlu_plus_files CPU:          0 s (  0.00 hr) MEM 200 Mb
checking physical objects...
CPD_Runtime: ::get_placement_area CPU:          0 s (  0.00 hr) MEM 200 Mb
CPD_Runtime: report_routing_metal_info CPU:          0 s (  0.00 hr) MEM 200 Mb
CPD_Runtime: check_track_and_unit CPU:          0 s (  0.00 hr) MEM 200 Mb
CPD_Runtime: check_layer_direction CPU:          0 s (  0.00 hr) MEM 200 Mb
CPD_Runtime: check_physical_only_ports CPU:          0 s (  0.00 hr) MEM 200 Mb
checking database...
CPD_Runtime: ::check_database CPU:          0 s (  0.00 hr) MEM 200 Mb
CPD_Runtime: report_taint -dump_errors CPU:          0 s (  0.00 hr) MEM 200 Mb
Information: Disabling check_timing in check_physical_design
checking HFN/ideal/dont_touch nets...
CPD_Runtime: check_for_HFN_dont_touch_nets CPU:          0 s (  0.00 hr) MEM 200 Mb
Information: Disabling timing checks inside check_block_abstraction
CPD_Runtime: check_block_abstraction -stage pre_place_opt CPU:          0 s (  0.00 hr) MEM 200 Mb
checking placement constraints...
CPD_Runtime: check_placement_utilization_violation CPU:          0 s (  0.00 hr) MEM 200 Mb
checking for unconnected tie pins...
CPD_Runtime: cpd_check_tie_connection CPU:          0 s (  0.00 hr) MEM 200 Mb
checking for too many Restricted cells...
CPD_Runtime: cpd_check_cells_restrictions CPU:          0 s (  0.00 hr) MEM 200 Mb
check bounds...
CPD_Runtime: check_bound_utilization CPU:          0 s (  0.00 hr) MEM 200 Mb
CPD_Runtime: check_bounds CPU:          0 s (  0.00 hr) MEM 200 Mb
CPD_Runtime: cpd_check_bounds_overlap CPU:          0 s (  0.00 hr) MEM 200 Mb
check voltage area...
CPD_Runtime: check_va_utilization CPU:          0 s (  0.00 hr) MEM 200 Mb
CPD_Runtime: placement_check CPU:          1 s (  0.00 hr) MEM 208 Mb
CPD_Runtime: report_fp_placement CPU:          0 s (  0.00 hr) MEM 208 Mb
CPD_Runtime: ::check_physical_constraints CPU:          1 s (  0.00 hr) MEM 210 Mb
Number of Undocumented Errors: 0
**************************************************
Report : check_physical_design
Stage  : pre_place_opt
Design : control_pad
Version: T-2022.03
Date   : Fri Nov 28 20:05:48 2025
**************************************************
Total messages: 10 errors, 44 warnings

---------------------------------------
Error Summary for check_physical_design
---------------------------------------

  ---------------------------------------------------------------------------
  ID		Occurrences	Title
  ---------------------------------------------------------------------------
  PNR-168	10		Port (%s) has geometry on layer (%s), which is ...
  ---------------------------------------------------------------------------

-----------------------------------------
Warning Summary for check_physical_design
-----------------------------------------

  ---------------------------------------------------------------------------
  ID		Occurrences	Title
  ---------------------------------------------------------------------------
  PSYN-256	8		orientation of fixed cell does not match legal ...
  TLUP-004	1		layer mis-match between TF and ITF (minWidth)
  TLUP-005	2		layer mis-match between TF and ITF (minSpacing)
  ---------------------------------------------------------------------------

-----------------------------------------------
Other Warning Summary for check_physical_design
-----------------------------------------------

  ---------------------------------------------------------------------------
  ID		Occurrences	Title
  ---------------------------------------------------------------------------
  PSYN-650	7		Cell %s has no orientation; check %s library %s...
  PSYN-651	7		Cell %s orientation is set to the default.
  TIM-103	16		Reference %s contains internal pins with clock ...
  TIM-164	1		The trip points for the library named %s differ...
  UID-349	2		Could not read any link_library files. The link...
  ---------------------------------------------------------------------------
dump check_physical_design result to file ./cpd_pre_place_opt_2025Nov28200546_9042/index.html
1
set_ideal_network [all_fanout -flat -clock_tree] 
Information: Using 4 cores for timing computations. (TIM-270)
Information: Updating graph... (UID-83)
1
set_separate_process_options -placement false
1
place_opt -area_recovery -congestion 

The options for place_opt:
--------------------------
POPT:  place_opt effort level               : Medium
POPT:  Congestion removal                   : Yes
POPT:  Layer Optimization                   : Yes
POPT:  Area recovery                        : Yes
POPT:  Optimize dft                         : No
POPT:  Clock Tree Synthesis                 : No
POPT:  Optimize power                       : No
---------------------------------------------------

Settings of some common used Tcl variables for place_opt:
---------------------------------------------------------
---------------------------------------------------------
Information: Using 4 cores for placement. (OPT-1505)
Warning: Could not read any link_library files. The link_library setting {"*", "typical_1v2c25.db", "SP013D3_V1p2_typ.db", "typical_1v2c25.db", "SP013D3_V1p2_typ.db"} may be invalid. (UID-349)

  Loading design 'control_pad'


Information: Setting a dont_touch attribute on net 'rd' because it is connected to a pad cell. (PSYN-088)
Information: Setting a dont_touch attribute on net 'zero' because it is connected to a pad cell. (PSYN-088)
Information: Setting a dont_touch attribute on net 'clk' because it is connected to a pad cell. (PSYN-088)
Information: Setting a dont_touch attribute on net 'rst_' because it is connected to a pad cell. (PSYN-088)
Information: Setting a dont_touch attribute on net 'opcode[2]' because it is connected to a pad cell. (PSYN-088)
Information: Setting a dont_touch attribute on net 'opcode[1]' because it is connected to a pad cell. (PSYN-088)
Information: Setting a dont_touch attribute on net 'opcode[0]' because it is connected to a pad cell. (PSYN-088)
Information: Setting a dont_touch attribute on net 'sel' because it is connected to a pad cell. (PSYN-088)
Information: Setting a dont_touch attribute on net 'data_e' because it is connected to a pad cell. (PSYN-088)
Information: Setting a dont_touch attribute on net 'halt' because it is connected to a pad cell. (PSYN-088)
Information: Setting a dont_touch attribute on net 'inc_pc' because it is connected to a pad cell. (PSYN-088)
Information: Setting a dont_touch attribute on net 'ld_pc' because it is connected to a pad cell. (PSYN-088)
Information: Setting a dont_touch attribute on net 'ld_ac' because it is connected to a pad cell. (PSYN-088)
Information: Setting a dont_touch attribute on net 'ld_ir' because it is connected to a pad cell. (PSYN-088)
Information: Setting a dont_touch attribute on net 'wr' because it is connected to a pad cell. (PSYN-088)


Information: Library Manufacturing Grid(GridResolution) : 5
Information: Time Unit from Milkyway design library: 'ns' 
Information: Design Library and main library timing units are matched - 1.000 ns. 
Information: Resistance Unit from Milkyway design library: 'kohm' 
Information: Design Library and main library resistance units are matched - 1.000 kohm. 
Information: Capacitance Unit from Milkyway design library: 'pf' 
Information: Design Library and main library capacitance units are matched - 1.000 pf. 
Information: Layer METAL1 is ignored for resistance and capacitance computation. (RCEX-019)
Information: Layer METAL2 is ignored for resistance and capacitance computation. (RCEX-019)
Information: Layer METAL7 is ignored for resistance and capacitance computation. (RCEX-019)
Information: Layer METAL8 is ignored for resistance and capacitance computation. (RCEX-019)

TLU+ File = /home/eda/lib/smic/SmicSPM4PR8R_starRCXT013_mixrf_p1mtx_1233_V1/SmicSPM4PR8R_starRCXT013_mixrf_p1mtx_1233_V1.6/ITF/TM9k_MIM1f/TLUPLUS/SmicSPM4PR8R_starRCXT013_log_mixRF_p1mt8_cell_max_1233_9k_1f.tluplus

--------- Sanity Check on TLUPlus Files -------------
1. Checking the conducting layer names in ITF and mapping file ... 
[ Passed! ]
2. Checking the via layer names in ITF and mapping file ... 
[ Passed! ]
3. Checking the consistency of Min Width and Min Spacing between MW-tech and ITF ... 
Warning: minSpacing value of layer "METAL1" (metal1) does not match : ITF (0.170) vs MW-tech (0.180). (TLUP-005)
Warning: minSpacing value of layer "METAL8" (metal8) does not match : ITF (0.420) vs MW-tech (0.460). (TLUP-005)
Warning: minWidth value of layer "METAL8" (metal8) does not match : ITF (0.420) vs MW-tech (0.440). (TLUP-004)
----------------- Check Ends ------------------
****************************************************************
Information: TLUPlus based RC computation is enabled. (RCEX-141)
****************************************************************
Information: The distance unit in Capacitance and Resistance is 1 micron. (RCEX-007)
Information: The RC model used is TLU+. (RCEX-015)
Information: Library Derived Cap for layer METAL1 : 0.00025 0.00025 (RCEX-011)
Information: Library Derived Res for layer METAL1 : 0.0002 0.0002 (RCEX-011)
Information: Library Derived Cap for layer METAL2 : 0.00031 0.00031 (RCEX-011)
Information: Library Derived Res for layer METAL2 : 9.1e-05 9.1e-05 (RCEX-011)
Information: Library Derived Cap for layer METAL3 : 0.00035 0.00035 (RCEX-011)
Information: Library Derived Res for layer METAL3 : 9.1e-05 9.1e-05 (RCEX-011)
Information: Library Derived Cap for layer METAL4 : 0.00031 0.00031 (RCEX-011)
Information: Library Derived Res for layer METAL4 : 9.1e-05 9.1e-05 (RCEX-011)
Information: Library Derived Cap for layer METAL5 : 0.00035 0.00035 (RCEX-011)
Information: Library Derived Res for layer METAL5 : 9.1e-05 9.1e-05 (RCEX-011)
Information: Library Derived Cap for layer METAL6 : 0.00031 0.00031 (RCEX-011)
Information: Library Derived Res for layer METAL6 : 9.1e-05 9.1e-05 (RCEX-011)
Information: Library Derived Cap for layer METAL7 : 0.00035 0.00035 (RCEX-011)
Information: Library Derived Res for layer METAL7 : 9.1e-05 9.1e-05 (RCEX-011)
Information: Library Derived Cap for layer METAL8 : 0.0003 0.0003 (RCEX-011)
Information: Library Derived Res for layer METAL8 : 1.2e-05 1.2e-05 (RCEX-011)
Information: Library Derived Horizontal Cap : 0.00035 0.00035 (RCEX-011)
Information: Library Derived Horizontal Res : 9.1e-05 9.1e-05 (RCEX-011)
Information: Library Derived Vertical Cap : 0.00031 0.00031 (RCEX-011)
Information: Library Derived Vertical Res : 9.1e-05 9.1e-05 (RCEX-011)
Information: Using derived R and C coefficients. (RCEX-008)
Information: Using region-based R and C coefficients. (RCEX-013)
Information: Library Derived Via Res : 0.0001 0.0001 (RCEX-011)

 Beginning Coarse Placement
  --------------------------

Warning: Scan DEF information is required. (PSYN-1099)
...50%...100% done.

  Coarse Placement Complete
  --------------------------

Information: Setting a dont_touch attribute on net 'rd' because it is connected to a pad cell. (PSYN-088)
Information: Setting a dont_touch attribute on net 'zero' because it is connected to a pad cell. (PSYN-088)
Information: Setting a dont_touch attribute on net 'clk' because it is connected to a pad cell. (PSYN-088)
Information: Setting a dont_touch attribute on net 'rst_' because it is connected to a pad cell. (PSYN-088)
Information: Setting a dont_touch attribute on net 'opcode[2]' because it is connected to a pad cell. (PSYN-088)
Information: Setting a dont_touch attribute on net 'opcode[1]' because it is connected to a pad cell. (PSYN-088)
Information: Setting a dont_touch attribute on net 'opcode[0]' because it is connected to a pad cell. (PSYN-088)
Information: Setting a dont_touch attribute on net 'sel' because it is connected to a pad cell. (PSYN-088)
Information: Setting a dont_touch attribute on net 'data_e' because it is connected to a pad cell. (PSYN-088)
Information: Setting a dont_touch attribute on net 'halt' because it is connected to a pad cell. (PSYN-088)
Information: Setting a dont_touch attribute on net 'inc_pc' because it is connected to a pad cell. (PSYN-088)
Information: Setting a dont_touch attribute on net 'ld_pc' because it is connected to a pad cell. (PSYN-088)
Information: Setting a dont_touch attribute on net 'ld_ac' because it is connected to a pad cell. (PSYN-088)
Information: Setting a dont_touch attribute on net 'ld_ir' because it is connected to a pad cell. (PSYN-088)
Information: Setting a dont_touch attribute on net 'wr' because it is connected to a pad cell. (PSYN-088)

 Beginning Buffering Optimizations
 ---------------------------------

 Estimating Design ...... 
 Done

 Updating Timing ........ 
 Done

 Collecting Buffer Trees ... Found 12

 Processing Buffer Trees ... 

    [2]  10% ...
    [4]  20% ...
    [6]  30% ...
    [8]  40% ...
    [10]  50% ...
    [12]  60% ...
    [12] 100% Done ...


Information: Automatic high-fanout synthesis deletes 1 cells. (HFS-802)
Information: Automatic high-fanout synthesis adds 3 new cells. (PSYN-864)


Information: Analyzing channel congestion ... 
Information: Channel congestion analysis found no blockages


  ------------------------------------------
  Not appropriate to run layer optimization.
  ------------------------------------------


Information: Setting a dont_touch attribute on net 'rd' because it is connected to a pad cell. (PSYN-088)
Information: Setting a dont_touch attribute on net 'zero' because it is connected to a pad cell. (PSYN-088)
Information: Setting a dont_touch attribute on net 'clk' because it is connected to a pad cell. (PSYN-088)
Information: Setting a dont_touch attribute on net 'rst_' because it is connected to a pad cell. (PSYN-088)
Information: Setting a dont_touch attribute on net 'opcode[2]' because it is connected to a pad cell. (PSYN-088)
Information: Setting a dont_touch attribute on net 'opcode[1]' because it is connected to a pad cell. (PSYN-088)
Information: Setting a dont_touch attribute on net 'opcode[0]' because it is connected to a pad cell. (PSYN-088)
Information: Setting a dont_touch attribute on net 'sel' because it is connected to a pad cell. (PSYN-088)
Information: Setting a dont_touch attribute on net 'data_e' because it is connected to a pad cell. (PSYN-088)
Information: Setting a dont_touch attribute on net 'halt' because it is connected to a pad cell. (PSYN-088)
Information: Setting a dont_touch attribute on net 'inc_pc' because it is connected to a pad cell. (PSYN-088)
Information: Setting a dont_touch attribute on net 'ld_pc' because it is connected to a pad cell. (PSYN-088)
Information: Setting a dont_touch attribute on net 'ld_ac' because it is connected to a pad cell. (PSYN-088)
Information: Setting a dont_touch attribute on net 'ld_ir' because it is connected to a pad cell. (PSYN-088)
Information: Setting a dont_touch attribute on net 'wr' because it is connected to a pad cell. (PSYN-088)



  Design  WNS: 0.00  TNS: 0.00  Number of Violating Paths: 0

  Nets with DRC Violations: 6
  Total moveable cell area: 314.0
  Total fixed cell area: 103425.0
  Total physical cell area: 103739.0
  Core area: (227000 227000 377420 374600)


  No hold constraints


  Timing and DRC Optimization (Stage 1)
  --------------------------------------



  Beginning Timing Optimizations
  ------------------------------

                                  TOTAL                                      
   ELAPSED            WORST NEG   SETUP    DESIGN                            
    TIME      AREA      SLACK     COST    RULE COST         ENDPOINT         
  --------- --------- --------- --------- --------- -------------------------
    0:00:01  103739.0      0.00       0.0   33741.8                          
    0:00:01  103739.0      0.00       0.0   33721.2                          


  Beginning Phase 1 Design Rule Fixing  (max_transition)  (max_capacitance)
  ------------------------------------

                                  TOTAL                                      
   ELAPSED            WORST NEG   SETUP    DESIGN                            
    TIME      AREA      SLACK     COST    RULE COST         ENDPOINT         
  --------- --------- --------- --------- --------- -------------------------
    0:00:01  103739.0      0.00       0.0   33721.2                          
  
Fixing max_transition rule(DRC-101)

    0:00:01  103739.0      0.00       0.0   33721.2                          
    0:00:01  103739.0      0.00       0.0   33721.2                          
  
Fixing max_transition rule(DRC-101)

    0:00:01  103739.0      0.00       0.0   33721.2                          
    0:00:01  103739.0      0.00       0.0   33721.2                          
  
Fixing max_capacitance rule(DRC-100)

    0:00:01  103739.0      0.00       0.0   33721.2                          
    0:00:01  103739.0      0.00       0.0   33721.2                          
  
Fixing max_capacitance rule(DRC-100)

    0:00:01  103739.0      0.00       0.0   33721.2                          
    0:00:01  103739.0      0.00       0.0   33721.2                          


  Beginning Phase 2 Design Rule Fixing  (max_transition)  (max_capacitance)
  ------------------------------------

                                  TOTAL                                      
   ELAPSED            WORST NEG   SETUP    DESIGN                            
    TIME      AREA      SLACK     COST    RULE COST         ENDPOINT         
  --------- --------- --------- --------- --------- -------------------------
    0:00:01  103739.0      0.00       0.0   33721.2                          


Note: Symbol # after min delay cost means estimated hold TNS across all active scenarios 


  Optimization Complete
  ---------------------


  Beginning Timing Optimizations
  ------------------------------

                                  TOTAL                                      
   ELAPSED            WORST NEG   SETUP    DESIGN                            
    TIME      AREA      SLACK     COST    RULE COST         ENDPOINT         
  --------- --------- --------- --------- --------- -------------------------
    0:00:01  103739.0      0.00       0.0   33721.2                          


  Beginning Area-Recovery Phase  (cleanup)
  -----------------------------

                                  TOTAL                                      
   ELAPSED            WORST NEG   SETUP    DESIGN                            
    TIME      AREA      SLACK     COST    RULE COST         ENDPOINT         
  --------- --------- --------- --------- --------- -------------------------
    0:00:01  103739.0      0.00       0.0   33721.2                          
    0:00:01  103739.0      0.00       0.0   33721.2                          
    0:00:01  103732.2      0.00       0.0   33721.2                          
    0:00:01  103732.2      0.00       0.0   33721.2                          
    0:00:01  103732.2      0.00       0.0   33721.2                          
    0:00:01  103732.2      0.00       0.0   33721.2                          
    0:00:01  103732.2      0.00       0.0   33721.2                          


Note: Symbol # after min delay cost means estimated hold TNS across all active scenarios 


  Optimization Complete
  ---------------------

  Design  WNS: 0.00  TNS: 0.00  Number of Violating Paths: 0

  Nets with DRC Violations: 5
  Total moveable cell area: 307.2
  Total fixed cell area: 103425.0
  Total physical cell area: 103732.2
  Core area: (227000 227000 377420 374600)


  No hold constraints



Information: Setting a dont_touch attribute on net 'rd' because it is connected to a pad cell. (PSYN-088)
Information: Setting a dont_touch attribute on net 'zero' because it is connected to a pad cell. (PSYN-088)
Information: Setting a dont_touch attribute on net 'clk' because it is connected to a pad cell. (PSYN-088)
Information: Setting a dont_touch attribute on net 'rst_' because it is connected to a pad cell. (PSYN-088)
Information: Setting a dont_touch attribute on net 'opcode[2]' because it is connected to a pad cell. (PSYN-088)
Information: Setting a dont_touch attribute on net 'opcode[1]' because it is connected to a pad cell. (PSYN-088)
Information: Setting a dont_touch attribute on net 'opcode[0]' because it is connected to a pad cell. (PSYN-088)
Information: Setting a dont_touch attribute on net 'sel' because it is connected to a pad cell. (PSYN-088)
Information: Setting a dont_touch attribute on net 'data_e' because it is connected to a pad cell. (PSYN-088)
Information: Setting a dont_touch attribute on net 'halt' because it is connected to a pad cell. (PSYN-088)
Information: Setting a dont_touch attribute on net 'inc_pc' because it is connected to a pad cell. (PSYN-088)
Information: Setting a dont_touch attribute on net 'ld_pc' because it is connected to a pad cell. (PSYN-088)
Information: Setting a dont_touch attribute on net 'ld_ac' because it is connected to a pad cell. (PSYN-088)
Information: Setting a dont_touch attribute on net 'ld_ir' because it is connected to a pad cell. (PSYN-088)
Information: Setting a dont_touch attribute on net 'wr' because it is connected to a pad cell. (PSYN-088)



  Beginning Coarse Placement (Congestion Driven)
  ---------------------------------------------

Warning: Scan DEF information is required. (PSYN-1099)
100% done.
33%...67%...100% done.

  Coarse Placement Complete
  --------------------------

[begin initializing data for legality checker]

Initializing Data Structure ...
INFO: legalizer_via_spacing_check_mode 0
  Reading technology information ...
    Technology table contains 8 routable metal layers
    Top most routable layer is set to be metal6
    This is considered as a 6-metal-layer design
    Reading library information from DB ...
  Reading misc information ...
    array <unit> has 0 vertical and 40 horizontal rows
    14 pre-routes for placement blockage/checking
    14 pre-routes for map congestion calculation
  Checking information read in ...
    design style = Horizontal masters, Horizontal rows

  Preprocessing design ...
    splitting rows by natural obstacles ...
... design style 0
... number of base array 1 0
INFO:... use original rows...
[end initializing data for legality checker]
 
****************************************
  Report : Chip Summary
  Design : control_pad
  Version: T-2022.03
  Date   : Fri Nov 28 20:05:49 2025
****************************************
Std cell utilization: 1.38%  (181/(13080-0))
(Non-fixed + Fixed)
Std cell utilization: 1.38%  (181/(13080-0))
(Non-fixed only)
Chip area:            13080    sites, bbox (227.00 227.00 377.42 374.60) um
Std cell area:        181      sites, (non-fixed:181    fixed:0)
                      27       cells, (non-fixed:27     fixed:0)
Macro cell area:      0        sites
                      0        cells
Placement blockages:  0        sites, (excluding fixed std cells)
                      0        sites, (include fixed std cells & chimney area)
                      0        sites, (complete p/g net blockages)
Routing blockages:    0        sites, (partial p/g net blockages)
                      0        sites, (routing blockages and signal pre-route)
Lib cell count:       17 
Avg. std cell width:  3.30 um 
Site array:           unit     (width: 0.46 um, height: 3.69 um, rows: 40)
Physical DB scale:    1000 db_unit = 1 um 

 
****************************************
  Report : pnet options
  Design : control_pad
  Version: T-2022.03
  Date   : Fri Nov 28 20:05:49 2025
****************************************


--------------------------------------------------------------------
Layer      Blockage   Min_width   Min_height   Via_additive     Density
--------------------------------------------------------------------
METAL1     none          ---         ---       via additive      ---
METAL2     none          ---         ---       via additive      ---
METAL3     none          ---         ---       via additive      ---
METAL4     none          ---         ---       via additive      ---
METAL5     none          ---         ---       via additive      ---
METAL6     none          ---         ---       via additive      ---
METAL7     none          ---         ---       via additive      ---
METAL8     none          ---         ---       via additive      ---
Legalizing 27 illegal cells...
Starting legalizer.
Initial legalization:  10% 20% 30% 40% 50% 60% 70% 80% 90% 100% (0 sec)
Optimizations pass 1: 10% 20% 30% 40% 50% 60% 70% 80% 90% 100% (0.0 sec)
Optimizations pass 2: 10% 20% 30% 40% 50% 60% 70% 80% 90% 100% (0.0 sec)
Optimizations pass 3: 10% 20% 30% 40% 50% 60% 70% 80% 90% 100% (0.0 sec)
Legalization complete (0 total sec)
 
****************************************
  Report : Legalize Displacement
  Design : control_pad
  Version: T-2022.03
  Date   : Fri Nov 28 20:05:49 2025
****************************************

avg cell displacement:    1.100 um ( 0.30 row height)
max cell displacement:    1.840 um ( 0.50 row height)
std deviation:            0.530 um ( 0.14 row height)
number of cell moved:        27 cells (out of 27 cells)

Total 0 cells has large displacement (e.g. > 11.070 um or 3 row height)


Information: Analyzing channel congestion ... 
Information: Channel congestion analysis found no blockages




Information: Setting a dont_touch attribute on net 'rd' because it is connected to a pad cell. (PSYN-088)
Information: Setting a dont_touch attribute on net 'zero' because it is connected to a pad cell. (PSYN-088)
Information: Setting a dont_touch attribute on net 'clk' because it is connected to a pad cell. (PSYN-088)
Information: Setting a dont_touch attribute on net 'rst_' because it is connected to a pad cell. (PSYN-088)
Information: Setting a dont_touch attribute on net 'opcode[2]' because it is connected to a pad cell. (PSYN-088)
Information: Setting a dont_touch attribute on net 'opcode[1]' because it is connected to a pad cell. (PSYN-088)
Information: Setting a dont_touch attribute on net 'opcode[0]' because it is connected to a pad cell. (PSYN-088)
Information: Setting a dont_touch attribute on net 'sel' because it is connected to a pad cell. (PSYN-088)
Information: Setting a dont_touch attribute on net 'data_e' because it is connected to a pad cell. (PSYN-088)
Information: Setting a dont_touch attribute on net 'halt' because it is connected to a pad cell. (PSYN-088)
Information: Setting a dont_touch attribute on net 'inc_pc' because it is connected to a pad cell. (PSYN-088)
Information: Setting a dont_touch attribute on net 'ld_pc' because it is connected to a pad cell. (PSYN-088)
Information: Setting a dont_touch attribute on net 'ld_ac' because it is connected to a pad cell. (PSYN-088)
Information: Setting a dont_touch attribute on net 'ld_ir' because it is connected to a pad cell. (PSYN-088)
Information: Setting a dont_touch attribute on net 'wr' because it is connected to a pad cell. (PSYN-088)



  Design  WNS: 0.00  TNS: 0.00  Number of Violating Paths: 0

  Nets with DRC Violations: 5
  Total moveable cell area: 307.2
  Total fixed cell area: 103425.0
  Total physical cell area: 103732.2
  Core area: (227000 227000 377420 374600)


  No hold constraints


  Timing and DRC Optimization (Stage 1)
  --------------------------------------



  Beginning Timing Optimizations
  ------------------------------

                                  TOTAL                                      
   ELAPSED            WORST NEG   SETUP    DESIGN                            
    TIME      AREA      SLACK     COST    RULE COST         ENDPOINT         
  --------- --------- --------- --------- --------- -------------------------
    0:00:01  103732.2      0.00       0.0   33721.2                          
  
Fixing max_capacitance rule(DRC-100)

    0:00:01  103732.2      0.00       0.0   33721.2                          
    0:00:01  103732.2      0.00       0.0   33721.2                          
  
Fixing max_capacitance rule(DRC-100)

    0:00:01  103732.2      0.00       0.0   33721.2                          
    0:00:01  103732.2      0.00       0.0   33721.2                          


  Beginning Phase 1 Design Rule Fixing  (max_transition)  (max_capacitance)
  ------------------------------------

                                  TOTAL                                      
   ELAPSED            WORST NEG   SETUP    DESIGN                            
    TIME      AREA      SLACK     COST    RULE COST         ENDPOINT         
  --------- --------- --------- --------- --------- -------------------------
    0:00:01  103732.2      0.00       0.0   33721.2                          
  
Fixing max_transition rule(DRC-101)

    0:00:01  103732.2      0.00       0.0   33721.2                          
    0:00:01  103732.2      0.00       0.0   33721.2                          
  
Fixing max_transition rule(DRC-101)

    0:00:01  103732.2      0.00       0.0   33721.2                          
    0:00:01  103732.2      0.00       0.0   33721.2                          
  
Fixing max_capacitance rule(DRC-100)

    0:00:01  103732.2      0.00       0.0   33721.2                          
    0:00:01  103732.2      0.00       0.0   33721.2                          
  
Fixing max_capacitance rule(DRC-100)

    0:00:01  103732.2      0.00       0.0   33721.2                          
    0:00:02  103732.2      0.00       0.0   33721.2                          


  Beginning Phase 2 Design Rule Fixing  (max_transition)  (max_capacitance)
  ------------------------------------

                                  TOTAL                                      
   ELAPSED            WORST NEG   SETUP    DESIGN                            
    TIME      AREA      SLACK     COST    RULE COST         ENDPOINT         
  --------- --------- --------- --------- --------- -------------------------
    0:00:02  103732.2      0.00       0.0   33721.2                          


  Beginning Area-Recovery Phase  (cleanup)
  -----------------------------

                                  TOTAL                                      
   ELAPSED            WORST NEG   SETUP    DESIGN                            
    TIME      AREA      SLACK     COST    RULE COST         ENDPOINT         
  --------- --------- --------- --------- --------- -------------------------
    0:00:02  103732.2      0.00       0.0   33721.2                          
    0:00:02  103732.2      0.00       0.0   33721.2                          
    0:00:02  103732.2      0.00       0.0   33721.2                          
    0:00:02  103732.2      0.00       0.0   33721.2                          
    0:00:02  103732.2      0.00       0.0   33721.2                          
    0:00:02  103720.3      0.00       0.0   33721.2                          
    0:00:02  103720.3      0.00       0.0   33721.2                          
    0:00:02  103720.3      0.00       0.0   33721.2                          
    0:00:02  103720.3      0.00       0.0   33721.2                          
    0:00:02  103720.3      0.00       0.0   33721.2                          
    0:00:02  103720.3      0.00       0.0   33721.2                          
    0:00:02  103720.3      0.00       0.0   33721.2                          
    0:00:02  103720.3      0.00       0.0   33721.2                          
    0:00:02  103720.3      0.00       0.0   33721.2                          
    0:00:02  103720.3      0.00       0.0   33721.2                          
Warning: Warning: Target library does not have any constant lib_cells so tool cannot replace virtual constants.  (OPT-223)
Warning: Warning: Target library does not have any constant lib_cells so tool cannot replace virtual constants.  (OPT-223)
Warning: Warning: Target library does not have any constant lib_cells so tool cannot replace virtual constants.  (OPT-223)


Note: Symbol # after min delay cost means estimated hold TNS across all active scenarios 


  Optimization Complete
  ---------------------

  Placement Optimization (Stage 1)
  ---------------------------------

[begin initializing data for legality checker]

Initializing Data Structure ...
INFO: legalizer_via_spacing_check_mode 0
  Reading technology information ...
    Technology table contains 8 routable metal layers
    Top most routable layer is set to be metal6
    This is considered as a 6-metal-layer design
    Reading library information from DB ...
  Reading misc information ...
    array <unit> has 0 vertical and 40 horizontal rows
    14 pre-routes for placement blockage/checking
    14 pre-routes for map congestion calculation
  Checking information read in ...
    design style = Horizontal masters, Horizontal rows

  Preprocessing design ...
    splitting rows by natural obstacles ...
... design style 0
... number of base array 1 0
INFO:... use original rows...
[end initializing data for legality checker]
 
****************************************
  Report : Chip Summary
  Design : control_pad
  Version: T-2022.03
  Date   : Fri Nov 28 20:05:50 2025
****************************************
Std cell utilization: 1.33%  (174/(13080-0))
(Non-fixed + Fixed)
Std cell utilization: 1.33%  (174/(13080-0))
(Non-fixed only)
Chip area:            13080    sites, bbox (227.00 227.00 377.42 374.60) um
Std cell area:        174      sites, (non-fixed:174    fixed:0)
                      27       cells, (non-fixed:27     fixed:0)
Macro cell area:      0        sites
                      0        cells
Placement blockages:  0        sites, (excluding fixed std cells)
                      0        sites, (include fixed std cells & chimney area)
                      0        sites, (complete p/g net blockages)
Routing blockages:    0        sites, (partial p/g net blockages)
                      0        sites, (routing blockages and signal pre-route)
Lib cell count:       16 
Avg. std cell width:  3.16 um 
Site array:           unit     (width: 0.46 um, height: 3.69 um, rows: 40)
Physical DB scale:    1000 db_unit = 1 um 

 
****************************************
  Report : pnet options
  Design : control_pad
  Version: T-2022.03
  Date   : Fri Nov 28 20:05:50 2025
****************************************


--------------------------------------------------------------------
Layer      Blockage   Min_width   Min_height   Via_additive     Density
--------------------------------------------------------------------
METAL1     none          ---         ---       via additive      ---
METAL2     none          ---         ---       via additive      ---
METAL3     none          ---         ---       via additive      ---
METAL4     none          ---         ---       via additive      ---
METAL5     none          ---         ---       via additive      ---
METAL6     none          ---         ---       via additive      ---
METAL7     none          ---         ---       via additive      ---
METAL8     none          ---         ---       via additive      ---
 
****************************************
  Report : Legalize Displacement
  Design : control_pad
  Version: T-2022.03
  Date   : Fri Nov 28 20:05:50 2025
****************************************

No cell displacement.


  Placement Optimization Complete
  -------------------------------


  Design  WNS: 0.00  TNS: 0.00  Number of Violating Paths: 0

  Nets with DRC Violations: 5
  Total moveable cell area: 295.3
  Total fixed cell area: 103425.0
  Total physical cell area: 103720.3
  Core area: (227000 227000 377420 374600)


  No hold constraints


  Timing and DRC Optimization (Stage 2)
  --------------------------------------



  Beginning Timing Optimizations
  ------------------------------

                                  TOTAL                                      
   ELAPSED            WORST NEG   SETUP    DESIGN                            
    TIME      AREA      SLACK     COST    RULE COST         ENDPOINT         
  --------- --------- --------- --------- --------- -------------------------
    0:00:02  103720.3      0.00       0.0   33721.2                          
  
Fixing max_capacitance rule(DRC-100)

    0:00:02  103720.3      0.00       0.0   33721.2                          
    0:00:02  103720.3      0.00       0.0   33721.2                          
  
Fixing max_capacitance rule(DRC-100)

    0:00:02  103720.3      0.00       0.0   33721.2                          
    0:00:02  103720.3      0.00       0.0   33721.2                          


  Beginning Phase 1 Design Rule Fixing  (max_transition)  (max_capacitance)
  ------------------------------------

                                  TOTAL                                      
   ELAPSED            WORST NEG   SETUP    DESIGN                            
    TIME      AREA      SLACK     COST    RULE COST         ENDPOINT         
  --------- --------- --------- --------- --------- -------------------------
    0:00:02  103720.3      0.00       0.0   33721.2                          
  
Fixing max_transition rule(DRC-101)

    0:00:02  103720.3      0.00       0.0   33721.2                          
    0:00:02  103720.3      0.00       0.0   33721.2                          
  
Fixing max_transition rule(DRC-101)

    0:00:02  103720.3      0.00       0.0   33721.2                          
    0:00:02  103720.3      0.00       0.0   33721.2                          
  
Fixing max_capacitance rule(DRC-100)

    0:00:02  103720.3      0.00       0.0   33721.2                          
    0:00:02  103720.3      0.00       0.0   33721.2                          
  
Fixing max_capacitance rule(DRC-100)

    0:00:02  103720.3      0.00       0.0   33721.2                          
    0:00:02  103720.3      0.00       0.0   33721.2                          
    0:00:02  103720.3      0.00       0.0   33721.2                          
    0:00:02  103720.3      0.00       0.0   33721.2                          
    0:00:02  103720.3      0.00       0.0   33721.2                          
    0:00:02  103720.3      0.00       0.0   33721.2                          
    0:00:02  103720.3      0.00       0.0   33721.2                          
    0:00:02  103720.3      0.00       0.0   33721.2                          
Warning: Warning: Target library does not have any constant lib_cells so tool cannot replace virtual constants.  (OPT-223)
Warning: Warning: Target library does not have any constant lib_cells so tool cannot replace virtual constants.  (OPT-223)
Warning: Warning: Target library does not have any constant lib_cells so tool cannot replace virtual constants.  (OPT-223)


Note: Symbol # after min delay cost means estimated hold TNS across all active scenarios 


  Optimization Complete
  ---------------------

  Placement Optimization (Stage 2)
  ---------------------------------

[begin initializing data for legality checker]

Initializing Data Structure ...
INFO: legalizer_via_spacing_check_mode 0
  Reading technology information ...
    Technology table contains 8 routable metal layers
    Top most routable layer is set to be metal6
    This is considered as a 6-metal-layer design
    Reading library information from DB ...
  Reading misc information ...
    array <unit> has 0 vertical and 40 horizontal rows
    14 pre-routes for placement blockage/checking
    14 pre-routes for map congestion calculation
  Checking information read in ...
    design style = Horizontal masters, Horizontal rows

  Preprocessing design ...
    splitting rows by natural obstacles ...
... design style 0
... number of base array 1 0
INFO:... use original rows...
[end initializing data for legality checker]
 
****************************************
  Report : Chip Summary
  Design : control_pad
  Version: T-2022.03
  Date   : Fri Nov 28 20:05:50 2025
****************************************
Std cell utilization: 1.33%  (174/(13080-0))
(Non-fixed + Fixed)
Std cell utilization: 1.33%  (174/(13080-0))
(Non-fixed only)
Chip area:            13080    sites, bbox (227.00 227.00 377.42 374.60) um
Std cell area:        174      sites, (non-fixed:174    fixed:0)
                      27       cells, (non-fixed:27     fixed:0)
Macro cell area:      0        sites
                      0        cells
Placement blockages:  0        sites, (excluding fixed std cells)
                      0        sites, (include fixed std cells & chimney area)
                      0        sites, (complete p/g net blockages)
Routing blockages:    0        sites, (partial p/g net blockages)
                      0        sites, (routing blockages and signal pre-route)
Lib cell count:       16 
Avg. std cell width:  3.16 um 
Site array:           unit     (width: 0.46 um, height: 3.69 um, rows: 40)
Physical DB scale:    1000 db_unit = 1 um 

 
****************************************
  Report : pnet options
  Design : control_pad
  Version: T-2022.03
  Date   : Fri Nov 28 20:05:50 2025
****************************************


--------------------------------------------------------------------
Layer      Blockage   Min_width   Min_height   Via_additive     Density
--------------------------------------------------------------------
METAL1     none          ---         ---       via additive      ---
METAL2     none          ---         ---       via additive      ---
METAL3     none          ---         ---       via additive      ---
METAL4     none          ---         ---       via additive      ---
METAL5     none          ---         ---       via additive      ---
METAL6     none          ---         ---       via additive      ---
METAL7     none          ---         ---       via additive      ---
METAL8     none          ---         ---       via additive      ---
 
****************************************
  Report : Legalize Displacement
  Design : control_pad
  Version: T-2022.03
  Date   : Fri Nov 28 20:05:50 2025
****************************************

No cell displacement.


  Placement Optimization Complete
  -------------------------------


  Design  WNS: 0.00  TNS: 0.00  Number of Violating Paths: 0

  Nets with DRC Violations: 5
  Total moveable cell area: 295.3
  Total fixed cell area: 103425.0
  Total physical cell area: 103720.3
  Core area: (227000 227000 377420 374600)


  No hold constraints

[begin initializing data for legality checker]

Initializing Data Structure ...
INFO: legalizer_via_spacing_check_mode 0
  Reading technology information ...
    Technology table contains 8 routable metal layers
    Top most routable layer is set to be metal6
    This is considered as a 6-metal-layer design
    Reading library information from DB ...
  Reading misc information ...
    array <unit> has 0 vertical and 40 horizontal rows
    14 pre-routes for placement blockage/checking
    14 pre-routes for map congestion calculation
  Checking information read in ...
    design style = Horizontal masters, Horizontal rows

  Preprocessing design ...
    splitting rows by natural obstacles ...
... design style 0
... number of base array 1 0
INFO:... use original rows...
[end initializing data for legality checker]
Warning: Die area is not integer multiples of min site height (3690), object's width and height(604420,604000). (PSYN-523)
Warning: Die area is not integer multiples of min site width (460), object's width and height(604420,604000). (PSYN-523)
Warning: Cell i_sel is not integer multiples of min site width (460), object's width and height(35000,197000). (PSYN-523)
Warning: Cell i_sel is not integer multiples of min site height (3690), object's width and height(197000,197000). (PSYN-523)
Warning: Cell i_data_e is not integer multiples of min site width (460), object's width and height(35000,197000). (PSYN-523)
Warning: Cell i_data_e is not integer multiples of min site height (3690), object's width and height(197000,197000). (PSYN-523)
Warning: Cell i_halt is not integer multiples of min site width (460), object's width and height(35000,197000). (PSYN-523)
Warning: Cell i_halt is not integer multiples of min site height (3690), object's width and height(197000,197000). (PSYN-523)
Warning: Cell i_inc_pc is not integer multiples of min site width (460), object's width and height(35000,197000). (PSYN-523)
Warning: Cell i_inc_pc is not integer multiples of min site height (3690), object's width and height(197000,197000). (PSYN-523)
Warning: Cell i_ld_pc is not integer multiples of min site width (460), object's width and height(35000,197000). (PSYN-523)
Warning: Cell i_ld_pc is not integer multiples of min site height (3690), object's width and height(197000,197000). (PSYN-523)
Warning: Cell i_ld_ac is not integer multiples of min site width (460), object's width and height(35000,197000). (PSYN-523)
Warning: Cell i_ld_ac is not integer multiples of min site height (3690), object's width and height(197000,197000). (PSYN-523)
Warning: Cell i_ld_ir is not integer multiples of min site width (460), object's width and height(35000,197000). (PSYN-523)
Warning: Cell i_ld_ir is not integer multiples of min site height (3690), object's width and height(197000,197000). (PSYN-523)
Warning: Cell i_wr is not integer multiples of min site width (460), object's width and height(35000,197000). (PSYN-523)
Warning: Cell i_wr is not integer multiples of min site height (3690), object's width and height(197000,197000). (PSYN-523)
Warning: Cell i_rd is not integer multiples of min site width (460), object's width and height(35000,197000). (PSYN-523)
Warning: Cell i_rd is not integer multiples of min site height (3690), object's width and height(197000,197000). (PSYN-523)
Warning: Cell i_opcode_2 is not integer multiples of min site width (460), object's width and height(35000,197000). (PSYN-523)
Warning: Cell i_opcode_2 is not integer multiples of min site height (3690), object's width and height(197000,197000). (PSYN-523)
Warning: Cell i_opcode_1 is not integer multiples of min site width (460), object's width and height(35000,197000). (PSYN-523)
Warning: Cell i_opcode_1 is not integer multiples of min site height (3690), object's width and height(197000,197000). (PSYN-523)
Warning: Cell i_opcode_0 is not integer multiples of min site width (460), object's width and height(35000,197000). (PSYN-523)
Warning: Cell i_opcode_0 is not integer multiples of min site height (3690), object's width and height(197000,197000). (PSYN-523)
Warning: Cell i_zero is not integer multiples of min site width (460), object's width and height(35000,197000). (PSYN-523)
Warning: Cell i_zero is not integer multiples of min site height (3690), object's width and height(197000,197000). (PSYN-523)
Warning: Cell i_clk is not integer multiples of min site width (460), object's width and height(35000,197000). (PSYN-523)
Warning: Cell i_clk is not integer multiples of min site height (3690), object's width and height(197000,197000). (PSYN-523)
Warning: Cell i_rst is not integer multiples of min site width (460), object's width and height(35000,197000). (PSYN-523)
Warning: Cell i_rst is not integer multiples of min site height (3690), object's width and height(197000,197000). (PSYN-523)

**************************************************** 
Check_legality: Report for Fixed Placement Cells
Information: Use the -verbose option to get details about the legality violations. (PSYN-054)
**************************************************** 
(fixed placement) Cells Not on Row            : 0
(fixed placement) Cell Overlaps               : 0
(fixed placement) Cells overlapping blockages : 0
(fixed placement) Orientation Violations      : 0
(fixed placement) Site Violations             : 0
(fixed placement) Power Strap Violations      : 0
****************************************************** 

****************************************************** 
Check_legality: Report for Non-fixed Placement Cells
Information: Use the -verbose option to get details about the legality violations. (PSYN-054)
****************************************************** 
Number of Cells Not on Row            : 0
Number of Cell Overlaps               : 0
Number of Cells overlapping blockages : 0
Number of Orientation Violations      : 0
Number of Site Violations             : 0
Number of Power Strap Violations      : 0
******************************************** 
--------------------------------------------------
QoR Report for physical synthesis (Final Placement)
--------------------------------------------------
CPU: 10, MEM: 456433664


  Timing Path Group 'clk'
  -----------------------------------
  Levels of Logic:               5.00
  Critical Path Length:         10.30
  Critical Path Slack:           8.40
  Critical Path Clk Period:     20.00
  Total Negative Slack:          0.00
  No. of Violating Paths:        0.00
  Worst Hold Violation:          0.00
  Total Hold Violation:          0.00
  No. of Hold Violations:        0.00
  -----------------------------------


  Cell Count
  -----------------------------------
  Hierarchical Cell Count:          0
  Hierarchical Port Count:          0
  Leaf Cell Count:                 42
  Buf/Inv Cell Count:               3
  Buf Cell Count:                   0
  Inv Cell Count:                   3
  CT Buf/Inv Cell Count:            0
  Combinational Cell Count:        39
  Sequential Cell Count:            3
  Macro Count:                      0
  -----------------------------------


  Area
  -----------------------------------
  Combinational Area:       103623.60
  Noncombinational Area:        96.75
  Buf/Inv Area:             103436.88
  Total Buffer Area:             0.00
  Total Inverter Area:          11.88
  Macro/Black Box Area:          0.00
  Net Area:                      0.00
  Net XLength        :        5221.06
  Net YLength        :        7373.60
  -----------------------------------
  Cell Area:                103720.35
  Design Area:              103720.35
  Net Length        :        12594.65


  Design Rules
  -----------------------------------
  Total Number of Nets:            51
  Nets With Violations:             5
  Max Trans Violations:             5
  Max Cap Violations:               5
  -----------------------------------


  Hostname: eda

  Compile CPU Statistics
  -----------------------------------------
  Resource Sharing:                    0.00
  Logic Optimization:                  0.00
  Mapping Optimization:                0.72
  -----------------------------------------
  Overall Compile Time:                0.74
  Overall Compile Wall Clock Time:     0.76



Information: Updating database...
1
psynopt -area_recovery -congestion 
Information: Using 4 cores for placement. (OPT-1505)
Warning: Could not read any link_library files. The link_library setting {"*", "typical_1v2c25.db", "SP013D3_V1p2_typ.db", "typical_1v2c25.db", "SP013D3_V1p2_typ.db"} may be invalid. (UID-349)

  Loading design 'control_pad'


Information: Setting a dont_touch attribute on net 'rd' because it is connected to a pad cell. (PSYN-088)
Information: Setting a dont_touch attribute on net 'zero' because it is connected to a pad cell. (PSYN-088)
Information: Setting a dont_touch attribute on net 'clk' because it is connected to a pad cell. (PSYN-088)
Information: Setting a dont_touch attribute on net 'rst_' because it is connected to a pad cell. (PSYN-088)
Information: Setting a dont_touch attribute on net 'opcode[2]' because it is connected to a pad cell. (PSYN-088)
Information: Setting a dont_touch attribute on net 'opcode[1]' because it is connected to a pad cell. (PSYN-088)
Information: Setting a dont_touch attribute on net 'opcode[0]' because it is connected to a pad cell. (PSYN-088)
Information: Setting a dont_touch attribute on net 'sel' because it is connected to a pad cell. (PSYN-088)
Information: Setting a dont_touch attribute on net 'data_e' because it is connected to a pad cell. (PSYN-088)
Information: Setting a dont_touch attribute on net 'halt' because it is connected to a pad cell. (PSYN-088)
Information: Setting a dont_touch attribute on net 'inc_pc' because it is connected to a pad cell. (PSYN-088)
Information: Setting a dont_touch attribute on net 'ld_pc' because it is connected to a pad cell. (PSYN-088)
Information: Setting a dont_touch attribute on net 'ld_ac' because it is connected to a pad cell. (PSYN-088)
Information: Setting a dont_touch attribute on net 'ld_ir' because it is connected to a pad cell. (PSYN-088)
Information: Setting a dont_touch attribute on net 'wr' because it is connected to a pad cell. (PSYN-088)


Information: Library Manufacturing Grid(GridResolution) : 5
Information: Time Unit from Milkyway design library: 'ns' 
Information: Design Library and main library timing units are matched - 1.000 ns. 
Information: Resistance Unit from Milkyway design library: 'kohm' 
Information: Design Library and main library resistance units are matched - 1.000 kohm. 
Information: Capacitance Unit from Milkyway design library: 'pf' 
Information: Design Library and main library capacitance units are matched - 1.000 pf. 
Information: Layer METAL1 is ignored for resistance and capacitance computation. (RCEX-019)
Information: Layer METAL2 is ignored for resistance and capacitance computation. (RCEX-019)
Information: Layer METAL7 is ignored for resistance and capacitance computation. (RCEX-019)
Information: Layer METAL8 is ignored for resistance and capacitance computation. (RCEX-019)
****************************************************************
Information: TLUPlus based RC computation is enabled. (RCEX-141)
****************************************************************
Information: The distance unit in Capacitance and Resistance is 1 micron. (RCEX-007)
Information: The RC model used is TLU+. (RCEX-015)
Information: Library Derived Cap for layer METAL1 : 0.00025 0.00025 (RCEX-011)
Information: Library Derived Res for layer METAL1 : 0.0002 0.0002 (RCEX-011)
Information: Library Derived Cap for layer METAL2 : 0.00031 0.00031 (RCEX-011)
Information: Library Derived Res for layer METAL2 : 9.1e-05 9.1e-05 (RCEX-011)
Information: Library Derived Cap for layer METAL3 : 0.00035 0.00035 (RCEX-011)
Information: Library Derived Res for layer METAL3 : 9.1e-05 9.1e-05 (RCEX-011)
Information: Library Derived Cap for layer METAL4 : 0.00031 0.00031 (RCEX-011)
Information: Library Derived Res for layer METAL4 : 9.1e-05 9.1e-05 (RCEX-011)
Information: Library Derived Cap for layer METAL5 : 0.00035 0.00035 (RCEX-011)
Information: Library Derived Res for layer METAL5 : 9.1e-05 9.1e-05 (RCEX-011)
Information: Library Derived Cap for layer METAL6 : 0.00031 0.00031 (RCEX-011)
Information: Library Derived Res for layer METAL6 : 9.1e-05 9.1e-05 (RCEX-011)
Information: Library Derived Cap for layer METAL7 : 0.00035 0.00035 (RCEX-011)
Information: Library Derived Res for layer METAL7 : 9.1e-05 9.1e-05 (RCEX-011)
Information: Library Derived Cap for layer METAL8 : 0.0003 0.0003 (RCEX-011)
Information: Library Derived Res for layer METAL8 : 1.2e-05 1.2e-05 (RCEX-011)
Information: Library Derived Horizontal Cap : 0.00035 0.00035 (RCEX-011)
Information: Library Derived Horizontal Res : 9.1e-05 9.1e-05 (RCEX-011)
Information: Library Derived Vertical Cap : 0.00031 0.00031 (RCEX-011)
Information: Library Derived Vertical Res : 9.1e-05 9.1e-05 (RCEX-011)
Information: Using derived R and C coefficients. (RCEX-008)
Information: Using region-based R and C coefficients. (RCEX-013)
Information: Library Derived Via Res : 0.0001 0.0001 (RCEX-011)

  Design  WNS: 0.00  TNS: 0.00  Number of Violating Paths: 0

  Nets with DRC Violations: 5
  Total moveable cell area: 295.3
  Total fixed cell area: 103425.0
  Total physical cell area: 103720.3
  Core area: (227000 227000 377420 374600)


                  Incremental high fanout optimization starts
================================================================

 Collecting Buffer Trees ... Found 0

                  Incremental high fanout optimization completes
================================================================


  Design  WNS: 0.00  TNS: 0.00  Number of Violating Paths: 0

  Nets with DRC Violations: 5
  Total moveable cell area: 295.3
  Total fixed cell area: 103425.0
  Total physical cell area: 103720.3
  Core area: (227000 227000 377420 374600)


  No hold constraints


  Timing and DRC Optimization (Stage 1)
  --------------------------------------



  Beginning Timing Optimizations
  ------------------------------

                                  TOTAL                                      
   ELAPSED            WORST NEG   SETUP    DESIGN                            
    TIME      AREA      SLACK     COST    RULE COST         ENDPOINT         
  --------- --------- --------- --------- --------- -------------------------
    0:00:00  103720.3      0.00       0.0   33721.2                          
  
Fixing max_capacitance rule(DRC-100)

    0:00:00  103720.3      0.00       0.0   33721.2                          
    0:00:00  103720.3      0.00       0.0   33721.2                          
  
Fixing max_capacitance rule(DRC-100)

    0:00:00  103720.3      0.00       0.0   33721.2                          
    0:00:00  103720.3      0.00       0.0   33721.2                          


  Beginning Phase 1 Design Rule Fixing  (max_transition)  (max_capacitance)
  ------------------------------------

                                  TOTAL                                      
   ELAPSED            WORST NEG   SETUP    DESIGN                            
    TIME      AREA      SLACK     COST    RULE COST         ENDPOINT         
  --------- --------- --------- --------- --------- -------------------------
    0:00:00  103720.3      0.00       0.0   33721.2                          
  
Fixing max_transition rule(DRC-101)

    0:00:00  103720.3      0.00       0.0   33721.2                          
    0:00:00  103720.3      0.00       0.0   33721.2                          
  
Fixing max_transition rule(DRC-101)

    0:00:00  103720.3      0.00       0.0   33721.2                          
    0:00:00  103720.3      0.00       0.0   33721.2                          
  
Fixing max_capacitance rule(DRC-100)

    0:00:00  103720.3      0.00       0.0   33721.2                          
    0:00:00  103720.3      0.00       0.0   33721.2                          
  
Fixing max_capacitance rule(DRC-100)

    0:00:00  103720.3      0.00       0.0   33721.2                          
    0:00:00  103720.3      0.00       0.0   33721.2                          


  Beginning Phase 2 Design Rule Fixing  (max_transition)  (max_capacitance)
  ------------------------------------

                                  TOTAL                                      
   ELAPSED            WORST NEG   SETUP    DESIGN                            
    TIME      AREA      SLACK     COST    RULE COST         ENDPOINT         
  --------- --------- --------- --------- --------- -------------------------
    0:00:00  103720.3      0.00       0.0   33721.2                          


  Beginning Area-Recovery Phase  (cleanup)
  -----------------------------

                                  TOTAL                                      
   ELAPSED            WORST NEG   SETUP    DESIGN                            
    TIME      AREA      SLACK     COST    RULE COST         ENDPOINT         
  --------- --------- --------- --------- --------- -------------------------
    0:00:00  103720.3      0.00       0.0   33721.2                          
    0:00:00  103720.3      0.00       0.0   33721.2                          
    0:00:00  103720.3      0.00       0.0   33721.2                          
    0:00:00  103720.3      0.00       0.0   33721.2                          
    0:00:00  103720.3      0.00       0.0   33721.2                          
    0:00:00  103720.3      0.00       0.0   33721.2                          
    0:00:00  103720.3      0.00       0.0   33721.2                          
    0:00:00  103720.3      0.00       0.0   33721.2                          
    0:00:00  103720.3      0.00       0.0   33721.2                          
Warning: Warning: Target library does not have any constant lib_cells so tool cannot replace virtual constants.  (OPT-223)
Warning: Warning: Target library does not have any constant lib_cells so tool cannot replace virtual constants.  (OPT-223)
Warning: Warning: Target library does not have any constant lib_cells so tool cannot replace virtual constants.  (OPT-223)


Note: Symbol # after min delay cost means estimated hold TNS across all active scenarios 


  Optimization Complete
  ---------------------

  Placement Optimization (Stage 1) (Congestion Driven)
  -----------------------------------------------------

...25%...50%...75%...100% done.

Information: Analyzing channel congestion ... 
Information: Channel congestion analysis found no blockages


[begin initializing data for legality checker]

Initializing Data Structure ...
INFO: legalizer_via_spacing_check_mode 0
  Reading technology information ...
    Technology table contains 8 routable metal layers
    Top most routable layer is set to be metal6
    This is considered as a 6-metal-layer design
    Reading library information from DB ...
  Reading misc information ...
    array <unit> has 0 vertical and 40 horizontal rows
    14 pre-routes for placement blockage/checking
    14 pre-routes for map congestion calculation
  Checking information read in ...
    design style = Horizontal masters, Horizontal rows

  Preprocessing design ...
    splitting rows by natural obstacles ...
... design style 0
... number of base array 1 0
INFO:... use original rows...
[end initializing data for legality checker]
 
****************************************
  Report : Chip Summary
  Design : control_pad
  Version: T-2022.03
  Date   : Fri Nov 28 20:05:57 2025
****************************************
Std cell utilization: 1.33%  (174/(13080-0))
(Non-fixed + Fixed)
Std cell utilization: 1.33%  (174/(13080-0))
(Non-fixed only)
Chip area:            13080    sites, bbox (227.00 227.00 377.42 374.60) um
Std cell area:        174      sites, (non-fixed:174    fixed:0)
                      27       cells, (non-fixed:27     fixed:0)
Macro cell area:      0        sites
                      0        cells
Placement blockages:  0        sites, (excluding fixed std cells)
                      0        sites, (include fixed std cells & chimney area)
                      0        sites, (complete p/g net blockages)
Routing blockages:    0        sites, (partial p/g net blockages)
                      0        sites, (routing blockages and signal pre-route)
Lib cell count:       16 
Avg. std cell width:  3.16 um 
Site array:           unit     (width: 0.46 um, height: 3.69 um, rows: 40)
Physical DB scale:    1000 db_unit = 1 um 

 
****************************************
  Report : pnet options
  Design : control_pad
  Version: T-2022.03
  Date   : Fri Nov 28 20:05:57 2025
****************************************


--------------------------------------------------------------------
Layer      Blockage   Min_width   Min_height   Via_additive     Density
--------------------------------------------------------------------
METAL1     none          ---         ---       via additive      ---
METAL2     none          ---         ---       via additive      ---
METAL3     none          ---         ---       via additive      ---
METAL4     none          ---         ---       via additive      ---
METAL5     none          ---         ---       via additive      ---
METAL6     none          ---         ---       via additive      ---
METAL7     none          ---         ---       via additive      ---
METAL8     none          ---         ---       via additive      ---
Legalizing 27 illegal cells...
Starting legalizer.
Initial legalization:  10% 20% 30% 40% 50% 60% 70% 80% 90% 100% (0 sec)
Optimizations pass 1: 10% 20% 30% 40% 50% 60% 70% 80% 90% 100% (0.0 sec)
Optimizations pass 2: 10% 20% 30% 40% 50% 60% 70% 80% 90% 100% (0.0 sec)
Optimizations pass 3: 10% 20% 30% 40% 50% 60% 70% 80% 90% 100% (0.0 sec)
Legalization complete (0 total sec)
 
****************************************
  Report : Legalize Displacement
  Design : control_pad
  Version: T-2022.03
  Date   : Fri Nov 28 20:05:57 2025
****************************************

avg cell displacement:    0.868 um ( 0.24 row height)
max cell displacement:    1.836 um ( 0.50 row height)
std deviation:            0.515 um ( 0.14 row height)
number of cell moved:        27 cells (out of 27 cells)

Total 0 cells has large displacement (e.g. > 11.070 um or 3 row height)


  Placement Optimization Complete
  -------------------------------


  Design  WNS: 0.00  TNS: 0.00  Number of Violating Paths: 0

  Nets with DRC Violations: 5
  Total moveable cell area: 295.3
  Total fixed cell area: 103425.0
  Total physical cell area: 103720.3
  Core area: (227000 227000 377420 374600)


  No hold constraints


  Timing and DRC Optimization (Stage 2)
  --------------------------------------



  Beginning Timing Optimizations
  ------------------------------

                                  TOTAL                                      
   ELAPSED            WORST NEG   SETUP    DESIGN                            
    TIME      AREA      SLACK     COST    RULE COST         ENDPOINT         
  --------- --------- --------- --------- --------- -------------------------
    0:00:07  103720.3      0.00       0.0   33724.5                          
  
Fixing max_capacitance rule(DRC-100)

    0:00:07  103720.3      0.00       0.0   33724.5                          
    0:00:07  103720.3      0.00       0.0   33724.5                          
  
Fixing max_capacitance rule(DRC-100)

    0:00:07  103720.3      0.00       0.0   33724.5                          
    0:00:07  103720.3      0.00       0.0   33724.5                          


  Beginning Phase 1 Design Rule Fixing  (max_transition)  (max_capacitance)
  ------------------------------------

                                  TOTAL                                      
   ELAPSED            WORST NEG   SETUP    DESIGN                            
    TIME      AREA      SLACK     COST    RULE COST         ENDPOINT         
  --------- --------- --------- --------- --------- -------------------------
    0:00:07  103720.3      0.00       0.0   33724.5                          
  
Fixing max_transition rule(DRC-101)

    0:00:07  103720.3      0.00       0.0   33724.5                          
    0:00:07  103720.3      0.00       0.0   33724.5                          
  
Fixing max_transition rule(DRC-101)

    0:00:07  103720.3      0.00       0.0   33724.5                          
    0:00:07  103720.3      0.00       0.0   33724.5                          
  
Fixing max_capacitance rule(DRC-100)

    0:00:07  103720.3      0.00       0.0   33724.5                          
    0:00:07  103720.3      0.00       0.0   33724.5                          
  
Fixing max_capacitance rule(DRC-100)

    0:00:07  103720.3      0.00       0.0   33724.5                          
    0:00:07  103720.3      0.00       0.0   33724.5                          
    0:00:07  103720.3      0.00       0.0   33724.5                          
    0:00:07  103720.3      0.00       0.0   33724.5                          
    0:00:07  103720.3      0.00       0.0   33724.5                          
    0:00:07  103720.3      0.00       0.0   33724.5                          
    0:00:07  103720.3      0.00       0.0   33724.5                          
    0:00:07  103720.3      0.00       0.0   33724.5                          
Warning: Warning: Target library does not have any constant lib_cells so tool cannot replace virtual constants.  (OPT-223)
Warning: Warning: Target library does not have any constant lib_cells so tool cannot replace virtual constants.  (OPT-223)
Warning: Warning: Target library does not have any constant lib_cells so tool cannot replace virtual constants.  (OPT-223)


Note: Symbol # after min delay cost means estimated hold TNS across all active scenarios 


  Optimization Complete
  ---------------------

  Placement Optimization (Stage 2) (Congestion Driven)
  -----------------------------------------------------

[begin initializing data for legality checker]

Initializing Data Structure ...
INFO: legalizer_via_spacing_check_mode 0
  Reading technology information ...
    Technology table contains 8 routable metal layers
    Top most routable layer is set to be metal6
    This is considered as a 6-metal-layer design
    Reading library information from DB ...
  Reading misc information ...
    array <unit> has 0 vertical and 40 horizontal rows
    14 pre-routes for placement blockage/checking
    14 pre-routes for map congestion calculation
  Checking information read in ...
    design style = Horizontal masters, Horizontal rows

  Preprocessing design ...
    splitting rows by natural obstacles ...
... design style 0
... number of base array 1 0
INFO:... use original rows...
[end initializing data for legality checker]
 
****************************************
  Report : Chip Summary
  Design : control_pad
  Version: T-2022.03
  Date   : Fri Nov 28 20:05:58 2025
****************************************
Std cell utilization: 1.33%  (174/(13080-0))
(Non-fixed + Fixed)
Std cell utilization: 1.33%  (174/(13080-0))
(Non-fixed only)
Chip area:            13080    sites, bbox (227.00 227.00 377.42 374.60) um
Std cell area:        174      sites, (non-fixed:174    fixed:0)
                      27       cells, (non-fixed:27     fixed:0)
Macro cell area:      0        sites
                      0        cells
Placement blockages:  0        sites, (excluding fixed std cells)
                      0        sites, (include fixed std cells & chimney area)
                      0        sites, (complete p/g net blockages)
Routing blockages:    0        sites, (partial p/g net blockages)
                      0        sites, (routing blockages and signal pre-route)
Lib cell count:       16 
Avg. std cell width:  3.16 um 
Site array:           unit     (width: 0.46 um, height: 3.69 um, rows: 40)
Physical DB scale:    1000 db_unit = 1 um 

 
****************************************
  Report : pnet options
  Design : control_pad
  Version: T-2022.03
  Date   : Fri Nov 28 20:05:58 2025
****************************************


--------------------------------------------------------------------
Layer      Blockage   Min_width   Min_height   Via_additive     Density
--------------------------------------------------------------------
METAL1     none          ---         ---       via additive      ---
METAL2     none          ---         ---       via additive      ---
METAL3     none          ---         ---       via additive      ---
METAL4     none          ---         ---       via additive      ---
METAL5     none          ---         ---       via additive      ---
METAL6     none          ---         ---       via additive      ---
METAL7     none          ---         ---       via additive      ---
METAL8     none          ---         ---       via additive      ---
 
****************************************
  Report : Legalize Displacement
  Design : control_pad
  Version: T-2022.03
  Date   : Fri Nov 28 20:05:58 2025
****************************************

No cell displacement.


  Placement Optimization Complete
  -------------------------------


  Design  WNS: 0.00  TNS: 0.00  Number of Violating Paths: 0

  Nets with DRC Violations: 5
  Total moveable cell area: 295.3
  Total fixed cell area: 103425.0
  Total physical cell area: 103720.3
  Core area: (227000 227000 377420 374600)


  No hold constraints


  Timing and DRC Optimization (Stage 3)
  --------------------------------------



  Beginning Timing Optimizations
  ------------------------------

                                  TOTAL                                      
   ELAPSED            WORST NEG   SETUP    DESIGN                            
    TIME      AREA      SLACK     COST    RULE COST         ENDPOINT         
  --------- --------- --------- --------- --------- -------------------------
    0:00:07  103720.3      0.00       0.0   33724.5                          
  
Fixing max_capacitance rule(DRC-100)

    0:00:07  103720.3      0.00       0.0   33724.5                          
    0:00:07  103720.3      0.00       0.0   33724.5                          
  
Fixing max_capacitance rule(DRC-100)

    0:00:07  103720.3      0.00       0.0   33724.5                          
    0:00:07  103720.3      0.00       0.0   33724.5                          


  Beginning Phase 1 Design Rule Fixing  (max_transition)  (max_capacitance)
  ------------------------------------

                                  TOTAL                                      
   ELAPSED            WORST NEG   SETUP    DESIGN                            
    TIME      AREA      SLACK     COST    RULE COST         ENDPOINT         
  --------- --------- --------- --------- --------- -------------------------
    0:00:07  103720.3      0.00       0.0   33724.5                          
  
Fixing max_transition rule(DRC-101)

    0:00:07  103720.3      0.00       0.0   33724.5                          
    0:00:07  103720.3      0.00       0.0   33724.5                          
  
Fixing max_transition rule(DRC-101)

    0:00:07  103720.3      0.00       0.0   33724.5                          
    0:00:07  103720.3      0.00       0.0   33724.5                          
  
Fixing max_capacitance rule(DRC-100)

    0:00:07  103720.3      0.00       0.0   33724.5                          
    0:00:07  103720.3      0.00       0.0   33724.5                          
  
Fixing max_capacitance rule(DRC-100)

    0:00:07  103720.3      0.00       0.0   33724.5                          
    0:00:07  103720.3      0.00       0.0   33724.5                          
    0:00:07  103720.3      0.00       0.0   33724.5                          
    0:00:07  103720.3      0.00       0.0   33724.5                          
    0:00:07  103720.3      0.00       0.0   33724.5                          
    0:00:07  103720.3      0.00       0.0   33724.5                          
    0:00:07  103720.3      0.00       0.0   33724.5                          
    0:00:07  103720.3      0.00       0.0   33724.5                          
Warning: Warning: Target library does not have any constant lib_cells so tool cannot replace virtual constants.  (OPT-223)
Warning: Warning: Target library does not have any constant lib_cells so tool cannot replace virtual constants.  (OPT-223)
Warning: Warning: Target library does not have any constant lib_cells so tool cannot replace virtual constants.  (OPT-223)


Note: Symbol # after min delay cost means estimated hold TNS across all active scenarios 


  Optimization Complete
  ---------------------

  Placement Optimization (Stage 3) (Congestion Driven)
  -----------------------------------------------------

[begin initializing data for legality checker]

Initializing Data Structure ...
INFO: legalizer_via_spacing_check_mode 0
  Reading technology information ...
    Technology table contains 8 routable metal layers
    Top most routable layer is set to be metal6
    This is considered as a 6-metal-layer design
    Reading library information from DB ...
  Reading misc information ...
    array <unit> has 0 vertical and 40 horizontal rows
    14 pre-routes for placement blockage/checking
    14 pre-routes for map congestion calculation
  Checking information read in ...
    design style = Horizontal masters, Horizontal rows

  Preprocessing design ...
    splitting rows by natural obstacles ...
... design style 0
... number of base array 1 0
INFO:... use original rows...
[end initializing data for legality checker]
 
****************************************
  Report : Chip Summary
  Design : control_pad
  Version: T-2022.03
  Date   : Fri Nov 28 20:05:58 2025
****************************************
Std cell utilization: 1.33%  (174/(13080-0))
(Non-fixed + Fixed)
Std cell utilization: 1.33%  (174/(13080-0))
(Non-fixed only)
Chip area:            13080    sites, bbox (227.00 227.00 377.42 374.60) um
Std cell area:        174      sites, (non-fixed:174    fixed:0)
                      27       cells, (non-fixed:27     fixed:0)
Macro cell area:      0        sites
                      0        cells
Placement blockages:  0        sites, (excluding fixed std cells)
                      0        sites, (include fixed std cells & chimney area)
                      0        sites, (complete p/g net blockages)
Routing blockages:    0        sites, (partial p/g net blockages)
                      0        sites, (routing blockages and signal pre-route)
Lib cell count:       16 
Avg. std cell width:  3.16 um 
Site array:           unit     (width: 0.46 um, height: 3.69 um, rows: 40)
Physical DB scale:    1000 db_unit = 1 um 

 
****************************************
  Report : pnet options
  Design : control_pad
  Version: T-2022.03
  Date   : Fri Nov 28 20:05:58 2025
****************************************


--------------------------------------------------------------------
Layer      Blockage   Min_width   Min_height   Via_additive     Density
--------------------------------------------------------------------
METAL1     none          ---         ---       via additive      ---
METAL2     none          ---         ---       via additive      ---
METAL3     none          ---         ---       via additive      ---
METAL4     none          ---         ---       via additive      ---
METAL5     none          ---         ---       via additive      ---
METAL6     none          ---         ---       via additive      ---
METAL7     none          ---         ---       via additive      ---
METAL8     none          ---         ---       via additive      ---
 
****************************************
  Report : Legalize Displacement
  Design : control_pad
  Version: T-2022.03
  Date   : Fri Nov 28 20:05:58 2025
****************************************

No cell displacement.


  Placement Optimization Complete
  -------------------------------


  Design  WNS: 0.00  TNS: 0.00  Number of Violating Paths: 0

  Nets with DRC Violations: 5
  Total moveable cell area: 295.3
  Total fixed cell area: 103425.0
  Total physical cell area: 103720.3
  Core area: (227000 227000 377420 374600)


  No hold constraints

[begin initializing data for legality checker]

Initializing Data Structure ...
INFO: legalizer_via_spacing_check_mode 0
  Reading technology information ...
    Technology table contains 8 routable metal layers
    Top most routable layer is set to be metal6
    This is considered as a 6-metal-layer design
    Reading library information from DB ...
  Reading misc information ...
    array <unit> has 0 vertical and 40 horizontal rows
    14 pre-routes for placement blockage/checking
    14 pre-routes for map congestion calculation
  Checking information read in ...
    design style = Horizontal masters, Horizontal rows

  Preprocessing design ...
    splitting rows by natural obstacles ...
... design style 0
... number of base array 1 0
INFO:... use original rows...
[end initializing data for legality checker]
Warning: Die area is not integer multiples of min site height (3690), object's width and height(604420,604000). (PSYN-523)
Warning: Die area is not integer multiples of min site width (460), object's width and height(604420,604000). (PSYN-523)
Warning: Cell i_sel is not integer multiples of min site width (460), object's width and height(35000,197000). (PSYN-523)
Warning: Cell i_sel is not integer multiples of min site height (3690), object's width and height(197000,197000). (PSYN-523)
Warning: Cell i_data_e is not integer multiples of min site width (460), object's width and height(35000,197000). (PSYN-523)
Warning: Cell i_data_e is not integer multiples of min site height (3690), object's width and height(197000,197000). (PSYN-523)
Warning: Cell i_halt is not integer multiples of min site width (460), object's width and height(35000,197000). (PSYN-523)
Warning: Cell i_halt is not integer multiples of min site height (3690), object's width and height(197000,197000). (PSYN-523)
Warning: Cell i_inc_pc is not integer multiples of min site width (460), object's width and height(35000,197000). (PSYN-523)
Warning: Cell i_inc_pc is not integer multiples of min site height (3690), object's width and height(197000,197000). (PSYN-523)
Warning: Cell i_ld_pc is not integer multiples of min site width (460), object's width and height(35000,197000). (PSYN-523)
Warning: Cell i_ld_pc is not integer multiples of min site height (3690), object's width and height(197000,197000). (PSYN-523)
Warning: Cell i_ld_ac is not integer multiples of min site width (460), object's width and height(35000,197000). (PSYN-523)
Warning: Cell i_ld_ac is not integer multiples of min site height (3690), object's width and height(197000,197000). (PSYN-523)
Warning: Cell i_ld_ir is not integer multiples of min site width (460), object's width and height(35000,197000). (PSYN-523)
Warning: Cell i_ld_ir is not integer multiples of min site height (3690), object's width and height(197000,197000). (PSYN-523)
Warning: Cell i_wr is not integer multiples of min site width (460), object's width and height(35000,197000). (PSYN-523)
Warning: Cell i_wr is not integer multiples of min site height (3690), object's width and height(197000,197000). (PSYN-523)
Warning: Cell i_rd is not integer multiples of min site width (460), object's width and height(35000,197000). (PSYN-523)
Warning: Cell i_rd is not integer multiples of min site height (3690), object's width and height(197000,197000). (PSYN-523)
Warning: Cell i_opcode_2 is not integer multiples of min site width (460), object's width and height(35000,197000). (PSYN-523)
Warning: Cell i_opcode_2 is not integer multiples of min site height (3690), object's width and height(197000,197000). (PSYN-523)
Warning: Cell i_opcode_1 is not integer multiples of min site width (460), object's width and height(35000,197000). (PSYN-523)
Warning: Cell i_opcode_1 is not integer multiples of min site height (3690), object's width and height(197000,197000). (PSYN-523)
Warning: Cell i_opcode_0 is not integer multiples of min site width (460), object's width and height(35000,197000). (PSYN-523)
Warning: Cell i_opcode_0 is not integer multiples of min site height (3690), object's width and height(197000,197000). (PSYN-523)
Warning: Cell i_zero is not integer multiples of min site width (460), object's width and height(35000,197000). (PSYN-523)
Warning: Cell i_zero is not integer multiples of min site height (3690), object's width and height(197000,197000). (PSYN-523)
Warning: Cell i_clk is not integer multiples of min site width (460), object's width and height(35000,197000). (PSYN-523)
Warning: Cell i_clk is not integer multiples of min site height (3690), object's width and height(197000,197000). (PSYN-523)
Warning: Cell i_rst is not integer multiples of min site width (460), object's width and height(35000,197000). (PSYN-523)
Warning: Cell i_rst is not integer multiples of min site height (3690), object's width and height(197000,197000). (PSYN-523)

**************************************************** 
Check_legality: Report for Fixed Placement Cells
Information: Use the -verbose option to get details about the legality violations. (PSYN-054)
**************************************************** 
(fixed placement) Cells Not on Row            : 0
(fixed placement) Cell Overlaps               : 0
(fixed placement) Cells overlapping blockages : 0
(fixed placement) Orientation Violations      : 0
(fixed placement) Site Violations             : 0
(fixed placement) Power Strap Violations      : 0
****************************************************** 

****************************************************** 
Check_legality: Report for Non-fixed Placement Cells
Information: Use the -verbose option to get details about the legality violations. (PSYN-054)
****************************************************** 
Number of Cells Not on Row            : 0
Number of Cell Overlaps               : 0
Number of Cells overlapping blockages : 0
Number of Orientation Violations      : 0
Number of Site Violations             : 0
Number of Power Strap Violations      : 0
******************************************** 
--------------------------------------------------
QoR Report for physical synthesis (Final Placement)
--------------------------------------------------
CPU: 18, MEM: 456433664


  Timing Path Group 'clk'
  -----------------------------------
  Levels of Logic:               5.00
  Critical Path Length:         10.26
  Critical Path Slack:           8.44
  Critical Path Clk Period:     20.00
  Total Negative Slack:          0.00
  No. of Violating Paths:        0.00
  Worst Hold Violation:          0.00
  Total Hold Violation:          0.00
  No. of Hold Violations:        0.00
  -----------------------------------


  Cell Count
  -----------------------------------
  Hierarchical Cell Count:          0
  Hierarchical Port Count:          0
  Leaf Cell Count:                 42
  Buf/Inv Cell Count:               3
  Buf Cell Count:                   0
  Inv Cell Count:                   3
  CT Buf/Inv Cell Count:            0
  Combinational Cell Count:        39
  Sequential Cell Count:            3
  Macro Count:                      0
  -----------------------------------


  Area
  -----------------------------------
  Combinational Area:       103623.60
  Noncombinational Area:        96.75
  Buf/Inv Area:             103436.88
  Total Buffer Area:             0.00
  Total Inverter Area:          11.88
  Macro/Black Box Area:          0.00
  Net Area:                      0.00
  Net XLength        :        5072.35
  Net YLength        :        7121.56
  -----------------------------------
  Cell Area:                103720.35
  Design Area:              103720.35
  Net Length        :        12193.91


  Design Rules
  -----------------------------------
  Total Number of Nets:            51
  Nets With Violations:             5
  Max Trans Violations:             5
  Max Cap Violations:               5
  -----------------------------------


  Hostname: eda

  Compile CPU Statistics
  -----------------------------------------
  Resource Sharing:                    0.00
  Logic Optimization:                  0.00
  Mapping Optimization:                1.39
  -----------------------------------------
  Overall Compile Time:                1.44
  Overall Compile Wall Clock Time:     1.48



Information: Updating database...
1
refine_placement -congestion_effort high 
Information: Using 4 cores for placement. (OPT-1505)
Warning: Could not read any link_library files. The link_library setting {"*", "typical_1v2c25.db", "SP013D3_V1p2_typ.db", "typical_1v2c25.db", "SP013D3_V1p2_typ.db"} may be invalid. (UID-349)

  Loading design 'control_pad'


Information: Setting a dont_touch attribute on net 'rd' because it is connected to a pad cell. (PSYN-088)
Information: Setting a dont_touch attribute on net 'zero' because it is connected to a pad cell. (PSYN-088)
Information: Setting a dont_touch attribute on net 'clk' because it is connected to a pad cell. (PSYN-088)
Information: Setting a dont_touch attribute on net 'rst_' because it is connected to a pad cell. (PSYN-088)
Information: Setting a dont_touch attribute on net 'opcode[2]' because it is connected to a pad cell. (PSYN-088)
Information: Setting a dont_touch attribute on net 'opcode[1]' because it is connected to a pad cell. (PSYN-088)
Information: Setting a dont_touch attribute on net 'opcode[0]' because it is connected to a pad cell. (PSYN-088)
Information: Setting a dont_touch attribute on net 'sel' because it is connected to a pad cell. (PSYN-088)
Information: Setting a dont_touch attribute on net 'data_e' because it is connected to a pad cell. (PSYN-088)
Information: Setting a dont_touch attribute on net 'halt' because it is connected to a pad cell. (PSYN-088)
Information: Setting a dont_touch attribute on net 'inc_pc' because it is connected to a pad cell. (PSYN-088)
Information: Setting a dont_touch attribute on net 'ld_pc' because it is connected to a pad cell. (PSYN-088)
Information: Setting a dont_touch attribute on net 'ld_ac' because it is connected to a pad cell. (PSYN-088)
Information: Setting a dont_touch attribute on net 'ld_ir' because it is connected to a pad cell. (PSYN-088)
Information: Setting a dont_touch attribute on net 'wr' because it is connected to a pad cell. (PSYN-088)


Information: Library Manufacturing Grid(GridResolution) : 5
Information: Time Unit from Milkyway design library: 'ns' 
Information: Design Library and main library timing units are matched - 1.000 ns. 
Information: Resistance Unit from Milkyway design library: 'kohm' 
Information: Design Library and main library resistance units are matched - 1.000 kohm. 
Information: Capacitance Unit from Milkyway design library: 'pf' 
Information: Design Library and main library capacitance units are matched - 1.000 pf. 
Information: Layer METAL1 is ignored for resistance and capacitance computation. (RCEX-019)
Information: Layer METAL2 is ignored for resistance and capacitance computation. (RCEX-019)
Information: Layer METAL7 is ignored for resistance and capacitance computation. (RCEX-019)
Information: Layer METAL8 is ignored for resistance and capacitance computation. (RCEX-019)
****************************************************************
Information: TLUPlus based RC computation is enabled. (RCEX-141)
****************************************************************
Information: The distance unit in Capacitance and Resistance is 1 micron. (RCEX-007)
Information: The RC model used is TLU+. (RCEX-015)
Information: Library Derived Cap for layer METAL1 : 0.00025 0.00025 (RCEX-011)
Information: Library Derived Res for layer METAL1 : 0.0002 0.0002 (RCEX-011)
Information: Library Derived Cap for layer METAL2 : 0.00031 0.00031 (RCEX-011)
Information: Library Derived Res for layer METAL2 : 9.1e-05 9.1e-05 (RCEX-011)
Information: Library Derived Cap for layer METAL3 : 0.00035 0.00035 (RCEX-011)
Information: Library Derived Res for layer METAL3 : 9.1e-05 9.1e-05 (RCEX-011)
Information: Library Derived Cap for layer METAL4 : 0.00031 0.00031 (RCEX-011)
Information: Library Derived Res for layer METAL4 : 9.1e-05 9.1e-05 (RCEX-011)
Information: Library Derived Cap for layer METAL5 : 0.00035 0.00035 (RCEX-011)
Information: Library Derived Res for layer METAL5 : 9.1e-05 9.1e-05 (RCEX-011)
Information: Library Derived Cap for layer METAL6 : 0.00031 0.00031 (RCEX-011)
Information: Library Derived Res for layer METAL6 : 9.1e-05 9.1e-05 (RCEX-011)
Information: Library Derived Cap for layer METAL7 : 0.00035 0.00035 (RCEX-011)
Information: Library Derived Res for layer METAL7 : 9.1e-05 9.1e-05 (RCEX-011)
Information: Library Derived Cap for layer METAL8 : 0.0003 0.0003 (RCEX-011)
Information: Library Derived Res for layer METAL8 : 1.2e-05 1.2e-05 (RCEX-011)
Information: Library Derived Horizontal Cap : 0.00035 0.00035 (RCEX-011)
Information: Library Derived Horizontal Res : 9.1e-05 9.1e-05 (RCEX-011)
Information: Library Derived Vertical Cap : 0.00031 0.00031 (RCEX-011)
Information: Library Derived Vertical Res : 9.1e-05 9.1e-05 (RCEX-011)
Information: Using derived R and C coefficients. (RCEX-008)
Information: Using region-based R and C coefficients. (RCEX-013)
Information: Library Derived Via Res : 0.0001 0.0001 (RCEX-011)

  Beginning Coarse Placement (Congestion Driven)
  ---------------------------------------------

67%...100% done.
67%...100% done.

  Coarse Placement Complete
  --------------------------

Information: Updating database...
Warning: Could not read any link_library files. The link_library setting {"*", "typical_1v2c25.db", "SP013D3_V1p2_typ.db", "typical_1v2c25.db", "SP013D3_V1p2_typ.db"} may be invalid. (UID-349)

  Loading design 'control_pad'




Information: Library Manufacturing Grid(GridResolution) : 5
Information: Time Unit from Milkyway design library: 'ns' 
Information: Design Library and main library timing units are matched - 1.000 ns. 
Information: Resistance Unit from Milkyway design library: 'kohm' 
Information: Design Library and main library resistance units are matched - 1.000 kohm. 
Information: Capacitance Unit from Milkyway design library: 'pf' 
Information: Design Library and main library capacitance units are matched - 1.000 pf. 
Information: Layer METAL1 is ignored for resistance and capacitance computation. (RCEX-019)
Information: Layer METAL2 is ignored for resistance and capacitance computation. (RCEX-019)
Information: Layer METAL7 is ignored for resistance and capacitance computation. (RCEX-019)
Information: Layer METAL8 is ignored for resistance and capacitance computation. (RCEX-019)
****************************************************************
Information: TLUPlus based RC computation is enabled. (RCEX-141)
****************************************************************
Information: The distance unit in Capacitance and Resistance is 1 micron. (RCEX-007)
Information: The RC model used is TLU+. (RCEX-015)
Information: Library Derived Cap for layer METAL1 : 0.00025 0.00025 (RCEX-011)
Information: Library Derived Res for layer METAL1 : 0.0002 0.0002 (RCEX-011)
Information: Library Derived Cap for layer METAL2 : 0.00031 0.00031 (RCEX-011)
Information: Library Derived Res for layer METAL2 : 9.1e-05 9.1e-05 (RCEX-011)
Information: Library Derived Cap for layer METAL3 : 0.00035 0.00035 (RCEX-011)
Information: Library Derived Res for layer METAL3 : 9.1e-05 9.1e-05 (RCEX-011)
Information: Library Derived Cap for layer METAL4 : 0.00031 0.00031 (RCEX-011)
Information: Library Derived Res for layer METAL4 : 9.1e-05 9.1e-05 (RCEX-011)
Information: Library Derived Cap for layer METAL5 : 0.00035 0.00035 (RCEX-011)
Information: Library Derived Res for layer METAL5 : 9.1e-05 9.1e-05 (RCEX-011)
Information: Library Derived Cap for layer METAL6 : 0.00031 0.00031 (RCEX-011)
Information: Library Derived Res for layer METAL6 : 9.1e-05 9.1e-05 (RCEX-011)
Information: Library Derived Cap for layer METAL7 : 0.00035 0.00035 (RCEX-011)
Information: Library Derived Res for layer METAL7 : 9.1e-05 9.1e-05 (RCEX-011)
Information: Library Derived Cap for layer METAL8 : 0.0003 0.0003 (RCEX-011)
Information: Library Derived Res for layer METAL8 : 1.2e-05 1.2e-05 (RCEX-011)
Information: Library Derived Horizontal Cap : 0.00035 0.00035 (RCEX-011)
Information: Library Derived Horizontal Res : 9.1e-05 9.1e-05 (RCEX-011)
Information: Library Derived Vertical Cap : 0.00031 0.00031 (RCEX-011)
Information: Library Derived Vertical Res : 9.1e-05 9.1e-05 (RCEX-011)
Information: Using derived R and C coefficients. (RCEX-008)
Information: Using region-based R and C coefficients. (RCEX-013)
Information: Library Derived Via Res : 0.0001 0.0001 (RCEX-011)

  Legalizing Placement
  --------------------

[begin initializing data for legality checker]

Initializing Data Structure ...
INFO: legalizer_via_spacing_check_mode 0
  Reading technology information ...
    Technology table contains 8 routable metal layers
    Top most routable layer is set to be metal6
    This is considered as a 6-metal-layer design
    Reading library information from DB ...
  Reading misc information ...
    array <unit> has 0 vertical and 40 horizontal rows
    14 pre-routes for placement blockage/checking
    14 pre-routes for map congestion calculation
  Checking information read in ...
    design style = Horizontal masters, Horizontal rows

  Preprocessing design ...
    splitting rows by natural obstacles ...
... design style 0
... number of base array 1 0
INFO:... use original rows...
[end initializing data for legality checker]
 
****************************************
  Report : Chip Summary
  Design : control_pad
  Version: T-2022.03
  Date   : Fri Nov 28 20:06:18 2025
****************************************
Std cell utilization: 1.33%  (174/(13080-0))
(Non-fixed + Fixed)
Std cell utilization: 1.33%  (174/(13080-0))
(Non-fixed only)
Chip area:            13080    sites, bbox (227.00 227.00 377.42 374.60) um
Std cell area:        174      sites, (non-fixed:174    fixed:0)
                      27       cells, (non-fixed:27     fixed:0)
Macro cell area:      0        sites
                      0        cells
Placement blockages:  0        sites, (excluding fixed std cells)
                      0        sites, (include fixed std cells & chimney area)
                      0        sites, (complete p/g net blockages)
Routing blockages:    0        sites, (partial p/g net blockages)
                      0        sites, (routing blockages and signal pre-route)
Lib cell count:       16 
Avg. std cell width:  3.16 um 
Site array:           unit     (width: 0.46 um, height: 3.69 um, rows: 40)
Physical DB scale:    1000 db_unit = 1 um 

 
****************************************
  Report : pnet options
  Design : control_pad
  Version: T-2022.03
  Date   : Fri Nov 28 20:06:18 2025
****************************************


--------------------------------------------------------------------
Layer      Blockage   Min_width   Min_height   Via_additive     Density
--------------------------------------------------------------------
METAL1     none          ---         ---       via additive      ---
METAL2     none          ---         ---       via additive      ---
METAL3     none          ---         ---       via additive      ---
METAL4     none          ---         ---       via additive      ---
METAL5     none          ---         ---       via additive      ---
METAL6     none          ---         ---       via additive      ---
METAL7     none          ---         ---       via additive      ---
METAL8     none          ---         ---       via additive      ---
Legalizing 27 illegal cells...
Starting legalizer.
Initial legalization:  10% 20% 30% 40% 50% 60% 70% 80% 90% 100% (0 sec)
Optimizations pass 1: 10% 20% 30% 40% 50% 60% 70% 80% 90% 100% (0.0 sec)
Optimizations pass 2: 10% 20% 30% 40% 50% 60% 70% 80% 90% 100% (0.0 sec)
Optimizations pass 3: 10% 20% 30% 40% 50% 60% 70% 80% 90% 100% (0.0 sec)
Legalization complete (0 total sec)
 
****************************************
  Report : Legalize Displacement
  Design : control_pad
  Version: T-2022.03
  Date   : Fri Nov 28 20:06:18 2025
****************************************

avg cell displacement:    0.714 um ( 0.19 row height)
max cell displacement:    1.914 um ( 0.52 row height)
std deviation:            0.424 um ( 0.12 row height)
number of cell moved:        27 cells (out of 27 cells)

Total 0 cells has large displacement (e.g. > 11.070 um or 3 row height)


  Placement Legalization Complete
  -------------------------------

[begin initializing data for legality checker]

Initializing Data Structure ...
INFO: legalizer_via_spacing_check_mode 0
  Reading technology information ...
    Technology table contains 8 routable metal layers
    Top most routable layer is set to be metal6
    This is considered as a 6-metal-layer design
    Reading library information from DB ...
  Reading misc information ...
    array <unit> has 0 vertical and 40 horizontal rows
    14 pre-routes for placement blockage/checking
    14 pre-routes for map congestion calculation
  Checking information read in ...
    design style = Horizontal masters, Horizontal rows

  Preprocessing design ...
    splitting rows by natural obstacles ...
... design style 0
... number of base array 1 0
INFO:... use original rows...
[end initializing data for legality checker]
Warning: Die area is not integer multiples of min site height (3690), object's width and height(604420,604000). (PSYN-523)
Warning: Die area is not integer multiples of min site width (460), object's width and height(604420,604000). (PSYN-523)
Warning: Cell i_sel is not integer multiples of min site width (460), object's width and height(35000,197000). (PSYN-523)
Warning: Cell i_sel is not integer multiples of min site height (3690), object's width and height(197000,197000). (PSYN-523)
Warning: Cell i_data_e is not integer multiples of min site width (460), object's width and height(35000,197000). (PSYN-523)
Warning: Cell i_data_e is not integer multiples of min site height (3690), object's width and height(197000,197000). (PSYN-523)
Warning: Cell i_halt is not integer multiples of min site width (460), object's width and height(35000,197000). (PSYN-523)
Warning: Cell i_halt is not integer multiples of min site height (3690), object's width and height(197000,197000). (PSYN-523)
Warning: Cell i_inc_pc is not integer multiples of min site width (460), object's width and height(35000,197000). (PSYN-523)
Warning: Cell i_inc_pc is not integer multiples of min site height (3690), object's width and height(197000,197000). (PSYN-523)
Warning: Cell i_ld_pc is not integer multiples of min site width (460), object's width and height(35000,197000). (PSYN-523)
Warning: Cell i_ld_pc is not integer multiples of min site height (3690), object's width and height(197000,197000). (PSYN-523)
Warning: Cell i_ld_ac is not integer multiples of min site width (460), object's width and height(35000,197000). (PSYN-523)
Warning: Cell i_ld_ac is not integer multiples of min site height (3690), object's width and height(197000,197000). (PSYN-523)
Warning: Cell i_ld_ir is not integer multiples of min site width (460), object's width and height(35000,197000). (PSYN-523)
Warning: Cell i_ld_ir is not integer multiples of min site height (3690), object's width and height(197000,197000). (PSYN-523)
Warning: Cell i_wr is not integer multiples of min site width (460), object's width and height(35000,197000). (PSYN-523)
Warning: Cell i_wr is not integer multiples of min site height (3690), object's width and height(197000,197000). (PSYN-523)
Warning: Cell i_rd is not integer multiples of min site width (460), object's width and height(35000,197000). (PSYN-523)
Warning: Cell i_rd is not integer multiples of min site height (3690), object's width and height(197000,197000). (PSYN-523)
Warning: Cell i_opcode_2 is not integer multiples of min site width (460), object's width and height(35000,197000). (PSYN-523)
Warning: Cell i_opcode_2 is not integer multiples of min site height (3690), object's width and height(197000,197000). (PSYN-523)
Warning: Cell i_opcode_1 is not integer multiples of min site width (460), object's width and height(35000,197000). (PSYN-523)
Warning: Cell i_opcode_1 is not integer multiples of min site height (3690), object's width and height(197000,197000). (PSYN-523)
Warning: Cell i_opcode_0 is not integer multiples of min site width (460), object's width and height(35000,197000). (PSYN-523)
Warning: Cell i_opcode_0 is not integer multiples of min site height (3690), object's width and height(197000,197000). (PSYN-523)
Warning: Cell i_zero is not integer multiples of min site width (460), object's width and height(35000,197000). (PSYN-523)
Warning: Cell i_zero is not integer multiples of min site height (3690), object's width and height(197000,197000). (PSYN-523)
Warning: Cell i_clk is not integer multiples of min site width (460), object's width and height(35000,197000). (PSYN-523)
Warning: Cell i_clk is not integer multiples of min site height (3690), object's width and height(197000,197000). (PSYN-523)
Warning: Cell i_rst is not integer multiples of min site width (460), object's width and height(35000,197000). (PSYN-523)
Warning: Cell i_rst is not integer multiples of min site height (3690), object's width and height(197000,197000). (PSYN-523)

**************************************************** 
Check_legality: Report for Fixed Placement Cells
Information: Use the -verbose option to get details about the legality violations. (PSYN-054)
**************************************************** 
(fixed placement) Cells Not on Row            : 0
(fixed placement) Cell Overlaps               : 0
(fixed placement) Cells overlapping blockages : 0
(fixed placement) Orientation Violations      : 0
(fixed placement) Site Violations             : 0
(fixed placement) Power Strap Violations      : 0
****************************************************** 

****************************************************** 
Check_legality: Report for Non-fixed Placement Cells
Information: Use the -verbose option to get details about the legality violations. (PSYN-054)
****************************************************** 
Number of Cells Not on Row            : 0
Number of Cell Overlaps               : 0
Number of Cells overlapping blockages : 0
Number of Orientation Violations      : 0
Number of Site Violations             : 0
Number of Power Strap Violations      : 0
******************************************** 
Information: Updating database...
1
psynopt -area_recovery -congestion 
Information: Using 4 cores for placement. (OPT-1505)
Warning: Could not read any link_library files. The link_library setting {"*", "typical_1v2c25.db", "SP013D3_V1p2_typ.db", "typical_1v2c25.db", "SP013D3_V1p2_typ.db"} may be invalid. (UID-349)

  Loading design 'control_pad'


Information: Setting a dont_touch attribute on net 'rd' because it is connected to a pad cell. (PSYN-088)
Information: Setting a dont_touch attribute on net 'zero' because it is connected to a pad cell. (PSYN-088)
Information: Setting a dont_touch attribute on net 'clk' because it is connected to a pad cell. (PSYN-088)
Information: Setting a dont_touch attribute on net 'rst_' because it is connected to a pad cell. (PSYN-088)
Information: Setting a dont_touch attribute on net 'opcode[2]' because it is connected to a pad cell. (PSYN-088)
Information: Setting a dont_touch attribute on net 'opcode[1]' because it is connected to a pad cell. (PSYN-088)
Information: Setting a dont_touch attribute on net 'opcode[0]' because it is connected to a pad cell. (PSYN-088)
Information: Setting a dont_touch attribute on net 'sel' because it is connected to a pad cell. (PSYN-088)
Information: Setting a dont_touch attribute on net 'data_e' because it is connected to a pad cell. (PSYN-088)
Information: Setting a dont_touch attribute on net 'halt' because it is connected to a pad cell. (PSYN-088)
Information: Setting a dont_touch attribute on net 'inc_pc' because it is connected to a pad cell. (PSYN-088)
Information: Setting a dont_touch attribute on net 'ld_pc' because it is connected to a pad cell. (PSYN-088)
Information: Setting a dont_touch attribute on net 'ld_ac' because it is connected to a pad cell. (PSYN-088)
Information: Setting a dont_touch attribute on net 'ld_ir' because it is connected to a pad cell. (PSYN-088)
Information: Setting a dont_touch attribute on net 'wr' because it is connected to a pad cell. (PSYN-088)


Information: Library Manufacturing Grid(GridResolution) : 5
Information: Time Unit from Milkyway design library: 'ns' 
Information: Design Library and main library timing units are matched - 1.000 ns. 
Information: Resistance Unit from Milkyway design library: 'kohm' 
Information: Design Library and main library resistance units are matched - 1.000 kohm. 
Information: Capacitance Unit from Milkyway design library: 'pf' 
Information: Design Library and main library capacitance units are matched - 1.000 pf. 
Information: Layer METAL1 is ignored for resistance and capacitance computation. (RCEX-019)
Information: Layer METAL2 is ignored for resistance and capacitance computation. (RCEX-019)
Information: Layer METAL7 is ignored for resistance and capacitance computation. (RCEX-019)
Information: Layer METAL8 is ignored for resistance and capacitance computation. (RCEX-019)
****************************************************************
Information: TLUPlus based RC computation is enabled. (RCEX-141)
****************************************************************
Information: The distance unit in Capacitance and Resistance is 1 micron. (RCEX-007)
Information: The RC model used is TLU+. (RCEX-015)
Information: Library Derived Cap for layer METAL1 : 0.00025 0.00025 (RCEX-011)
Information: Library Derived Res for layer METAL1 : 0.0002 0.0002 (RCEX-011)
Information: Library Derived Cap for layer METAL2 : 0.00031 0.00031 (RCEX-011)
Information: Library Derived Res for layer METAL2 : 9.1e-05 9.1e-05 (RCEX-011)
Information: Library Derived Cap for layer METAL3 : 0.00035 0.00035 (RCEX-011)
Information: Library Derived Res for layer METAL3 : 9.1e-05 9.1e-05 (RCEX-011)
Information: Library Derived Cap for layer METAL4 : 0.00031 0.00031 (RCEX-011)
Information: Library Derived Res for layer METAL4 : 9.1e-05 9.1e-05 (RCEX-011)
Information: Library Derived Cap for layer METAL5 : 0.00035 0.00035 (RCEX-011)
Information: Library Derived Res for layer METAL5 : 9.1e-05 9.1e-05 (RCEX-011)
Information: Library Derived Cap for layer METAL6 : 0.00031 0.00031 (RCEX-011)
Information: Library Derived Res for layer METAL6 : 9.1e-05 9.1e-05 (RCEX-011)
Information: Library Derived Cap for layer METAL7 : 0.00035 0.00035 (RCEX-011)
Information: Library Derived Res for layer METAL7 : 9.1e-05 9.1e-05 (RCEX-011)
Information: Library Derived Cap for layer METAL8 : 0.0003 0.0003 (RCEX-011)
Information: Library Derived Res for layer METAL8 : 1.2e-05 1.2e-05 (RCEX-011)
Information: Library Derived Horizontal Cap : 0.00035 0.00035 (RCEX-011)
Information: Library Derived Horizontal Res : 9.1e-05 9.1e-05 (RCEX-011)
Information: Library Derived Vertical Cap : 0.00031 0.00031 (RCEX-011)
Information: Library Derived Vertical Res : 9.1e-05 9.1e-05 (RCEX-011)
Information: Using derived R and C coefficients. (RCEX-008)
Information: Using region-based R and C coefficients. (RCEX-013)
Information: Library Derived Via Res : 0.0001 0.0001 (RCEX-011)

  Design  WNS: 0.00  TNS: 0.00  Number of Violating Paths: 0

  Nets with DRC Violations: 5
  Total moveable cell area: 295.3
  Total fixed cell area: 103425.0
  Total physical cell area: 103720.3
  Core area: (227000 227000 377420 374600)


                  Incremental high fanout optimization starts
================================================================

 Collecting Buffer Trees ... Found 0

                  Incremental high fanout optimization completes
================================================================


  Design  WNS: 0.00  TNS: 0.00  Number of Violating Paths: 0

  Nets with DRC Violations: 5
  Total moveable cell area: 295.3
  Total fixed cell area: 103425.0
  Total physical cell area: 103720.3
  Core area: (227000 227000 377420 374600)


  No hold constraints


  Timing and DRC Optimization (Stage 1)
  --------------------------------------



  Beginning Timing Optimizations
  ------------------------------

                                  TOTAL                                      
   ELAPSED            WORST NEG   SETUP    DESIGN                            
    TIME      AREA      SLACK     COST    RULE COST         ENDPOINT         
  --------- --------- --------- --------- --------- -------------------------
    0:00:01  103720.3      0.00       0.0   33724.5                          
  
Fixing max_capacitance rule(DRC-100)

    0:00:01  103720.3      0.00       0.0   33724.5                          
    0:00:01  103720.3      0.00       0.0   33724.5                          
  
Fixing max_capacitance rule(DRC-100)

    0:00:01  103720.3      0.00       0.0   33724.5                          
    0:00:01  103720.3      0.00       0.0   33724.5                          


  Beginning Phase 1 Design Rule Fixing  (max_transition)  (max_capacitance)
  ------------------------------------

                                  TOTAL                                      
   ELAPSED            WORST NEG   SETUP    DESIGN                            
    TIME      AREA      SLACK     COST    RULE COST         ENDPOINT         
  --------- --------- --------- --------- --------- -------------------------
    0:00:01  103720.3      0.00       0.0   33724.5                          
  
Fixing max_transition rule(DRC-101)

    0:00:01  103720.3      0.00       0.0   33724.5                          
    0:00:01  103720.3      0.00       0.0   33724.5                          
  
Fixing max_transition rule(DRC-101)

    0:00:01  103720.3      0.00       0.0   33724.5                          
    0:00:01  103720.3      0.00       0.0   33724.5                          
  
Fixing max_capacitance rule(DRC-100)

    0:00:01  103720.3      0.00       0.0   33724.5                          
    0:00:01  103720.3      0.00       0.0   33724.5                          
  
Fixing max_capacitance rule(DRC-100)

    0:00:01  103720.3      0.00       0.0   33724.5                          
    0:00:01  103720.3      0.00       0.0   33724.5                          


  Beginning Phase 2 Design Rule Fixing  (max_transition)  (max_capacitance)
  ------------------------------------

                                  TOTAL                                      
   ELAPSED            WORST NEG   SETUP    DESIGN                            
    TIME      AREA      SLACK     COST    RULE COST         ENDPOINT         
  --------- --------- --------- --------- --------- -------------------------
    0:00:01  103720.3      0.00       0.0   33724.5                          


  Beginning Area-Recovery Phase  (cleanup)
  -----------------------------

                                  TOTAL                                      
   ELAPSED            WORST NEG   SETUP    DESIGN                            
    TIME      AREA      SLACK     COST    RULE COST         ENDPOINT         
  --------- --------- --------- --------- --------- -------------------------
    0:00:01  103720.3      0.00       0.0   33724.5                          
    0:00:01  103720.3      0.00       0.0   33724.5                          
    0:00:01  103720.3      0.00       0.0   33724.5                          
    0:00:01  103720.3      0.00       0.0   33724.5                          
    0:00:01  103720.3      0.00       0.0   33724.5                          
    0:00:01  103720.3      0.00       0.0   33724.5                          
    0:00:01  103720.3      0.00       0.0   33724.5                          
    0:00:01  103720.3      0.00       0.0   33724.5                          
    0:00:01  103720.3      0.00       0.0   33724.5                          
Warning: Warning: Target library does not have any constant lib_cells so tool cannot replace virtual constants.  (OPT-223)
Warning: Warning: Target library does not have any constant lib_cells so tool cannot replace virtual constants.  (OPT-223)
Warning: Warning: Target library does not have any constant lib_cells so tool cannot replace virtual constants.  (OPT-223)


Note: Symbol # after min delay cost means estimated hold TNS across all active scenarios 


  Optimization Complete
  ---------------------

  Placement Optimization (Stage 1) (Congestion Driven)
  -----------------------------------------------------

...25%...50%...75%...100% done.

Information: Analyzing channel congestion ... 
Information: Channel congestion analysis found no blockages


[begin initializing data for legality checker]

Initializing Data Structure ...
INFO: legalizer_via_spacing_check_mode 0
  Reading technology information ...
    Technology table contains 8 routable metal layers
    Top most routable layer is set to be metal6
    This is considered as a 6-metal-layer design
    Reading library information from DB ...
  Reading misc information ...
    array <unit> has 0 vertical and 40 horizontal rows
    14 pre-routes for placement blockage/checking
    14 pre-routes for map congestion calculation
  Checking information read in ...
    design style = Horizontal masters, Horizontal rows

  Preprocessing design ...
    splitting rows by natural obstacles ...
... design style 0
... number of base array 1 0
INFO:... use original rows...
[end initializing data for legality checker]
 
****************************************
  Report : Chip Summary
  Design : control_pad
  Version: T-2022.03
  Date   : Fri Nov 28 20:06:25 2025
****************************************
Std cell utilization: 1.33%  (174/(13080-0))
(Non-fixed + Fixed)
Std cell utilization: 1.33%  (174/(13080-0))
(Non-fixed only)
Chip area:            13080    sites, bbox (227.00 227.00 377.42 374.60) um
Std cell area:        174      sites, (non-fixed:174    fixed:0)
                      27       cells, (non-fixed:27     fixed:0)
Macro cell area:      0        sites
                      0        cells
Placement blockages:  0        sites, (excluding fixed std cells)
                      0        sites, (include fixed std cells & chimney area)
                      0        sites, (complete p/g net blockages)
Routing blockages:    0        sites, (partial p/g net blockages)
                      0        sites, (routing blockages and signal pre-route)
Lib cell count:       16 
Avg. std cell width:  3.16 um 
Site array:           unit     (width: 0.46 um, height: 3.69 um, rows: 40)
Physical DB scale:    1000 db_unit = 1 um 

 
****************************************
  Report : pnet options
  Design : control_pad
  Version: T-2022.03
  Date   : Fri Nov 28 20:06:25 2025
****************************************


--------------------------------------------------------------------
Layer      Blockage   Min_width   Min_height   Via_additive     Density
--------------------------------------------------------------------
METAL1     none          ---         ---       via additive      ---
METAL2     none          ---         ---       via additive      ---
METAL3     none          ---         ---       via additive      ---
METAL4     none          ---         ---       via additive      ---
METAL5     none          ---         ---       via additive      ---
METAL6     none          ---         ---       via additive      ---
METAL7     none          ---         ---       via additive      ---
METAL8     none          ---         ---       via additive      ---
Legalizing 27 illegal cells...
Starting legalizer.
Initial legalization:  10% 20% 30% 40% 50% 60% 70% 80% 90% 100% (0 sec)
Optimizations pass 1: 10% 20% 30% 40% 50% 60% 70% 80% 90% 100% (0.0 sec)
Optimizations pass 2: 10% 20% 30% 40% 50% 60% 70% 80% 90% 100% (0.0 sec)
Optimizations pass 3: 10% 20% 30% 40% 50% 60% 70% 80% 90% 100% (0.0 sec)
Legalization complete (0 total sec)
 
****************************************
  Report : Legalize Displacement
  Design : control_pad
  Version: T-2022.03
  Date   : Fri Nov 28 20:06:25 2025
****************************************

avg cell displacement:    0.728 um ( 0.20 row height)
max cell displacement:    1.546 um ( 0.42 row height)
std deviation:            0.452 um ( 0.12 row height)
number of cell moved:        27 cells (out of 27 cells)

Total 0 cells has large displacement (e.g. > 11.070 um or 3 row height)


  Placement Optimization Complete
  -------------------------------


  Design  WNS: 0.00  TNS: 0.00  Number of Violating Paths: 0

  Nets with DRC Violations: 5
  Total moveable cell area: 295.3
  Total fixed cell area: 103425.0
  Total physical cell area: 103720.3
  Core area: (227000 227000 377420 374600)


  No hold constraints


  Timing and DRC Optimization (Stage 2)
  --------------------------------------



  Beginning Timing Optimizations
  ------------------------------

                                  TOTAL                                      
   ELAPSED            WORST NEG   SETUP    DESIGN                            
    TIME      AREA      SLACK     COST    RULE COST         ENDPOINT         
  --------- --------- --------- --------- --------- -------------------------
    0:00:07  103720.3      0.00       0.0   33721.4                          
  
Fixing max_capacitance rule(DRC-100)

    0:00:07  103720.3      0.00       0.0   33721.4                          
    0:00:07  103720.3      0.00       0.0   33721.4                          
  
Fixing max_capacitance rule(DRC-100)

    0:00:07  103720.3      0.00       0.0   33721.4                          
    0:00:07  103720.3      0.00       0.0   33721.4                          


  Beginning Phase 1 Design Rule Fixing  (max_transition)  (max_capacitance)
  ------------------------------------

                                  TOTAL                                      
   ELAPSED            WORST NEG   SETUP    DESIGN                            
    TIME      AREA      SLACK     COST    RULE COST         ENDPOINT         
  --------- --------- --------- --------- --------- -------------------------
    0:00:07  103720.3      0.00       0.0   33721.4                          
  
Fixing max_transition rule(DRC-101)

    0:00:07  103720.3      0.00       0.0   33721.4                          
    0:00:07  103720.3      0.00       0.0   33721.4                          
  
Fixing max_transition rule(DRC-101)

    0:00:07  103720.3      0.00       0.0   33721.4                          
    0:00:07  103720.3      0.00       0.0   33721.4                          
  
Fixing max_capacitance rule(DRC-100)

    0:00:07  103720.3      0.00       0.0   33721.4                          
    0:00:07  103720.3      0.00       0.0   33721.4                          
  
Fixing max_capacitance rule(DRC-100)

    0:00:07  103720.3      0.00       0.0   33721.4                          
    0:00:07  103720.3      0.00       0.0   33721.4                          
    0:00:07  103720.3      0.00       0.0   33721.4                          
    0:00:07  103720.3      0.00       0.0   33721.4                          
    0:00:07  103720.3      0.00       0.0   33721.4                          
    0:00:07  103720.3      0.00       0.0   33721.4                          
    0:00:07  103720.3      0.00       0.0   33721.4                          
    0:00:07  103720.3      0.00       0.0   33721.4                          
Warning: Warning: Target library does not have any constant lib_cells so tool cannot replace virtual constants.  (OPT-223)
Warning: Warning: Target library does not have any constant lib_cells so tool cannot replace virtual constants.  (OPT-223)
Warning: Warning: Target library does not have any constant lib_cells so tool cannot replace virtual constants.  (OPT-223)


Note: Symbol # after min delay cost means estimated hold TNS across all active scenarios 


  Optimization Complete
  ---------------------

  Placement Optimization (Stage 2) (Congestion Driven)
  -----------------------------------------------------

[begin initializing data for legality checker]

Initializing Data Structure ...
INFO: legalizer_via_spacing_check_mode 0
  Reading technology information ...
    Technology table contains 8 routable metal layers
    Top most routable layer is set to be metal6
    This is considered as a 6-metal-layer design
    Reading library information from DB ...
  Reading misc information ...
    array <unit> has 0 vertical and 40 horizontal rows
    14 pre-routes for placement blockage/checking
    14 pre-routes for map congestion calculation
  Checking information read in ...
    design style = Horizontal masters, Horizontal rows

  Preprocessing design ...
    splitting rows by natural obstacles ...
... design style 0
... number of base array 1 0
INFO:... use original rows...
[end initializing data for legality checker]
 
****************************************
  Report : Chip Summary
  Design : control_pad
  Version: T-2022.03
  Date   : Fri Nov 28 20:06:25 2025
****************************************
Std cell utilization: 1.33%  (174/(13080-0))
(Non-fixed + Fixed)
Std cell utilization: 1.33%  (174/(13080-0))
(Non-fixed only)
Chip area:            13080    sites, bbox (227.00 227.00 377.42 374.60) um
Std cell area:        174      sites, (non-fixed:174    fixed:0)
                      27       cells, (non-fixed:27     fixed:0)
Macro cell area:      0        sites
                      0        cells
Placement blockages:  0        sites, (excluding fixed std cells)
                      0        sites, (include fixed std cells & chimney area)
                      0        sites, (complete p/g net blockages)
Routing blockages:    0        sites, (partial p/g net blockages)
                      0        sites, (routing blockages and signal pre-route)
Lib cell count:       16 
Avg. std cell width:  3.16 um 
Site array:           unit     (width: 0.46 um, height: 3.69 um, rows: 40)
Physical DB scale:    1000 db_unit = 1 um 

 
****************************************
  Report : pnet options
  Design : control_pad
  Version: T-2022.03
  Date   : Fri Nov 28 20:06:25 2025
****************************************


--------------------------------------------------------------------
Layer      Blockage   Min_width   Min_height   Via_additive     Density
--------------------------------------------------------------------
METAL1     none          ---         ---       via additive      ---
METAL2     none          ---         ---       via additive      ---
METAL3     none          ---         ---       via additive      ---
METAL4     none          ---         ---       via additive      ---
METAL5     none          ---         ---       via additive      ---
METAL6     none          ---         ---       via additive      ---
METAL7     none          ---         ---       via additive      ---
METAL8     none          ---         ---       via additive      ---
 
****************************************
  Report : Legalize Displacement
  Design : control_pad
  Version: T-2022.03
  Date   : Fri Nov 28 20:06:25 2025
****************************************

No cell displacement.


  Placement Optimization Complete
  -------------------------------


  Design  WNS: 0.00  TNS: 0.00  Number of Violating Paths: 0

  Nets with DRC Violations: 5
  Total moveable cell area: 295.3
  Total fixed cell area: 103425.0
  Total physical cell area: 103720.3
  Core area: (227000 227000 377420 374600)


  No hold constraints


  Timing and DRC Optimization (Stage 3)
  --------------------------------------



  Beginning Timing Optimizations
  ------------------------------

                                  TOTAL                                      
   ELAPSED            WORST NEG   SETUP    DESIGN                            
    TIME      AREA      SLACK     COST    RULE COST         ENDPOINT         
  --------- --------- --------- --------- --------- -------------------------
    0:00:08  103720.3      0.00       0.0   33721.4                          
  
Fixing max_capacitance rule(DRC-100)

    0:00:08  103720.3      0.00       0.0   33721.4                          
    0:00:08  103720.3      0.00       0.0   33721.4                          
  
Fixing max_capacitance rule(DRC-100)

    0:00:08  103720.3      0.00       0.0   33721.4                          
    0:00:08  103720.3      0.00       0.0   33721.4                          


  Beginning Phase 1 Design Rule Fixing  (max_transition)  (max_capacitance)
  ------------------------------------

                                  TOTAL                                      
   ELAPSED            WORST NEG   SETUP    DESIGN                            
    TIME      AREA      SLACK     COST    RULE COST         ENDPOINT         
  --------- --------- --------- --------- --------- -------------------------
    0:00:08  103720.3      0.00       0.0   33721.4                          
  
Fixing max_transition rule(DRC-101)

    0:00:08  103720.3      0.00       0.0   33721.4                          
    0:00:08  103720.3      0.00       0.0   33721.4                          
  
Fixing max_transition rule(DRC-101)

    0:00:08  103720.3      0.00       0.0   33721.4                          
    0:00:08  103720.3      0.00       0.0   33721.4                          
  
Fixing max_capacitance rule(DRC-100)

    0:00:08  103720.3      0.00       0.0   33721.4                          
    0:00:08  103720.3      0.00       0.0   33721.4                          
  
Fixing max_capacitance rule(DRC-100)

    0:00:08  103720.3      0.00       0.0   33721.4                          
    0:00:08  103720.3      0.00       0.0   33721.4                          
    0:00:08  103720.3      0.00       0.0   33721.4                          
    0:00:08  103720.3      0.00       0.0   33721.4                          
    0:00:08  103720.3      0.00       0.0   33721.4                          
    0:00:08  103720.3      0.00       0.0   33721.4                          
    0:00:08  103720.3      0.00       0.0   33721.4                          
    0:00:08  103720.3      0.00       0.0   33721.4                          
Warning: Warning: Target library does not have any constant lib_cells so tool cannot replace virtual constants.  (OPT-223)
Warning: Warning: Target library does not have any constant lib_cells so tool cannot replace virtual constants.  (OPT-223)
Warning: Warning: Target library does not have any constant lib_cells so tool cannot replace virtual constants.  (OPT-223)


Note: Symbol # after min delay cost means estimated hold TNS across all active scenarios 


  Optimization Complete
  ---------------------

  Placement Optimization (Stage 3) (Congestion Driven)
  -----------------------------------------------------

[begin initializing data for legality checker]

Initializing Data Structure ...
INFO: legalizer_via_spacing_check_mode 0
  Reading technology information ...
    Technology table contains 8 routable metal layers
    Top most routable layer is set to be metal6
    This is considered as a 6-metal-layer design
    Reading library information from DB ...
  Reading misc information ...
    array <unit> has 0 vertical and 40 horizontal rows
    14 pre-routes for placement blockage/checking
    14 pre-routes for map congestion calculation
  Checking information read in ...
    design style = Horizontal masters, Horizontal rows

  Preprocessing design ...
    splitting rows by natural obstacles ...
... design style 0
... number of base array 1 0
INFO:... use original rows...
[end initializing data for legality checker]
 
****************************************
  Report : Chip Summary
  Design : control_pad
  Version: T-2022.03
  Date   : Fri Nov 28 20:06:26 2025
****************************************
Std cell utilization: 1.33%  (174/(13080-0))
(Non-fixed + Fixed)
Std cell utilization: 1.33%  (174/(13080-0))
(Non-fixed only)
Chip area:            13080    sites, bbox (227.00 227.00 377.42 374.60) um
Std cell area:        174      sites, (non-fixed:174    fixed:0)
                      27       cells, (non-fixed:27     fixed:0)
Macro cell area:      0        sites
                      0        cells
Placement blockages:  0        sites, (excluding fixed std cells)
                      0        sites, (include fixed std cells & chimney area)
                      0        sites, (complete p/g net blockages)
Routing blockages:    0        sites, (partial p/g net blockages)
                      0        sites, (routing blockages and signal pre-route)
Lib cell count:       16 
Avg. std cell width:  3.16 um 
Site array:           unit     (width: 0.46 um, height: 3.69 um, rows: 40)
Physical DB scale:    1000 db_unit = 1 um 

 
****************************************
  Report : pnet options
  Design : control_pad
  Version: T-2022.03
  Date   : Fri Nov 28 20:06:26 2025
****************************************


--------------------------------------------------------------------
Layer      Blockage   Min_width   Min_height   Via_additive     Density
--------------------------------------------------------------------
METAL1     none          ---         ---       via additive      ---
METAL2     none          ---         ---       via additive      ---
METAL3     none          ---         ---       via additive      ---
METAL4     none          ---         ---       via additive      ---
METAL5     none          ---         ---       via additive      ---
METAL6     none          ---         ---       via additive      ---
METAL7     none          ---         ---       via additive      ---
METAL8     none          ---         ---       via additive      ---
 
****************************************
  Report : Legalize Displacement
  Design : control_pad
  Version: T-2022.03
  Date   : Fri Nov 28 20:06:26 2025
****************************************

No cell displacement.


  Placement Optimization Complete
  -------------------------------


  Design  WNS: 0.00  TNS: 0.00  Number of Violating Paths: 0

  Nets with DRC Violations: 5
  Total moveable cell area: 295.3
  Total fixed cell area: 103425.0
  Total physical cell area: 103720.3
  Core area: (227000 227000 377420 374600)


  No hold constraints

[begin initializing data for legality checker]

Initializing Data Structure ...
INFO: legalizer_via_spacing_check_mode 0
  Reading technology information ...
    Technology table contains 8 routable metal layers
    Top most routable layer is set to be metal6
    This is considered as a 6-metal-layer design
    Reading library information from DB ...
  Reading misc information ...
    array <unit> has 0 vertical and 40 horizontal rows
    14 pre-routes for placement blockage/checking
    14 pre-routes for map congestion calculation
  Checking information read in ...
    design style = Horizontal masters, Horizontal rows

  Preprocessing design ...
    splitting rows by natural obstacles ...
... design style 0
... number of base array 1 0
INFO:... use original rows...
[end initializing data for legality checker]
Warning: Die area is not integer multiples of min site height (3690), object's width and height(604420,604000). (PSYN-523)
Warning: Die area is not integer multiples of min site width (460), object's width and height(604420,604000). (PSYN-523)
Warning: Cell i_sel is not integer multiples of min site width (460), object's width and height(35000,197000). (PSYN-523)
Warning: Cell i_sel is not integer multiples of min site height (3690), object's width and height(197000,197000). (PSYN-523)
Warning: Cell i_data_e is not integer multiples of min site width (460), object's width and height(35000,197000). (PSYN-523)
Warning: Cell i_data_e is not integer multiples of min site height (3690), object's width and height(197000,197000). (PSYN-523)
Warning: Cell i_halt is not integer multiples of min site width (460), object's width and height(35000,197000). (PSYN-523)
Warning: Cell i_halt is not integer multiples of min site height (3690), object's width and height(197000,197000). (PSYN-523)
Warning: Cell i_inc_pc is not integer multiples of min site width (460), object's width and height(35000,197000). (PSYN-523)
Warning: Cell i_inc_pc is not integer multiples of min site height (3690), object's width and height(197000,197000). (PSYN-523)
Warning: Cell i_ld_pc is not integer multiples of min site width (460), object's width and height(35000,197000). (PSYN-523)
Warning: Cell i_ld_pc is not integer multiples of min site height (3690), object's width and height(197000,197000). (PSYN-523)
Warning: Cell i_ld_ac is not integer multiples of min site width (460), object's width and height(35000,197000). (PSYN-523)
Warning: Cell i_ld_ac is not integer multiples of min site height (3690), object's width and height(197000,197000). (PSYN-523)
Warning: Cell i_ld_ir is not integer multiples of min site width (460), object's width and height(35000,197000). (PSYN-523)
Warning: Cell i_ld_ir is not integer multiples of min site height (3690), object's width and height(197000,197000). (PSYN-523)
Warning: Cell i_wr is not integer multiples of min site width (460), object's width and height(35000,197000). (PSYN-523)
Warning: Cell i_wr is not integer multiples of min site height (3690), object's width and height(197000,197000). (PSYN-523)
Warning: Cell i_rd is not integer multiples of min site width (460), object's width and height(35000,197000). (PSYN-523)
Warning: Cell i_rd is not integer multiples of min site height (3690), object's width and height(197000,197000). (PSYN-523)
Warning: Cell i_opcode_2 is not integer multiples of min site width (460), object's width and height(35000,197000). (PSYN-523)
Warning: Cell i_opcode_2 is not integer multiples of min site height (3690), object's width and height(197000,197000). (PSYN-523)
Warning: Cell i_opcode_1 is not integer multiples of min site width (460), object's width and height(35000,197000). (PSYN-523)
Warning: Cell i_opcode_1 is not integer multiples of min site height (3690), object's width and height(197000,197000). (PSYN-523)
Warning: Cell i_opcode_0 is not integer multiples of min site width (460), object's width and height(35000,197000). (PSYN-523)
Warning: Cell i_opcode_0 is not integer multiples of min site height (3690), object's width and height(197000,197000). (PSYN-523)
Warning: Cell i_zero is not integer multiples of min site width (460), object's width and height(35000,197000). (PSYN-523)
Warning: Cell i_zero is not integer multiples of min site height (3690), object's width and height(197000,197000). (PSYN-523)
Warning: Cell i_clk is not integer multiples of min site width (460), object's width and height(35000,197000). (PSYN-523)
Warning: Cell i_clk is not integer multiples of min site height (3690), object's width and height(197000,197000). (PSYN-523)
Warning: Cell i_rst is not integer multiples of min site width (460), object's width and height(35000,197000). (PSYN-523)
Warning: Cell i_rst is not integer multiples of min site height (3690), object's width and height(197000,197000). (PSYN-523)

**************************************************** 
Check_legality: Report for Fixed Placement Cells
Information: Use the -verbose option to get details about the legality violations. (PSYN-054)
**************************************************** 
(fixed placement) Cells Not on Row            : 0
(fixed placement) Cell Overlaps               : 0
(fixed placement) Cells overlapping blockages : 0
(fixed placement) Orientation Violations      : 0
(fixed placement) Site Violations             : 0
(fixed placement) Power Strap Violations      : 0
****************************************************** 

****************************************************** 
Check_legality: Report for Non-fixed Placement Cells
Information: Use the -verbose option to get details about the legality violations. (PSYN-054)
****************************************************** 
Number of Cells Not on Row            : 0
Number of Cell Overlaps               : 0
Number of Cells overlapping blockages : 0
Number of Orientation Violations      : 0
Number of Site Violations             : 0
Number of Power Strap Violations      : 0
******************************************** 
--------------------------------------------------
QoR Report for physical synthesis (Final Placement)
--------------------------------------------------
CPU: 43, MEM: 460644352


  Timing Path Group 'clk'
  -----------------------------------
  Levels of Logic:               5.00
  Critical Path Length:         10.29
  Critical Path Slack:           8.41
  Critical Path Clk Period:     20.00
  Total Negative Slack:          0.00
  No. of Violating Paths:        0.00
  Worst Hold Violation:          0.00
  Total Hold Violation:          0.00
  No. of Hold Violations:        0.00
  -----------------------------------


  Cell Count
  -----------------------------------
  Hierarchical Cell Count:          0
  Hierarchical Port Count:          0
  Leaf Cell Count:                 42
  Buf/Inv Cell Count:               3
  Buf Cell Count:                   0
  Inv Cell Count:                   3
  CT Buf/Inv Cell Count:            0
  Combinational Cell Count:        39
  Sequential Cell Count:            3
  Macro Count:                      0
  -----------------------------------


  Area
  -----------------------------------
  Combinational Area:       103623.60
  Noncombinational Area:        96.75
  Buf/Inv Area:             103436.88
  Total Buffer Area:             0.00
  Total Inverter Area:          11.88
  Macro/Black Box Area:          0.00
  Net Area:                      0.00
  Net XLength        :        5076.31
  Net YLength        :        7075.17
  -----------------------------------
  Cell Area:                103720.35
  Design Area:              103720.35
  Net Length        :        12151.49


  Design Rules
  -----------------------------------
  Total Number of Nets:            51
  Nets With Violations:             5
  Max Trans Violations:             5
  Max Cap Violations:               5
  -----------------------------------


  Hostname: eda

  Compile CPU Statistics
  -----------------------------------------
  Resource Sharing:                    0.00
  Logic Optimization:                  0.00
  Mapping Optimization:                2.05
  -----------------------------------------
  Overall Compile Time:                2.11
  Overall Compile Wall Clock Time:     2.20



Information: Updating database...
1
create_qor_snapshot -name placed 
Information: Timer is not in zero interconnect delay mode. (TIM-176)
Main process mem-peak:    439 Mb
Multicore mem-peak:   439 Mb
Multicore + icc2_link mem-peak:   439 Mb
***********************************************
Report          : create_qor_snapshot (placed)
Design          : control_pad
Version         : T-2022.03
Date            : Fri Nov 28 20:06:27 2025
Time unit       : 1.0e-09 Second(ns)
Capacitance unit: 1.0e-12 Farad(pF)
Voltage unit    : 1 Volt
Power unit      : N/A
Location        : /home/user123/Desktop/ASIC/icc/run/snapshot
***********************************************
No. of scenario = 1
--------------------------------------------------
WNS of each timing group:                
--------------------------------------------------
--------------------------------------------------
Setup WNS:                                   8.407 
Setup TNS:                                     0.0
Number of setup violations:                      0  
Hold WNS:                                    0.000  
Hold TNS:                                    0.000  
Number of hold violations:                       0  
Number of max trans violations:                  5  
Number of max cap violations:                    5  
Number of min pulse width violations:            0  
Route drc violations:                            0
--------------------------------------------------
Area:                                       103720
Cell count:                                     42
Buf/inv cell count:                              3
Std cell utilization:                        1.33%
CPU/ELAPSE(hr):                          0.01/0.01
Mem(Mb):                                       439
Host name:                                     eda
--------------------------------------------------
Histogram:           
--------------------------------------------------
Max violations:         0 
   above ~ -0.7  ---    0 
    -0.6 ~ -0.7  ---    0 
    -0.5 ~ -0.6  ---    0 
    -0.4 ~ -0.5  ---    0 
    -0.3 ~ -0.4  ---    0 
    -0.2 ~ -0.3  ---    0 
    -0.1 ~ -0.2  ---    0 
       0 ~ -0.1  ---    0 
--------------------------------------------------
Min violations:         0 
  -0.06 ~ above  ---    0 
  -0.05 ~ -0.06  ---    0 
  -0.04 ~ -0.05  ---    0 
  -0.03 ~ -0.04  ---    0 
  -0.02 ~ -0.03  ---    0 
  -0.01 ~ -0.02  ---    0 
      0 ~ -0.01  ---    0 
--------------------------------------------------
Snapshot (placed) is created and stored under "/home/user123/Desktop/ASIC/icc/run/snapshot" directory
1
query_qor_snapshot -name placed 
Parsing complete. Found 1 paths
Filtering paths.
Opening output file ctr_report.txt
Opening output file ctr_report.html
Output complete.
1
save_mw_cel -as placed
Information: Performing CEL netlist consistency check. (MWDC-118)
Information: CEL consistency check PASSED. (MWDC-119)
Information: Saved design named placed. (UIG-5)
1
1
icc_shell> 