
                                IC Compiler (TM)
                              IC Compiler-PC (TM)
                              IC Compiler-XP (TM)
                              IC Compiler-DP (TM)
                              IC Compiler-AG (TM)

                 Version T-2022.03 for linux64 - Feb 22, 2022 

                    Copyright (c) 1988 - 2022 Synopsys, Inc.
   This software and the associated documentation are proprietary to Synopsys,
 Inc. This software may only be used in accordance with the terms and conditions
 of a written license agreement with Synopsys, Inc. All other use, reproduction,
   or distribution of this software is strictly prohibited.  Licensed Products
     communicate with Synopsys servers for the purpose of providing software
    updates, detecting software piracy and verifying that customers are using
    Licensed Products in conformity with the applicable License Key for such
  Licensed Products. Synopsys will use information gathered in connection with
    this process to deliver software updates and pursue software pirates and
                                   infringers.

 Inclusivity & Diversity - Visit SolvNetPlus to read the "Synopsys Statement on
            Inclusivity and Diversity" (Refer to article 000036315 at
                        https://solvnetplus.synopsys.com)
Initializing...
#route.tcl 
source ../rm_setup/icrm_setup.tcl 
RM-Info: Setting default SEV variables for running outside of Lynx.
source ../rm_setup/icc_setup.tcl 
RM-Info: Running script /home/user123/Desktop/ASIC/icc/rm_setup/icc_setup.tcl

RM-Info: Running script /home/user123/Desktop/ASIC/icc/rm_setup/common_setup.tcl

RM-Info: Completed script /home/user123/Desktop/ASIC/icc/rm_setup/common_setup.tcl

### Processing procs.tcl...
CES_procs: 
 aa                   # always ask - Searches Synopsys help for both commands and variables
 gui                  # Start or stop the GUI
 host_stats           # Display statistics of the current host (server)
 view                 # Display output of any command in a separate Tk window.

RM-Info: Completed script /home/user123/Desktop/ASIC/icc/rm_setup/icc_setup.tcl

open_mw_lib control_pad.mw 
Warning: Reference Library Inconsistent With Main Library
Reference Library: /home/eda/lib/smic/SP013D3_V1p4/apollo/SP013D3_V1p2_8MT (MWLIBP-300)
Warning: Inconsistent Data for Contact Code 9
	Main Library (control_pad.mw)     |	Reference Library (SP013D3_V1p2_8MT)
 (MWLIBP-324)
Warning: Inconsistent Data for Contact Code 10
	Main Library (control_pad.mw)     |	Reference Library (SP013D3_V1p2_8MT)
 (MWLIBP-324)
Warning: Inconsistent Data for Contact Code 11
	Main Library (control_pad.mw)     |	Reference Library (SP013D3_V1p2_8MT)
 (MWLIBP-324)
Warning: Inconsistent Data for Contact Code 12
	Main Library (control_pad.mw)     |	Reference Library (SP013D3_V1p2_8MT)
 (MWLIBP-324)
Warning: Inconsistent Data for Contact Code 13
	Main Library (control_pad.mw)     |	Reference Library (SP013D3_V1p2_8MT)
 (MWLIBP-324)
Warning: Inconsistent Data for Contact Code 14
	Main Library (control_pad.mw)     |	Reference Library (SP013D3_V1p2_8MT)
 (MWLIBP-324)
Warning: Inconsistent Data for Contact Code 15
	Main Library (control_pad.mw)     |	Reference Library (SP013D3_V1p2_8MT)
 (MWLIBP-324)
{control_pad.mw}
copy_mw_cel -from cts -to route 
1
open_mw_cel route 
Information: Opened "route.CEL;1" from "/home/user123/Desktop/ASIC/icc/run/control_pad.mw" library. (MWUI-068)
{route}
################################################## 
source  ../scripts/common_optimization_settings_icc.tcl 
RM-Info: Running script /home/user123/Desktop/ASIC/icc/scripts/common_optimization_settings_icc.tcl

Loading db file '/home/eda/lib/smic/aci/sc-x/synopsys/typical_1v2c25.db'
Loading db file '/home/eda/lib/smic/SP013D3_V1p4/syn/SP013D3_V1p2_typ.db'
Loading db file '/home/eda/synopsys/icc/T-2022.03/libraries/syn/gtech.db'
Information: linking reference library : /home/eda/lib/smic/aci/sc-x/apollo/smic13g. (PSYN-878)
Information: linking reference library : /home/eda/lib/smic/SP013D3_V1p4/apollo/SP013D3_V1p2_8MT. (PSYN-878)
Warning: The pin direction of 'PAD' pin on 'PANA4AP' cell in the 'SP013D3_V1p2_typ' technology library is inconsistent with the same-name pin in the '/home/eda/lib/smic/SP013D3_V1p4/apollo/SP013D3_V1p2_8MT' physical library. No physical link for the logical lib cell. (PSYN-058)
Warning: The pin direction of 'PAD' pin on 'PANA3AP' cell in the 'SP013D3_V1p2_typ' technology library is inconsistent with the same-name pin in the '/home/eda/lib/smic/SP013D3_V1p4/apollo/SP013D3_V1p2_8MT' physical library. No physical link for the logical lib cell. (PSYN-058)
Warning: The pin direction of 'SVDD1AP' pin on 'PVDD1AP' cell in the 'SP013D3_V1p2_typ' technology library is inconsistent with the same-name pin in the '/home/eda/lib/smic/SP013D3_V1p4/apollo/SP013D3_V1p2_8MT' physical library. No physical link for the logical lib cell. (PSYN-058)
Warning: The pin direction of 'SAVDD' pin on 'PVDD3AP' cell in the 'SP013D3_V1p2_typ' technology library is inconsistent with the same-name pin in the '/home/eda/lib/smic/SP013D3_V1p4/apollo/SP013D3_V1p2_8MT' physical library. No physical link for the logical lib cell. (PSYN-058)
Warning: The pin direction of 'SAVSS' pin on 'PVSS3AP' cell in the 'SP013D3_V1p2_typ' technology library is inconsistent with the same-name pin in the '/home/eda/lib/smic/SP013D3_V1p4/apollo/SP013D3_V1p2_8MT' physical library. No physical link for the logical lib cell. (PSYN-058)
Warning: The pin direction of 'SVSS1AP' pin on 'PVSS1AP' cell in the 'SP013D3_V1p2_typ' technology library is inconsistent with the same-name pin in the '/home/eda/lib/smic/SP013D3_V1p4/apollo/SP013D3_V1p2_8MT' physical library. No physical link for the logical lib cell. (PSYN-058)
Warning: The pin direction of 'PAD' pin on 'PANA1AP' cell in the 'SP013D3_V1p2_typ' technology library is inconsistent with the same-name pin in the '/home/eda/lib/smic/SP013D3_V1p4/apollo/SP013D3_V1p2_8MT' physical library. No physical link for the logical lib cell. (PSYN-058)
Warning: The pin direction of 'PAD' pin on 'PANA2AP' cell in the 'SP013D3_V1p2_typ' technology library is inconsistent with the same-name pin in the '/home/eda/lib/smic/SP013D3_V1p4/apollo/SP013D3_V1p2_8MT' physical library. No physical link for the logical lib cell. (PSYN-058)
Warning: The pin direction of 'SVDD1CAP' pin on 'PVDD1CAP' cell in the 'SP013D3_V1p2_typ' technology library is inconsistent with the same-name pin in the '/home/eda/lib/smic/SP013D3_V1p4/apollo/SP013D3_V1p2_8MT' physical library. No physical link for the logical lib cell. (PSYN-058)
Warning: The pin direction of 'SAVDD' pin on 'PVDD3CAP' cell in the 'SP013D3_V1p2_typ' technology library is inconsistent with the same-name pin in the '/home/eda/lib/smic/SP013D3_V1p4/apollo/SP013D3_V1p2_8MT' physical library. No physical link for the logical lib cell. (PSYN-058)
Warning: The pin direction of 'SVSS1CAP' pin on 'PVSS1CAP' cell in the 'SP013D3_V1p2_typ' technology library is inconsistent with the same-name pin in the '/home/eda/lib/smic/SP013D3_V1p4/apollo/SP013D3_V1p2_8MT' physical library. No physical link for the logical lib cell. (PSYN-058)
Warning: The pin direction of 'SAVSS' pin on 'PVSS3CAP' cell in the 'SP013D3_V1p2_typ' technology library is inconsistent with the same-name pin in the '/home/eda/lib/smic/SP013D3_V1p4/apollo/SP013D3_V1p2_8MT' physical library. No physical link for the logical lib cell. (PSYN-058)
Warning: The pin direction of 'SVDD1AP1' pin on 'PVDD1AP1' cell in the 'SP013D3_V1p2_typ' technology library is inconsistent with the same-name pin in the '/home/eda/lib/smic/SP013D3_V1p4/apollo/SP013D3_V1p2_8MT' physical library. No physical link for the logical lib cell. (PSYN-058)
Warning: The pin direction of 'SVSS1AP1' pin on 'PVSS1AP1' cell in the 'SP013D3_V1p2_typ' technology library is inconsistent with the same-name pin in the '/home/eda/lib/smic/SP013D3_V1p4/apollo/SP013D3_V1p2_8MT' physical library. No physical link for the logical lib cell. (PSYN-058)
Warning: The pin direction of 'PAD' pin on 'PANA1AP1' cell in the 'SP013D3_V1p2_typ' technology library is inconsistent with the same-name pin in the '/home/eda/lib/smic/SP013D3_V1p4/apollo/SP013D3_V1p2_8MT' physical library. No physical link for the logical lib cell. (PSYN-058)
Warning: The pin direction of 'PAD' pin on 'PANA2AP1' cell in the 'SP013D3_V1p2_typ' technology library is inconsistent with the same-name pin in the '/home/eda/lib/smic/SP013D3_V1p4/apollo/SP013D3_V1p2_8MT' physical library. No physical link for the logical lib cell. (PSYN-058)
Warning: The pin direction of 'SVDD1CAP1' pin on 'PVDD1CAP1' cell in the 'SP013D3_V1p2_typ' technology library is inconsistent with the same-name pin in the '/home/eda/lib/smic/SP013D3_V1p4/apollo/SP013D3_V1p2_8MT' physical library. No physical link for the logical lib cell. (PSYN-058)
Warning: The pin direction of 'SVSS1CAP1' pin on 'PVSS1CAP1' cell in the 'SP013D3_V1p2_typ' technology library is inconsistent with the same-name pin in the '/home/eda/lib/smic/SP013D3_V1p4/apollo/SP013D3_V1p2_8MT' physical library. No physical link for the logical lib cell. (PSYN-058)
Warning: The pin direction of 'PAD' pin on 'PI' cell in the 'SP013D3_V1p2_typ' technology library is inconsistent with the same-name pin in the '/home/eda/lib/smic/SP013D3_V1p4/apollo/SP013D3_V1p2_8MT' physical library. No physical link for the logical lib cell. (PSYN-058)
Warning: The pin direction of 'C' pin on 'PI' cell in the 'SP013D3_V1p2_typ' technology library is inconsistent with the same-name pin in the '/home/eda/lib/smic/SP013D3_V1p4/apollo/SP013D3_V1p2_8MT' physical library. No physical link for the logical lib cell. (PSYN-058)
Warning: The pin direction of 'PAD' pin on 'PIS' cell in the 'SP013D3_V1p2_typ' technology library is inconsistent with the same-name pin in the '/home/eda/lib/smic/SP013D3_V1p4/apollo/SP013D3_V1p2_8MT' physical library. No physical link for the logical lib cell. (PSYN-058)
Warning: The pin direction of 'C' pin on 'PIS' cell in the 'SP013D3_V1p2_typ' technology library is inconsistent with the same-name pin in the '/home/eda/lib/smic/SP013D3_V1p4/apollo/SP013D3_V1p2_8MT' physical library. No physical link for the logical lib cell. (PSYN-058)
Warning: The pin direction of 'OEN' pin on 'PB4' cell in the 'SP013D3_V1p2_typ' technology library is inconsistent with the same-name pin in the '/home/eda/lib/smic/SP013D3_V1p4/apollo/SP013D3_V1p2_8MT' physical library. No physical link for the logical lib cell. (PSYN-058)
Warning: The pin direction of 'I' pin on 'PB4' cell in the 'SP013D3_V1p2_typ' technology library is inconsistent with the same-name pin in the '/home/eda/lib/smic/SP013D3_V1p4/apollo/SP013D3_V1p2_8MT' physical library. No physical link for the logical lib cell. (PSYN-058)
Warning: The pin direction of 'C' pin on 'PB4' cell in the 'SP013D3_V1p2_typ' technology library is inconsistent with the same-name pin in the '/home/eda/lib/smic/SP013D3_V1p4/apollo/SP013D3_V1p2_8MT' physical library. No physical link for the logical lib cell. (PSYN-058)
Warning: The pin direction of 'PAD' pin on 'PB4' cell in the 'SP013D3_V1p2_typ' technology library is inconsistent with the same-name pin in the '/home/eda/lib/smic/SP013D3_V1p4/apollo/SP013D3_V1p2_8MT' physical library. No physical link for the logical lib cell. (PSYN-058)
Warning: The pin direction of 'I' pin on 'PO4' cell in the 'SP013D3_V1p2_typ' technology library is inconsistent with the same-name pin in the '/home/eda/lib/smic/SP013D3_V1p4/apollo/SP013D3_V1p2_8MT' physical library. No physical link for the logical lib cell. (PSYN-058)
Warning: The pin direction of 'PAD' pin on 'PO4' cell in the 'SP013D3_V1p2_typ' technology library is inconsistent with the same-name pin in the '/home/eda/lib/smic/SP013D3_V1p4/apollo/SP013D3_V1p2_8MT' physical library. No physical link for the logical lib cell. (PSYN-058)
Warning: The pin direction of 'XIN' pin on 'PX3' cell in the 'SP013D3_V1p2_typ' technology library is inconsistent with the same-name pin in the '/home/eda/lib/smic/SP013D3_V1p4/apollo/SP013D3_V1p2_8MT' physical library. No physical link for the logical lib cell. (PSYN-058)
Warning: The pin direction of 'XOUT' pin on 'PX3' cell in the 'SP013D3_V1p2_typ' technology library is inconsistent with the same-name pin in the '/home/eda/lib/smic/SP013D3_V1p4/apollo/SP013D3_V1p2_8MT' physical library. No physical link for the logical lib cell. (PSYN-058)
Warning: The pin direction of 'XC' pin on 'PX3' cell in the 'SP013D3_V1p2_typ' technology library is inconsistent with the same-name pin in the '/home/eda/lib/smic/SP013D3_V1p4/apollo/SP013D3_V1p2_8MT' physical library. No physical link for the logical lib cell. (PSYN-058)
Warning: The pin direction of 'OEN' pin on 'PB2' cell in the 'SP013D3_V1p2_typ' technology library is inconsistent with the same-name pin in the '/home/eda/lib/smic/SP013D3_V1p4/apollo/SP013D3_V1p2_8MT' physical library. No physical link for the logical lib cell. (PSYN-058)
Warning: The pin direction of 'I' pin on 'PB2' cell in the 'SP013D3_V1p2_typ' technology library is inconsistent with the same-name pin in the '/home/eda/lib/smic/SP013D3_V1p4/apollo/SP013D3_V1p2_8MT' physical library. No physical link for the logical lib cell. (PSYN-058)
Warning: The pin direction of 'C' pin on 'PB2' cell in the 'SP013D3_V1p2_typ' technology library is inconsistent with the same-name pin in the '/home/eda/lib/smic/SP013D3_V1p4/apollo/SP013D3_V1p2_8MT' physical library. No physical link for the logical lib cell. (PSYN-058)
Warning: The pin direction of 'PAD' pin on 'PB2' cell in the 'SP013D3_V1p2_typ' technology library is inconsistent with the same-name pin in the '/home/eda/lib/smic/SP013D3_V1p4/apollo/SP013D3_V1p2_8MT' physical library. No physical link for the logical lib cell. (PSYN-058)
Warning: The pin direction of 'OEN' pin on 'PB8' cell in the 'SP013D3_V1p2_typ' technology library is inconsistent with the same-name pin in the '/home/eda/lib/smic/SP013D3_V1p4/apollo/SP013D3_V1p2_8MT' physical library. No physical link for the logical lib cell. (PSYN-058)
Warning: The pin direction of 'I' pin on 'PB8' cell in the 'SP013D3_V1p2_typ' technology library is inconsistent with the same-name pin in the '/home/eda/lib/smic/SP013D3_V1p4/apollo/SP013D3_V1p2_8MT' physical library. No physical link for the logical lib cell. (PSYN-058)
Warning: The pin direction of 'C' pin on 'PB8' cell in the 'SP013D3_V1p2_typ' technology library is inconsistent with the same-name pin in the '/home/eda/lib/smic/SP013D3_V1p4/apollo/SP013D3_V1p2_8MT' physical library. No physical link for the logical lib cell. (PSYN-058)
Warning: The pin direction of 'PAD' pin on 'PB8' cell in the 'SP013D3_V1p2_typ' technology library is inconsistent with the same-name pin in the '/home/eda/lib/smic/SP013D3_V1p4/apollo/SP013D3_V1p2_8MT' physical library. No physical link for the logical lib cell. (PSYN-058)
Warning: The pin direction of 'I' pin on 'PO8' cell in the 'SP013D3_V1p2_typ' technology library is inconsistent with the same-name pin in the '/home/eda/lib/smic/SP013D3_V1p4/apollo/SP013D3_V1p2_8MT' physical library. No physical link for the logical lib cell. (PSYN-058)
Warning: The pin direction of 'PAD' pin on 'PO8' cell in the 'SP013D3_V1p2_typ' technology library is inconsistent with the same-name pin in the '/home/eda/lib/smic/SP013D3_V1p4/apollo/SP013D3_V1p2_8MT' physical library. No physical link for the logical lib cell. (PSYN-058)
Warning: The pin direction of 'I' pin on 'PO2' cell in the 'SP013D3_V1p2_typ' technology library is inconsistent with the same-name pin in the '/home/eda/lib/smic/SP013D3_V1p4/apollo/SP013D3_V1p2_8MT' physical library. No physical link for the logical lib cell. (PSYN-058)
Warning: The pin direction of 'PAD' pin on 'PO2' cell in the 'SP013D3_V1p2_typ' technology library is inconsistent with the same-name pin in the '/home/eda/lib/smic/SP013D3_V1p4/apollo/SP013D3_V1p2_8MT' physical library. No physical link for the logical lib cell. (PSYN-058)
Warning: The pin direction of 'PAD' pin on 'PID' cell in the 'SP013D3_V1p2_typ' technology library is inconsistent with the same-name pin in the '/home/eda/lib/smic/SP013D3_V1p4/apollo/SP013D3_V1p2_8MT' physical library. No physical link for the logical lib cell. (PSYN-058)
Warning: The pin direction of 'C' pin on 'PID' cell in the 'SP013D3_V1p2_typ' technology library is inconsistent with the same-name pin in the '/home/eda/lib/smic/SP013D3_V1p4/apollo/SP013D3_V1p2_8MT' physical library. No physical link for the logical lib cell. (PSYN-058)
Warning: The pin direction of 'XIN' pin on 'PX2' cell in the 'SP013D3_V1p2_typ' technology library is inconsistent with the same-name pin in the '/home/eda/lib/smic/SP013D3_V1p4/apollo/SP013D3_V1p2_8MT' physical library. No physical link for the logical lib cell. (PSYN-058)
Warning: The pin direction of 'XOUT' pin on 'PX2' cell in the 'SP013D3_V1p2_typ' technology library is inconsistent with the same-name pin in the '/home/eda/lib/smic/SP013D3_V1p4/apollo/SP013D3_V1p2_8MT' physical library. No physical link for the logical lib cell. (PSYN-058)
Warning: The pin direction of 'XC' pin on 'PX2' cell in the 'SP013D3_V1p2_typ' technology library is inconsistent with the same-name pin in the '/home/eda/lib/smic/SP013D3_V1p4/apollo/SP013D3_V1p2_8MT' physical library. No physical link for the logical lib cell. (PSYN-058)
Warning: The pin direction of 'PAD' pin on 'PIU' cell in the 'SP013D3_V1p2_typ' technology library is inconsistent with the same-name pin in the '/home/eda/lib/smic/SP013D3_V1p4/apollo/SP013D3_V1p2_8MT' physical library. No physical link for the logical lib cell. (PSYN-058)
Warning: The pin direction of 'C' pin on 'PIU' cell in the 'SP013D3_V1p2_typ' technology library is inconsistent with the same-name pin in the '/home/eda/lib/smic/SP013D3_V1p4/apollo/SP013D3_V1p2_8MT' physical library. No physical link for the logical lib cell. (PSYN-058)
Warning: The pin direction of 'XIN' pin on 'PX1' cell in the 'SP013D3_V1p2_typ' technology library is inconsistent with the same-name pin in the '/home/eda/lib/smic/SP013D3_V1p4/apollo/SP013D3_V1p2_8MT' physical library. No physical link for the logical lib cell. (PSYN-058)
Warning: The pin direction of 'XOUT' pin on 'PX1' cell in the 'SP013D3_V1p2_typ' technology library is inconsistent with the same-name pin in the '/home/eda/lib/smic/SP013D3_V1p4/apollo/SP013D3_V1p2_8MT' physical library. No physical link for the logical lib cell. (PSYN-058)
Warning: The pin direction of 'XC' pin on 'PX1' cell in the 'SP013D3_V1p2_typ' technology library is inconsistent with the same-name pin in the '/home/eda/lib/smic/SP013D3_V1p4/apollo/SP013D3_V1p2_8MT' physical library. No physical link for the logical lib cell. (PSYN-058)
Warning: The pin direction of 'OEN' pin on 'PB16' cell in the 'SP013D3_V1p2_typ' technology library is inconsistent with the same-name pin in the '/home/eda/lib/smic/SP013D3_V1p4/apollo/SP013D3_V1p2_8MT' physical library. No physical link for the logical lib cell. (PSYN-058)
Warning: The pin direction of 'I' pin on 'PB16' cell in the 'SP013D3_V1p2_typ' technology library is inconsistent with the same-name pin in the '/home/eda/lib/smic/SP013D3_V1p4/apollo/SP013D3_V1p2_8MT' physical library. No physical link for the logical lib cell. (PSYN-058)
Warning: The pin direction of 'C' pin on 'PB16' cell in the 'SP013D3_V1p2_typ' technology library is inconsistent with the same-name pin in the '/home/eda/lib/smic/SP013D3_V1p4/apollo/SP013D3_V1p2_8MT' physical library. No physical link for the logical lib cell. (PSYN-058)
Warning: The pin direction of 'PAD' pin on 'PB16' cell in the 'SP013D3_V1p2_typ' technology library is inconsistent with the same-name pin in the '/home/eda/lib/smic/SP013D3_V1p4/apollo/SP013D3_V1p2_8MT' physical library. No physical link for the logical lib cell. (PSYN-058)
Warning: The pin direction of 'I' pin on 'PO16' cell in the 'SP013D3_V1p2_typ' technology library is inconsistent with the same-name pin in the '/home/eda/lib/smic/SP013D3_V1p4/apollo/SP013D3_V1p2_8MT' physical library. No physical link for the logical lib cell. (PSYN-058)
Warning: The pin direction of 'PAD' pin on 'PO16' cell in the 'SP013D3_V1p2_typ' technology library is inconsistent with the same-name pin in the '/home/eda/lib/smic/SP013D3_V1p4/apollo/SP013D3_V1p2_8MT' physical library. No physical link for the logical lib cell. (PSYN-058)
Warning: The pin direction of 'OEN' pin on 'PB24' cell in the 'SP013D3_V1p2_typ' technology library is inconsistent with the same-name pin in the '/home/eda/lib/smic/SP013D3_V1p4/apollo/SP013D3_V1p2_8MT' physical library. No physical link for the logical lib cell. (PSYN-058)
Warning: The pin direction of 'I' pin on 'PB24' cell in the 'SP013D3_V1p2_typ' technology library is inconsistent with the same-name pin in the '/home/eda/lib/smic/SP013D3_V1p4/apollo/SP013D3_V1p2_8MT' physical library. No physical link for the logical lib cell. (PSYN-058)
Warning: The pin direction of 'C' pin on 'PB24' cell in the 'SP013D3_V1p2_typ' technology library is inconsistent with the same-name pin in the '/home/eda/lib/smic/SP013D3_V1p4/apollo/SP013D3_V1p2_8MT' physical library. No physical link for the logical lib cell. (PSYN-058)
Warning: The pin direction of 'PAD' pin on 'PB24' cell in the 'SP013D3_V1p2_typ' technology library is inconsistent with the same-name pin in the '/home/eda/lib/smic/SP013D3_V1p4/apollo/SP013D3_V1p2_8MT' physical library. No physical link for the logical lib cell. (PSYN-058)
Warning: The pin direction of 'OEN' pin on 'PBS4' cell in the 'SP013D3_V1p2_typ' technology library is inconsistent with the same-name pin in the '/home/eda/lib/smic/SP013D3_V1p4/apollo/SP013D3_V1p2_8MT' physical library. No physical link for the logical lib cell. (PSYN-058)
Warning: The pin direction of 'I' pin on 'PBS4' cell in the 'SP013D3_V1p2_typ' technology library is inconsistent with the same-name pin in the '/home/eda/lib/smic/SP013D3_V1p4/apollo/SP013D3_V1p2_8MT' physical library. No physical link for the logical lib cell. (PSYN-058)
Warning: The pin direction of 'C' pin on 'PBS4' cell in the 'SP013D3_V1p2_typ' technology library is inconsistent with the same-name pin in the '/home/eda/lib/smic/SP013D3_V1p4/apollo/SP013D3_V1p2_8MT' physical library. No physical link for the logical lib cell. (PSYN-058)
Warning: The pin direction of 'PAD' pin on 'PBS4' cell in the 'SP013D3_V1p2_typ' technology library is inconsistent with the same-name pin in the '/home/eda/lib/smic/SP013D3_V1p4/apollo/SP013D3_V1p2_8MT' physical library. No physical link for the logical lib cell. (PSYN-058)
Warning: The pin direction of 'OEN' pin on 'PBU4' cell in the 'SP013D3_V1p2_typ' technology library is inconsistent with the same-name pin in the '/home/eda/lib/smic/SP013D3_V1p4/apollo/SP013D3_V1p2_8MT' physical library. No physical link for the logical lib cell. (PSYN-058)
Warning: The pin direction of 'I' pin on 'PBU4' cell in the 'SP013D3_V1p2_typ' technology library is inconsistent with the same-name pin in the '/home/eda/lib/smic/SP013D3_V1p4/apollo/SP013D3_V1p2_8MT' physical library. No physical link for the logical lib cell. (PSYN-058)
Warning: The pin direction of 'C' pin on 'PBU4' cell in the 'SP013D3_V1p2_typ' technology library is inconsistent with the same-name pin in the '/home/eda/lib/smic/SP013D3_V1p4/apollo/SP013D3_V1p2_8MT' physical library. No physical link for the logical lib cell. (PSYN-058)
Warning: The pin direction of 'PAD' pin on 'PBU4' cell in the 'SP013D3_V1p2_typ' technology library is inconsistent with the same-name pin in the '/home/eda/lib/smic/SP013D3_V1p4/apollo/SP013D3_V1p2_8MT' physical library. No physical link for the logical lib cell. (PSYN-058)
Warning: The pin direction of 'OEN' pin on 'PBD4' cell in the 'SP013D3_V1p2_typ' technology library is inconsistent with the same-name pin in the '/home/eda/lib/smic/SP013D3_V1p4/apollo/SP013D3_V1p2_8MT' physical library. No physical link for the logical lib cell. (PSYN-058)
Warning: The pin direction of 'I' pin on 'PBD4' cell in the 'SP013D3_V1p2_typ' technology library is inconsistent with the same-name pin in the '/home/eda/lib/smic/SP013D3_V1p4/apollo/SP013D3_V1p2_8MT' physical library. No physical link for the logical lib cell. (PSYN-058)
Warning: The pin direction of 'C' pin on 'PBD4' cell in the 'SP013D3_V1p2_typ' technology library is inconsistent with the same-name pin in the '/home/eda/lib/smic/SP013D3_V1p4/apollo/SP013D3_V1p2_8MT' physical library. No physical link for the logical lib cell. (PSYN-058)
Warning: The pin direction of 'PAD' pin on 'PBD4' cell in the 'SP013D3_V1p2_typ' technology library is inconsistent with the same-name pin in the '/home/eda/lib/smic/SP013D3_V1p4/apollo/SP013D3_V1p2_8MT' physical library. No physical link for the logical lib cell. (PSYN-058)
Warning: The pin direction of 'I' pin on 'PO24' cell in the 'SP013D3_V1p2_typ' technology library is inconsistent with the same-name pin in the '/home/eda/lib/smic/SP013D3_V1p4/apollo/SP013D3_V1p2_8MT' physical library. No physical link for the logical lib cell. (PSYN-058)
Warning: The pin direction of 'PAD' pin on 'PO24' cell in the 'SP013D3_V1p2_typ' technology library is inconsistent with the same-name pin in the '/home/eda/lib/smic/SP013D3_V1p4/apollo/SP013D3_V1p2_8MT' physical library. No physical link for the logical lib cell. (PSYN-058)
Warning: The pin direction of 'OEN' pin on 'POT4' cell in the 'SP013D3_V1p2_typ' technology library is inconsistent with the same-name pin in the '/home/eda/lib/smic/SP013D3_V1p4/apollo/SP013D3_V1p2_8MT' physical library. No physical link for the logical lib cell. (PSYN-058)
Warning: The pin direction of 'I' pin on 'POT4' cell in the 'SP013D3_V1p2_typ' technology library is inconsistent with the same-name pin in the '/home/eda/lib/smic/SP013D3_V1p4/apollo/SP013D3_V1p2_8MT' physical library. No physical link for the logical lib cell. (PSYN-058)
Warning: The pin direction of 'PAD' pin on 'POT4' cell in the 'SP013D3_V1p2_typ' technology library is inconsistent with the same-name pin in the '/home/eda/lib/smic/SP013D3_V1p4/apollo/SP013D3_V1p2_8MT' physical library. No physical link for the logical lib cell. (PSYN-058)
Warning: The pin direction of 'OEN' pin on 'PB12' cell in the 'SP013D3_V1p2_typ' technology library is inconsistent with the same-name pin in the '/home/eda/lib/smic/SP013D3_V1p4/apollo/SP013D3_V1p2_8MT' physical library. No physical link for the logical lib cell. (PSYN-058)
Warning: The pin direction of 'I' pin on 'PB12' cell in the 'SP013D3_V1p2_typ' technology library is inconsistent with the same-name pin in the '/home/eda/lib/smic/SP013D3_V1p4/apollo/SP013D3_V1p2_8MT' physical library. No physical link for the logical lib cell. (PSYN-058)
Warning: The pin direction of 'C' pin on 'PB12' cell in the 'SP013D3_V1p2_typ' technology library is inconsistent with the same-name pin in the '/home/eda/lib/smic/SP013D3_V1p4/apollo/SP013D3_V1p2_8MT' physical library. No physical link for the logical lib cell. (PSYN-058)
Warning: The pin direction of 'PAD' pin on 'PB12' cell in the 'SP013D3_V1p2_typ' technology library is inconsistent with the same-name pin in the '/home/eda/lib/smic/SP013D3_V1p4/apollo/SP013D3_V1p2_8MT' physical library. No physical link for the logical lib cell. (PSYN-058)
Warning: The pin direction of 'OEN' pin on 'PBL8' cell in the 'SP013D3_V1p2_typ' technology library is inconsistent with the same-name pin in the '/home/eda/lib/smic/SP013D3_V1p4/apollo/SP013D3_V1p2_8MT' physical library. No physical link for the logical lib cell. (PSYN-058)
Warning: The pin direction of 'I' pin on 'PBL8' cell in the 'SP013D3_V1p2_typ' technology library is inconsistent with the same-name pin in the '/home/eda/lib/smic/SP013D3_V1p4/apollo/SP013D3_V1p2_8MT' physical library. No physical link for the logical lib cell. (PSYN-058)
Warning: The pin direction of 'C' pin on 'PBL8' cell in the 'SP013D3_V1p2_typ' technology library is inconsistent with the same-name pin in the '/home/eda/lib/smic/SP013D3_V1p4/apollo/SP013D3_V1p2_8MT' physical library. No physical link for the logical lib cell. (PSYN-058)
Warning: The pin direction of 'PAD' pin on 'PBL8' cell in the 'SP013D3_V1p2_typ' technology library is inconsistent with the same-name pin in the '/home/eda/lib/smic/SP013D3_V1p4/apollo/SP013D3_V1p2_8MT' physical library. No physical link for the logical lib cell. (PSYN-058)
Warning: The pin direction of 'OEN' pin on 'PBS8' cell in the 'SP013D3_V1p2_typ' technology library is inconsistent with the same-name pin in the '/home/eda/lib/smic/SP013D3_V1p4/apollo/SP013D3_V1p2_8MT' physical library. No physical link for the logical lib cell. (PSYN-058)
Warning: The pin direction of 'I' pin on 'PBS8' cell in the 'SP013D3_V1p2_typ' technology library is inconsistent with the same-name pin in the '/home/eda/lib/smic/SP013D3_V1p4/apollo/SP013D3_V1p2_8MT' physical library. No physical link for the logical lib cell. (PSYN-058)
Warning: The pin direction of 'C' pin on 'PBS8' cell in the 'SP013D3_V1p2_typ' technology library is inconsistent with the same-name pin in the '/home/eda/lib/smic/SP013D3_V1p4/apollo/SP013D3_V1p2_8MT' physical library. No physical link for the logical lib cell. (PSYN-058)
Warning: The pin direction of 'PAD' pin on 'PBS8' cell in the 'SP013D3_V1p2_typ' technology library is inconsistent with the same-name pin in the '/home/eda/lib/smic/SP013D3_V1p4/apollo/SP013D3_V1p2_8MT' physical library. No physical link for the logical lib cell. (PSYN-058)
Warning: The pin direction of 'OEN' pin on 'PBS2' cell in the 'SP013D3_V1p2_typ' technology library is inconsistent with the same-name pin in the '/home/eda/lib/smic/SP013D3_V1p4/apollo/SP013D3_V1p2_8MT' physical library. No physical link for the logical lib cell. (PSYN-058)
Warning: The pin direction of 'I' pin on 'PBS2' cell in the 'SP013D3_V1p2_typ' technology library is inconsistent with the same-name pin in the '/home/eda/lib/smic/SP013D3_V1p4/apollo/SP013D3_V1p2_8MT' physical library. No physical link for the logical lib cell. (PSYN-058)
Warning: The pin direction of 'C' pin on 'PBS2' cell in the 'SP013D3_V1p2_typ' technology library is inconsistent with the same-name pin in the '/home/eda/lib/smic/SP013D3_V1p4/apollo/SP013D3_V1p2_8MT' physical library. No physical link for the logical lib cell. (PSYN-058)
Warning: The pin direction of 'PAD' pin on 'PBS2' cell in the 'SP013D3_V1p2_typ' technology library is inconsistent with the same-name pin in the '/home/eda/lib/smic/SP013D3_V1p4/apollo/SP013D3_V1p2_8MT' physical library. No physical link for the logical lib cell. (PSYN-058)
Warning: The pin direction of 'OEN' pin on 'PBU8' cell in the 'SP013D3_V1p2_typ' technology library is inconsistent with the same-name pin in the '/home/eda/lib/smic/SP013D3_V1p4/apollo/SP013D3_V1p2_8MT' physical library. No physical link for the logical lib cell. (PSYN-058)
Warning: The pin direction of 'I' pin on 'PBU8' cell in the 'SP013D3_V1p2_typ' technology library is inconsistent with the same-name pin in the '/home/eda/lib/smic/SP013D3_V1p4/apollo/SP013D3_V1p2_8MT' physical library. No physical link for the logical lib cell. (PSYN-058)
Warning: The pin direction of 'C' pin on 'PBU8' cell in the 'SP013D3_V1p2_typ' technology library is inconsistent with the same-name pin in the '/home/eda/lib/smic/SP013D3_V1p4/apollo/SP013D3_V1p2_8MT' physical library. No physical link for the logical lib cell. (PSYN-058)
Warning: The pin direction of 'PAD' pin on 'PBU8' cell in the 'SP013D3_V1p2_typ' technology library is inconsistent with the same-name pin in the '/home/eda/lib/smic/SP013D3_V1p4/apollo/SP013D3_V1p2_8MT' physical library. No physical link for the logical lib cell. (PSYN-058)
Warning: The pin direction of 'OEN' pin on 'PBU2' cell in the 'SP013D3_V1p2_typ' technology library is inconsistent with the same-name pin in the '/home/eda/lib/smic/SP013D3_V1p4/apollo/SP013D3_V1p2_8MT' physical library. No physical link for the logical lib cell. (PSYN-058)
Warning: The pin direction of 'I' pin on 'PBU2' cell in the 'SP013D3_V1p2_typ' technology library is inconsistent with the same-name pin in the '/home/eda/lib/smic/SP013D3_V1p4/apollo/SP013D3_V1p2_8MT' physical library. No physical link for the logical lib cell. (PSYN-058)
Warning: The pin direction of 'C' pin on 'PBU2' cell in the 'SP013D3_V1p2_typ' technology library is inconsistent with the same-name pin in the '/home/eda/lib/smic/SP013D3_V1p4/apollo/SP013D3_V1p2_8MT' physical library. No physical link for the logical lib cell. (PSYN-058)
Warning: The pin direction of 'PAD' pin on 'PBU2' cell in the 'SP013D3_V1p2_typ' technology library is inconsistent with the same-name pin in the '/home/eda/lib/smic/SP013D3_V1p4/apollo/SP013D3_V1p2_8MT' physical library. No physical link for the logical lib cell. (PSYN-058)
Warning: The pin direction of 'OEN' pin on 'PBD8' cell in the 'SP013D3_V1p2_typ' technology library is inconsistent with the same-name pin in the '/home/eda/lib/smic/SP013D3_V1p4/apollo/SP013D3_V1p2_8MT' physical library. No physical link for the logical lib cell. (PSYN-058)
Warning: The pin direction of 'I' pin on 'PBD8' cell in the 'SP013D3_V1p2_typ' technology library is inconsistent with the same-name pin in the '/home/eda/lib/smic/SP013D3_V1p4/apollo/SP013D3_V1p2_8MT' physical library. No physical link for the logical lib cell. (PSYN-058)
Warning: The pin direction of 'C' pin on 'PBD8' cell in the 'SP013D3_V1p2_typ' technology library is inconsistent with the same-name pin in the '/home/eda/lib/smic/SP013D3_V1p4/apollo/SP013D3_V1p2_8MT' physical library. No physical link for the logical lib cell. (PSYN-058)
Warning: The pin direction of 'PAD' pin on 'PBD8' cell in the 'SP013D3_V1p2_typ' technology library is inconsistent with the same-name pin in the '/home/eda/lib/smic/SP013D3_V1p4/apollo/SP013D3_V1p2_8MT' physical library. No physical link for the logical lib cell. (PSYN-058)
Warning: The pin direction of 'OEN' pin on 'PBD2' cell in the 'SP013D3_V1p2_typ' technology library is inconsistent with the same-name pin in the '/home/eda/lib/smic/SP013D3_V1p4/apollo/SP013D3_V1p2_8MT' physical library. No physical link for the logical lib cell. (PSYN-058)
Warning: The pin direction of 'I' pin on 'PBD2' cell in the 'SP013D3_V1p2_typ' technology library is inconsistent with the same-name pin in the '/home/eda/lib/smic/SP013D3_V1p4/apollo/SP013D3_V1p2_8MT' physical library. No physical link for the logical lib cell. (PSYN-058)
Warning: The pin direction of 'C' pin on 'PBD2' cell in the 'SP013D3_V1p2_typ' technology library is inconsistent with the same-name pin in the '/home/eda/lib/smic/SP013D3_V1p4/apollo/SP013D3_V1p2_8MT' physical library. No physical link for the logical lib cell. (PSYN-058)
Warning: The pin direction of 'PAD' pin on 'PBD2' cell in the 'SP013D3_V1p2_typ' technology library is inconsistent with the same-name pin in the '/home/eda/lib/smic/SP013D3_V1p4/apollo/SP013D3_V1p2_8MT' physical library. No physical link for the logical lib cell. (PSYN-058)
Warning: The pin direction of 'I' pin on 'POL8' cell in the 'SP013D3_V1p2_typ' technology library is inconsistent with the same-name pin in the '/home/eda/lib/smic/SP013D3_V1p4/apollo/SP013D3_V1p2_8MT' physical library. No physical link for the logical lib cell. (PSYN-058)
Warning: The pin direction of 'PAD' pin on 'POL8' cell in the 'SP013D3_V1p2_typ' technology library is inconsistent with the same-name pin in the '/home/eda/lib/smic/SP013D3_V1p4/apollo/SP013D3_V1p2_8MT' physical library. No physical link for the logical lib cell. (PSYN-058)
Warning: The pin direction of 'I' pin on 'PO12' cell in the 'SP013D3_V1p2_typ' technology library is inconsistent with the same-name pin in the '/home/eda/lib/smic/SP013D3_V1p4/apollo/SP013D3_V1p2_8MT' physical library. No physical link for the logical lib cell. (PSYN-058)
Warning: The pin direction of 'PAD' pin on 'PO12' cell in the 'SP013D3_V1p2_typ' technology library is inconsistent with the same-name pin in the '/home/eda/lib/smic/SP013D3_V1p4/apollo/SP013D3_V1p2_8MT' physical library. No physical link for the logical lib cell. (PSYN-058)
Warning: The pin direction of 'OEN' pin on 'POT8' cell in the 'SP013D3_V1p2_typ' technology library is inconsistent with the same-name pin in the '/home/eda/lib/smic/SP013D3_V1p4/apollo/SP013D3_V1p2_8MT' physical library. No physical link for the logical lib cell. (PSYN-058)
Warning: The pin direction of 'I' pin on 'POT8' cell in the 'SP013D3_V1p2_typ' technology library is inconsistent with the same-name pin in the '/home/eda/lib/smic/SP013D3_V1p4/apollo/SP013D3_V1p2_8MT' physical library. No physical link for the logical lib cell. (PSYN-058)
Warning: The pin direction of 'PAD' pin on 'POT8' cell in the 'SP013D3_V1p2_typ' technology library is inconsistent with the same-name pin in the '/home/eda/lib/smic/SP013D3_V1p4/apollo/SP013D3_V1p2_8MT' physical library. No physical link for the logical lib cell. (PSYN-058)
Warning: The pin direction of 'OEN' pin on 'POT2' cell in the 'SP013D3_V1p2_typ' technology library is inconsistent with the same-name pin in the '/home/eda/lib/smic/SP013D3_V1p4/apollo/SP013D3_V1p2_8MT' physical library. No physical link for the logical lib cell. (PSYN-058)
Warning: The pin direction of 'I' pin on 'POT2' cell in the 'SP013D3_V1p2_typ' technology library is inconsistent with the same-name pin in the '/home/eda/lib/smic/SP013D3_V1p4/apollo/SP013D3_V1p2_8MT' physical library. No physical link for the logical lib cell. (PSYN-058)
Warning: The pin direction of 'PAD' pin on 'POT2' cell in the 'SP013D3_V1p2_typ' technology library is inconsistent with the same-name pin in the '/home/eda/lib/smic/SP013D3_V1p4/apollo/SP013D3_V1p2_8MT' physical library. No physical link for the logical lib cell. (PSYN-058)
Warning: The pin direction of 'PAD' pin on 'PICD' cell in the 'SP013D3_V1p2_typ' technology library is inconsistent with the same-name pin in the '/home/eda/lib/smic/SP013D3_V1p4/apollo/SP013D3_V1p2_8MT' physical library. No physical link for the logical lib cell. (PSYN-058)
Warning: The pin direction of 'REN' pin on 'PICD' cell in the 'SP013D3_V1p2_typ' technology library is inconsistent with the same-name pin in the '/home/eda/lib/smic/SP013D3_V1p4/apollo/SP013D3_V1p2_8MT' physical library. No physical link for the logical lib cell. (PSYN-058)
Warning: The pin direction of 'C' pin on 'PICD' cell in the 'SP013D3_V1p2_typ' technology library is inconsistent with the same-name pin in the '/home/eda/lib/smic/SP013D3_V1p4/apollo/SP013D3_V1p2_8MT' physical library. No physical link for the logical lib cell. (PSYN-058)
Warning: The pin direction of 'PAD' pin on 'PISD' cell in the 'SP013D3_V1p2_typ' technology library is inconsistent with the same-name pin in the '/home/eda/lib/smic/SP013D3_V1p4/apollo/SP013D3_V1p2_8MT' physical library. No physical link for the logical lib cell. (PSYN-058)
Warning: The pin direction of 'C' pin on 'PISD' cell in the 'SP013D3_V1p2_typ' technology library is inconsistent with the same-name pin in the '/home/eda/lib/smic/SP013D3_V1p4/apollo/SP013D3_V1p2_8MT' physical library. No physical link for the logical lib cell. (PSYN-058)
Warning: The pin direction of 'PAD' pin on 'PICU' cell in the 'SP013D3_V1p2_typ' technology library is inconsistent with the same-name pin in the '/home/eda/lib/smic/SP013D3_V1p4/apollo/SP013D3_V1p2_8MT' physical library. No physical link for the logical lib cell. (PSYN-058)
Warning: The pin direction of 'REN' pin on 'PICU' cell in the 'SP013D3_V1p2_typ' technology library is inconsistent with the same-name pin in the '/home/eda/lib/smic/SP013D3_V1p4/apollo/SP013D3_V1p2_8MT' physical library. No physical link for the logical lib cell. (PSYN-058)
Warning: The pin direction of 'C' pin on 'PICU' cell in the 'SP013D3_V1p2_typ' technology library is inconsistent with the same-name pin in the '/home/eda/lib/smic/SP013D3_V1p4/apollo/SP013D3_V1p2_8MT' physical library. No physical link for the logical lib cell. (PSYN-058)
Warning: The pin direction of 'PAD' pin on 'PISU' cell in the 'SP013D3_V1p2_typ' technology library is inconsistent with the same-name pin in the '/home/eda/lib/smic/SP013D3_V1p4/apollo/SP013D3_V1p2_8MT' physical library. No physical link for the logical lib cell. (PSYN-058)
Warning: The pin direction of 'C' pin on 'PISU' cell in the 'SP013D3_V1p2_typ' technology library is inconsistent with the same-name pin in the '/home/eda/lib/smic/SP013D3_V1p4/apollo/SP013D3_V1p2_8MT' physical library. No physical link for the logical lib cell. (PSYN-058)
Warning: The pin direction of 'OEN' pin on 'PCI6B' cell in the 'SP013D3_V1p2_typ' technology library is inconsistent with the same-name pin in the '/home/eda/lib/smic/SP013D3_V1p4/apollo/SP013D3_V1p2_8MT' physical library. No physical link for the logical lib cell. (PSYN-058)
Warning: The pin direction of 'I' pin on 'PCI6B' cell in the 'SP013D3_V1p2_typ' technology library is inconsistent with the same-name pin in the '/home/eda/lib/smic/SP013D3_V1p4/apollo/SP013D3_V1p2_8MT' physical library. No physical link for the logical lib cell. (PSYN-058)
Warning: The pin direction of 'C' pin on 'PCI6B' cell in the 'SP013D3_V1p2_typ' technology library is inconsistent with the same-name pin in the '/home/eda/lib/smic/SP013D3_V1p4/apollo/SP013D3_V1p2_8MT' physical library. No physical link for the logical lib cell. (PSYN-058)
Warning: The pin direction of 'PAD' pin on 'PCI6B' cell in the 'SP013D3_V1p2_typ' technology library is inconsistent with the same-name pin in the '/home/eda/lib/smic/SP013D3_V1p4/apollo/SP013D3_V1p2_8MT' physical library. No physical link for the logical lib cell. (PSYN-058)
Warning: The pin direction of 'OEN' pin on 'PCI3B' cell in the 'SP013D3_V1p2_typ' technology library is inconsistent with the same-name pin in the '/home/eda/lib/smic/SP013D3_V1p4/apollo/SP013D3_V1p2_8MT' physical library. No physical link for the logical lib cell. (PSYN-058)
Warning: The pin direction of 'I' pin on 'PCI3B' cell in the 'SP013D3_V1p2_typ' technology library is inconsistent with the same-name pin in the '/home/eda/lib/smic/SP013D3_V1p4/apollo/SP013D3_V1p2_8MT' physical library. No physical link for the logical lib cell. (PSYN-058)
Warning: The pin direction of 'C' pin on 'PCI3B' cell in the 'SP013D3_V1p2_typ' technology library is inconsistent with the same-name pin in the '/home/eda/lib/smic/SP013D3_V1p4/apollo/SP013D3_V1p2_8MT' physical library. No physical link for the logical lib cell. (PSYN-058)
Warning: The pin direction of 'PAD' pin on 'PCI3B' cell in the 'SP013D3_V1p2_typ' technology library is inconsistent with the same-name pin in the '/home/eda/lib/smic/SP013D3_V1p4/apollo/SP013D3_V1p2_8MT' physical library. No physical link for the logical lib cell. (PSYN-058)
Warning: The pin direction of 'OEN' pin on 'PBL16' cell in the 'SP013D3_V1p2_typ' technology library is inconsistent with the same-name pin in the '/home/eda/lib/smic/SP013D3_V1p4/apollo/SP013D3_V1p2_8MT' physical library. No physical link for the logical lib cell. (PSYN-058)
Warning: The pin direction of 'I' pin on 'PBL16' cell in the 'SP013D3_V1p2_typ' technology library is inconsistent with the same-name pin in the '/home/eda/lib/smic/SP013D3_V1p4/apollo/SP013D3_V1p2_8MT' physical library. No physical link for the logical lib cell. (PSYN-058)
Warning: The pin direction of 'C' pin on 'PBL16' cell in the 'SP013D3_V1p2_typ' technology library is inconsistent with the same-name pin in the '/home/eda/lib/smic/SP013D3_V1p4/apollo/SP013D3_V1p2_8MT' physical library. No physical link for the logical lib cell. (PSYN-058)
Warning: The pin direction of 'PAD' pin on 'PBL16' cell in the 'SP013D3_V1p2_typ' technology library is inconsistent with the same-name pin in the '/home/eda/lib/smic/SP013D3_V1p4/apollo/SP013D3_V1p2_8MT' physical library. No physical link for the logical lib cell. (PSYN-058)
Warning: The pin direction of 'OEN' pin on 'PBS16' cell in the 'SP013D3_V1p2_typ' technology library is inconsistent with the same-name pin in the '/home/eda/lib/smic/SP013D3_V1p4/apollo/SP013D3_V1p2_8MT' physical library. No physical link for the logical lib cell. (PSYN-058)
Warning: The pin direction of 'I' pin on 'PBS16' cell in the 'SP013D3_V1p2_typ' technology library is inconsistent with the same-name pin in the '/home/eda/lib/smic/SP013D3_V1p4/apollo/SP013D3_V1p2_8MT' physical library. No physical link for the logical lib cell. (PSYN-058)
Warning: The pin direction of 'C' pin on 'PBS16' cell in the 'SP013D3_V1p2_typ' technology library is inconsistent with the same-name pin in the '/home/eda/lib/smic/SP013D3_V1p4/apollo/SP013D3_V1p2_8MT' physical library. No physical link for the logical lib cell. (PSYN-058)
Warning: The pin direction of 'PAD' pin on 'PBS16' cell in the 'SP013D3_V1p2_typ' technology library is inconsistent with the same-name pin in the '/home/eda/lib/smic/SP013D3_V1p4/apollo/SP013D3_V1p2_8MT' physical library. No physical link for the logical lib cell. (PSYN-058)
Warning: The pin direction of 'OEN' pin on 'PBU16' cell in the 'SP013D3_V1p2_typ' technology library is inconsistent with the same-name pin in the '/home/eda/lib/smic/SP013D3_V1p4/apollo/SP013D3_V1p2_8MT' physical library. No physical link for the logical lib cell. (PSYN-058)
Warning: The pin direction of 'I' pin on 'PBU16' cell in the 'SP013D3_V1p2_typ' technology library is inconsistent with the same-name pin in the '/home/eda/lib/smic/SP013D3_V1p4/apollo/SP013D3_V1p2_8MT' physical library. No physical link for the logical lib cell. (PSYN-058)
Warning: The pin direction of 'C' pin on 'PBU16' cell in the 'SP013D3_V1p2_typ' technology library is inconsistent with the same-name pin in the '/home/eda/lib/smic/SP013D3_V1p4/apollo/SP013D3_V1p2_8MT' physical library. No physical link for the logical lib cell. (PSYN-058)
Warning: The pin direction of 'PAD' pin on 'PBU16' cell in the 'SP013D3_V1p2_typ' technology library is inconsistent with the same-name pin in the '/home/eda/lib/smic/SP013D3_V1p4/apollo/SP013D3_V1p2_8MT' physical library. No physical link for the logical lib cell. (PSYN-058)
Warning: The pin direction of 'OEN' pin on 'PBD16' cell in the 'SP013D3_V1p2_typ' technology library is inconsistent with the same-name pin in the '/home/eda/lib/smic/SP013D3_V1p4/apollo/SP013D3_V1p2_8MT' physical library. No physical link for the logical lib cell. (PSYN-058)
Warning: The pin direction of 'I' pin on 'PBD16' cell in the 'SP013D3_V1p2_typ' technology library is inconsistent with the same-name pin in the '/home/eda/lib/smic/SP013D3_V1p4/apollo/SP013D3_V1p2_8MT' physical library. No physical link for the logical lib cell. (PSYN-058)
Warning: The pin direction of 'C' pin on 'PBD16' cell in the 'SP013D3_V1p2_typ' technology library is inconsistent with the same-name pin in the '/home/eda/lib/smic/SP013D3_V1p4/apollo/SP013D3_V1p2_8MT' physical library. No physical link for the logical lib cell. (PSYN-058)
Warning: The pin direction of 'PAD' pin on 'PBD16' cell in the 'SP013D3_V1p2_typ' technology library is inconsistent with the same-name pin in the '/home/eda/lib/smic/SP013D3_V1p4/apollo/SP013D3_V1p2_8MT' physical library. No physical link for the logical lib cell. (PSYN-058)
Warning: The pin direction of 'I' pin on 'POL16' cell in the 'SP013D3_V1p2_typ' technology library is inconsistent with the same-name pin in the '/home/eda/lib/smic/SP013D3_V1p4/apollo/SP013D3_V1p2_8MT' physical library. No physical link for the logical lib cell. (PSYN-058)
Warning: The pin direction of 'PAD' pin on 'POL16' cell in the 'SP013D3_V1p2_typ' technology library is inconsistent with the same-name pin in the '/home/eda/lib/smic/SP013D3_V1p4/apollo/SP013D3_V1p2_8MT' physical library. No physical link for the logical lib cell. (PSYN-058)
Warning: The pin direction of 'OEN' pin on 'POT16' cell in the 'SP013D3_V1p2_typ' technology library is inconsistent with the same-name pin in the '/home/eda/lib/smic/SP013D3_V1p4/apollo/SP013D3_V1p2_8MT' physical library. No physical link for the logical lib cell. (PSYN-058)
Warning: The pin direction of 'I' pin on 'POT16' cell in the 'SP013D3_V1p2_typ' technology library is inconsistent with the same-name pin in the '/home/eda/lib/smic/SP013D3_V1p4/apollo/SP013D3_V1p2_8MT' physical library. No physical link for the logical lib cell. (PSYN-058)
Warning: The pin direction of 'PAD' pin on 'POT16' cell in the 'SP013D3_V1p2_typ' technology library is inconsistent with the same-name pin in the '/home/eda/lib/smic/SP013D3_V1p4/apollo/SP013D3_V1p2_8MT' physical library. No physical link for the logical lib cell. (PSYN-058)
Warning: The pin direction of 'OEN' pin on 'PBL24' cell in the 'SP013D3_V1p2_typ' technology library is inconsistent with the same-name pin in the '/home/eda/lib/smic/SP013D3_V1p4/apollo/SP013D3_V1p2_8MT' physical library. No physical link for the logical lib cell. (PSYN-058)
Warning: The pin direction of 'I' pin on 'PBL24' cell in the 'SP013D3_V1p2_typ' technology library is inconsistent with the same-name pin in the '/home/eda/lib/smic/SP013D3_V1p4/apollo/SP013D3_V1p2_8MT' physical library. No physical link for the logical lib cell. (PSYN-058)
Warning: The pin direction of 'C' pin on 'PBL24' cell in the 'SP013D3_V1p2_typ' technology library is inconsistent with the same-name pin in the '/home/eda/lib/smic/SP013D3_V1p4/apollo/SP013D3_V1p2_8MT' physical library. No physical link for the logical lib cell. (PSYN-058)
Warning: The pin direction of 'PAD' pin on 'PBL24' cell in the 'SP013D3_V1p2_typ' technology library is inconsistent with the same-name pin in the '/home/eda/lib/smic/SP013D3_V1p4/apollo/SP013D3_V1p2_8MT' physical library. No physical link for the logical lib cell. (PSYN-058)
Warning: The pin direction of 'OEN' pin on 'PBCD4' cell in the 'SP013D3_V1p2_typ' technology library is inconsistent with the same-name pin in the '/home/eda/lib/smic/SP013D3_V1p4/apollo/SP013D3_V1p2_8MT' physical library. No physical link for the logical lib cell. (PSYN-058)
Warning: The pin direction of 'I' pin on 'PBCD4' cell in the 'SP013D3_V1p2_typ' technology library is inconsistent with the same-name pin in the '/home/eda/lib/smic/SP013D3_V1p4/apollo/SP013D3_V1p2_8MT' physical library. No physical link for the logical lib cell. (PSYN-058)
Warning: The pin direction of 'REN' pin on 'PBCD4' cell in the 'SP013D3_V1p2_typ' technology library is inconsistent with the same-name pin in the '/home/eda/lib/smic/SP013D3_V1p4/apollo/SP013D3_V1p2_8MT' physical library. No physical link for the logical lib cell. (PSYN-058)
Warning: The pin direction of 'C' pin on 'PBCD4' cell in the 'SP013D3_V1p2_typ' technology library is inconsistent with the same-name pin in the '/home/eda/lib/smic/SP013D3_V1p4/apollo/SP013D3_V1p2_8MT' physical library. No physical link for the logical lib cell. (PSYN-058)
Warning: The pin direction of 'PAD' pin on 'PBCD4' cell in the 'SP013D3_V1p2_typ' technology library is inconsistent with the same-name pin in the '/home/eda/lib/smic/SP013D3_V1p4/apollo/SP013D3_V1p2_8MT' physical library. No physical link for the logical lib cell. (PSYN-058)
Warning: The pin direction of 'OEN' pin on 'PBCU4' cell in the 'SP013D3_V1p2_typ' technology library is inconsistent with the same-name pin in the '/home/eda/lib/smic/SP013D3_V1p4/apollo/SP013D3_V1p2_8MT' physical library. No physical link for the logical lib cell. (PSYN-058)
Warning: The pin direction of 'I' pin on 'PBCU4' cell in the 'SP013D3_V1p2_typ' technology library is inconsistent with the same-name pin in the '/home/eda/lib/smic/SP013D3_V1p4/apollo/SP013D3_V1p2_8MT' physical library. No physical link for the logical lib cell. (PSYN-058)
Warning: The pin direction of 'REN' pin on 'PBCU4' cell in the 'SP013D3_V1p2_typ' technology library is inconsistent with the same-name pin in the '/home/eda/lib/smic/SP013D3_V1p4/apollo/SP013D3_V1p2_8MT' physical library. No physical link for the logical lib cell. (PSYN-058)
Warning: The pin direction of 'C' pin on 'PBCU4' cell in the 'SP013D3_V1p2_typ' technology library is inconsistent with the same-name pin in the '/home/eda/lib/smic/SP013D3_V1p4/apollo/SP013D3_V1p2_8MT' physical library. No physical link for the logical lib cell. (PSYN-058)
Warning: The pin direction of 'PAD' pin on 'PBCU4' cell in the 'SP013D3_V1p2_typ' technology library is inconsistent with the same-name pin in the '/home/eda/lib/smic/SP013D3_V1p4/apollo/SP013D3_V1p2_8MT' physical library. No physical link for the logical lib cell. (PSYN-058)
Warning: The pin direction of 'OEN' pin on 'PBS24' cell in the 'SP013D3_V1p2_typ' technology library is inconsistent with the same-name pin in the '/home/eda/lib/smic/SP013D3_V1p4/apollo/SP013D3_V1p2_8MT' physical library. No physical link for the logical lib cell. (PSYN-058)
Warning: The pin direction of 'I' pin on 'PBS24' cell in the 'SP013D3_V1p2_typ' technology library is inconsistent with the same-name pin in the '/home/eda/lib/smic/SP013D3_V1p4/apollo/SP013D3_V1p2_8MT' physical library. No physical link for the logical lib cell. (PSYN-058)
Warning: The pin direction of 'C' pin on 'PBS24' cell in the 'SP013D3_V1p2_typ' technology library is inconsistent with the same-name pin in the '/home/eda/lib/smic/SP013D3_V1p4/apollo/SP013D3_V1p2_8MT' physical library. No physical link for the logical lib cell. (PSYN-058)
Warning: The pin direction of 'PAD' pin on 'PBS24' cell in the 'SP013D3_V1p2_typ' technology library is inconsistent with the same-name pin in the '/home/eda/lib/smic/SP013D3_V1p4/apollo/SP013D3_V1p2_8MT' physical library. No physical link for the logical lib cell. (PSYN-058)
Warning: The pin direction of 'OEN' pin on 'PBSD4' cell in the 'SP013D3_V1p2_typ' technology library is inconsistent with the same-name pin in the '/home/eda/lib/smic/SP013D3_V1p4/apollo/SP013D3_V1p2_8MT' physical library. No physical link for the logical lib cell. (PSYN-058)
Warning: The pin direction of 'I' pin on 'PBSD4' cell in the 'SP013D3_V1p2_typ' technology library is inconsistent with the same-name pin in the '/home/eda/lib/smic/SP013D3_V1p4/apollo/SP013D3_V1p2_8MT' physical library. No physical link for the logical lib cell. (PSYN-058)
Warning: The pin direction of 'C' pin on 'PBSD4' cell in the 'SP013D3_V1p2_typ' technology library is inconsistent with the same-name pin in the '/home/eda/lib/smic/SP013D3_V1p4/apollo/SP013D3_V1p2_8MT' physical library. No physical link for the logical lib cell. (PSYN-058)
Warning: The pin direction of 'PAD' pin on 'PBSD4' cell in the 'SP013D3_V1p2_typ' technology library is inconsistent with the same-name pin in the '/home/eda/lib/smic/SP013D3_V1p4/apollo/SP013D3_V1p2_8MT' physical library. No physical link for the logical lib cell. (PSYN-058)
Warning: The pin direction of 'OEN' pin on 'PBSU4' cell in the 'SP013D3_V1p2_typ' technology library is inconsistent with the same-name pin in the '/home/eda/lib/smic/SP013D3_V1p4/apollo/SP013D3_V1p2_8MT' physical library. No physical link for the logical lib cell. (PSYN-058)
Warning: The pin direction of 'I' pin on 'PBSU4' cell in the 'SP013D3_V1p2_typ' technology library is inconsistent with the same-name pin in the '/home/eda/lib/smic/SP013D3_V1p4/apollo/SP013D3_V1p2_8MT' physical library. No physical link for the logical lib cell. (PSYN-058)
Warning: The pin direction of 'C' pin on 'PBSU4' cell in the 'SP013D3_V1p2_typ' technology library is inconsistent with the same-name pin in the '/home/eda/lib/smic/SP013D3_V1p4/apollo/SP013D3_V1p2_8MT' physical library. No physical link for the logical lib cell. (PSYN-058)
Warning: The pin direction of 'PAD' pin on 'PBSU4' cell in the 'SP013D3_V1p2_typ' technology library is inconsistent with the same-name pin in the '/home/eda/lib/smic/SP013D3_V1p4/apollo/SP013D3_V1p2_8MT' physical library. No physical link for the logical lib cell. (PSYN-058)
Warning: The pin direction of 'OEN' pin on 'PBU24' cell in the 'SP013D3_V1p2_typ' technology library is inconsistent with the same-name pin in the '/home/eda/lib/smic/SP013D3_V1p4/apollo/SP013D3_V1p2_8MT' physical library. No physical link for the logical lib cell. (PSYN-058)
Warning: The pin direction of 'I' pin on 'PBU24' cell in the 'SP013D3_V1p2_typ' technology library is inconsistent with the same-name pin in the '/home/eda/lib/smic/SP013D3_V1p4/apollo/SP013D3_V1p2_8MT' physical library. No physical link for the logical lib cell. (PSYN-058)
Warning: The pin direction of 'C' pin on 'PBU24' cell in the 'SP013D3_V1p2_typ' technology library is inconsistent with the same-name pin in the '/home/eda/lib/smic/SP013D3_V1p4/apollo/SP013D3_V1p2_8MT' physical library. No physical link for the logical lib cell. (PSYN-058)
Warning: The pin direction of 'PAD' pin on 'PBU24' cell in the 'SP013D3_V1p2_typ' technology library is inconsistent with the same-name pin in the '/home/eda/lib/smic/SP013D3_V1p4/apollo/SP013D3_V1p2_8MT' physical library. No physical link for the logical lib cell. (PSYN-058)
Warning: The pin direction of 'OEN' pin on 'PBD24' cell in the 'SP013D3_V1p2_typ' technology library is inconsistent with the same-name pin in the '/home/eda/lib/smic/SP013D3_V1p4/apollo/SP013D3_V1p2_8MT' physical library. No physical link for the logical lib cell. (PSYN-058)
Warning: The pin direction of 'I' pin on 'PBD24' cell in the 'SP013D3_V1p2_typ' technology library is inconsistent with the same-name pin in the '/home/eda/lib/smic/SP013D3_V1p4/apollo/SP013D3_V1p2_8MT' physical library. No physical link for the logical lib cell. (PSYN-058)
Warning: The pin direction of 'C' pin on 'PBD24' cell in the 'SP013D3_V1p2_typ' technology library is inconsistent with the same-name pin in the '/home/eda/lib/smic/SP013D3_V1p4/apollo/SP013D3_V1p2_8MT' physical library. No physical link for the logical lib cell. (PSYN-058)
Warning: The pin direction of 'PAD' pin on 'PBD24' cell in the 'SP013D3_V1p2_typ' technology library is inconsistent with the same-name pin in the '/home/eda/lib/smic/SP013D3_V1p4/apollo/SP013D3_V1p2_8MT' physical library. No physical link for the logical lib cell. (PSYN-058)
Warning: The pin direction of 'I' pin on 'POL24' cell in the 'SP013D3_V1p2_typ' technology library is inconsistent with the same-name pin in the '/home/eda/lib/smic/SP013D3_V1p4/apollo/SP013D3_V1p2_8MT' physical library. No physical link for the logical lib cell. (PSYN-058)
Warning: The pin direction of 'PAD' pin on 'POL24' cell in the 'SP013D3_V1p2_typ' technology library is inconsistent with the same-name pin in the '/home/eda/lib/smic/SP013D3_V1p4/apollo/SP013D3_V1p2_8MT' physical library. No physical link for the logical lib cell. (PSYN-058)
Warning: The pin direction of 'OEN' pin on 'POT24' cell in the 'SP013D3_V1p2_typ' technology library is inconsistent with the same-name pin in the '/home/eda/lib/smic/SP013D3_V1p4/apollo/SP013D3_V1p2_8MT' physical library. No physical link for the logical lib cell. (PSYN-058)
Warning: The pin direction of 'I' pin on 'POT24' cell in the 'SP013D3_V1p2_typ' technology library is inconsistent with the same-name pin in the '/home/eda/lib/smic/SP013D3_V1p4/apollo/SP013D3_V1p2_8MT' physical library. No physical link for the logical lib cell. (PSYN-058)
Warning: The pin direction of 'PAD' pin on 'POT24' cell in the 'SP013D3_V1p2_typ' technology library is inconsistent with the same-name pin in the '/home/eda/lib/smic/SP013D3_V1p4/apollo/SP013D3_V1p2_8MT' physical library. No physical link for the logical lib cell. (PSYN-058)
Warning: The pin direction of 'VSS' pin on 'PVSS3' cell in the 'SP013D3_V1p2_typ' technology library is inconsistent with the same-name pin in the '/home/eda/lib/smic/SP013D3_V1p4/apollo/SP013D3_V1p2_8MT' physical library. No physical link for the logical lib cell. (PSYN-058)
Warning: The pin direction of 'XIN' pin on 'PXWE3' cell in the 'SP013D3_V1p2_typ' technology library is inconsistent with the same-name pin in the '/home/eda/lib/smic/SP013D3_V1p4/apollo/SP013D3_V1p2_8MT' physical library. No physical link for the logical lib cell. (PSYN-058)
Warning: The pin direction of 'E' pin on 'PXWE3' cell in the 'SP013D3_V1p2_typ' technology library is inconsistent with the same-name pin in the '/home/eda/lib/smic/SP013D3_V1p4/apollo/SP013D3_V1p2_8MT' physical library. No physical link for the logical lib cell. (PSYN-058)
Warning: The pin direction of 'XOUT' pin on 'PXWE3' cell in the 'SP013D3_V1p2_typ' technology library is inconsistent with the same-name pin in the '/home/eda/lib/smic/SP013D3_V1p4/apollo/SP013D3_V1p2_8MT' physical library. No physical link for the logical lib cell. (PSYN-058)
Warning: The pin direction of 'XC' pin on 'PXWE3' cell in the 'SP013D3_V1p2_typ' technology library is inconsistent with the same-name pin in the '/home/eda/lib/smic/SP013D3_V1p4/apollo/SP013D3_V1p2_8MT' physical library. No physical link for the logical lib cell. (PSYN-058)
Warning: The pin direction of 'OEN' pin on 'PBL12' cell in the 'SP013D3_V1p2_typ' technology library is inconsistent with the same-name pin in the '/home/eda/lib/smic/SP013D3_V1p4/apollo/SP013D3_V1p2_8MT' physical library. No physical link for the logical lib cell. (PSYN-058)
Warning: The pin direction of 'I' pin on 'PBL12' cell in the 'SP013D3_V1p2_typ' technology library is inconsistent with the same-name pin in the '/home/eda/lib/smic/SP013D3_V1p4/apollo/SP013D3_V1p2_8MT' physical library. No physical link for the logical lib cell. (PSYN-058)
Warning: The pin direction of 'C' pin on 'PBL12' cell in the 'SP013D3_V1p2_typ' technology library is inconsistent with the same-name pin in the '/home/eda/lib/smic/SP013D3_V1p4/apollo/SP013D3_V1p2_8MT' physical library. No physical link for the logical lib cell. (PSYN-058)
Warning: The pin direction of 'PAD' pin on 'PBL12' cell in the 'SP013D3_V1p2_typ' technology library is inconsistent with the same-name pin in the '/home/eda/lib/smic/SP013D3_V1p4/apollo/SP013D3_V1p2_8MT' physical library. No physical link for the logical lib cell. (PSYN-058)
Warning: The pin direction of 'OEN' pin on 'PBCD8' cell in the 'SP013D3_V1p2_typ' technology library is inconsistent with the same-name pin in the '/home/eda/lib/smic/SP013D3_V1p4/apollo/SP013D3_V1p2_8MT' physical library. No physical link for the logical lib cell. (PSYN-058)
Warning: The pin direction of 'I' pin on 'PBCD8' cell in the 'SP013D3_V1p2_typ' technology library is inconsistent with the same-name pin in the '/home/eda/lib/smic/SP013D3_V1p4/apollo/SP013D3_V1p2_8MT' physical library. No physical link for the logical lib cell. (PSYN-058)
Warning: The pin direction of 'REN' pin on 'PBCD8' cell in the 'SP013D3_V1p2_typ' technology library is inconsistent with the same-name pin in the '/home/eda/lib/smic/SP013D3_V1p4/apollo/SP013D3_V1p2_8MT' physical library. No physical link for the logical lib cell. (PSYN-058)
Warning: The pin direction of 'C' pin on 'PBCD8' cell in the 'SP013D3_V1p2_typ' technology library is inconsistent with the same-name pin in the '/home/eda/lib/smic/SP013D3_V1p4/apollo/SP013D3_V1p2_8MT' physical library. No physical link for the logical lib cell. (PSYN-058)
Warning: The pin direction of 'PAD' pin on 'PBCD8' cell in the 'SP013D3_V1p2_typ' technology library is inconsistent with the same-name pin in the '/home/eda/lib/smic/SP013D3_V1p4/apollo/SP013D3_V1p2_8MT' physical library. No physical link for the logical lib cell. (PSYN-058)
Warning: The pin direction of 'OEN' pin on 'PBCD2' cell in the 'SP013D3_V1p2_typ' technology library is inconsistent with the same-name pin in the '/home/eda/lib/smic/SP013D3_V1p4/apollo/SP013D3_V1p2_8MT' physical library. No physical link for the logical lib cell. (PSYN-058)
Warning: The pin direction of 'I' pin on 'PBCD2' cell in the 'SP013D3_V1p2_typ' technology library is inconsistent with the same-name pin in the '/home/eda/lib/smic/SP013D3_V1p4/apollo/SP013D3_V1p2_8MT' physical library. No physical link for the logical lib cell. (PSYN-058)
Warning: The pin direction of 'REN' pin on 'PBCD2' cell in the 'SP013D3_V1p2_typ' technology library is inconsistent with the same-name pin in the '/home/eda/lib/smic/SP013D3_V1p4/apollo/SP013D3_V1p2_8MT' physical library. No physical link for the logical lib cell. (PSYN-058)
Warning: The pin direction of 'C' pin on 'PBCD2' cell in the 'SP013D3_V1p2_typ' technology library is inconsistent with the same-name pin in the '/home/eda/lib/smic/SP013D3_V1p4/apollo/SP013D3_V1p2_8MT' physical library. No physical link for the logical lib cell. (PSYN-058)
Warning: The pin direction of 'PAD' pin on 'PBCD2' cell in the 'SP013D3_V1p2_typ' technology library is inconsistent with the same-name pin in the '/home/eda/lib/smic/SP013D3_V1p4/apollo/SP013D3_V1p2_8MT' physical library. No physical link for the logical lib cell. (PSYN-058)
Warning: The pin direction of 'OEN' pin on 'PBCU8' cell in the 'SP013D3_V1p2_typ' technology library is inconsistent with the same-name pin in the '/home/eda/lib/smic/SP013D3_V1p4/apollo/SP013D3_V1p2_8MT' physical library. No physical link for the logical lib cell. (PSYN-058)
Warning: The pin direction of 'I' pin on 'PBCU8' cell in the 'SP013D3_V1p2_typ' technology library is inconsistent with the same-name pin in the '/home/eda/lib/smic/SP013D3_V1p4/apollo/SP013D3_V1p2_8MT' physical library. No physical link for the logical lib cell. (PSYN-058)
Warning: The pin direction of 'REN' pin on 'PBCU8' cell in the 'SP013D3_V1p2_typ' technology library is inconsistent with the same-name pin in the '/home/eda/lib/smic/SP013D3_V1p4/apollo/SP013D3_V1p2_8MT' physical library. No physical link for the logical lib cell. (PSYN-058)
Warning: The pin direction of 'C' pin on 'PBCU8' cell in the 'SP013D3_V1p2_typ' technology library is inconsistent with the same-name pin in the '/home/eda/lib/smic/SP013D3_V1p4/apollo/SP013D3_V1p2_8MT' physical library. No physical link for the logical lib cell. (PSYN-058)
Warning: The pin direction of 'PAD' pin on 'PBCU8' cell in the 'SP013D3_V1p2_typ' technology library is inconsistent with the same-name pin in the '/home/eda/lib/smic/SP013D3_V1p4/apollo/SP013D3_V1p2_8MT' physical library. No physical link for the logical lib cell. (PSYN-058)
Warning: The pin direction of 'OEN' pin on 'PBCU2' cell in the 'SP013D3_V1p2_typ' technology library is inconsistent with the same-name pin in the '/home/eda/lib/smic/SP013D3_V1p4/apollo/SP013D3_V1p2_8MT' physical library. No physical link for the logical lib cell. (PSYN-058)
Warning: The pin direction of 'I' pin on 'PBCU2' cell in the 'SP013D3_V1p2_typ' technology library is inconsistent with the same-name pin in the '/home/eda/lib/smic/SP013D3_V1p4/apollo/SP013D3_V1p2_8MT' physical library. No physical link for the logical lib cell. (PSYN-058)
Warning: The pin direction of 'REN' pin on 'PBCU2' cell in the 'SP013D3_V1p2_typ' technology library is inconsistent with the same-name pin in the '/home/eda/lib/smic/SP013D3_V1p4/apollo/SP013D3_V1p2_8MT' physical library. No physical link for the logical lib cell. (PSYN-058)
Warning: The pin direction of 'C' pin on 'PBCU2' cell in the 'SP013D3_V1p2_typ' technology library is inconsistent with the same-name pin in the '/home/eda/lib/smic/SP013D3_V1p4/apollo/SP013D3_V1p2_8MT' physical library. No physical link for the logical lib cell. (PSYN-058)
Warning: The pin direction of 'PAD' pin on 'PBCU2' cell in the 'SP013D3_V1p2_typ' technology library is inconsistent with the same-name pin in the '/home/eda/lib/smic/SP013D3_V1p4/apollo/SP013D3_V1p2_8MT' physical library. No physical link for the logical lib cell. (PSYN-058)
Warning: The pin direction of 'OEN' pin on 'PBSL8' cell in the 'SP013D3_V1p2_typ' technology library is inconsistent with the same-name pin in the '/home/eda/lib/smic/SP013D3_V1p4/apollo/SP013D3_V1p2_8MT' physical library. No physical link for the logical lib cell. (PSYN-058)
Warning: The pin direction of 'I' pin on 'PBSL8' cell in the 'SP013D3_V1p2_typ' technology library is inconsistent with the same-name pin in the '/home/eda/lib/smic/SP013D3_V1p4/apollo/SP013D3_V1p2_8MT' physical library. No physical link for the logical lib cell. (PSYN-058)
Warning: The pin direction of 'C' pin on 'PBSL8' cell in the 'SP013D3_V1p2_typ' technology library is inconsistent with the same-name pin in the '/home/eda/lib/smic/SP013D3_V1p4/apollo/SP013D3_V1p2_8MT' physical library. No physical link for the logical lib cell. (PSYN-058)
Warning: The pin direction of 'PAD' pin on 'PBSL8' cell in the 'SP013D3_V1p2_typ' technology library is inconsistent with the same-name pin in the '/home/eda/lib/smic/SP013D3_V1p4/apollo/SP013D3_V1p2_8MT' physical library. No physical link for the logical lib cell. (PSYN-058)
Warning: The pin direction of 'OEN' pin on 'PBS12' cell in the 'SP013D3_V1p2_typ' technology library is inconsistent with the same-name pin in the '/home/eda/lib/smic/SP013D3_V1p4/apollo/SP013D3_V1p2_8MT' physical library. No physical link for the logical lib cell. (PSYN-058)
Warning: The pin direction of 'I' pin on 'PBS12' cell in the 'SP013D3_V1p2_typ' technology library is inconsistent with the same-name pin in the '/home/eda/lib/smic/SP013D3_V1p4/apollo/SP013D3_V1p2_8MT' physical library. No physical link for the logical lib cell. (PSYN-058)
Warning: The pin direction of 'C' pin on 'PBS12' cell in the 'SP013D3_V1p2_typ' technology library is inconsistent with the same-name pin in the '/home/eda/lib/smic/SP013D3_V1p4/apollo/SP013D3_V1p2_8MT' physical library. No physical link for the logical lib cell. (PSYN-058)
Warning: The pin direction of 'PAD' pin on 'PBS12' cell in the 'SP013D3_V1p2_typ' technology library is inconsistent with the same-name pin in the '/home/eda/lib/smic/SP013D3_V1p4/apollo/SP013D3_V1p2_8MT' physical library. No physical link for the logical lib cell. (PSYN-058)
Warning: The pin direction of 'OEN' pin on 'PBSD8' cell in the 'SP013D3_V1p2_typ' technology library is inconsistent with the same-name pin in the '/home/eda/lib/smic/SP013D3_V1p4/apollo/SP013D3_V1p2_8MT' physical library. No physical link for the logical lib cell. (PSYN-058)
Warning: The pin direction of 'I' pin on 'PBSD8' cell in the 'SP013D3_V1p2_typ' technology library is inconsistent with the same-name pin in the '/home/eda/lib/smic/SP013D3_V1p4/apollo/SP013D3_V1p2_8MT' physical library. No physical link for the logical lib cell. (PSYN-058)
Warning: The pin direction of 'C' pin on 'PBSD8' cell in the 'SP013D3_V1p2_typ' technology library is inconsistent with the same-name pin in the '/home/eda/lib/smic/SP013D3_V1p4/apollo/SP013D3_V1p2_8MT' physical library. No physical link for the logical lib cell. (PSYN-058)
Warning: The pin direction of 'PAD' pin on 'PBSD8' cell in the 'SP013D3_V1p2_typ' technology library is inconsistent with the same-name pin in the '/home/eda/lib/smic/SP013D3_V1p4/apollo/SP013D3_V1p2_8MT' physical library. No physical link for the logical lib cell. (PSYN-058)
Warning: The pin direction of 'OEN' pin on 'PBSD2' cell in the 'SP013D3_V1p2_typ' technology library is inconsistent with the same-name pin in the '/home/eda/lib/smic/SP013D3_V1p4/apollo/SP013D3_V1p2_8MT' physical library. No physical link for the logical lib cell. (PSYN-058)
Warning: The pin direction of 'I' pin on 'PBSD2' cell in the 'SP013D3_V1p2_typ' technology library is inconsistent with the same-name pin in the '/home/eda/lib/smic/SP013D3_V1p4/apollo/SP013D3_V1p2_8MT' physical library. No physical link for the logical lib cell. (PSYN-058)
Warning: The pin direction of 'C' pin on 'PBSD2' cell in the 'SP013D3_V1p2_typ' technology library is inconsistent with the same-name pin in the '/home/eda/lib/smic/SP013D3_V1p4/apollo/SP013D3_V1p2_8MT' physical library. No physical link for the logical lib cell. (PSYN-058)
Warning: The pin direction of 'PAD' pin on 'PBSD2' cell in the 'SP013D3_V1p2_typ' technology library is inconsistent with the same-name pin in the '/home/eda/lib/smic/SP013D3_V1p4/apollo/SP013D3_V1p2_8MT' physical library. No physical link for the logical lib cell. (PSYN-058)
Warning: The pin direction of 'OEN' pin on 'PBSU2' cell in the 'SP013D3_V1p2_typ' technology library is inconsistent with the same-name pin in the '/home/eda/lib/smic/SP013D3_V1p4/apollo/SP013D3_V1p2_8MT' physical library. No physical link for the logical lib cell. (PSYN-058)
Warning: The pin direction of 'I' pin on 'PBSU2' cell in the 'SP013D3_V1p2_typ' technology library is inconsistent with the same-name pin in the '/home/eda/lib/smic/SP013D3_V1p4/apollo/SP013D3_V1p2_8MT' physical library. No physical link for the logical lib cell. (PSYN-058)
Warning: The pin direction of 'C' pin on 'PBSU2' cell in the 'SP013D3_V1p2_typ' technology library is inconsistent with the same-name pin in the '/home/eda/lib/smic/SP013D3_V1p4/apollo/SP013D3_V1p2_8MT' physical library. No physical link for the logical lib cell. (PSYN-058)
Warning: The pin direction of 'PAD' pin on 'PBSU2' cell in the 'SP013D3_V1p2_typ' technology library is inconsistent with the same-name pin in the '/home/eda/lib/smic/SP013D3_V1p4/apollo/SP013D3_V1p2_8MT' physical library. No physical link for the logical lib cell. (PSYN-058)
Warning: The pin direction of 'OEN' pin on 'PBSU8' cell in the 'SP013D3_V1p2_typ' technology library is inconsistent with the same-name pin in the '/home/eda/lib/smic/SP013D3_V1p4/apollo/SP013D3_V1p2_8MT' physical library. No physical link for the logical lib cell. (PSYN-058)
Warning: The pin direction of 'I' pin on 'PBSU8' cell in the 'SP013D3_V1p2_typ' technology library is inconsistent with the same-name pin in the '/home/eda/lib/smic/SP013D3_V1p4/apollo/SP013D3_V1p2_8MT' physical library. No physical link for the logical lib cell. (PSYN-058)
Warning: The pin direction of 'C' pin on 'PBSU8' cell in the 'SP013D3_V1p2_typ' technology library is inconsistent with the same-name pin in the '/home/eda/lib/smic/SP013D3_V1p4/apollo/SP013D3_V1p2_8MT' physical library. No physical link for the logical lib cell. (PSYN-058)
Warning: The pin direction of 'PAD' pin on 'PBSU8' cell in the 'SP013D3_V1p2_typ' technology library is inconsistent with the same-name pin in the '/home/eda/lib/smic/SP013D3_V1p4/apollo/SP013D3_V1p2_8MT' physical library. No physical link for the logical lib cell. (PSYN-058)
Warning: The pin direction of 'OEN' pin on 'PBUL8' cell in the 'SP013D3_V1p2_typ' technology library is inconsistent with the same-name pin in the '/home/eda/lib/smic/SP013D3_V1p4/apollo/SP013D3_V1p2_8MT' physical library. No physical link for the logical lib cell. (PSYN-058)
Warning: The pin direction of 'I' pin on 'PBUL8' cell in the 'SP013D3_V1p2_typ' technology library is inconsistent with the same-name pin in the '/home/eda/lib/smic/SP013D3_V1p4/apollo/SP013D3_V1p2_8MT' physical library. No physical link for the logical lib cell. (PSYN-058)
Warning: The pin direction of 'C' pin on 'PBUL8' cell in the 'SP013D3_V1p2_typ' technology library is inconsistent with the same-name pin in the '/home/eda/lib/smic/SP013D3_V1p4/apollo/SP013D3_V1p2_8MT' physical library. No physical link for the logical lib cell. (PSYN-058)
Warning: The pin direction of 'PAD' pin on 'PBUL8' cell in the 'SP013D3_V1p2_typ' technology library is inconsistent with the same-name pin in the '/home/eda/lib/smic/SP013D3_V1p4/apollo/SP013D3_V1p2_8MT' physical library. No physical link for the logical lib cell. (PSYN-058)
Warning: The pin direction of 'OEN' pin on 'PBU12' cell in the 'SP013D3_V1p2_typ' technology library is inconsistent with the same-name pin in the '/home/eda/lib/smic/SP013D3_V1p4/apollo/SP013D3_V1p2_8MT' physical library. No physical link for the logical lib cell. (PSYN-058)
Warning: The pin direction of 'I' pin on 'PBU12' cell in the 'SP013D3_V1p2_typ' technology library is inconsistent with the same-name pin in the '/home/eda/lib/smic/SP013D3_V1p4/apollo/SP013D3_V1p2_8MT' physical library. No physical link for the logical lib cell. (PSYN-058)
Warning: The pin direction of 'C' pin on 'PBU12' cell in the 'SP013D3_V1p2_typ' technology library is inconsistent with the same-name pin in the '/home/eda/lib/smic/SP013D3_V1p4/apollo/SP013D3_V1p2_8MT' physical library. No physical link for the logical lib cell. (PSYN-058)
Warning: The pin direction of 'PAD' pin on 'PBU12' cell in the 'SP013D3_V1p2_typ' technology library is inconsistent with the same-name pin in the '/home/eda/lib/smic/SP013D3_V1p4/apollo/SP013D3_V1p2_8MT' physical library. No physical link for the logical lib cell. (PSYN-058)
Warning: The pin direction of 'OEN' pin on 'PBDL8' cell in the 'SP013D3_V1p2_typ' technology library is inconsistent with the same-name pin in the '/home/eda/lib/smic/SP013D3_V1p4/apollo/SP013D3_V1p2_8MT' physical library. No physical link for the logical lib cell. (PSYN-058)
Warning: The pin direction of 'I' pin on 'PBDL8' cell in the 'SP013D3_V1p2_typ' technology library is inconsistent with the same-name pin in the '/home/eda/lib/smic/SP013D3_V1p4/apollo/SP013D3_V1p2_8MT' physical library. No physical link for the logical lib cell. (PSYN-058)
Warning: The pin direction of 'C' pin on 'PBDL8' cell in the 'SP013D3_V1p2_typ' technology library is inconsistent with the same-name pin in the '/home/eda/lib/smic/SP013D3_V1p4/apollo/SP013D3_V1p2_8MT' physical library. No physical link for the logical lib cell. (PSYN-058)
Warning: The pin direction of 'PAD' pin on 'PBDL8' cell in the 'SP013D3_V1p2_typ' technology library is inconsistent with the same-name pin in the '/home/eda/lib/smic/SP013D3_V1p4/apollo/SP013D3_V1p2_8MT' physical library. No physical link for the logical lib cell. (PSYN-058)
Warning: The pin direction of 'OEN' pin on 'PBD12' cell in the 'SP013D3_V1p2_typ' technology library is inconsistent with the same-name pin in the '/home/eda/lib/smic/SP013D3_V1p4/apollo/SP013D3_V1p2_8MT' physical library. No physical link for the logical lib cell. (PSYN-058)
Warning: The pin direction of 'I' pin on 'PBD12' cell in the 'SP013D3_V1p2_typ' technology library is inconsistent with the same-name pin in the '/home/eda/lib/smic/SP013D3_V1p4/apollo/SP013D3_V1p2_8MT' physical library. No physical link for the logical lib cell. (PSYN-058)
Warning: The pin direction of 'C' pin on 'PBD12' cell in the 'SP013D3_V1p2_typ' technology library is inconsistent with the same-name pin in the '/home/eda/lib/smic/SP013D3_V1p4/apollo/SP013D3_V1p2_8MT' physical library. No physical link for the logical lib cell. (PSYN-058)
Warning: The pin direction of 'PAD' pin on 'PBD12' cell in the 'SP013D3_V1p2_typ' technology library is inconsistent with the same-name pin in the '/home/eda/lib/smic/SP013D3_V1p4/apollo/SP013D3_V1p2_8MT' physical library. No physical link for the logical lib cell. (PSYN-058)
Warning: The pin direction of 'I' pin on 'POL12' cell in the 'SP013D3_V1p2_typ' technology library is inconsistent with the same-name pin in the '/home/eda/lib/smic/SP013D3_V1p4/apollo/SP013D3_V1p2_8MT' physical library. No physical link for the logical lib cell. (PSYN-058)
Warning: The pin direction of 'PAD' pin on 'POL12' cell in the 'SP013D3_V1p2_typ' technology library is inconsistent with the same-name pin in the '/home/eda/lib/smic/SP013D3_V1p4/apollo/SP013D3_V1p2_8MT' physical library. No physical link for the logical lib cell. (PSYN-058)
Warning: The pin direction of 'OEN' pin on 'POTL8' cell in the 'SP013D3_V1p2_typ' technology library is inconsistent with the same-name pin in the '/home/eda/lib/smic/SP013D3_V1p4/apollo/SP013D3_V1p2_8MT' physical library. No physical link for the logical lib cell. (PSYN-058)
Warning: The pin direction of 'I' pin on 'POTL8' cell in the 'SP013D3_V1p2_typ' technology library is inconsistent with the same-name pin in the '/home/eda/lib/smic/SP013D3_V1p4/apollo/SP013D3_V1p2_8MT' physical library. No physical link for the logical lib cell. (PSYN-058)
Warning: The pin direction of 'PAD' pin on 'POTL8' cell in the 'SP013D3_V1p2_typ' technology library is inconsistent with the same-name pin in the '/home/eda/lib/smic/SP013D3_V1p4/apollo/SP013D3_V1p2_8MT' physical library. No physical link for the logical lib cell. (PSYN-058)
Warning: The pin direction of 'OEN' pin on 'POT12' cell in the 'SP013D3_V1p2_typ' technology library is inconsistent with the same-name pin in the '/home/eda/lib/smic/SP013D3_V1p4/apollo/SP013D3_V1p2_8MT' physical library. No physical link for the logical lib cell. (PSYN-058)
Warning: The pin direction of 'I' pin on 'POT12' cell in the 'SP013D3_V1p2_typ' technology library is inconsistent with the same-name pin in the '/home/eda/lib/smic/SP013D3_V1p4/apollo/SP013D3_V1p2_8MT' physical library. No physical link for the logical lib cell. (PSYN-058)
Warning: The pin direction of 'PAD' pin on 'POT12' cell in the 'SP013D3_V1p2_typ' technology library is inconsistent with the same-name pin in the '/home/eda/lib/smic/SP013D3_V1p4/apollo/SP013D3_V1p2_8MT' physical library. No physical link for the logical lib cell. (PSYN-058)
Warning: The pin direction of 'XIN' pin on 'PXWE2' cell in the 'SP013D3_V1p2_typ' technology library is inconsistent with the same-name pin in the '/home/eda/lib/smic/SP013D3_V1p4/apollo/SP013D3_V1p2_8MT' physical library. No physical link for the logical lib cell. (PSYN-058)
Warning: The pin direction of 'E' pin on 'PXWE2' cell in the 'SP013D3_V1p2_typ' technology library is inconsistent with the same-name pin in the '/home/eda/lib/smic/SP013D3_V1p4/apollo/SP013D3_V1p2_8MT' physical library. No physical link for the logical lib cell. (PSYN-058)
Warning: The pin direction of 'XOUT' pin on 'PXWE2' cell in the 'SP013D3_V1p2_typ' technology library is inconsistent with the same-name pin in the '/home/eda/lib/smic/SP013D3_V1p4/apollo/SP013D3_V1p2_8MT' physical library. No physical link for the logical lib cell. (PSYN-058)
Warning: The pin direction of 'XC' pin on 'PXWE2' cell in the 'SP013D3_V1p2_typ' technology library is inconsistent with the same-name pin in the '/home/eda/lib/smic/SP013D3_V1p4/apollo/SP013D3_V1p2_8MT' physical library. No physical link for the logical lib cell. (PSYN-058)
Warning: The pin direction of 'VSS' pin on 'PVSS1' cell in the 'SP013D3_V1p2_typ' technology library is inconsistent with the same-name pin in the '/home/eda/lib/smic/SP013D3_V1p4/apollo/SP013D3_V1p2_8MT' physical library. No physical link for the logical lib cell. (PSYN-058)
Warning: The pin direction of 'VDD' pin on 'PVDD1' cell in the 'SP013D3_V1p2_typ' technology library is inconsistent with the same-name pin in the '/home/eda/lib/smic/SP013D3_V1p4/apollo/SP013D3_V1p2_8MT' physical library. No physical link for the logical lib cell. (PSYN-058)
Warning: The pin direction of 'XIN' pin on 'PXWE1' cell in the 'SP013D3_V1p2_typ' technology library is inconsistent with the same-name pin in the '/home/eda/lib/smic/SP013D3_V1p4/apollo/SP013D3_V1p2_8MT' physical library. No physical link for the logical lib cell. (PSYN-058)
Warning: The pin direction of 'E' pin on 'PXWE1' cell in the 'SP013D3_V1p2_typ' technology library is inconsistent with the same-name pin in the '/home/eda/lib/smic/SP013D3_V1p4/apollo/SP013D3_V1p2_8MT' physical library. No physical link for the logical lib cell. (PSYN-058)
Warning: The pin direction of 'XOUT' pin on 'PXWE1' cell in the 'SP013D3_V1p2_typ' technology library is inconsistent with the same-name pin in the '/home/eda/lib/smic/SP013D3_V1p4/apollo/SP013D3_V1p2_8MT' physical library. No physical link for the logical lib cell. (PSYN-058)
Warning: The pin direction of 'XC' pin on 'PXWE1' cell in the 'SP013D3_V1p2_typ' technology library is inconsistent with the same-name pin in the '/home/eda/lib/smic/SP013D3_V1p4/apollo/SP013D3_V1p2_8MT' physical library. No physical link for the logical lib cell. (PSYN-058)
Warning: The pin direction of 'OEN' pin on 'PBCD16' cell in the 'SP013D3_V1p2_typ' technology library is inconsistent with the same-name pin in the '/home/eda/lib/smic/SP013D3_V1p4/apollo/SP013D3_V1p2_8MT' physical library. No physical link for the logical lib cell. (PSYN-058)
Warning: The pin direction of 'I' pin on 'PBCD16' cell in the 'SP013D3_V1p2_typ' technology library is inconsistent with the same-name pin in the '/home/eda/lib/smic/SP013D3_V1p4/apollo/SP013D3_V1p2_8MT' physical library. No physical link for the logical lib cell. (PSYN-058)
Warning: The pin direction of 'REN' pin on 'PBCD16' cell in the 'SP013D3_V1p2_typ' technology library is inconsistent with the same-name pin in the '/home/eda/lib/smic/SP013D3_V1p4/apollo/SP013D3_V1p2_8MT' physical library. No physical link for the logical lib cell. (PSYN-058)
Warning: The pin direction of 'C' pin on 'PBCD16' cell in the 'SP013D3_V1p2_typ' technology library is inconsistent with the same-name pin in the '/home/eda/lib/smic/SP013D3_V1p4/apollo/SP013D3_V1p2_8MT' physical library. No physical link for the logical lib cell. (PSYN-058)
Warning: The pin direction of 'PAD' pin on 'PBCD16' cell in the 'SP013D3_V1p2_typ' technology library is inconsistent with the same-name pin in the '/home/eda/lib/smic/SP013D3_V1p4/apollo/SP013D3_V1p2_8MT' physical library. No physical link for the logical lib cell. (PSYN-058)
Warning: The pin direction of 'OEN' pin on 'PBCU16' cell in the 'SP013D3_V1p2_typ' technology library is inconsistent with the same-name pin in the '/home/eda/lib/smic/SP013D3_V1p4/apollo/SP013D3_V1p2_8MT' physical library. No physical link for the logical lib cell. (PSYN-058)
Warning: The pin direction of 'I' pin on 'PBCU16' cell in the 'SP013D3_V1p2_typ' technology library is inconsistent with the same-name pin in the '/home/eda/lib/smic/SP013D3_V1p4/apollo/SP013D3_V1p2_8MT' physical library. No physical link for the logical lib cell. (PSYN-058)
Warning: The pin direction of 'REN' pin on 'PBCU16' cell in the 'SP013D3_V1p2_typ' technology library is inconsistent with the same-name pin in the '/home/eda/lib/smic/SP013D3_V1p4/apollo/SP013D3_V1p2_8MT' physical library. No physical link for the logical lib cell. (PSYN-058)
Warning: The pin direction of 'C' pin on 'PBCU16' cell in the 'SP013D3_V1p2_typ' technology library is inconsistent with the same-name pin in the '/home/eda/lib/smic/SP013D3_V1p4/apollo/SP013D3_V1p2_8MT' physical library. No physical link for the logical lib cell. (PSYN-058)
Warning: The pin direction of 'PAD' pin on 'PBCU16' cell in the 'SP013D3_V1p2_typ' technology library is inconsistent with the same-name pin in the '/home/eda/lib/smic/SP013D3_V1p4/apollo/SP013D3_V1p2_8MT' physical library. No physical link for the logical lib cell. (PSYN-058)
Warning: The pin direction of 'OEN' pin on 'PBSL16' cell in the 'SP013D3_V1p2_typ' technology library is inconsistent with the same-name pin in the '/home/eda/lib/smic/SP013D3_V1p4/apollo/SP013D3_V1p2_8MT' physical library. No physical link for the logical lib cell. (PSYN-058)
Warning: The pin direction of 'I' pin on 'PBSL16' cell in the 'SP013D3_V1p2_typ' technology library is inconsistent with the same-name pin in the '/home/eda/lib/smic/SP013D3_V1p4/apollo/SP013D3_V1p2_8MT' physical library. No physical link for the logical lib cell. (PSYN-058)
Warning: The pin direction of 'C' pin on 'PBSL16' cell in the 'SP013D3_V1p2_typ' technology library is inconsistent with the same-name pin in the '/home/eda/lib/smic/SP013D3_V1p4/apollo/SP013D3_V1p2_8MT' physical library. No physical link for the logical lib cell. (PSYN-058)
Warning: The pin direction of 'PAD' pin on 'PBSL16' cell in the 'SP013D3_V1p2_typ' technology library is inconsistent with the same-name pin in the '/home/eda/lib/smic/SP013D3_V1p4/apollo/SP013D3_V1p2_8MT' physical library. No physical link for the logical lib cell. (PSYN-058)
Warning: The pin direction of 'OEN' pin on 'PBSD16' cell in the 'SP013D3_V1p2_typ' technology library is inconsistent with the same-name pin in the '/home/eda/lib/smic/SP013D3_V1p4/apollo/SP013D3_V1p2_8MT' physical library. No physical link for the logical lib cell. (PSYN-058)
Warning: The pin direction of 'I' pin on 'PBSD16' cell in the 'SP013D3_V1p2_typ' technology library is inconsistent with the same-name pin in the '/home/eda/lib/smic/SP013D3_V1p4/apollo/SP013D3_V1p2_8MT' physical library. No physical link for the logical lib cell. (PSYN-058)
Warning: The pin direction of 'C' pin on 'PBSD16' cell in the 'SP013D3_V1p2_typ' technology library is inconsistent with the same-name pin in the '/home/eda/lib/smic/SP013D3_V1p4/apollo/SP013D3_V1p2_8MT' physical library. No physical link for the logical lib cell. (PSYN-058)
Warning: The pin direction of 'PAD' pin on 'PBSD16' cell in the 'SP013D3_V1p2_typ' technology library is inconsistent with the same-name pin in the '/home/eda/lib/smic/SP013D3_V1p4/apollo/SP013D3_V1p2_8MT' physical library. No physical link for the logical lib cell. (PSYN-058)
Warning: The pin direction of 'OEN' pin on 'PBSU16' cell in the 'SP013D3_V1p2_typ' technology library is inconsistent with the same-name pin in the '/home/eda/lib/smic/SP013D3_V1p4/apollo/SP013D3_V1p2_8MT' physical library. No physical link for the logical lib cell. (PSYN-058)
Warning: The pin direction of 'I' pin on 'PBSU16' cell in the 'SP013D3_V1p2_typ' technology library is inconsistent with the same-name pin in the '/home/eda/lib/smic/SP013D3_V1p4/apollo/SP013D3_V1p2_8MT' physical library. No physical link for the logical lib cell. (PSYN-058)
Warning: The pin direction of 'C' pin on 'PBSU16' cell in the 'SP013D3_V1p2_typ' technology library is inconsistent with the same-name pin in the '/home/eda/lib/smic/SP013D3_V1p4/apollo/SP013D3_V1p2_8MT' physical library. No physical link for the logical lib cell. (PSYN-058)
Warning: The pin direction of 'PAD' pin on 'PBSU16' cell in the 'SP013D3_V1p2_typ' technology library is inconsistent with the same-name pin in the '/home/eda/lib/smic/SP013D3_V1p4/apollo/SP013D3_V1p2_8MT' physical library. No physical link for the logical lib cell. (PSYN-058)
Warning: The pin direction of 'OEN' pin on 'PBUL16' cell in the 'SP013D3_V1p2_typ' technology library is inconsistent with the same-name pin in the '/home/eda/lib/smic/SP013D3_V1p4/apollo/SP013D3_V1p2_8MT' physical library. No physical link for the logical lib cell. (PSYN-058)
Warning: The pin direction of 'I' pin on 'PBUL16' cell in the 'SP013D3_V1p2_typ' technology library is inconsistent with the same-name pin in the '/home/eda/lib/smic/SP013D3_V1p4/apollo/SP013D3_V1p2_8MT' physical library. No physical link for the logical lib cell. (PSYN-058)
Warning: The pin direction of 'C' pin on 'PBUL16' cell in the 'SP013D3_V1p2_typ' technology library is inconsistent with the same-name pin in the '/home/eda/lib/smic/SP013D3_V1p4/apollo/SP013D3_V1p2_8MT' physical library. No physical link for the logical lib cell. (PSYN-058)
Warning: The pin direction of 'PAD' pin on 'PBUL16' cell in the 'SP013D3_V1p2_typ' technology library is inconsistent with the same-name pin in the '/home/eda/lib/smic/SP013D3_V1p4/apollo/SP013D3_V1p2_8MT' physical library. No physical link for the logical lib cell. (PSYN-058)
Warning: The pin direction of 'OEN' pin on 'PBDL16' cell in the 'SP013D3_V1p2_typ' technology library is inconsistent with the same-name pin in the '/home/eda/lib/smic/SP013D3_V1p4/apollo/SP013D3_V1p2_8MT' physical library. No physical link for the logical lib cell. (PSYN-058)
Warning: The pin direction of 'I' pin on 'PBDL16' cell in the 'SP013D3_V1p2_typ' technology library is inconsistent with the same-name pin in the '/home/eda/lib/smic/SP013D3_V1p4/apollo/SP013D3_V1p2_8MT' physical library. No physical link for the logical lib cell. (PSYN-058)
Warning: The pin direction of 'C' pin on 'PBDL16' cell in the 'SP013D3_V1p2_typ' technology library is inconsistent with the same-name pin in the '/home/eda/lib/smic/SP013D3_V1p4/apollo/SP013D3_V1p2_8MT' physical library. No physical link for the logical lib cell. (PSYN-058)
Warning: The pin direction of 'PAD' pin on 'PBDL16' cell in the 'SP013D3_V1p2_typ' technology library is inconsistent with the same-name pin in the '/home/eda/lib/smic/SP013D3_V1p4/apollo/SP013D3_V1p2_8MT' physical library. No physical link for the logical lib cell. (PSYN-058)
Warning: The pin direction of 'OEN' pin on 'POTL16' cell in the 'SP013D3_V1p2_typ' technology library is inconsistent with the same-name pin in the '/home/eda/lib/smic/SP013D3_V1p4/apollo/SP013D3_V1p2_8MT' physical library. No physical link for the logical lib cell. (PSYN-058)
Warning: The pin direction of 'I' pin on 'POTL16' cell in the 'SP013D3_V1p2_typ' technology library is inconsistent with the same-name pin in the '/home/eda/lib/smic/SP013D3_V1p4/apollo/SP013D3_V1p2_8MT' physical library. No physical link for the logical lib cell. (PSYN-058)
Warning: The pin direction of 'PAD' pin on 'POTL16' cell in the 'SP013D3_V1p2_typ' technology library is inconsistent with the same-name pin in the '/home/eda/lib/smic/SP013D3_V1p4/apollo/SP013D3_V1p2_8MT' physical library. No physical link for the logical lib cell. (PSYN-058)
Warning: The pin direction of 'OEN' pin on 'PCI6BS' cell in the 'SP013D3_V1p2_typ' technology library is inconsistent with the same-name pin in the '/home/eda/lib/smic/SP013D3_V1p4/apollo/SP013D3_V1p2_8MT' physical library. No physical link for the logical lib cell. (PSYN-058)
Warning: The pin direction of 'I' pin on 'PCI6BS' cell in the 'SP013D3_V1p2_typ' technology library is inconsistent with the same-name pin in the '/home/eda/lib/smic/SP013D3_V1p4/apollo/SP013D3_V1p2_8MT' physical library. No physical link for the logical lib cell. (PSYN-058)
Warning: The pin direction of 'C' pin on 'PCI6BS' cell in the 'SP013D3_V1p2_typ' technology library is inconsistent with the same-name pin in the '/home/eda/lib/smic/SP013D3_V1p4/apollo/SP013D3_V1p2_8MT' physical library. No physical link for the logical lib cell. (PSYN-058)
Warning: The pin direction of 'PAD' pin on 'PCI6BS' cell in the 'SP013D3_V1p2_typ' technology library is inconsistent with the same-name pin in the '/home/eda/lib/smic/SP013D3_V1p4/apollo/SP013D3_V1p2_8MT' physical library. No physical link for the logical lib cell. (PSYN-058)
Warning: The pin direction of 'OEN' pin on 'PCI3BS' cell in the 'SP013D3_V1p2_typ' technology library is inconsistent with the same-name pin in the '/home/eda/lib/smic/SP013D3_V1p4/apollo/SP013D3_V1p2_8MT' physical library. No physical link for the logical lib cell. (PSYN-058)
Warning: The pin direction of 'I' pin on 'PCI3BS' cell in the 'SP013D3_V1p2_typ' technology library is inconsistent with the same-name pin in the '/home/eda/lib/smic/SP013D3_V1p4/apollo/SP013D3_V1p2_8MT' physical library. No physical link for the logical lib cell. (PSYN-058)
Warning: The pin direction of 'C' pin on 'PCI3BS' cell in the 'SP013D3_V1p2_typ' technology library is inconsistent with the same-name pin in the '/home/eda/lib/smic/SP013D3_V1p4/apollo/SP013D3_V1p2_8MT' physical library. No physical link for the logical lib cell. (PSYN-058)
Warning: The pin direction of 'PAD' pin on 'PCI3BS' cell in the 'SP013D3_V1p2_typ' technology library is inconsistent with the same-name pin in the '/home/eda/lib/smic/SP013D3_V1p4/apollo/SP013D3_V1p2_8MT' physical library. No physical link for the logical lib cell. (PSYN-058)
Warning: The pin direction of 'OEN' pin on 'PBCD24' cell in the 'SP013D3_V1p2_typ' technology library is inconsistent with the same-name pin in the '/home/eda/lib/smic/SP013D3_V1p4/apollo/SP013D3_V1p2_8MT' physical library. No physical link for the logical lib cell. (PSYN-058)
Warning: The pin direction of 'I' pin on 'PBCD24' cell in the 'SP013D3_V1p2_typ' technology library is inconsistent with the same-name pin in the '/home/eda/lib/smic/SP013D3_V1p4/apollo/SP013D3_V1p2_8MT' physical library. No physical link for the logical lib cell. (PSYN-058)
Warning: The pin direction of 'REN' pin on 'PBCD24' cell in the 'SP013D3_V1p2_typ' technology library is inconsistent with the same-name pin in the '/home/eda/lib/smic/SP013D3_V1p4/apollo/SP013D3_V1p2_8MT' physical library. No physical link for the logical lib cell. (PSYN-058)
Warning: The pin direction of 'C' pin on 'PBCD24' cell in the 'SP013D3_V1p2_typ' technology library is inconsistent with the same-name pin in the '/home/eda/lib/smic/SP013D3_V1p4/apollo/SP013D3_V1p2_8MT' physical library. No physical link for the logical lib cell. (PSYN-058)
Warning: The pin direction of 'PAD' pin on 'PBCD24' cell in the 'SP013D3_V1p2_typ' technology library is inconsistent with the same-name pin in the '/home/eda/lib/smic/SP013D3_V1p4/apollo/SP013D3_V1p2_8MT' physical library. No physical link for the logical lib cell. (PSYN-058)
Warning: The pin direction of 'OEN' pin on 'PBCU24' cell in the 'SP013D3_V1p2_typ' technology library is inconsistent with the same-name pin in the '/home/eda/lib/smic/SP013D3_V1p4/apollo/SP013D3_V1p2_8MT' physical library. No physical link for the logical lib cell. (PSYN-058)
Warning: The pin direction of 'I' pin on 'PBCU24' cell in the 'SP013D3_V1p2_typ' technology library is inconsistent with the same-name pin in the '/home/eda/lib/smic/SP013D3_V1p4/apollo/SP013D3_V1p2_8MT' physical library. No physical link for the logical lib cell. (PSYN-058)
Warning: The pin direction of 'REN' pin on 'PBCU24' cell in the 'SP013D3_V1p2_typ' technology library is inconsistent with the same-name pin in the '/home/eda/lib/smic/SP013D3_V1p4/apollo/SP013D3_V1p2_8MT' physical library. No physical link for the logical lib cell. (PSYN-058)
Warning: The pin direction of 'C' pin on 'PBCU24' cell in the 'SP013D3_V1p2_typ' technology library is inconsistent with the same-name pin in the '/home/eda/lib/smic/SP013D3_V1p4/apollo/SP013D3_V1p2_8MT' physical library. No physical link for the logical lib cell. (PSYN-058)
Warning: The pin direction of 'PAD' pin on 'PBCU24' cell in the 'SP013D3_V1p2_typ' technology library is inconsistent with the same-name pin in the '/home/eda/lib/smic/SP013D3_V1p4/apollo/SP013D3_V1p2_8MT' physical library. No physical link for the logical lib cell. (PSYN-058)
Warning: The pin direction of 'OEN' pin on 'PBSL24' cell in the 'SP013D3_V1p2_typ' technology library is inconsistent with the same-name pin in the '/home/eda/lib/smic/SP013D3_V1p4/apollo/SP013D3_V1p2_8MT' physical library. No physical link for the logical lib cell. (PSYN-058)
Warning: The pin direction of 'I' pin on 'PBSL24' cell in the 'SP013D3_V1p2_typ' technology library is inconsistent with the same-name pin in the '/home/eda/lib/smic/SP013D3_V1p4/apollo/SP013D3_V1p2_8MT' physical library. No physical link for the logical lib cell. (PSYN-058)
Warning: The pin direction of 'C' pin on 'PBSL24' cell in the 'SP013D3_V1p2_typ' technology library is inconsistent with the same-name pin in the '/home/eda/lib/smic/SP013D3_V1p4/apollo/SP013D3_V1p2_8MT' physical library. No physical link for the logical lib cell. (PSYN-058)
Warning: The pin direction of 'PAD' pin on 'PBSL24' cell in the 'SP013D3_V1p2_typ' technology library is inconsistent with the same-name pin in the '/home/eda/lib/smic/SP013D3_V1p4/apollo/SP013D3_V1p2_8MT' physical library. No physical link for the logical lib cell. (PSYN-058)
Warning: The pin direction of 'OEN' pin on 'PBSD24' cell in the 'SP013D3_V1p2_typ' technology library is inconsistent with the same-name pin in the '/home/eda/lib/smic/SP013D3_V1p4/apollo/SP013D3_V1p2_8MT' physical library. No physical link for the logical lib cell. (PSYN-058)
Warning: The pin direction of 'I' pin on 'PBSD24' cell in the 'SP013D3_V1p2_typ' technology library is inconsistent with the same-name pin in the '/home/eda/lib/smic/SP013D3_V1p4/apollo/SP013D3_V1p2_8MT' physical library. No physical link for the logical lib cell. (PSYN-058)
Warning: The pin direction of 'C' pin on 'PBSD24' cell in the 'SP013D3_V1p2_typ' technology library is inconsistent with the same-name pin in the '/home/eda/lib/smic/SP013D3_V1p4/apollo/SP013D3_V1p2_8MT' physical library. No physical link for the logical lib cell. (PSYN-058)
Warning: The pin direction of 'PAD' pin on 'PBSD24' cell in the 'SP013D3_V1p2_typ' technology library is inconsistent with the same-name pin in the '/home/eda/lib/smic/SP013D3_V1p4/apollo/SP013D3_V1p2_8MT' physical library. No physical link for the logical lib cell. (PSYN-058)
Warning: The pin direction of 'OEN' pin on 'PBSU24' cell in the 'SP013D3_V1p2_typ' technology library is inconsistent with the same-name pin in the '/home/eda/lib/smic/SP013D3_V1p4/apollo/SP013D3_V1p2_8MT' physical library. No physical link for the logical lib cell. (PSYN-058)
Warning: The pin direction of 'I' pin on 'PBSU24' cell in the 'SP013D3_V1p2_typ' technology library is inconsistent with the same-name pin in the '/home/eda/lib/smic/SP013D3_V1p4/apollo/SP013D3_V1p2_8MT' physical library. No physical link for the logical lib cell. (PSYN-058)
Warning: The pin direction of 'C' pin on 'PBSU24' cell in the 'SP013D3_V1p2_typ' technology library is inconsistent with the same-name pin in the '/home/eda/lib/smic/SP013D3_V1p4/apollo/SP013D3_V1p2_8MT' physical library. No physical link for the logical lib cell. (PSYN-058)
Warning: The pin direction of 'PAD' pin on 'PBSU24' cell in the 'SP013D3_V1p2_typ' technology library is inconsistent with the same-name pin in the '/home/eda/lib/smic/SP013D3_V1p4/apollo/SP013D3_V1p2_8MT' physical library. No physical link for the logical lib cell. (PSYN-058)
Warning: The pin direction of 'OEN' pin on 'PBUL24' cell in the 'SP013D3_V1p2_typ' technology library is inconsistent with the same-name pin in the '/home/eda/lib/smic/SP013D3_V1p4/apollo/SP013D3_V1p2_8MT' physical library. No physical link for the logical lib cell. (PSYN-058)
Warning: The pin direction of 'I' pin on 'PBUL24' cell in the 'SP013D3_V1p2_typ' technology library is inconsistent with the same-name pin in the '/home/eda/lib/smic/SP013D3_V1p4/apollo/SP013D3_V1p2_8MT' physical library. No physical link for the logical lib cell. (PSYN-058)
Warning: The pin direction of 'C' pin on 'PBUL24' cell in the 'SP013D3_V1p2_typ' technology library is inconsistent with the same-name pin in the '/home/eda/lib/smic/SP013D3_V1p4/apollo/SP013D3_V1p2_8MT' physical library. No physical link for the logical lib cell. (PSYN-058)
Warning: The pin direction of 'PAD' pin on 'PBUL24' cell in the 'SP013D3_V1p2_typ' technology library is inconsistent with the same-name pin in the '/home/eda/lib/smic/SP013D3_V1p4/apollo/SP013D3_V1p2_8MT' physical library. No physical link for the logical lib cell. (PSYN-058)
Warning: The pin direction of 'OEN' pin on 'PBDL24' cell in the 'SP013D3_V1p2_typ' technology library is inconsistent with the same-name pin in the '/home/eda/lib/smic/SP013D3_V1p4/apollo/SP013D3_V1p2_8MT' physical library. No physical link for the logical lib cell. (PSYN-058)
Warning: The pin direction of 'I' pin on 'PBDL24' cell in the 'SP013D3_V1p2_typ' technology library is inconsistent with the same-name pin in the '/home/eda/lib/smic/SP013D3_V1p4/apollo/SP013D3_V1p2_8MT' physical library. No physical link for the logical lib cell. (PSYN-058)
Warning: The pin direction of 'C' pin on 'PBDL24' cell in the 'SP013D3_V1p2_typ' technology library is inconsistent with the same-name pin in the '/home/eda/lib/smic/SP013D3_V1p4/apollo/SP013D3_V1p2_8MT' physical library. No physical link for the logical lib cell. (PSYN-058)
Warning: The pin direction of 'PAD' pin on 'PBDL24' cell in the 'SP013D3_V1p2_typ' technology library is inconsistent with the same-name pin in the '/home/eda/lib/smic/SP013D3_V1p4/apollo/SP013D3_V1p2_8MT' physical library. No physical link for the logical lib cell. (PSYN-058)
Warning: The pin direction of 'OEN' pin on 'POTL24' cell in the 'SP013D3_V1p2_typ' technology library is inconsistent with the same-name pin in the '/home/eda/lib/smic/SP013D3_V1p4/apollo/SP013D3_V1p2_8MT' physical library. No physical link for the logical lib cell. (PSYN-058)
Warning: The pin direction of 'I' pin on 'POTL24' cell in the 'SP013D3_V1p2_typ' technology library is inconsistent with the same-name pin in the '/home/eda/lib/smic/SP013D3_V1p4/apollo/SP013D3_V1p2_8MT' physical library. No physical link for the logical lib cell. (PSYN-058)
Warning: The pin direction of 'PAD' pin on 'POTL24' cell in the 'SP013D3_V1p2_typ' technology library is inconsistent with the same-name pin in the '/home/eda/lib/smic/SP013D3_V1p4/apollo/SP013D3_V1p2_8MT' physical library. No physical link for the logical lib cell. (PSYN-058)
Warning: The pin direction of 'VDD1' pin on 'PDIODE' cell in the 'SP013D3_V1p2_typ' technology library is inconsistent with the same-name pin in the '/home/eda/lib/smic/SP013D3_V1p4/apollo/SP013D3_V1p2_8MT' physical library. No physical link for the logical lib cell. (PSYN-058)
Warning: The pin direction of 'VDD2' pin on 'PDIODE' cell in the 'SP013D3_V1p2_typ' technology library is inconsistent with the same-name pin in the '/home/eda/lib/smic/SP013D3_V1p4/apollo/SP013D3_V1p2_8MT' physical library. No physical link for the logical lib cell. (PSYN-058)
Warning: The pin direction of 'VSS1' pin on 'PDIODE' cell in the 'SP013D3_V1p2_typ' technology library is inconsistent with the same-name pin in the '/home/eda/lib/smic/SP013D3_V1p4/apollo/SP013D3_V1p2_8MT' physical library. No physical link for the logical lib cell. (PSYN-058)
Warning: The pin direction of 'VSS2' pin on 'PDIODE' cell in the 'SP013D3_V1p2_typ' technology library is inconsistent with the same-name pin in the '/home/eda/lib/smic/SP013D3_V1p4/apollo/SP013D3_V1p2_8MT' physical library. No physical link for the logical lib cell. (PSYN-058)
Warning: The pin direction of 'OEN' pin on 'PBCDL8' cell in the 'SP013D3_V1p2_typ' technology library is inconsistent with the same-name pin in the '/home/eda/lib/smic/SP013D3_V1p4/apollo/SP013D3_V1p2_8MT' physical library. No physical link for the logical lib cell. (PSYN-058)
Warning: The pin direction of 'I' pin on 'PBCDL8' cell in the 'SP013D3_V1p2_typ' technology library is inconsistent with the same-name pin in the '/home/eda/lib/smic/SP013D3_V1p4/apollo/SP013D3_V1p2_8MT' physical library. No physical link for the logical lib cell. (PSYN-058)
Warning: The pin direction of 'REN' pin on 'PBCDL8' cell in the 'SP013D3_V1p2_typ' technology library is inconsistent with the same-name pin in the '/home/eda/lib/smic/SP013D3_V1p4/apollo/SP013D3_V1p2_8MT' physical library. No physical link for the logical lib cell. (PSYN-058)
Warning: The pin direction of 'C' pin on 'PBCDL8' cell in the 'SP013D3_V1p2_typ' technology library is inconsistent with the same-name pin in the '/home/eda/lib/smic/SP013D3_V1p4/apollo/SP013D3_V1p2_8MT' physical library. No physical link for the logical lib cell. (PSYN-058)
Warning: The pin direction of 'PAD' pin on 'PBCDL8' cell in the 'SP013D3_V1p2_typ' technology library is inconsistent with the same-name pin in the '/home/eda/lib/smic/SP013D3_V1p4/apollo/SP013D3_V1p2_8MT' physical library. No physical link for the logical lib cell. (PSYN-058)
Warning: The pin direction of 'OEN' pin on 'PBCD12' cell in the 'SP013D3_V1p2_typ' technology library is inconsistent with the same-name pin in the '/home/eda/lib/smic/SP013D3_V1p4/apollo/SP013D3_V1p2_8MT' physical library. No physical link for the logical lib cell. (PSYN-058)
Warning: The pin direction of 'I' pin on 'PBCD12' cell in the 'SP013D3_V1p2_typ' technology library is inconsistent with the same-name pin in the '/home/eda/lib/smic/SP013D3_V1p4/apollo/SP013D3_V1p2_8MT' physical library. No physical link for the logical lib cell. (PSYN-058)
Warning: The pin direction of 'REN' pin on 'PBCD12' cell in the 'SP013D3_V1p2_typ' technology library is inconsistent with the same-name pin in the '/home/eda/lib/smic/SP013D3_V1p4/apollo/SP013D3_V1p2_8MT' physical library. No physical link for the logical lib cell. (PSYN-058)
Warning: The pin direction of 'C' pin on 'PBCD12' cell in the 'SP013D3_V1p2_typ' technology library is inconsistent with the same-name pin in the '/home/eda/lib/smic/SP013D3_V1p4/apollo/SP013D3_V1p2_8MT' physical library. No physical link for the logical lib cell. (PSYN-058)
Warning: The pin direction of 'PAD' pin on 'PBCD12' cell in the 'SP013D3_V1p2_typ' technology library is inconsistent with the same-name pin in the '/home/eda/lib/smic/SP013D3_V1p4/apollo/SP013D3_V1p2_8MT' physical library. No physical link for the logical lib cell. (PSYN-058)
Warning: The pin direction of 'OEN' pin on 'PBCUL8' cell in the 'SP013D3_V1p2_typ' technology library is inconsistent with the same-name pin in the '/home/eda/lib/smic/SP013D3_V1p4/apollo/SP013D3_V1p2_8MT' physical library. No physical link for the logical lib cell. (PSYN-058)
Warning: The pin direction of 'I' pin on 'PBCUL8' cell in the 'SP013D3_V1p2_typ' technology library is inconsistent with the same-name pin in the '/home/eda/lib/smic/SP013D3_V1p4/apollo/SP013D3_V1p2_8MT' physical library. No physical link for the logical lib cell. (PSYN-058)
Warning: The pin direction of 'REN' pin on 'PBCUL8' cell in the 'SP013D3_V1p2_typ' technology library is inconsistent with the same-name pin in the '/home/eda/lib/smic/SP013D3_V1p4/apollo/SP013D3_V1p2_8MT' physical library. No physical link for the logical lib cell. (PSYN-058)
Warning: The pin direction of 'C' pin on 'PBCUL8' cell in the 'SP013D3_V1p2_typ' technology library is inconsistent with the same-name pin in the '/home/eda/lib/smic/SP013D3_V1p4/apollo/SP013D3_V1p2_8MT' physical library. No physical link for the logical lib cell. (PSYN-058)
Warning: The pin direction of 'PAD' pin on 'PBCUL8' cell in the 'SP013D3_V1p2_typ' technology library is inconsistent with the same-name pin in the '/home/eda/lib/smic/SP013D3_V1p4/apollo/SP013D3_V1p2_8MT' physical library. No physical link for the logical lib cell. (PSYN-058)
Warning: The pin direction of 'OEN' pin on 'PBCU12' cell in the 'SP013D3_V1p2_typ' technology library is inconsistent with the same-name pin in the '/home/eda/lib/smic/SP013D3_V1p4/apollo/SP013D3_V1p2_8MT' physical library. No physical link for the logical lib cell. (PSYN-058)
Warning: The pin direction of 'I' pin on 'PBCU12' cell in the 'SP013D3_V1p2_typ' technology library is inconsistent with the same-name pin in the '/home/eda/lib/smic/SP013D3_V1p4/apollo/SP013D3_V1p2_8MT' physical library. No physical link for the logical lib cell. (PSYN-058)
Warning: The pin direction of 'REN' pin on 'PBCU12' cell in the 'SP013D3_V1p2_typ' technology library is inconsistent with the same-name pin in the '/home/eda/lib/smic/SP013D3_V1p4/apollo/SP013D3_V1p2_8MT' physical library. No physical link for the logical lib cell. (PSYN-058)
Warning: The pin direction of 'C' pin on 'PBCU12' cell in the 'SP013D3_V1p2_typ' technology library is inconsistent with the same-name pin in the '/home/eda/lib/smic/SP013D3_V1p4/apollo/SP013D3_V1p2_8MT' physical library. No physical link for the logical lib cell. (PSYN-058)
Warning: The pin direction of 'PAD' pin on 'PBCU12' cell in the 'SP013D3_V1p2_typ' technology library is inconsistent with the same-name pin in the '/home/eda/lib/smic/SP013D3_V1p4/apollo/SP013D3_V1p2_8MT' physical library. No physical link for the logical lib cell. (PSYN-058)
Warning: The pin direction of 'OEN' pin on 'PBSL12' cell in the 'SP013D3_V1p2_typ' technology library is inconsistent with the same-name pin in the '/home/eda/lib/smic/SP013D3_V1p4/apollo/SP013D3_V1p2_8MT' physical library. No physical link for the logical lib cell. (PSYN-058)
Warning: The pin direction of 'I' pin on 'PBSL12' cell in the 'SP013D3_V1p2_typ' technology library is inconsistent with the same-name pin in the '/home/eda/lib/smic/SP013D3_V1p4/apollo/SP013D3_V1p2_8MT' physical library. No physical link for the logical lib cell. (PSYN-058)
Warning: The pin direction of 'C' pin on 'PBSL12' cell in the 'SP013D3_V1p2_typ' technology library is inconsistent with the same-name pin in the '/home/eda/lib/smic/SP013D3_V1p4/apollo/SP013D3_V1p2_8MT' physical library. No physical link for the logical lib cell. (PSYN-058)
Warning: The pin direction of 'PAD' pin on 'PBSL12' cell in the 'SP013D3_V1p2_typ' technology library is inconsistent with the same-name pin in the '/home/eda/lib/smic/SP013D3_V1p4/apollo/SP013D3_V1p2_8MT' physical library. No physical link for the logical lib cell. (PSYN-058)
Warning: The pin direction of 'OEN' pin on 'PBSDL8' cell in the 'SP013D3_V1p2_typ' technology library is inconsistent with the same-name pin in the '/home/eda/lib/smic/SP013D3_V1p4/apollo/SP013D3_V1p2_8MT' physical library. No physical link for the logical lib cell. (PSYN-058)
Warning: The pin direction of 'I' pin on 'PBSDL8' cell in the 'SP013D3_V1p2_typ' technology library is inconsistent with the same-name pin in the '/home/eda/lib/smic/SP013D3_V1p4/apollo/SP013D3_V1p2_8MT' physical library. No physical link for the logical lib cell. (PSYN-058)
Warning: The pin direction of 'C' pin on 'PBSDL8' cell in the 'SP013D3_V1p2_typ' technology library is inconsistent with the same-name pin in the '/home/eda/lib/smic/SP013D3_V1p4/apollo/SP013D3_V1p2_8MT' physical library. No physical link for the logical lib cell. (PSYN-058)
Warning: The pin direction of 'PAD' pin on 'PBSDL8' cell in the 'SP013D3_V1p2_typ' technology library is inconsistent with the same-name pin in the '/home/eda/lib/smic/SP013D3_V1p4/apollo/SP013D3_V1p2_8MT' physical library. No physical link for the logical lib cell. (PSYN-058)
Warning: The pin direction of 'OEN' pin on 'PBSD12' cell in the 'SP013D3_V1p2_typ' technology library is inconsistent with the same-name pin in the '/home/eda/lib/smic/SP013D3_V1p4/apollo/SP013D3_V1p2_8MT' physical library. No physical link for the logical lib cell. (PSYN-058)
Warning: The pin direction of 'I' pin on 'PBSD12' cell in the 'SP013D3_V1p2_typ' technology library is inconsistent with the same-name pin in the '/home/eda/lib/smic/SP013D3_V1p4/apollo/SP013D3_V1p2_8MT' physical library. No physical link for the logical lib cell. (PSYN-058)
Warning: The pin direction of 'C' pin on 'PBSD12' cell in the 'SP013D3_V1p2_typ' technology library is inconsistent with the same-name pin in the '/home/eda/lib/smic/SP013D3_V1p4/apollo/SP013D3_V1p2_8MT' physical library. No physical link for the logical lib cell. (PSYN-058)
Warning: The pin direction of 'PAD' pin on 'PBSD12' cell in the 'SP013D3_V1p2_typ' technology library is inconsistent with the same-name pin in the '/home/eda/lib/smic/SP013D3_V1p4/apollo/SP013D3_V1p2_8MT' physical library. No physical link for the logical lib cell. (PSYN-058)
Warning: The pin direction of 'OEN' pin on 'PBSU12' cell in the 'SP013D3_V1p2_typ' technology library is inconsistent with the same-name pin in the '/home/eda/lib/smic/SP013D3_V1p4/apollo/SP013D3_V1p2_8MT' physical library. No physical link for the logical lib cell. (PSYN-058)
Warning: The pin direction of 'I' pin on 'PBSU12' cell in the 'SP013D3_V1p2_typ' technology library is inconsistent with the same-name pin in the '/home/eda/lib/smic/SP013D3_V1p4/apollo/SP013D3_V1p2_8MT' physical library. No physical link for the logical lib cell. (PSYN-058)
Warning: The pin direction of 'C' pin on 'PBSU12' cell in the 'SP013D3_V1p2_typ' technology library is inconsistent with the same-name pin in the '/home/eda/lib/smic/SP013D3_V1p4/apollo/SP013D3_V1p2_8MT' physical library. No physical link for the logical lib cell. (PSYN-058)
Warning: The pin direction of 'PAD' pin on 'PBSU12' cell in the 'SP013D3_V1p2_typ' technology library is inconsistent with the same-name pin in the '/home/eda/lib/smic/SP013D3_V1p4/apollo/SP013D3_V1p2_8MT' physical library. No physical link for the logical lib cell. (PSYN-058)
Warning: The pin direction of 'OEN' pin on 'PBSUL8' cell in the 'SP013D3_V1p2_typ' technology library is inconsistent with the same-name pin in the '/home/eda/lib/smic/SP013D3_V1p4/apollo/SP013D3_V1p2_8MT' physical library. No physical link for the logical lib cell. (PSYN-058)
Warning: The pin direction of 'I' pin on 'PBSUL8' cell in the 'SP013D3_V1p2_typ' technology library is inconsistent with the same-name pin in the '/home/eda/lib/smic/SP013D3_V1p4/apollo/SP013D3_V1p2_8MT' physical library. No physical link for the logical lib cell. (PSYN-058)
Warning: The pin direction of 'C' pin on 'PBSUL8' cell in the 'SP013D3_V1p2_typ' technology library is inconsistent with the same-name pin in the '/home/eda/lib/smic/SP013D3_V1p4/apollo/SP013D3_V1p2_8MT' physical library. No physical link for the logical lib cell. (PSYN-058)
Warning: The pin direction of 'PAD' pin on 'PBSUL8' cell in the 'SP013D3_V1p2_typ' technology library is inconsistent with the same-name pin in the '/home/eda/lib/smic/SP013D3_V1p4/apollo/SP013D3_V1p2_8MT' physical library. No physical link for the logical lib cell. (PSYN-058)
Warning: The pin direction of 'OEN' pin on 'PBUL12' cell in the 'SP013D3_V1p2_typ' technology library is inconsistent with the same-name pin in the '/home/eda/lib/smic/SP013D3_V1p4/apollo/SP013D3_V1p2_8MT' physical library. No physical link for the logical lib cell. (PSYN-058)
Warning: The pin direction of 'I' pin on 'PBUL12' cell in the 'SP013D3_V1p2_typ' technology library is inconsistent with the same-name pin in the '/home/eda/lib/smic/SP013D3_V1p4/apollo/SP013D3_V1p2_8MT' physical library. No physical link for the logical lib cell. (PSYN-058)
Warning: The pin direction of 'C' pin on 'PBUL12' cell in the 'SP013D3_V1p2_typ' technology library is inconsistent with the same-name pin in the '/home/eda/lib/smic/SP013D3_V1p4/apollo/SP013D3_V1p2_8MT' physical library. No physical link for the logical lib cell. (PSYN-058)
Warning: The pin direction of 'PAD' pin on 'PBUL12' cell in the 'SP013D3_V1p2_typ' technology library is inconsistent with the same-name pin in the '/home/eda/lib/smic/SP013D3_V1p4/apollo/SP013D3_V1p2_8MT' physical library. No physical link for the logical lib cell. (PSYN-058)
Warning: The pin direction of 'OEN' pin on 'PBDL12' cell in the 'SP013D3_V1p2_typ' technology library is inconsistent with the same-name pin in the '/home/eda/lib/smic/SP013D3_V1p4/apollo/SP013D3_V1p2_8MT' physical library. No physical link for the logical lib cell. (PSYN-058)
Warning: The pin direction of 'I' pin on 'PBDL12' cell in the 'SP013D3_V1p2_typ' technology library is inconsistent with the same-name pin in the '/home/eda/lib/smic/SP013D3_V1p4/apollo/SP013D3_V1p2_8MT' physical library. No physical link for the logical lib cell. (PSYN-058)
Warning: The pin direction of 'C' pin on 'PBDL12' cell in the 'SP013D3_V1p2_typ' technology library is inconsistent with the same-name pin in the '/home/eda/lib/smic/SP013D3_V1p4/apollo/SP013D3_V1p2_8MT' physical library. No physical link for the logical lib cell. (PSYN-058)
Warning: The pin direction of 'PAD' pin on 'PBDL12' cell in the 'SP013D3_V1p2_typ' technology library is inconsistent with the same-name pin in the '/home/eda/lib/smic/SP013D3_V1p4/apollo/SP013D3_V1p2_8MT' physical library. No physical link for the logical lib cell. (PSYN-058)
Warning: The pin direction of 'OEN' pin on 'POTL12' cell in the 'SP013D3_V1p2_typ' technology library is inconsistent with the same-name pin in the '/home/eda/lib/smic/SP013D3_V1p4/apollo/SP013D3_V1p2_8MT' physical library. No physical link for the logical lib cell. (PSYN-058)
Warning: The pin direction of 'I' pin on 'POTL12' cell in the 'SP013D3_V1p2_typ' technology library is inconsistent with the same-name pin in the '/home/eda/lib/smic/SP013D3_V1p4/apollo/SP013D3_V1p2_8MT' physical library. No physical link for the logical lib cell. (PSYN-058)
Warning: The pin direction of 'PAD' pin on 'POTL12' cell in the 'SP013D3_V1p2_typ' technology library is inconsistent with the same-name pin in the '/home/eda/lib/smic/SP013D3_V1p4/apollo/SP013D3_V1p2_8MT' physical library. No physical link for the logical lib cell. (PSYN-058)
Warning: The pin direction of 'OEN' pin on 'PBCDL16' cell in the 'SP013D3_V1p2_typ' technology library is inconsistent with the same-name pin in the '/home/eda/lib/smic/SP013D3_V1p4/apollo/SP013D3_V1p2_8MT' physical library. No physical link for the logical lib cell. (PSYN-058)
Warning: The pin direction of 'I' pin on 'PBCDL16' cell in the 'SP013D3_V1p2_typ' technology library is inconsistent with the same-name pin in the '/home/eda/lib/smic/SP013D3_V1p4/apollo/SP013D3_V1p2_8MT' physical library. No physical link for the logical lib cell. (PSYN-058)
Warning: The pin direction of 'REN' pin on 'PBCDL16' cell in the 'SP013D3_V1p2_typ' technology library is inconsistent with the same-name pin in the '/home/eda/lib/smic/SP013D3_V1p4/apollo/SP013D3_V1p2_8MT' physical library. No physical link for the logical lib cell. (PSYN-058)
Warning: The pin direction of 'C' pin on 'PBCDL16' cell in the 'SP013D3_V1p2_typ' technology library is inconsistent with the same-name pin in the '/home/eda/lib/smic/SP013D3_V1p4/apollo/SP013D3_V1p2_8MT' physical library. No physical link for the logical lib cell. (PSYN-058)
Warning: The pin direction of 'PAD' pin on 'PBCDL16' cell in the 'SP013D3_V1p2_typ' technology library is inconsistent with the same-name pin in the '/home/eda/lib/smic/SP013D3_V1p4/apollo/SP013D3_V1p2_8MT' physical library. No physical link for the logical lib cell. (PSYN-058)
Warning: The pin direction of 'OEN' pin on 'PBCUL16' cell in the 'SP013D3_V1p2_typ' technology library is inconsistent with the same-name pin in the '/home/eda/lib/smic/SP013D3_V1p4/apollo/SP013D3_V1p2_8MT' physical library. No physical link for the logical lib cell. (PSYN-058)
Warning: The pin direction of 'I' pin on 'PBCUL16' cell in the 'SP013D3_V1p2_typ' technology library is inconsistent with the same-name pin in the '/home/eda/lib/smic/SP013D3_V1p4/apollo/SP013D3_V1p2_8MT' physical library. No physical link for the logical lib cell. (PSYN-058)
Warning: The pin direction of 'REN' pin on 'PBCUL16' cell in the 'SP013D3_V1p2_typ' technology library is inconsistent with the same-name pin in the '/home/eda/lib/smic/SP013D3_V1p4/apollo/SP013D3_V1p2_8MT' physical library. No physical link for the logical lib cell. (PSYN-058)
Warning: The pin direction of 'C' pin on 'PBCUL16' cell in the 'SP013D3_V1p2_typ' technology library is inconsistent with the same-name pin in the '/home/eda/lib/smic/SP013D3_V1p4/apollo/SP013D3_V1p2_8MT' physical library. No physical link for the logical lib cell. (PSYN-058)
Warning: The pin direction of 'PAD' pin on 'PBCUL16' cell in the 'SP013D3_V1p2_typ' technology library is inconsistent with the same-name pin in the '/home/eda/lib/smic/SP013D3_V1p4/apollo/SP013D3_V1p2_8MT' physical library. No physical link for the logical lib cell. (PSYN-058)
Warning: The pin direction of 'OEN' pin on 'PBSDL16' cell in the 'SP013D3_V1p2_typ' technology library is inconsistent with the same-name pin in the '/home/eda/lib/smic/SP013D3_V1p4/apollo/SP013D3_V1p2_8MT' physical library. No physical link for the logical lib cell. (PSYN-058)
Warning: The pin direction of 'I' pin on 'PBSDL16' cell in the 'SP013D3_V1p2_typ' technology library is inconsistent with the same-name pin in the '/home/eda/lib/smic/SP013D3_V1p4/apollo/SP013D3_V1p2_8MT' physical library. No physical link for the logical lib cell. (PSYN-058)
Warning: The pin direction of 'C' pin on 'PBSDL16' cell in the 'SP013D3_V1p2_typ' technology library is inconsistent with the same-name pin in the '/home/eda/lib/smic/SP013D3_V1p4/apollo/SP013D3_V1p2_8MT' physical library. No physical link for the logical lib cell. (PSYN-058)
Warning: The pin direction of 'PAD' pin on 'PBSDL16' cell in the 'SP013D3_V1p2_typ' technology library is inconsistent with the same-name pin in the '/home/eda/lib/smic/SP013D3_V1p4/apollo/SP013D3_V1p2_8MT' physical library. No physical link for the logical lib cell. (PSYN-058)
Warning: The pin direction of 'OEN' pin on 'PBSUL16' cell in the 'SP013D3_V1p2_typ' technology library is inconsistent with the same-name pin in the '/home/eda/lib/smic/SP013D3_V1p4/apollo/SP013D3_V1p2_8MT' physical library. No physical link for the logical lib cell. (PSYN-058)
Warning: The pin direction of 'I' pin on 'PBSUL16' cell in the 'SP013D3_V1p2_typ' technology library is inconsistent with the same-name pin in the '/home/eda/lib/smic/SP013D3_V1p4/apollo/SP013D3_V1p2_8MT' physical library. No physical link for the logical lib cell. (PSYN-058)
Warning: The pin direction of 'C' pin on 'PBSUL16' cell in the 'SP013D3_V1p2_typ' technology library is inconsistent with the same-name pin in the '/home/eda/lib/smic/SP013D3_V1p4/apollo/SP013D3_V1p2_8MT' physical library. No physical link for the logical lib cell. (PSYN-058)
Warning: The pin direction of 'PAD' pin on 'PBSUL16' cell in the 'SP013D3_V1p2_typ' technology library is inconsistent with the same-name pin in the '/home/eda/lib/smic/SP013D3_V1p4/apollo/SP013D3_V1p2_8MT' physical library. No physical link for the logical lib cell. (PSYN-058)
Warning: The pin direction of 'OEN' pin on 'PBCDL24' cell in the 'SP013D3_V1p2_typ' technology library is inconsistent with the same-name pin in the '/home/eda/lib/smic/SP013D3_V1p4/apollo/SP013D3_V1p2_8MT' physical library. No physical link for the logical lib cell. (PSYN-058)
Warning: The pin direction of 'I' pin on 'PBCDL24' cell in the 'SP013D3_V1p2_typ' technology library is inconsistent with the same-name pin in the '/home/eda/lib/smic/SP013D3_V1p4/apollo/SP013D3_V1p2_8MT' physical library. No physical link for the logical lib cell. (PSYN-058)
Warning: The pin direction of 'REN' pin on 'PBCDL24' cell in the 'SP013D3_V1p2_typ' technology library is inconsistent with the same-name pin in the '/home/eda/lib/smic/SP013D3_V1p4/apollo/SP013D3_V1p2_8MT' physical library. No physical link for the logical lib cell. (PSYN-058)
Warning: The pin direction of 'C' pin on 'PBCDL24' cell in the 'SP013D3_V1p2_typ' technology library is inconsistent with the same-name pin in the '/home/eda/lib/smic/SP013D3_V1p4/apollo/SP013D3_V1p2_8MT' physical library. No physical link for the logical lib cell. (PSYN-058)
Warning: The pin direction of 'PAD' pin on 'PBCDL24' cell in the 'SP013D3_V1p2_typ' technology library is inconsistent with the same-name pin in the '/home/eda/lib/smic/SP013D3_V1p4/apollo/SP013D3_V1p2_8MT' physical library. No physical link for the logical lib cell. (PSYN-058)
Warning: The pin direction of 'OEN' pin on 'PBCUL24' cell in the 'SP013D3_V1p2_typ' technology library is inconsistent with the same-name pin in the '/home/eda/lib/smic/SP013D3_V1p4/apollo/SP013D3_V1p2_8MT' physical library. No physical link for the logical lib cell. (PSYN-058)
Warning: The pin direction of 'I' pin on 'PBCUL24' cell in the 'SP013D3_V1p2_typ' technology library is inconsistent with the same-name pin in the '/home/eda/lib/smic/SP013D3_V1p4/apollo/SP013D3_V1p2_8MT' physical library. No physical link for the logical lib cell. (PSYN-058)
Warning: The pin direction of 'REN' pin on 'PBCUL24' cell in the 'SP013D3_V1p2_typ' technology library is inconsistent with the same-name pin in the '/home/eda/lib/smic/SP013D3_V1p4/apollo/SP013D3_V1p2_8MT' physical library. No physical link for the logical lib cell. (PSYN-058)
Warning: The pin direction of 'C' pin on 'PBCUL24' cell in the 'SP013D3_V1p2_typ' technology library is inconsistent with the same-name pin in the '/home/eda/lib/smic/SP013D3_V1p4/apollo/SP013D3_V1p2_8MT' physical library. No physical link for the logical lib cell. (PSYN-058)
Warning: The pin direction of 'PAD' pin on 'PBCUL24' cell in the 'SP013D3_V1p2_typ' technology library is inconsistent with the same-name pin in the '/home/eda/lib/smic/SP013D3_V1p4/apollo/SP013D3_V1p2_8MT' physical library. No physical link for the logical lib cell. (PSYN-058)
Warning: The pin direction of 'OEN' pin on 'PBSDL24' cell in the 'SP013D3_V1p2_typ' technology library is inconsistent with the same-name pin in the '/home/eda/lib/smic/SP013D3_V1p4/apollo/SP013D3_V1p2_8MT' physical library. No physical link for the logical lib cell. (PSYN-058)
Warning: The pin direction of 'I' pin on 'PBSDL24' cell in the 'SP013D3_V1p2_typ' technology library is inconsistent with the same-name pin in the '/home/eda/lib/smic/SP013D3_V1p4/apollo/SP013D3_V1p2_8MT' physical library. No physical link for the logical lib cell. (PSYN-058)
Warning: The pin direction of 'C' pin on 'PBSDL24' cell in the 'SP013D3_V1p2_typ' technology library is inconsistent with the same-name pin in the '/home/eda/lib/smic/SP013D3_V1p4/apollo/SP013D3_V1p2_8MT' physical library. No physical link for the logical lib cell. (PSYN-058)
Warning: The pin direction of 'PAD' pin on 'PBSDL24' cell in the 'SP013D3_V1p2_typ' technology library is inconsistent with the same-name pin in the '/home/eda/lib/smic/SP013D3_V1p4/apollo/SP013D3_V1p2_8MT' physical library. No physical link for the logical lib cell. (PSYN-058)
Warning: The pin direction of 'OEN' pin on 'PBSUL24' cell in the 'SP013D3_V1p2_typ' technology library is inconsistent with the same-name pin in the '/home/eda/lib/smic/SP013D3_V1p4/apollo/SP013D3_V1p2_8MT' physical library. No physical link for the logical lib cell. (PSYN-058)
Warning: The pin direction of 'I' pin on 'PBSUL24' cell in the 'SP013D3_V1p2_typ' technology library is inconsistent with the same-name pin in the '/home/eda/lib/smic/SP013D3_V1p4/apollo/SP013D3_V1p2_8MT' physical library. No physical link for the logical lib cell. (PSYN-058)
Warning: The pin direction of 'C' pin on 'PBSUL24' cell in the 'SP013D3_V1p2_typ' technology library is inconsistent with the same-name pin in the '/home/eda/lib/smic/SP013D3_V1p4/apollo/SP013D3_V1p2_8MT' physical library. No physical link for the logical lib cell. (PSYN-058)
Warning: The pin direction of 'PAD' pin on 'PBSUL24' cell in the 'SP013D3_V1p2_typ' technology library is inconsistent with the same-name pin in the '/home/eda/lib/smic/SP013D3_V1p4/apollo/SP013D3_V1p2_8MT' physical library. No physical link for the logical lib cell. (PSYN-058)
Warning: The pin direction of 'VSS1' pin on 'PDIODE8' cell in the 'SP013D3_V1p2_typ' technology library is inconsistent with the same-name pin in the '/home/eda/lib/smic/SP013D3_V1p4/apollo/SP013D3_V1p2_8MT' physical library. No physical link for the logical lib cell. (PSYN-058)
Warning: The pin direction of 'VSS2' pin on 'PDIODE8' cell in the 'SP013D3_V1p2_typ' technology library is inconsistent with the same-name pin in the '/home/eda/lib/smic/SP013D3_V1p4/apollo/SP013D3_V1p2_8MT' physical library. No physical link for the logical lib cell. (PSYN-058)
Warning: The pin direction of 'OEN' pin on 'PBCDL12' cell in the 'SP013D3_V1p2_typ' technology library is inconsistent with the same-name pin in the '/home/eda/lib/smic/SP013D3_V1p4/apollo/SP013D3_V1p2_8MT' physical library. No physical link for the logical lib cell. (PSYN-058)
Warning: The pin direction of 'I' pin on 'PBCDL12' cell in the 'SP013D3_V1p2_typ' technology library is inconsistent with the same-name pin in the '/home/eda/lib/smic/SP013D3_V1p4/apollo/SP013D3_V1p2_8MT' physical library. No physical link for the logical lib cell. (PSYN-058)
Warning: The pin direction of 'REN' pin on 'PBCDL12' cell in the 'SP013D3_V1p2_typ' technology library is inconsistent with the same-name pin in the '/home/eda/lib/smic/SP013D3_V1p4/apollo/SP013D3_V1p2_8MT' physical library. No physical link for the logical lib cell. (PSYN-058)
Warning: The pin direction of 'C' pin on 'PBCDL12' cell in the 'SP013D3_V1p2_typ' technology library is inconsistent with the same-name pin in the '/home/eda/lib/smic/SP013D3_V1p4/apollo/SP013D3_V1p2_8MT' physical library. No physical link for the logical lib cell. (PSYN-058)
Warning: The pin direction of 'PAD' pin on 'PBCDL12' cell in the 'SP013D3_V1p2_typ' technology library is inconsistent with the same-name pin in the '/home/eda/lib/smic/SP013D3_V1p4/apollo/SP013D3_V1p2_8MT' physical library. No physical link for the logical lib cell. (PSYN-058)
Warning: The pin direction of 'OEN' pin on 'PBCUL12' cell in the 'SP013D3_V1p2_typ' technology library is inconsistent with the same-name pin in the '/home/eda/lib/smic/SP013D3_V1p4/apollo/SP013D3_V1p2_8MT' physical library. No physical link for the logical lib cell. (PSYN-058)
Warning: The pin direction of 'I' pin on 'PBCUL12' cell in the 'SP013D3_V1p2_typ' technology library is inconsistent with the same-name pin in the '/home/eda/lib/smic/SP013D3_V1p4/apollo/SP013D3_V1p2_8MT' physical library. No physical link for the logical lib cell. (PSYN-058)
Warning: The pin direction of 'REN' pin on 'PBCUL12' cell in the 'SP013D3_V1p2_typ' technology library is inconsistent with the same-name pin in the '/home/eda/lib/smic/SP013D3_V1p4/apollo/SP013D3_V1p2_8MT' physical library. No physical link for the logical lib cell. (PSYN-058)
Warning: The pin direction of 'C' pin on 'PBCUL12' cell in the 'SP013D3_V1p2_typ' technology library is inconsistent with the same-name pin in the '/home/eda/lib/smic/SP013D3_V1p4/apollo/SP013D3_V1p2_8MT' physical library. No physical link for the logical lib cell. (PSYN-058)
Warning: The pin direction of 'PAD' pin on 'PBCUL12' cell in the 'SP013D3_V1p2_typ' technology library is inconsistent with the same-name pin in the '/home/eda/lib/smic/SP013D3_V1p4/apollo/SP013D3_V1p2_8MT' physical library. No physical link for the logical lib cell. (PSYN-058)
Warning: The pin direction of 'OEN' pin on 'PBSDL12' cell in the 'SP013D3_V1p2_typ' technology library is inconsistent with the same-name pin in the '/home/eda/lib/smic/SP013D3_V1p4/apollo/SP013D3_V1p2_8MT' physical library. No physical link for the logical lib cell. (PSYN-058)
Warning: The pin direction of 'I' pin on 'PBSDL12' cell in the 'SP013D3_V1p2_typ' technology library is inconsistent with the same-name pin in the '/home/eda/lib/smic/SP013D3_V1p4/apollo/SP013D3_V1p2_8MT' physical library. No physical link for the logical lib cell. (PSYN-058)
Warning: The pin direction of 'C' pin on 'PBSDL12' cell in the 'SP013D3_V1p2_typ' technology library is inconsistent with the same-name pin in the '/home/eda/lib/smic/SP013D3_V1p4/apollo/SP013D3_V1p2_8MT' physical library. No physical link for the logical lib cell. (PSYN-058)
Warning: The pin direction of 'PAD' pin on 'PBSDL12' cell in the 'SP013D3_V1p2_typ' technology library is inconsistent with the same-name pin in the '/home/eda/lib/smic/SP013D3_V1p4/apollo/SP013D3_V1p2_8MT' physical library. No physical link for the logical lib cell. (PSYN-058)
Warning: The pin direction of 'OEN' pin on 'PBSUL12' cell in the 'SP013D3_V1p2_typ' technology library is inconsistent with the same-name pin in the '/home/eda/lib/smic/SP013D3_V1p4/apollo/SP013D3_V1p2_8MT' physical library. No physical link for the logical lib cell. (PSYN-058)
Warning: The pin direction of 'I' pin on 'PBSUL12' cell in the 'SP013D3_V1p2_typ' technology library is inconsistent with the same-name pin in the '/home/eda/lib/smic/SP013D3_V1p4/apollo/SP013D3_V1p2_8MT' physical library. No physical link for the logical lib cell. (PSYN-058)
Warning: The pin direction of 'C' pin on 'PBSUL12' cell in the 'SP013D3_V1p2_typ' technology library is inconsistent with the same-name pin in the '/home/eda/lib/smic/SP013D3_V1p4/apollo/SP013D3_V1p2_8MT' physical library. No physical link for the logical lib cell. (PSYN-058)
Warning: The pin direction of 'PAD' pin on 'PBSUL12' cell in the 'SP013D3_V1p2_typ' technology library is inconsistent with the same-name pin in the '/home/eda/lib/smic/SP013D3_V1p4/apollo/SP013D3_V1p2_8MT' physical library. No physical link for the logical lib cell. (PSYN-058)
Warning: The pin direction of 'VDD' pin on 'PVDD1CE' cell in the 'SP013D3_V1p2_typ' technology library is inconsistent with the same-name pin in the '/home/eda/lib/smic/SP013D3_V1p4/apollo/SP013D3_V1p2_8MT' physical library. No physical link for the logical lib cell. (PSYN-058)
Warning: The pin direction of 'VSS1' pin on 'P1DIODE8' cell in the 'SP013D3_V1p2_typ' technology library is inconsistent with the same-name pin in the '/home/eda/lib/smic/SP013D3_V1p4/apollo/SP013D3_V1p2_8MT' physical library. No physical link for the logical lib cell. (PSYN-058)
Warning: The pin direction of 'VSS2' pin on 'P1DIODE8' cell in the 'SP013D3_V1p2_typ' technology library is inconsistent with the same-name pin in the '/home/eda/lib/smic/SP013D3_V1p4/apollo/SP013D3_V1p2_8MT' physical library. No physical link for the logical lib cell. (PSYN-058)
Warning: The pin direction of 'VDD1' pin on 'P1DIODE' cell in the 'SP013D3_V1p2_typ' technology library is inconsistent with the same-name pin in the '/home/eda/lib/smic/SP013D3_V1p4/apollo/SP013D3_V1p2_8MT' physical library. No physical link for the logical lib cell. (PSYN-058)
Warning: The pin direction of 'VDD2' pin on 'P1DIODE' cell in the 'SP013D3_V1p2_typ' technology library is inconsistent with the same-name pin in the '/home/eda/lib/smic/SP013D3_V1p4/apollo/SP013D3_V1p2_8MT' physical library. No physical link for the logical lib cell. (PSYN-058)
Warning: The pin direction of 'VSS1' pin on 'P1DIODE' cell in the 'SP013D3_V1p2_typ' technology library is inconsistent with the same-name pin in the '/home/eda/lib/smic/SP013D3_V1p4/apollo/SP013D3_V1p2_8MT' physical library. No physical link for the logical lib cell. (PSYN-058)
Warning: The pin direction of 'VSS2' pin on 'P1DIODE' cell in the 'SP013D3_V1p2_typ' technology library is inconsistent with the same-name pin in the '/home/eda/lib/smic/SP013D3_V1p4/apollo/SP013D3_V1p2_8MT' physical library. No physical link for the logical lib cell. (PSYN-058)
Warning: The pin direction of 'SVSS1ANP' pin on 'PVSS1ANP' cell in the 'SP013D3_V1p2_typ' technology library is inconsistent with the same-name pin in the '/home/eda/lib/smic/SP013D3_V1p4/apollo/SP013D3_V1p2_8MT' physical library. No physical link for the logical lib cell. (PSYN-058)
Warning: The pin direction of 'SVDD1ANP' pin on 'PVDD1ANP' cell in the 'SP013D3_V1p2_typ' technology library is inconsistent with the same-name pin in the '/home/eda/lib/smic/SP013D3_V1p4/apollo/SP013D3_V1p2_8MT' physical library. No physical link for the logical lib cell. (PSYN-058)
Warning: The pin direction of 'VPP' pin on 'PVPP' cell in the 'SP013D3_V1p2_typ' technology library is inconsistent with the same-name pin in the '/home/eda/lib/smic/SP013D3_V1p4/apollo/SP013D3_V1p2_8MT' physical library. No physical link for the logical lib cell. (PSYN-058)
Warning: The pin direction of 'SVSS1CANP' pin on 'PVSS1CANP' cell in the 'SP013D3_V1p2_typ' technology library is inconsistent with the same-name pin in the '/home/eda/lib/smic/SP013D3_V1p4/apollo/SP013D3_V1p2_8MT' physical library. No physical link for the logical lib cell. (PSYN-058)
Warning: The pin direction of 'SVDD1CANP' pin on 'PVDD1CANP' cell in the 'SP013D3_V1p2_typ' technology library is inconsistent with the same-name pin in the '/home/eda/lib/smic/SP013D3_V1p4/apollo/SP013D3_V1p2_8MT' physical library. No physical link for the logical lib cell. (PSYN-058)
Warning: The 'PB12' cell in the 'SP013D3_V1p2_typ' technology library is being 
	marked as "dont_use". (PSYN-039)
Warning: The 'PB12' cell in the 'SP013D3_V1p2_typ' technology library does not 
	have corresponding physical cell description. (PSYN-024)
Warning: The 'PB16' cell in the 'SP013D3_V1p2_typ' technology library is being 
	marked as "dont_use". (PSYN-039)
Warning: The 'PB16' cell in the 'SP013D3_V1p2_typ' technology library does not 
	have corresponding physical cell description. (PSYN-024)
Warning: The 'PB2' cell in the 'SP013D3_V1p2_typ' technology library is being 
	marked as "dont_use". (PSYN-039)
Warning: The 'PB2' cell in the 'SP013D3_V1p2_typ' technology library does not 
	have corresponding physical cell description. (PSYN-024)
Warning: The 'PB24' cell in the 'SP013D3_V1p2_typ' technology library is being 
	marked as "dont_use". (PSYN-039)
Warning: The 'PB24' cell in the 'SP013D3_V1p2_typ' technology library does not 
	have corresponding physical cell description. (PSYN-024)
Warning: The 'PB4' cell in the 'SP013D3_V1p2_typ' technology library is being 
	marked as "dont_use". (PSYN-039)
Warning: The 'PB4' cell in the 'SP013D3_V1p2_typ' technology library does not 
	have corresponding physical cell description. (PSYN-024)
Warning: The 'PB8' cell in the 'SP013D3_V1p2_typ' technology library is being 
	marked as "dont_use". (PSYN-039)
Warning: The 'PB8' cell in the 'SP013D3_V1p2_typ' technology library does not 
	have corresponding physical cell description. (PSYN-024)
Warning: The 'PBCD12' cell in the 'SP013D3_V1p2_typ' technology library is being 
	marked as "dont_use". (PSYN-039)
Warning: The 'PBCD12' cell in the 'SP013D3_V1p2_typ' technology library does not 
	have corresponding physical cell description. (PSYN-024)
Warning: The 'PBCD16' cell in the 'SP013D3_V1p2_typ' technology library is being 
	marked as "dont_use". (PSYN-039)
Warning: The 'PBCD16' cell in the 'SP013D3_V1p2_typ' technology library does not 
	have corresponding physical cell description. (PSYN-024)
Warning: The 'PBCD2' cell in the 'SP013D3_V1p2_typ' technology library is being 
	marked as "dont_use". (PSYN-039)
Warning: The 'PBCD2' cell in the 'SP013D3_V1p2_typ' technology library does not 
	have corresponding physical cell description. (PSYN-024)
Warning: The 'PBCD24' cell in the 'SP013D3_V1p2_typ' technology library is being 
	marked as "dont_use". (PSYN-039)
Warning: The 'PBCD24' cell in the 'SP013D3_V1p2_typ' technology library does not 
	have corresponding physical cell description. (PSYN-024)
Warning: The 'PBCD4' cell in the 'SP013D3_V1p2_typ' technology library is being 
	marked as "dont_use". (PSYN-039)
Warning: The 'PBCD4' cell in the 'SP013D3_V1p2_typ' technology library does not 
	have corresponding physical cell description. (PSYN-024)
Warning: The 'PBCD8' cell in the 'SP013D3_V1p2_typ' technology library is being 
	marked as "dont_use". (PSYN-039)
Warning: The 'PBCD8' cell in the 'SP013D3_V1p2_typ' technology library does not 
	have corresponding physical cell description. (PSYN-024)
Warning: The 'PBCDL12' cell in the 'SP013D3_V1p2_typ' technology library is being 
	marked as "dont_use". (PSYN-039)
Warning: The 'PBCDL12' cell in the 'SP013D3_V1p2_typ' technology library does not 
	have corresponding physical cell description. (PSYN-024)
Warning: The 'PBCDL16' cell in the 'SP013D3_V1p2_typ' technology library is being 
	marked as "dont_use". (PSYN-039)
Warning: The 'PBCDL16' cell in the 'SP013D3_V1p2_typ' technology library does not 
	have corresponding physical cell description. (PSYN-024)
Warning: The 'PBCDL24' cell in the 'SP013D3_V1p2_typ' technology library is being 
	marked as "dont_use". (PSYN-039)
Warning: The 'PBCDL24' cell in the 'SP013D3_V1p2_typ' technology library does not 
	have corresponding physical cell description. (PSYN-024)
Warning: The 'PBCDL8' cell in the 'SP013D3_V1p2_typ' technology library is being 
	marked as "dont_use". (PSYN-039)
Warning: The 'PBCDL8' cell in the 'SP013D3_V1p2_typ' technology library does not 
	have corresponding physical cell description. (PSYN-024)
Warning: The 'PBCU12' cell in the 'SP013D3_V1p2_typ' technology library is being 
	marked as "dont_use". (PSYN-039)
Warning: The 'PBCU12' cell in the 'SP013D3_V1p2_typ' technology library does not 
	have corresponding physical cell description. (PSYN-024)
Warning: The 'PBCU16' cell in the 'SP013D3_V1p2_typ' technology library is being 
	marked as "dont_use". (PSYN-039)
Warning: The 'PBCU16' cell in the 'SP013D3_V1p2_typ' technology library does not 
	have corresponding physical cell description. (PSYN-024)
Warning: The 'PBCU2' cell in the 'SP013D3_V1p2_typ' technology library is being 
	marked as "dont_use". (PSYN-039)
Warning: The 'PBCU2' cell in the 'SP013D3_V1p2_typ' technology library does not 
	have corresponding physical cell description. (PSYN-024)
Warning: The 'PBCU24' cell in the 'SP013D3_V1p2_typ' technology library is being 
	marked as "dont_use". (PSYN-039)
Warning: The 'PBCU24' cell in the 'SP013D3_V1p2_typ' technology library does not 
	have corresponding physical cell description. (PSYN-024)
Warning: The 'PBCU4' cell in the 'SP013D3_V1p2_typ' technology library is being 
	marked as "dont_use". (PSYN-039)
Warning: The 'PBCU4' cell in the 'SP013D3_V1p2_typ' technology library does not 
	have corresponding physical cell description. (PSYN-024)
Warning: The 'PBCU8' cell in the 'SP013D3_V1p2_typ' technology library is being 
	marked as "dont_use". (PSYN-039)
Warning: The 'PBCU8' cell in the 'SP013D3_V1p2_typ' technology library does not 
	have corresponding physical cell description. (PSYN-024)
Warning: The 'PBCUL12' cell in the 'SP013D3_V1p2_typ' technology library is being 
	marked as "dont_use". (PSYN-039)
Warning: The 'PBCUL12' cell in the 'SP013D3_V1p2_typ' technology library does not 
	have corresponding physical cell description. (PSYN-024)
Warning: The 'PBCUL16' cell in the 'SP013D3_V1p2_typ' technology library is being 
	marked as "dont_use". (PSYN-039)
Warning: The 'PBCUL16' cell in the 'SP013D3_V1p2_typ' technology library does not 
	have corresponding physical cell description. (PSYN-024)
Warning: The 'PBCUL24' cell in the 'SP013D3_V1p2_typ' technology library is being 
	marked as "dont_use". (PSYN-039)
Warning: The 'PBCUL24' cell in the 'SP013D3_V1p2_typ' technology library does not 
	have corresponding physical cell description. (PSYN-024)
Warning: The 'PBCUL8' cell in the 'SP013D3_V1p2_typ' technology library is being 
	marked as "dont_use". (PSYN-039)
Warning: The 'PBCUL8' cell in the 'SP013D3_V1p2_typ' technology library does not 
	have corresponding physical cell description. (PSYN-024)
Warning: The 'PBD12' cell in the 'SP013D3_V1p2_typ' technology library is being 
	marked as "dont_use". (PSYN-039)
Warning: The 'PBD12' cell in the 'SP013D3_V1p2_typ' technology library does not 
	have corresponding physical cell description. (PSYN-024)
Warning: The 'PBD16' cell in the 'SP013D3_V1p2_typ' technology library is being 
	marked as "dont_use". (PSYN-039)
Warning: The 'PBD16' cell in the 'SP013D3_V1p2_typ' technology library does not 
	have corresponding physical cell description. (PSYN-024)
Warning: The 'PBD2' cell in the 'SP013D3_V1p2_typ' technology library is being 
	marked as "dont_use". (PSYN-039)
Warning: The 'PBD2' cell in the 'SP013D3_V1p2_typ' technology library does not 
	have corresponding physical cell description. (PSYN-024)
Warning: The 'PBD24' cell in the 'SP013D3_V1p2_typ' technology library is being 
	marked as "dont_use". (PSYN-039)
Warning: The 'PBD24' cell in the 'SP013D3_V1p2_typ' technology library does not 
	have corresponding physical cell description. (PSYN-024)
Warning: The 'PBD4' cell in the 'SP013D3_V1p2_typ' technology library is being 
	marked as "dont_use". (PSYN-039)
Warning: The 'PBD4' cell in the 'SP013D3_V1p2_typ' technology library does not 
	have corresponding physical cell description. (PSYN-024)
Warning: The 'PBD8' cell in the 'SP013D3_V1p2_typ' technology library is being 
	marked as "dont_use". (PSYN-039)
Warning: The 'PBD8' cell in the 'SP013D3_V1p2_typ' technology library does not 
	have corresponding physical cell description. (PSYN-024)
Warning: The 'PBDL12' cell in the 'SP013D3_V1p2_typ' technology library is being 
	marked as "dont_use". (PSYN-039)
Warning: The 'PBDL12' cell in the 'SP013D3_V1p2_typ' technology library does not 
	have corresponding physical cell description. (PSYN-024)
Warning: The 'PBDL16' cell in the 'SP013D3_V1p2_typ' technology library is being 
	marked as "dont_use". (PSYN-039)
Warning: The 'PBDL16' cell in the 'SP013D3_V1p2_typ' technology library does not 
	have corresponding physical cell description. (PSYN-024)
Warning: The 'PBDL24' cell in the 'SP013D3_V1p2_typ' technology library is being 
	marked as "dont_use". (PSYN-039)
Warning: The 'PBDL24' cell in the 'SP013D3_V1p2_typ' technology library does not 
	have corresponding physical cell description. (PSYN-024)
Warning: The 'PBDL8' cell in the 'SP013D3_V1p2_typ' technology library is being 
	marked as "dont_use". (PSYN-039)
Warning: The 'PBDL8' cell in the 'SP013D3_V1p2_typ' technology library does not 
	have corresponding physical cell description. (PSYN-024)
Warning: The 'PBL12' cell in the 'SP013D3_V1p2_typ' technology library is being 
	marked as "dont_use". (PSYN-039)
Warning: The 'PBL12' cell in the 'SP013D3_V1p2_typ' technology library does not 
	have corresponding physical cell description. (PSYN-024)
Warning: The 'PBL16' cell in the 'SP013D3_V1p2_typ' technology library is being 
	marked as "dont_use". (PSYN-039)
Warning: The 'PBL16' cell in the 'SP013D3_V1p2_typ' technology library does not 
	have corresponding physical cell description. (PSYN-024)
Warning: The 'PBL24' cell in the 'SP013D3_V1p2_typ' technology library is being 
	marked as "dont_use". (PSYN-039)
Warning: The 'PBL24' cell in the 'SP013D3_V1p2_typ' technology library does not 
	have corresponding physical cell description. (PSYN-024)
Warning: The 'PBL8' cell in the 'SP013D3_V1p2_typ' technology library is being 
	marked as "dont_use". (PSYN-039)
Warning: The 'PBL8' cell in the 'SP013D3_V1p2_typ' technology library does not 
	have corresponding physical cell description. (PSYN-024)
Warning: The 'PBS12' cell in the 'SP013D3_V1p2_typ' technology library is being 
	marked as "dont_use". (PSYN-039)
Warning: The 'PBS12' cell in the 'SP013D3_V1p2_typ' technology library does not 
	have corresponding physical cell description. (PSYN-024)
Warning: The 'PBS16' cell in the 'SP013D3_V1p2_typ' technology library is being 
	marked as "dont_use". (PSYN-039)
Warning: The 'PBS16' cell in the 'SP013D3_V1p2_typ' technology library does not 
	have corresponding physical cell description. (PSYN-024)
Warning: The 'PBS2' cell in the 'SP013D3_V1p2_typ' technology library is being 
	marked as "dont_use". (PSYN-039)
Warning: The 'PBS2' cell in the 'SP013D3_V1p2_typ' technology library does not 
	have corresponding physical cell description. (PSYN-024)
Warning: The 'PBS24' cell in the 'SP013D3_V1p2_typ' technology library is being 
	marked as "dont_use". (PSYN-039)
Warning: The 'PBS24' cell in the 'SP013D3_V1p2_typ' technology library does not 
	have corresponding physical cell description. (PSYN-024)
Warning: The 'PBS4' cell in the 'SP013D3_V1p2_typ' technology library is being 
	marked as "dont_use". (PSYN-039)
Warning: The 'PBS4' cell in the 'SP013D3_V1p2_typ' technology library does not 
	have corresponding physical cell description. (PSYN-024)
Warning: The 'PBS8' cell in the 'SP013D3_V1p2_typ' technology library is being 
	marked as "dont_use". (PSYN-039)
Warning: The 'PBS8' cell in the 'SP013D3_V1p2_typ' technology library does not 
	have corresponding physical cell description. (PSYN-024)
Warning: The 'PBSD12' cell in the 'SP013D3_V1p2_typ' technology library is being 
	marked as "dont_use". (PSYN-039)
Warning: The 'PBSD12' cell in the 'SP013D3_V1p2_typ' technology library does not 
	have corresponding physical cell description. (PSYN-024)
Warning: The 'PBSD16' cell in the 'SP013D3_V1p2_typ' technology library is being 
	marked as "dont_use". (PSYN-039)
Warning: The 'PBSD16' cell in the 'SP013D3_V1p2_typ' technology library does not 
	have corresponding physical cell description. (PSYN-024)
Warning: The 'PBSD2' cell in the 'SP013D3_V1p2_typ' technology library is being 
	marked as "dont_use". (PSYN-039)
Warning: The 'PBSD2' cell in the 'SP013D3_V1p2_typ' technology library does not 
	have corresponding physical cell description. (PSYN-024)
Warning: The 'PBSD24' cell in the 'SP013D3_V1p2_typ' technology library is being 
	marked as "dont_use". (PSYN-039)
Warning: The 'PBSD24' cell in the 'SP013D3_V1p2_typ' technology library does not 
	have corresponding physical cell description. (PSYN-024)
Warning: The 'PBSD4' cell in the 'SP013D3_V1p2_typ' technology library is being 
	marked as "dont_use". (PSYN-039)
Warning: The 'PBSD4' cell in the 'SP013D3_V1p2_typ' technology library does not 
	have corresponding physical cell description. (PSYN-024)
Warning: The 'PBSD8' cell in the 'SP013D3_V1p2_typ' technology library is being 
	marked as "dont_use". (PSYN-039)
Warning: The 'PBSD8' cell in the 'SP013D3_V1p2_typ' technology library does not 
	have corresponding physical cell description. (PSYN-024)
Warning: The 'PBSDL12' cell in the 'SP013D3_V1p2_typ' technology library is being 
	marked as "dont_use". (PSYN-039)
Warning: The 'PBSDL12' cell in the 'SP013D3_V1p2_typ' technology library does not 
	have corresponding physical cell description. (PSYN-024)
Warning: The 'PBSDL16' cell in the 'SP013D3_V1p2_typ' technology library is being 
	marked as "dont_use". (PSYN-039)
Warning: The 'PBSDL16' cell in the 'SP013D3_V1p2_typ' technology library does not 
	have corresponding physical cell description. (PSYN-024)
Warning: The 'PBSDL24' cell in the 'SP013D3_V1p2_typ' technology library is being 
	marked as "dont_use". (PSYN-039)
Warning: The 'PBSDL24' cell in the 'SP013D3_V1p2_typ' technology library does not 
	have corresponding physical cell description. (PSYN-024)
Warning: The 'PBSDL8' cell in the 'SP013D3_V1p2_typ' technology library is being 
	marked as "dont_use". (PSYN-039)
Warning: The 'PBSDL8' cell in the 'SP013D3_V1p2_typ' technology library does not 
	have corresponding physical cell description. (PSYN-024)
Warning: The 'PBSL12' cell in the 'SP013D3_V1p2_typ' technology library is being 
	marked as "dont_use". (PSYN-039)
Warning: The 'PBSL12' cell in the 'SP013D3_V1p2_typ' technology library does not 
	have corresponding physical cell description. (PSYN-024)
Warning: The 'PBSL16' cell in the 'SP013D3_V1p2_typ' technology library is being 
	marked as "dont_use". (PSYN-039)
Warning: The 'PBSL16' cell in the 'SP013D3_V1p2_typ' technology library does not 
	have corresponding physical cell description. (PSYN-024)
Warning: The 'PBSL24' cell in the 'SP013D3_V1p2_typ' technology library is being 
	marked as "dont_use". (PSYN-039)
Warning: The 'PBSL24' cell in the 'SP013D3_V1p2_typ' technology library does not 
	have corresponding physical cell description. (PSYN-024)
Warning: The 'PBSL8' cell in the 'SP013D3_V1p2_typ' technology library is being 
	marked as "dont_use". (PSYN-039)
Warning: The 'PBSL8' cell in the 'SP013D3_V1p2_typ' technology library does not 
	have corresponding physical cell description. (PSYN-024)
Warning: The 'PBSU12' cell in the 'SP013D3_V1p2_typ' technology library is being 
	marked as "dont_use". (PSYN-039)
Warning: The 'PBSU12' cell in the 'SP013D3_V1p2_typ' technology library does not 
	have corresponding physical cell description. (PSYN-024)
Warning: The 'PBSU16' cell in the 'SP013D3_V1p2_typ' technology library is being 
	marked as "dont_use". (PSYN-039)
Warning: The 'PBSU16' cell in the 'SP013D3_V1p2_typ' technology library does not 
	have corresponding physical cell description. (PSYN-024)
Warning: The 'PBSU2' cell in the 'SP013D3_V1p2_typ' technology library is being 
	marked as "dont_use". (PSYN-039)
Warning: The 'PBSU2' cell in the 'SP013D3_V1p2_typ' technology library does not 
	have corresponding physical cell description. (PSYN-024)
Warning: The 'PBSU24' cell in the 'SP013D3_V1p2_typ' technology library is being 
	marked as "dont_use". (PSYN-039)
Warning: The 'PBSU24' cell in the 'SP013D3_V1p2_typ' technology library does not 
	have corresponding physical cell description. (PSYN-024)
Warning: The 'PBSU4' cell in the 'SP013D3_V1p2_typ' technology library is being 
	marked as "dont_use". (PSYN-039)
Warning: The 'PBSU4' cell in the 'SP013D3_V1p2_typ' technology library does not 
	have corresponding physical cell description. (PSYN-024)
Warning: The 'PBSU8' cell in the 'SP013D3_V1p2_typ' technology library is being 
	marked as "dont_use". (PSYN-039)
Warning: The 'PBSU8' cell in the 'SP013D3_V1p2_typ' technology library does not 
	have corresponding physical cell description. (PSYN-024)
Warning: The 'PBSUL12' cell in the 'SP013D3_V1p2_typ' technology library is being 
	marked as "dont_use". (PSYN-039)
Warning: The 'PBSUL12' cell in the 'SP013D3_V1p2_typ' technology library does not 
	have corresponding physical cell description. (PSYN-024)
Warning: The 'PBSUL16' cell in the 'SP013D3_V1p2_typ' technology library is being 
	marked as "dont_use". (PSYN-039)
Warning: The 'PBSUL16' cell in the 'SP013D3_V1p2_typ' technology library does not 
	have corresponding physical cell description. (PSYN-024)
Warning: The 'PBSUL24' cell in the 'SP013D3_V1p2_typ' technology library is being 
	marked as "dont_use". (PSYN-039)
Warning: The 'PBSUL24' cell in the 'SP013D3_V1p2_typ' technology library does not 
	have corresponding physical cell description. (PSYN-024)
Warning: The 'PBSUL8' cell in the 'SP013D3_V1p2_typ' technology library is being 
	marked as "dont_use". (PSYN-039)
Warning: The 'PBSUL8' cell in the 'SP013D3_V1p2_typ' technology library does not 
	have corresponding physical cell description. (PSYN-024)
Warning: The 'PBU12' cell in the 'SP013D3_V1p2_typ' technology library is being 
	marked as "dont_use". (PSYN-039)
Warning: The 'PBU12' cell in the 'SP013D3_V1p2_typ' technology library does not 
	have corresponding physical cell description. (PSYN-024)
Warning: The 'PBU16' cell in the 'SP013D3_V1p2_typ' technology library is being 
	marked as "dont_use". (PSYN-039)
Warning: The 'PBU16' cell in the 'SP013D3_V1p2_typ' technology library does not 
	have corresponding physical cell description. (PSYN-024)
Warning: The 'PBU2' cell in the 'SP013D3_V1p2_typ' technology library is being 
	marked as "dont_use". (PSYN-039)
Warning: The 'PBU2' cell in the 'SP013D3_V1p2_typ' technology library does not 
	have corresponding physical cell description. (PSYN-024)
Warning: The 'PBU24' cell in the 'SP013D3_V1p2_typ' technology library is being 
	marked as "dont_use". (PSYN-039)
Warning: The 'PBU24' cell in the 'SP013D3_V1p2_typ' technology library does not 
	have corresponding physical cell description. (PSYN-024)
Warning: The 'PBU4' cell in the 'SP013D3_V1p2_typ' technology library is being 
	marked as "dont_use". (PSYN-039)
Warning: The 'PBU4' cell in the 'SP013D3_V1p2_typ' technology library does not 
	have corresponding physical cell description. (PSYN-024)
Warning: The 'PBU8' cell in the 'SP013D3_V1p2_typ' technology library is being 
	marked as "dont_use". (PSYN-039)
Warning: The 'PBU8' cell in the 'SP013D3_V1p2_typ' technology library does not 
	have corresponding physical cell description. (PSYN-024)
Warning: The 'PBUL12' cell in the 'SP013D3_V1p2_typ' technology library is being 
	marked as "dont_use". (PSYN-039)
Warning: The 'PBUL12' cell in the 'SP013D3_V1p2_typ' technology library does not 
	have corresponding physical cell description. (PSYN-024)
Warning: The 'PBUL16' cell in the 'SP013D3_V1p2_typ' technology library is being 
	marked as "dont_use". (PSYN-039)
Warning: The 'PBUL16' cell in the 'SP013D3_V1p2_typ' technology library does not 
	have corresponding physical cell description. (PSYN-024)
Warning: The 'PBUL24' cell in the 'SP013D3_V1p2_typ' technology library is being 
	marked as "dont_use". (PSYN-039)
Warning: The 'PBUL24' cell in the 'SP013D3_V1p2_typ' technology library does not 
	have corresponding physical cell description. (PSYN-024)
Warning: The 'PBUL8' cell in the 'SP013D3_V1p2_typ' technology library is being 
	marked as "dont_use". (PSYN-039)
Warning: The 'PBUL8' cell in the 'SP013D3_V1p2_typ' technology library does not 
	have corresponding physical cell description. (PSYN-024)
Warning: The 'PI' cell in the 'SP013D3_V1p2_typ' technology library is being 
	marked as "dont_use". (PSYN-039)
Warning: The 'PI' cell in the 'SP013D3_V1p2_typ' technology library does not 
	have corresponding physical cell description. (PSYN-024)
Warning: The 'PICD' cell in the 'SP013D3_V1p2_typ' technology library is being 
	marked as "dont_use". (PSYN-039)
Warning: The 'PICD' cell in the 'SP013D3_V1p2_typ' technology library does not 
	have corresponding physical cell description. (PSYN-024)
Warning: The 'PICU' cell in the 'SP013D3_V1p2_typ' technology library is being 
	marked as "dont_use". (PSYN-039)
Warning: The 'PICU' cell in the 'SP013D3_V1p2_typ' technology library does not 
	have corresponding physical cell description. (PSYN-024)
Warning: The 'PID' cell in the 'SP013D3_V1p2_typ' technology library is being 
	marked as "dont_use". (PSYN-039)
Warning: The 'PID' cell in the 'SP013D3_V1p2_typ' technology library does not 
	have corresponding physical cell description. (PSYN-024)
Warning: The 'PIS' cell in the 'SP013D3_V1p2_typ' technology library is being 
	marked as "dont_use". (PSYN-039)
Warning: The 'PIS' cell in the 'SP013D3_V1p2_typ' technology library does not 
	have corresponding physical cell description. (PSYN-024)
Warning: The 'PISD' cell in the 'SP013D3_V1p2_typ' technology library is being 
	marked as "dont_use". (PSYN-039)
Warning: The 'PISD' cell in the 'SP013D3_V1p2_typ' technology library does not 
	have corresponding physical cell description. (PSYN-024)
Warning: The 'PISU' cell in the 'SP013D3_V1p2_typ' technology library is being 
	marked as "dont_use". (PSYN-039)
Warning: The 'PISU' cell in the 'SP013D3_V1p2_typ' technology library does not 
	have corresponding physical cell description. (PSYN-024)
Warning: The 'PIU' cell in the 'SP013D3_V1p2_typ' technology library is being 
	marked as "dont_use". (PSYN-039)
Warning: The 'PIU' cell in the 'SP013D3_V1p2_typ' technology library does not 
	have corresponding physical cell description. (PSYN-024)
Warning: The 'PO12' cell in the 'SP013D3_V1p2_typ' technology library is being 
	marked as "dont_use". (PSYN-039)
Warning: The 'PO12' cell in the 'SP013D3_V1p2_typ' technology library does not 
	have corresponding physical cell description. (PSYN-024)
Warning: The 'PO16' cell in the 'SP013D3_V1p2_typ' technology library is being 
	marked as "dont_use". (PSYN-039)
Warning: The 'PO16' cell in the 'SP013D3_V1p2_typ' technology library does not 
	have corresponding physical cell description. (PSYN-024)
Warning: The 'PO2' cell in the 'SP013D3_V1p2_typ' technology library is being 
	marked as "dont_use". (PSYN-039)
Warning: The 'PO2' cell in the 'SP013D3_V1p2_typ' technology library does not 
	have corresponding physical cell description. (PSYN-024)
Warning: The 'PO24' cell in the 'SP013D3_V1p2_typ' technology library is being 
	marked as "dont_use". (PSYN-039)
Warning: The 'PO24' cell in the 'SP013D3_V1p2_typ' technology library does not 
	have corresponding physical cell description. (PSYN-024)
Warning: The 'PO4' cell in the 'SP013D3_V1p2_typ' technology library is being 
	marked as "dont_use". (PSYN-039)
Warning: The 'PO4' cell in the 'SP013D3_V1p2_typ' technology library does not 
	have corresponding physical cell description. (PSYN-024)
Warning: The 'PO8' cell in the 'SP013D3_V1p2_typ' technology library is being 
	marked as "dont_use". (PSYN-039)
Warning: The 'PO8' cell in the 'SP013D3_V1p2_typ' technology library does not 
	have corresponding physical cell description. (PSYN-024)
Warning: The 'POL12' cell in the 'SP013D3_V1p2_typ' technology library is being 
	marked as "dont_use". (PSYN-039)
Warning: The 'POL12' cell in the 'SP013D3_V1p2_typ' technology library does not 
	have corresponding physical cell description. (PSYN-024)
Warning: The 'POL16' cell in the 'SP013D3_V1p2_typ' technology library is being 
	marked as "dont_use". (PSYN-039)
Warning: The 'POL16' cell in the 'SP013D3_V1p2_typ' technology library does not 
	have corresponding physical cell description. (PSYN-024)
Warning: The 'POL24' cell in the 'SP013D3_V1p2_typ' technology library is being 
	marked as "dont_use". (PSYN-039)
Warning: The 'POL24' cell in the 'SP013D3_V1p2_typ' technology library does not 
	have corresponding physical cell description. (PSYN-024)
Warning: The 'POL8' cell in the 'SP013D3_V1p2_typ' technology library is being 
	marked as "dont_use". (PSYN-039)
Warning: The 'POL8' cell in the 'SP013D3_V1p2_typ' technology library does not 
	have corresponding physical cell description. (PSYN-024)
Warning: The 'POT12' cell in the 'SP013D3_V1p2_typ' technology library is being 
	marked as "dont_use". (PSYN-039)
Warning: The 'POT12' cell in the 'SP013D3_V1p2_typ' technology library does not 
	have corresponding physical cell description. (PSYN-024)
Warning: The 'POT16' cell in the 'SP013D3_V1p2_typ' technology library is being 
	marked as "dont_use". (PSYN-039)
Warning: The 'POT16' cell in the 'SP013D3_V1p2_typ' technology library does not 
	have corresponding physical cell description. (PSYN-024)
Warning: The 'POT2' cell in the 'SP013D3_V1p2_typ' technology library is being 
	marked as "dont_use". (PSYN-039)
Warning: The 'POT2' cell in the 'SP013D3_V1p2_typ' technology library does not 
	have corresponding physical cell description. (PSYN-024)
Warning: The 'POT24' cell in the 'SP013D3_V1p2_typ' technology library is being 
	marked as "dont_use". (PSYN-039)
Warning: The 'POT24' cell in the 'SP013D3_V1p2_typ' technology library does not 
	have corresponding physical cell description. (PSYN-024)
Warning: The 'POT4' cell in the 'SP013D3_V1p2_typ' technology library is being 
	marked as "dont_use". (PSYN-039)
Warning: The 'POT4' cell in the 'SP013D3_V1p2_typ' technology library does not 
	have corresponding physical cell description. (PSYN-024)
Warning: The 'POT8' cell in the 'SP013D3_V1p2_typ' technology library is being 
	marked as "dont_use". (PSYN-039)
Warning: The 'POT8' cell in the 'SP013D3_V1p2_typ' technology library does not 
	have corresponding physical cell description. (PSYN-024)
Warning: The 'POTL12' cell in the 'SP013D3_V1p2_typ' technology library is being 
	marked as "dont_use". (PSYN-039)
Warning: The 'POTL12' cell in the 'SP013D3_V1p2_typ' technology library does not 
	have corresponding physical cell description. (PSYN-024)
Warning: The 'POTL16' cell in the 'SP013D3_V1p2_typ' technology library is being 
	marked as "dont_use". (PSYN-039)
Warning: The 'POTL16' cell in the 'SP013D3_V1p2_typ' technology library does not 
	have corresponding physical cell description. (PSYN-024)
Warning: The 'POTL24' cell in the 'SP013D3_V1p2_typ' technology library is being 
	marked as "dont_use". (PSYN-039)
Warning: The 'POTL24' cell in the 'SP013D3_V1p2_typ' technology library does not 
	have corresponding physical cell description. (PSYN-024)
Warning: The 'POTL8' cell in the 'SP013D3_V1p2_typ' technology library is being 
	marked as "dont_use". (PSYN-039)
Warning: The 'POTL8' cell in the 'SP013D3_V1p2_typ' technology library does not 
	have corresponding physical cell description. (PSYN-024)
Warning: The 'PX1' cell in the 'SP013D3_V1p2_typ' technology library is being 
	marked as "dont_use". (PSYN-039)
Warning: The 'PX1' cell in the 'SP013D3_V1p2_typ' technology library does not 
	have corresponding physical cell description. (PSYN-024)
Warning: The 'PX2' cell in the 'SP013D3_V1p2_typ' technology library is being 
	marked as "dont_use". (PSYN-039)
Warning: The 'PX2' cell in the 'SP013D3_V1p2_typ' technology library does not 
	have corresponding physical cell description. (PSYN-024)
Warning: The 'PX3' cell in the 'SP013D3_V1p2_typ' technology library is being 
	marked as "dont_use". (PSYN-039)
Warning: The 'PX3' cell in the 'SP013D3_V1p2_typ' technology library does not 
	have corresponding physical cell description. (PSYN-024)
Warning: The 'PXWE1' cell in the 'SP013D3_V1p2_typ' technology library is being 
	marked as "dont_use". (PSYN-039)
Warning: The 'PXWE1' cell in the 'SP013D3_V1p2_typ' technology library does not 
	have corresponding physical cell description. (PSYN-024)
Warning: The 'PXWE2' cell in the 'SP013D3_V1p2_typ' technology library is being 
	marked as "dont_use". (PSYN-039)
Warning: The 'PXWE2' cell in the 'SP013D3_V1p2_typ' technology library does not 
	have corresponding physical cell description. (PSYN-024)
Warning: The 'PXWE3' cell in the 'SP013D3_V1p2_typ' technology library is being 
	marked as "dont_use". (PSYN-039)
Warning: The 'PXWE3' cell in the 'SP013D3_V1p2_typ' technology library does not 
	have corresponding physical cell description. (PSYN-024)
Warning: The 'PCI3B' cell in the 'SP013D3_V1p2_typ' technology library is being 
	marked as "dont_use". (PSYN-039)
Warning: The 'PCI3B' cell in the 'SP013D3_V1p2_typ' technology library does not 
	have corresponding physical cell description. (PSYN-024)
Warning: The 'PCI3BS' cell in the 'SP013D3_V1p2_typ' technology library is being 
	marked as "dont_use". (PSYN-039)
Warning: The 'PCI3BS' cell in the 'SP013D3_V1p2_typ' technology library does not 
	have corresponding physical cell description. (PSYN-024)
Warning: The 'PCI6B' cell in the 'SP013D3_V1p2_typ' technology library is being 
	marked as "dont_use". (PSYN-039)
Warning: The 'PCI6B' cell in the 'SP013D3_V1p2_typ' technology library does not 
	have corresponding physical cell description. (PSYN-024)
Warning: The 'PCI6BS' cell in the 'SP013D3_V1p2_typ' technology library is being 
	marked as "dont_use". (PSYN-039)
Warning: The 'PCI6BS' cell in the 'SP013D3_V1p2_typ' technology library does not 
	have corresponding physical cell description. (PSYN-024)
Warning: The 'PANA3AP' cell in the 'SP013D3_V1p2_typ' technology library is being 
	marked as "dont_use". (PSYN-039)
Warning: The 'PANA3AP' cell in the 'SP013D3_V1p2_typ' technology library does not 
	have corresponding physical cell description. (PSYN-024)
Warning: The 'PANA1AP' cell in the 'SP013D3_V1p2_typ' technology library is being 
	marked as "dont_use". (PSYN-039)
Warning: The 'PANA1AP' cell in the 'SP013D3_V1p2_typ' technology library does not 
	have corresponding physical cell description. (PSYN-024)
Warning: The 'PANA1AP1' cell in the 'SP013D3_V1p2_typ' technology library is being 
	marked as "dont_use". (PSYN-039)
Warning: The 'PANA1AP1' cell in the 'SP013D3_V1p2_typ' technology library does not 
	have corresponding physical cell description. (PSYN-024)
Warning: The 'PANA2AP' cell in the 'SP013D3_V1p2_typ' technology library is being 
	marked as "dont_use". (PSYN-039)
Warning: The 'PANA2AP' cell in the 'SP013D3_V1p2_typ' technology library does not 
	have corresponding physical cell description. (PSYN-024)
Warning: The 'PANA2AP1' cell in the 'SP013D3_V1p2_typ' technology library is being 
	marked as "dont_use". (PSYN-039)
Warning: The 'PANA2AP1' cell in the 'SP013D3_V1p2_typ' technology library does not 
	have corresponding physical cell description. (PSYN-024)
Warning: The 'PANA4AP' cell in the 'SP013D3_V1p2_typ' technology library is being 
	marked as "dont_use". (PSYN-039)
Warning: The 'PANA4AP' cell in the 'SP013D3_V1p2_typ' technology library does not 
	have corresponding physical cell description. (PSYN-024)
Warning: The 'PDIODE' cell in the 'SP013D3_V1p2_typ' technology library is being 
	marked as "dont_use". (PSYN-039)
Warning: The 'PDIODE' cell in the 'SP013D3_V1p2_typ' technology library does not 
	have corresponding physical cell description. (PSYN-024)
Warning: The 'PDIODE8' cell in the 'SP013D3_V1p2_typ' technology library is being 
	marked as "dont_use". (PSYN-039)
Warning: The 'PDIODE8' cell in the 'SP013D3_V1p2_typ' technology library does not 
	have corresponding physical cell description. (PSYN-024)
Warning: The 'PVDD1' cell in the 'SP013D3_V1p2_typ' technology library is being 
	marked as "dont_use". (PSYN-039)
Warning: The 'PVDD1' cell in the 'SP013D3_V1p2_typ' technology library does not 
	have corresponding physical cell description. (PSYN-024)
Warning: The 'PVDD1AP' cell in the 'SP013D3_V1p2_typ' technology library is being 
	marked as "dont_use". (PSYN-039)
Warning: The 'PVDD1AP' cell in the 'SP013D3_V1p2_typ' technology library does not 
	have corresponding physical cell description. (PSYN-024)
Warning: The 'PVDD1AP1' cell in the 'SP013D3_V1p2_typ' technology library is being 
	marked as "dont_use". (PSYN-039)
Warning: The 'PVDD1AP1' cell in the 'SP013D3_V1p2_typ' technology library does not 
	have corresponding physical cell description. (PSYN-024)
Warning: The 'PVDD1ANP' cell in the 'SP013D3_V1p2_typ' technology library is being 
	marked as "dont_use". (PSYN-039)
Warning: The 'PVDD1ANP' cell in the 'SP013D3_V1p2_typ' technology library does not 
	have corresponding physical cell description. (PSYN-024)
Warning: The 'PVDD1CANP' cell in the 'SP013D3_V1p2_typ' technology library is being 
	marked as "dont_use". (PSYN-039)
Warning: The 'PVDD1CANP' cell in the 'SP013D3_V1p2_typ' technology library does not 
	have corresponding physical cell description. (PSYN-024)
Warning: The 'PVDD1CAP' cell in the 'SP013D3_V1p2_typ' technology library is being 
	marked as "dont_use". (PSYN-039)
Warning: The 'PVDD1CAP' cell in the 'SP013D3_V1p2_typ' technology library does not 
	have corresponding physical cell description. (PSYN-024)
Warning: The 'PVDD1CAP1' cell in the 'SP013D3_V1p2_typ' technology library is being 
	marked as "dont_use". (PSYN-039)
Warning: The 'PVDD1CAP1' cell in the 'SP013D3_V1p2_typ' technology library does not 
	have corresponding physical cell description. (PSYN-024)
Warning: The 'PVDD3AP' cell in the 'SP013D3_V1p2_typ' technology library is being 
	marked as "dont_use". (PSYN-039)
Warning: The 'PVDD3AP' cell in the 'SP013D3_V1p2_typ' technology library does not 
	have corresponding physical cell description. (PSYN-024)
Warning: The 'PVDD3CAP' cell in the 'SP013D3_V1p2_typ' technology library is being 
	marked as "dont_use". (PSYN-039)
Warning: The 'PVDD3CAP' cell in the 'SP013D3_V1p2_typ' technology library does not 
	have corresponding physical cell description. (PSYN-024)
Warning: The 'PVSS1' cell in the 'SP013D3_V1p2_typ' technology library is being 
	marked as "dont_use". (PSYN-039)
Warning: The 'PVSS1' cell in the 'SP013D3_V1p2_typ' technology library does not 
	have corresponding physical cell description. (PSYN-024)
Warning: The 'PVSS1AP' cell in the 'SP013D3_V1p2_typ' technology library is being 
	marked as "dont_use". (PSYN-039)
Warning: The 'PVSS1AP' cell in the 'SP013D3_V1p2_typ' technology library does not 
	have corresponding physical cell description. (PSYN-024)
Warning: The 'PVSS1AP1' cell in the 'SP013D3_V1p2_typ' technology library is being 
	marked as "dont_use". (PSYN-039)
Warning: The 'PVSS1AP1' cell in the 'SP013D3_V1p2_typ' technology library does not 
	have corresponding physical cell description. (PSYN-024)
Warning: The 'PVSS1CANP' cell in the 'SP013D3_V1p2_typ' technology library is being 
	marked as "dont_use". (PSYN-039)
Warning: The 'PVSS1CANP' cell in the 'SP013D3_V1p2_typ' technology library does not 
	have corresponding physical cell description. (PSYN-024)
Warning: The 'PVSS1CAP' cell in the 'SP013D3_V1p2_typ' technology library is being 
	marked as "dont_use". (PSYN-039)
Warning: The 'PVSS1CAP' cell in the 'SP013D3_V1p2_typ' technology library does not 
	have corresponding physical cell description. (PSYN-024)
Warning: The 'PVSS1ANP' cell in the 'SP013D3_V1p2_typ' technology library is being 
	marked as "dont_use". (PSYN-039)
Warning: The 'PVSS1ANP' cell in the 'SP013D3_V1p2_typ' technology library does not 
	have corresponding physical cell description. (PSYN-024)
Warning: The 'PVSS1CAP1' cell in the 'SP013D3_V1p2_typ' technology library is being 
	marked as "dont_use". (PSYN-039)
Warning: The 'PVSS1CAP1' cell in the 'SP013D3_V1p2_typ' technology library does not 
	have corresponding physical cell description. (PSYN-024)
Warning: The 'PVSS3' cell in the 'SP013D3_V1p2_typ' technology library is being 
	marked as "dont_use". (PSYN-039)
Warning: The 'PVSS3' cell in the 'SP013D3_V1p2_typ' technology library does not 
	have corresponding physical cell description. (PSYN-024)
Warning: The 'PVSS3AP' cell in the 'SP013D3_V1p2_typ' technology library is being 
	marked as "dont_use". (PSYN-039)
Warning: The 'PVSS3AP' cell in the 'SP013D3_V1p2_typ' technology library does not 
	have corresponding physical cell description. (PSYN-024)
Warning: The 'PVSS3CAP' cell in the 'SP013D3_V1p2_typ' technology library is being 
	marked as "dont_use". (PSYN-039)
Warning: The 'PVSS3CAP' cell in the 'SP013D3_V1p2_typ' technology library does not 
	have corresponding physical cell description. (PSYN-024)
Warning: The 'PVPP' cell in the 'SP013D3_V1p2_typ' technology library is being 
	marked as "dont_use". (PSYN-039)
Warning: The 'PVPP' cell in the 'SP013D3_V1p2_typ' technology library does not 
	have corresponding physical cell description. (PSYN-024)
Warning: The 'P1DIODE' cell in the 'SP013D3_V1p2_typ' technology library is being 
	marked as "dont_use". (PSYN-039)
Warning: The 'P1DIODE' cell in the 'SP013D3_V1p2_typ' technology library does not 
	have corresponding physical cell description. (PSYN-024)
Warning: The 'P1DIODE8' cell in the 'SP013D3_V1p2_typ' technology library is being 
	marked as "dont_use". (PSYN-039)
Warning: The 'P1DIODE8' cell in the 'SP013D3_V1p2_typ' technology library does not 
	have corresponding physical cell description. (PSYN-024)
Warning: The 'PVDD1CE' cell in the 'SP013D3_V1p2_typ' technology library is being 
	marked as "dont_use". (PSYN-039)
Warning: The 'PVDD1CE' cell in the 'SP013D3_V1p2_typ' technology library does not 
	have corresponding physical cell description. (PSYN-024)
Warning: Cell PVDD1CE has no orientation; check FRAM library library /home/eda/lib/smic/SP013D3_V1p4/apollo/SP013D3_V1p2_8MT cell symmetry.  (PSYN-650)
Warning: Cell PVDD1CE orientation is set to the default. (PSYN-651)
Warning: Cell P1DIODE8 has no orientation; check FRAM library library /home/eda/lib/smic/SP013D3_V1p4/apollo/SP013D3_V1p2_8MT cell symmetry.  (PSYN-650)
Warning: Cell P1DIODE8 orientation is set to the default. (PSYN-651)
Warning: Cell P1DIODE has no orientation; check FRAM library library /home/eda/lib/smic/SP013D3_V1p4/apollo/SP013D3_V1p2_8MT cell symmetry.  (PSYN-650)
Warning: Cell P1DIODE orientation is set to the default. (PSYN-651)
Warning: Cell PVPP has no orientation; check FRAM library library /home/eda/lib/smic/SP013D3_V1p4/apollo/SP013D3_V1p2_8MT cell symmetry.  (PSYN-650)
Warning: Cell PVPP orientation is set to the default. (PSYN-651)
Warning: Cell PVSS3CAP has no orientation; check FRAM library library /home/eda/lib/smic/SP013D3_V1p4/apollo/SP013D3_V1p2_8MT cell symmetry.  (PSYN-650)
Warning: Cell PVSS3CAP orientation is set to the default. (PSYN-651)
Warning: Cell PVSS3AP has no orientation; check FRAM library library /home/eda/lib/smic/SP013D3_V1p4/apollo/SP013D3_V1p2_8MT cell symmetry.  (PSYN-650)
Warning: Cell PVSS3AP orientation is set to the default. (PSYN-651)
Warning: Cell PVSS3 has no orientation; check FRAM library library /home/eda/lib/smic/SP013D3_V1p4/apollo/SP013D3_V1p2_8MT cell symmetry.  (PSYN-650)
Warning: Cell PVSS3 orientation is set to the default. (PSYN-651)
Warning: Cell PVSS1CAP1 has no orientation; check FRAM library library /home/eda/lib/smic/SP013D3_V1p4/apollo/SP013D3_V1p2_8MT cell symmetry.  (PSYN-650)
Warning: Cell PVSS1CAP1 orientation is set to the default. (PSYN-651)
Warning: Cell PVSS1ANP has no orientation; check FRAM library library /home/eda/lib/smic/SP013D3_V1p4/apollo/SP013D3_V1p2_8MT cell symmetry.  (PSYN-650)
Warning: Cell PVSS1ANP orientation is set to the default. (PSYN-651)
Warning: Cell PVSS1CAP has no orientation; check FRAM library library /home/eda/lib/smic/SP013D3_V1p4/apollo/SP013D3_V1p2_8MT cell symmetry.  (PSYN-650)
Warning: Cell PVSS1CAP orientation is set to the default. (PSYN-651)
Warning: Cell PVSS1CANP has no orientation; check FRAM library library /home/eda/lib/smic/SP013D3_V1p4/apollo/SP013D3_V1p2_8MT cell symmetry.  (PSYN-650)
Warning: Cell PVSS1CANP orientation is set to the default. (PSYN-651)
Warning: Cell PVSS1AP1 has no orientation; check FRAM library library /home/eda/lib/smic/SP013D3_V1p4/apollo/SP013D3_V1p2_8MT cell symmetry.  (PSYN-650)
Warning: Cell PVSS1AP1 orientation is set to the default. (PSYN-651)
Warning: Cell PVSS1AP has no orientation; check FRAM library library /home/eda/lib/smic/SP013D3_V1p4/apollo/SP013D3_V1p2_8MT cell symmetry.  (PSYN-650)
Warning: Cell PVSS1AP orientation is set to the default. (PSYN-651)
Warning: Cell PVSS1 has no orientation; check FRAM library library /home/eda/lib/smic/SP013D3_V1p4/apollo/SP013D3_V1p2_8MT cell symmetry.  (PSYN-650)
Warning: Cell PVSS1 orientation is set to the default. (PSYN-651)
Warning: Cell PVDD3CAP has no orientation; check FRAM library library /home/eda/lib/smic/SP013D3_V1p4/apollo/SP013D3_V1p2_8MT cell symmetry.  (PSYN-650)
Warning: Cell PVDD3CAP orientation is set to the default. (PSYN-651)
Warning: Cell PVDD3AP has no orientation; check FRAM library library /home/eda/lib/smic/SP013D3_V1p4/apollo/SP013D3_V1p2_8MT cell symmetry.  (PSYN-650)
Warning: Cell PVDD3AP orientation is set to the default. (PSYN-651)
Warning: Cell PVDD1CAP1 has no orientation; check FRAM library library /home/eda/lib/smic/SP013D3_V1p4/apollo/SP013D3_V1p2_8MT cell symmetry.  (PSYN-650)
Warning: Cell PVDD1CAP1 orientation is set to the default. (PSYN-651)
Warning: Cell PVDD1CAP has no orientation; check FRAM library library /home/eda/lib/smic/SP013D3_V1p4/apollo/SP013D3_V1p2_8MT cell symmetry.  (PSYN-650)
Warning: Cell PVDD1CAP orientation is set to the default. (PSYN-651)
Warning: Cell PVDD1CANP has no orientation; check FRAM library library /home/eda/lib/smic/SP013D3_V1p4/apollo/SP013D3_V1p2_8MT cell symmetry.  (PSYN-650)
Warning: Cell PVDD1CANP orientation is set to the default. (PSYN-651)
Warning: Cell PVDD1ANP has no orientation; check FRAM library library /home/eda/lib/smic/SP013D3_V1p4/apollo/SP013D3_V1p2_8MT cell symmetry.  (PSYN-650)
Warning: Cell PVDD1ANP orientation is set to the default. (PSYN-651)
Warning: Cell PVDD1AP1 has no orientation; check FRAM library library /home/eda/lib/smic/SP013D3_V1p4/apollo/SP013D3_V1p2_8MT cell symmetry.  (PSYN-650)
Warning: Cell PVDD1AP1 orientation is set to the default. (PSYN-651)
Warning: Cell PVDD1AP has no orientation; check FRAM library library /home/eda/lib/smic/SP013D3_V1p4/apollo/SP013D3_V1p2_8MT cell symmetry.  (PSYN-650)
Warning: Cell PVDD1AP orientation is set to the default. (PSYN-651)
Warning: Cell PVDD1 has no orientation; check FRAM library library /home/eda/lib/smic/SP013D3_V1p4/apollo/SP013D3_V1p2_8MT cell symmetry.  (PSYN-650)
Warning: Cell PVDD1 orientation is set to the default. (PSYN-651)
Warning: Cell PDIODE8 has no orientation; check FRAM library library /home/eda/lib/smic/SP013D3_V1p4/apollo/SP013D3_V1p2_8MT cell symmetry.  (PSYN-650)
Warning: Cell PDIODE8 orientation is set to the default. (PSYN-651)
Warning: Cell PDIODE has no orientation; check FRAM library library /home/eda/lib/smic/SP013D3_V1p4/apollo/SP013D3_V1p2_8MT cell symmetry.  (PSYN-650)
Warning: Cell PDIODE orientation is set to the default. (PSYN-651)
Warning: Cell PANA4AP has no orientation; check FRAM library library /home/eda/lib/smic/SP013D3_V1p4/apollo/SP013D3_V1p2_8MT cell symmetry.  (PSYN-650)
Warning: Cell PANA4AP orientation is set to the default. (PSYN-651)
Warning: Cell PANA2AP1 has no orientation; check FRAM library library /home/eda/lib/smic/SP013D3_V1p4/apollo/SP013D3_V1p2_8MT cell symmetry.  (PSYN-650)
Warning: Cell PANA2AP1 orientation is set to the default. (PSYN-651)
Warning: Cell PANA2AP has no orientation; check FRAM library library /home/eda/lib/smic/SP013D3_V1p4/apollo/SP013D3_V1p2_8MT cell symmetry.  (PSYN-650)
Warning: Cell PANA2AP orientation is set to the default. (PSYN-651)
Warning: Cell PANA1AP1 has no orientation; check FRAM library library /home/eda/lib/smic/SP013D3_V1p4/apollo/SP013D3_V1p2_8MT cell symmetry.  (PSYN-650)
Warning: Cell PANA1AP1 orientation is set to the default. (PSYN-651)
Warning: Cell PANA1AP has no orientation; check FRAM library library /home/eda/lib/smic/SP013D3_V1p4/apollo/SP013D3_V1p2_8MT cell symmetry.  (PSYN-650)
Warning: Cell PANA1AP orientation is set to the default. (PSYN-651)
Warning: Cell PANA3AP has no orientation; check FRAM library library /home/eda/lib/smic/SP013D3_V1p4/apollo/SP013D3_V1p2_8MT cell symmetry.  (PSYN-650)
Warning: Cell PANA3AP orientation is set to the default. (PSYN-651)
Warning: Cell PCI6BS has no orientation; check FRAM library library /home/eda/lib/smic/SP013D3_V1p4/apollo/SP013D3_V1p2_8MT cell symmetry.  (PSYN-650)
Warning: Cell PCI6BS orientation is set to the default. (PSYN-651)
Warning: Cell PCI6B has no orientation; check FRAM library library /home/eda/lib/smic/SP013D3_V1p4/apollo/SP013D3_V1p2_8MT cell symmetry.  (PSYN-650)
Warning: Cell PCI6B orientation is set to the default. (PSYN-651)
Warning: Cell PCI3BS has no orientation; check FRAM library library /home/eda/lib/smic/SP013D3_V1p4/apollo/SP013D3_V1p2_8MT cell symmetry.  (PSYN-650)
Warning: Cell PCI3BS orientation is set to the default. (PSYN-651)
Warning: Cell PCI3B has no orientation; check FRAM library library /home/eda/lib/smic/SP013D3_V1p4/apollo/SP013D3_V1p2_8MT cell symmetry.  (PSYN-650)
Warning: Cell PCI3B orientation is set to the default. (PSYN-651)
Warning: Cell PXWE3 has no orientation; check FRAM library library /home/eda/lib/smic/SP013D3_V1p4/apollo/SP013D3_V1p2_8MT cell symmetry.  (PSYN-650)
Warning: Cell PXWE3 orientation is set to the default. (PSYN-651)
Warning: Cell PXWE2 has no orientation; check FRAM library library /home/eda/lib/smic/SP013D3_V1p4/apollo/SP013D3_V1p2_8MT cell symmetry.  (PSYN-650)
Warning: Cell PXWE2 orientation is set to the default. (PSYN-651)
Warning: Cell PXWE1 has no orientation; check FRAM library library /home/eda/lib/smic/SP013D3_V1p4/apollo/SP013D3_V1p2_8MT cell symmetry.  (PSYN-650)
Warning: Cell PXWE1 orientation is set to the default. (PSYN-651)
Warning: Cell PX3 has no orientation; check FRAM library library /home/eda/lib/smic/SP013D3_V1p4/apollo/SP013D3_V1p2_8MT cell symmetry.  (PSYN-650)
Warning: Cell PX3 orientation is set to the default. (PSYN-651)
Warning: Cell PX2 has no orientation; check FRAM library library /home/eda/lib/smic/SP013D3_V1p4/apollo/SP013D3_V1p2_8MT cell symmetry.  (PSYN-650)
Warning: Cell PX2 orientation is set to the default. (PSYN-651)
Warning: Cell PX1 has no orientation; check FRAM library library /home/eda/lib/smic/SP013D3_V1p4/apollo/SP013D3_V1p2_8MT cell symmetry.  (PSYN-650)
Warning: Cell PX1 orientation is set to the default. (PSYN-651)
Warning: Cell POTL8 has no orientation; check FRAM library library /home/eda/lib/smic/SP013D3_V1p4/apollo/SP013D3_V1p2_8MT cell symmetry.  (PSYN-650)
Warning: Cell POTL8 orientation is set to the default. (PSYN-651)
Warning: Cell POTL24 has no orientation; check FRAM library library /home/eda/lib/smic/SP013D3_V1p4/apollo/SP013D3_V1p2_8MT cell symmetry.  (PSYN-650)
Warning: Cell POTL24 orientation is set to the default. (PSYN-651)
Warning: Cell POTL16 has no orientation; check FRAM library library /home/eda/lib/smic/SP013D3_V1p4/apollo/SP013D3_V1p2_8MT cell symmetry.  (PSYN-650)
Warning: Cell POTL16 orientation is set to the default. (PSYN-651)
Warning: Cell POTL12 has no orientation; check FRAM library library /home/eda/lib/smic/SP013D3_V1p4/apollo/SP013D3_V1p2_8MT cell symmetry.  (PSYN-650)
Warning: Cell POTL12 orientation is set to the default. (PSYN-651)
Warning: Cell POT8 has no orientation; check FRAM library library /home/eda/lib/smic/SP013D3_V1p4/apollo/SP013D3_V1p2_8MT cell symmetry.  (PSYN-650)
Warning: Cell POT8 orientation is set to the default. (PSYN-651)
Warning: Cell POT4 has no orientation; check FRAM library library /home/eda/lib/smic/SP013D3_V1p4/apollo/SP013D3_V1p2_8MT cell symmetry.  (PSYN-650)
Warning: Cell POT4 orientation is set to the default. (PSYN-651)
Warning: Cell POT24 has no orientation; check FRAM library library /home/eda/lib/smic/SP013D3_V1p4/apollo/SP013D3_V1p2_8MT cell symmetry.  (PSYN-650)
Warning: Cell POT24 orientation is set to the default. (PSYN-651)
Warning: Cell POT2 has no orientation; check FRAM library library /home/eda/lib/smic/SP013D3_V1p4/apollo/SP013D3_V1p2_8MT cell symmetry.  (PSYN-650)
Warning: Cell POT2 orientation is set to the default. (PSYN-651)
Warning: Cell POT16 has no orientation; check FRAM library library /home/eda/lib/smic/SP013D3_V1p4/apollo/SP013D3_V1p2_8MT cell symmetry.  (PSYN-650)
Warning: Cell POT16 orientation is set to the default. (PSYN-651)
Warning: Cell POT12 has no orientation; check FRAM library library /home/eda/lib/smic/SP013D3_V1p4/apollo/SP013D3_V1p2_8MT cell symmetry.  (PSYN-650)
Warning: Cell POT12 orientation is set to the default. (PSYN-651)
Warning: Cell POL8 has no orientation; check FRAM library library /home/eda/lib/smic/SP013D3_V1p4/apollo/SP013D3_V1p2_8MT cell symmetry.  (PSYN-650)
Warning: Cell POL8 orientation is set to the default. (PSYN-651)
Warning: Cell POL24 has no orientation; check FRAM library library /home/eda/lib/smic/SP013D3_V1p4/apollo/SP013D3_V1p2_8MT cell symmetry.  (PSYN-650)
Warning: Cell POL24 orientation is set to the default. (PSYN-651)
Warning: Cell POL16 has no orientation; check FRAM library library /home/eda/lib/smic/SP013D3_V1p4/apollo/SP013D3_V1p2_8MT cell symmetry.  (PSYN-650)
Warning: Cell POL16 orientation is set to the default. (PSYN-651)
Warning: Cell POL12 has no orientation; check FRAM library library /home/eda/lib/smic/SP013D3_V1p4/apollo/SP013D3_V1p2_8MT cell symmetry.  (PSYN-650)
Warning: Cell POL12 orientation is set to the default. (PSYN-651)
Warning: Cell PO8 has no orientation; check FRAM library library /home/eda/lib/smic/SP013D3_V1p4/apollo/SP013D3_V1p2_8MT cell symmetry.  (PSYN-650)
Warning: Cell PO8 orientation is set to the default. (PSYN-651)
Warning: Cell PO4 has no orientation; check FRAM library library /home/eda/lib/smic/SP013D3_V1p4/apollo/SP013D3_V1p2_8MT cell symmetry.  (PSYN-650)
Warning: Cell PO4 orientation is set to the default. (PSYN-651)
Warning: Cell PO24 has no orientation; check FRAM library library /home/eda/lib/smic/SP013D3_V1p4/apollo/SP013D3_V1p2_8MT cell symmetry.  (PSYN-650)
Warning: Cell PO24 orientation is set to the default. (PSYN-651)
Warning: Cell PO2 has no orientation; check FRAM library library /home/eda/lib/smic/SP013D3_V1p4/apollo/SP013D3_V1p2_8MT cell symmetry.  (PSYN-650)
Warning: Cell PO2 orientation is set to the default. (PSYN-651)
Warning: Cell PO16 has no orientation; check FRAM library library /home/eda/lib/smic/SP013D3_V1p4/apollo/SP013D3_V1p2_8MT cell symmetry.  (PSYN-650)
Warning: Cell PO16 orientation is set to the default. (PSYN-651)
Warning: Cell PO12 has no orientation; check FRAM library library /home/eda/lib/smic/SP013D3_V1p4/apollo/SP013D3_V1p2_8MT cell symmetry.  (PSYN-650)
Warning: Cell PO12 orientation is set to the default. (PSYN-651)
Warning: Cell PIU has no orientation; check FRAM library library /home/eda/lib/smic/SP013D3_V1p4/apollo/SP013D3_V1p2_8MT cell symmetry.  (PSYN-650)
Warning: Cell PIU orientation is set to the default. (PSYN-651)
Warning: Cell PISU has no orientation; check FRAM library library /home/eda/lib/smic/SP013D3_V1p4/apollo/SP013D3_V1p2_8MT cell symmetry.  (PSYN-650)
Warning: Cell PISU orientation is set to the default. (PSYN-651)
Warning: Cell PISD has no orientation; check FRAM library library /home/eda/lib/smic/SP013D3_V1p4/apollo/SP013D3_V1p2_8MT cell symmetry.  (PSYN-650)
Warning: Cell PISD orientation is set to the default. (PSYN-651)
Warning: Cell PIS has no orientation; check FRAM library library /home/eda/lib/smic/SP013D3_V1p4/apollo/SP013D3_V1p2_8MT cell symmetry.  (PSYN-650)
Warning: Cell PIS orientation is set to the default. (PSYN-651)
Warning: Cell PID has no orientation; check FRAM library library /home/eda/lib/smic/SP013D3_V1p4/apollo/SP013D3_V1p2_8MT cell symmetry.  (PSYN-650)
Warning: Cell PID orientation is set to the default. (PSYN-651)
Warning: Cell PICU has no orientation; check FRAM library library /home/eda/lib/smic/SP013D3_V1p4/apollo/SP013D3_V1p2_8MT cell symmetry.  (PSYN-650)
Warning: Cell PICU orientation is set to the default. (PSYN-651)
Warning: Cell PICD has no orientation; check FRAM library library /home/eda/lib/smic/SP013D3_V1p4/apollo/SP013D3_V1p2_8MT cell symmetry.  (PSYN-650)
Warning: Cell PICD orientation is set to the default. (PSYN-651)
Warning: Cell PI has no orientation; check FRAM library library /home/eda/lib/smic/SP013D3_V1p4/apollo/SP013D3_V1p2_8MT cell symmetry.  (PSYN-650)
Warning: Cell PI orientation is set to the default. (PSYN-651)
Warning: Cell PBUL8 has no orientation; check FRAM library library /home/eda/lib/smic/SP013D3_V1p4/apollo/SP013D3_V1p2_8MT cell symmetry.  (PSYN-650)
Warning: Cell PBUL8 orientation is set to the default. (PSYN-651)
Warning: Cell PBUL24 has no orientation; check FRAM library library /home/eda/lib/smic/SP013D3_V1p4/apollo/SP013D3_V1p2_8MT cell symmetry.  (PSYN-650)
Warning: Cell PBUL24 orientation is set to the default. (PSYN-651)
Warning: Cell PBUL16 has no orientation; check FRAM library library /home/eda/lib/smic/SP013D3_V1p4/apollo/SP013D3_V1p2_8MT cell symmetry.  (PSYN-650)
Warning: Cell PBUL16 orientation is set to the default. (PSYN-651)
Warning: Cell PBUL12 has no orientation; check FRAM library library /home/eda/lib/smic/SP013D3_V1p4/apollo/SP013D3_V1p2_8MT cell symmetry.  (PSYN-650)
Warning: Cell PBUL12 orientation is set to the default. (PSYN-651)
Warning: Cell PBU8 has no orientation; check FRAM library library /home/eda/lib/smic/SP013D3_V1p4/apollo/SP013D3_V1p2_8MT cell symmetry.  (PSYN-650)
Warning: Cell PBU8 orientation is set to the default. (PSYN-651)
Warning: Cell PBU4 has no orientation; check FRAM library library /home/eda/lib/smic/SP013D3_V1p4/apollo/SP013D3_V1p2_8MT cell symmetry.  (PSYN-650)
Warning: Cell PBU4 orientation is set to the default. (PSYN-651)
Warning: Cell PBU24 has no orientation; check FRAM library library /home/eda/lib/smic/SP013D3_V1p4/apollo/SP013D3_V1p2_8MT cell symmetry.  (PSYN-650)
Warning: Cell PBU24 orientation is set to the default. (PSYN-651)
Warning: Cell PBU2 has no orientation; check FRAM library library /home/eda/lib/smic/SP013D3_V1p4/apollo/SP013D3_V1p2_8MT cell symmetry.  (PSYN-650)
Warning: Cell PBU2 orientation is set to the default. (PSYN-651)
Warning: Cell PBU16 has no orientation; check FRAM library library /home/eda/lib/smic/SP013D3_V1p4/apollo/SP013D3_V1p2_8MT cell symmetry.  (PSYN-650)
Warning: Cell PBU16 orientation is set to the default. (PSYN-651)
Warning: Cell PBU12 has no orientation; check FRAM library library /home/eda/lib/smic/SP013D3_V1p4/apollo/SP013D3_V1p2_8MT cell symmetry.  (PSYN-650)
Warning: Cell PBU12 orientation is set to the default. (PSYN-651)
Warning: Cell PBSUL8 has no orientation; check FRAM library library /home/eda/lib/smic/SP013D3_V1p4/apollo/SP013D3_V1p2_8MT cell symmetry.  (PSYN-650)
Warning: Cell PBSUL8 orientation is set to the default. (PSYN-651)
Warning: Cell PBSUL24 has no orientation; check FRAM library library /home/eda/lib/smic/SP013D3_V1p4/apollo/SP013D3_V1p2_8MT cell symmetry.  (PSYN-650)
Warning: Cell PBSUL24 orientation is set to the default. (PSYN-651)
Warning: Cell PBSUL16 has no orientation; check FRAM library library /home/eda/lib/smic/SP013D3_V1p4/apollo/SP013D3_V1p2_8MT cell symmetry.  (PSYN-650)
Warning: Cell PBSUL16 orientation is set to the default. (PSYN-651)
Warning: Cell PBSUL12 has no orientation; check FRAM library library /home/eda/lib/smic/SP013D3_V1p4/apollo/SP013D3_V1p2_8MT cell symmetry.  (PSYN-650)
Warning: Cell PBSUL12 orientation is set to the default. (PSYN-651)
Warning: Cell PBSU8 has no orientation; check FRAM library library /home/eda/lib/smic/SP013D3_V1p4/apollo/SP013D3_V1p2_8MT cell symmetry.  (PSYN-650)
Warning: Cell PBSU8 orientation is set to the default. (PSYN-651)
Warning: Cell PBSU4 has no orientation; check FRAM library library /home/eda/lib/smic/SP013D3_V1p4/apollo/SP013D3_V1p2_8MT cell symmetry.  (PSYN-650)
Warning: Cell PBSU4 orientation is set to the default. (PSYN-651)
Warning: Cell PBSU24 has no orientation; check FRAM library library /home/eda/lib/smic/SP013D3_V1p4/apollo/SP013D3_V1p2_8MT cell symmetry.  (PSYN-650)
Warning: Cell PBSU24 orientation is set to the default. (PSYN-651)
Warning: Cell PBSU2 has no orientation; check FRAM library library /home/eda/lib/smic/SP013D3_V1p4/apollo/SP013D3_V1p2_8MT cell symmetry.  (PSYN-650)
Warning: Cell PBSU2 orientation is set to the default. (PSYN-651)
Warning: Cell PBSU16 has no orientation; check FRAM library library /home/eda/lib/smic/SP013D3_V1p4/apollo/SP013D3_V1p2_8MT cell symmetry.  (PSYN-650)
Warning: Cell PBSU16 orientation is set to the default. (PSYN-651)
Warning: Cell PBSU12 has no orientation; check FRAM library library /home/eda/lib/smic/SP013D3_V1p4/apollo/SP013D3_V1p2_8MT cell symmetry.  (PSYN-650)
Warning: Cell PBSU12 orientation is set to the default. (PSYN-651)
Warning: Cell PBSL8 has no orientation; check FRAM library library /home/eda/lib/smic/SP013D3_V1p4/apollo/SP013D3_V1p2_8MT cell symmetry.  (PSYN-650)
Warning: Cell PBSL8 orientation is set to the default. (PSYN-651)
Warning: Cell PBSL24 has no orientation; check FRAM library library /home/eda/lib/smic/SP013D3_V1p4/apollo/SP013D3_V1p2_8MT cell symmetry.  (PSYN-650)
Warning: Cell PBSL24 orientation is set to the default. (PSYN-651)
Warning: Cell PBSL16 has no orientation; check FRAM library library /home/eda/lib/smic/SP013D3_V1p4/apollo/SP013D3_V1p2_8MT cell symmetry.  (PSYN-650)
Warning: Cell PBSL16 orientation is set to the default. (PSYN-651)
Warning: Cell PBSL12 has no orientation; check FRAM library library /home/eda/lib/smic/SP013D3_V1p4/apollo/SP013D3_V1p2_8MT cell symmetry.  (PSYN-650)
Warning: Cell PBSL12 orientation is set to the default. (PSYN-651)
Warning: Cell PBSDL8 has no orientation; check FRAM library library /home/eda/lib/smic/SP013D3_V1p4/apollo/SP013D3_V1p2_8MT cell symmetry.  (PSYN-650)
Warning: Cell PBSDL8 orientation is set to the default. (PSYN-651)
Warning: Cell PBSDL24 has no orientation; check FRAM library library /home/eda/lib/smic/SP013D3_V1p4/apollo/SP013D3_V1p2_8MT cell symmetry.  (PSYN-650)
Warning: Cell PBSDL24 orientation is set to the default. (PSYN-651)
Warning: Cell PBSDL16 has no orientation; check FRAM library library /home/eda/lib/smic/SP013D3_V1p4/apollo/SP013D3_V1p2_8MT cell symmetry.  (PSYN-650)
Warning: Cell PBSDL16 orientation is set to the default. (PSYN-651)
Warning: Cell PBSDL12 has no orientation; check FRAM library library /home/eda/lib/smic/SP013D3_V1p4/apollo/SP013D3_V1p2_8MT cell symmetry.  (PSYN-650)
Warning: Cell PBSDL12 orientation is set to the default. (PSYN-651)
Warning: Cell PBSD8 has no orientation; check FRAM library library /home/eda/lib/smic/SP013D3_V1p4/apollo/SP013D3_V1p2_8MT cell symmetry.  (PSYN-650)
Warning: Cell PBSD8 orientation is set to the default. (PSYN-651)
Warning: Cell PBSD4 has no orientation; check FRAM library library /home/eda/lib/smic/SP013D3_V1p4/apollo/SP013D3_V1p2_8MT cell symmetry.  (PSYN-650)
Warning: Cell PBSD4 orientation is set to the default. (PSYN-651)
Warning: Cell PBSD24 has no orientation; check FRAM library library /home/eda/lib/smic/SP013D3_V1p4/apollo/SP013D3_V1p2_8MT cell symmetry.  (PSYN-650)
Warning: Cell PBSD24 orientation is set to the default. (PSYN-651)
Warning: Cell PBSD2 has no orientation; check FRAM library library /home/eda/lib/smic/SP013D3_V1p4/apollo/SP013D3_V1p2_8MT cell symmetry.  (PSYN-650)
Warning: Cell PBSD2 orientation is set to the default. (PSYN-651)
Warning: Cell PBSD16 has no orientation; check FRAM library library /home/eda/lib/smic/SP013D3_V1p4/apollo/SP013D3_V1p2_8MT cell symmetry.  (PSYN-650)
Warning: Cell PBSD16 orientation is set to the default. (PSYN-651)
Warning: Cell PBSD12 has no orientation; check FRAM library library /home/eda/lib/smic/SP013D3_V1p4/apollo/SP013D3_V1p2_8MT cell symmetry.  (PSYN-650)
Warning: Cell PBSD12 orientation is set to the default. (PSYN-651)
Warning: Cell PBS8 has no orientation; check FRAM library library /home/eda/lib/smic/SP013D3_V1p4/apollo/SP013D3_V1p2_8MT cell symmetry.  (PSYN-650)
Warning: Cell PBS8 orientation is set to the default. (PSYN-651)
Warning: Cell PBS4 has no orientation; check FRAM library library /home/eda/lib/smic/SP013D3_V1p4/apollo/SP013D3_V1p2_8MT cell symmetry.  (PSYN-650)
Warning: Cell PBS4 orientation is set to the default. (PSYN-651)
Warning: Cell PBS24 has no orientation; check FRAM library library /home/eda/lib/smic/SP013D3_V1p4/apollo/SP013D3_V1p2_8MT cell symmetry.  (PSYN-650)
Warning: Cell PBS24 orientation is set to the default. (PSYN-651)
Warning: Cell PBS2 has no orientation; check FRAM library library /home/eda/lib/smic/SP013D3_V1p4/apollo/SP013D3_V1p2_8MT cell symmetry.  (PSYN-650)
Warning: Cell PBS2 orientation is set to the default. (PSYN-651)
Warning: Cell PBS16 has no orientation; check FRAM library library /home/eda/lib/smic/SP013D3_V1p4/apollo/SP013D3_V1p2_8MT cell symmetry.  (PSYN-650)
Warning: Cell PBS16 orientation is set to the default. (PSYN-651)
Warning: Cell PBS12 has no orientation; check FRAM library library /home/eda/lib/smic/SP013D3_V1p4/apollo/SP013D3_V1p2_8MT cell symmetry.  (PSYN-650)
Warning: Cell PBS12 orientation is set to the default. (PSYN-651)
Warning: Cell PBL8 has no orientation; check FRAM library library /home/eda/lib/smic/SP013D3_V1p4/apollo/SP013D3_V1p2_8MT cell symmetry.  (PSYN-650)
Warning: Cell PBL8 orientation is set to the default. (PSYN-651)
Warning: Cell PBL24 has no orientation; check FRAM library library /home/eda/lib/smic/SP013D3_V1p4/apollo/SP013D3_V1p2_8MT cell symmetry.  (PSYN-650)
Warning: Cell PBL24 orientation is set to the default. (PSYN-651)
Warning: Cell PBL16 has no orientation; check FRAM library library /home/eda/lib/smic/SP013D3_V1p4/apollo/SP013D3_V1p2_8MT cell symmetry.  (PSYN-650)
Warning: Cell PBL16 orientation is set to the default. (PSYN-651)
Warning: Cell PBL12 has no orientation; check FRAM library library /home/eda/lib/smic/SP013D3_V1p4/apollo/SP013D3_V1p2_8MT cell symmetry.  (PSYN-650)
Warning: Cell PBL12 orientation is set to the default. (PSYN-651)
Warning: Cell PBDL8 has no orientation; check FRAM library library /home/eda/lib/smic/SP013D3_V1p4/apollo/SP013D3_V1p2_8MT cell symmetry.  (PSYN-650)
Warning: Cell PBDL8 orientation is set to the default. (PSYN-651)
Warning: Cell PBDL24 has no orientation; check FRAM library library /home/eda/lib/smic/SP013D3_V1p4/apollo/SP013D3_V1p2_8MT cell symmetry.  (PSYN-650)
Warning: Cell PBDL24 orientation is set to the default. (PSYN-651)
Warning: Cell PBDL16 has no orientation; check FRAM library library /home/eda/lib/smic/SP013D3_V1p4/apollo/SP013D3_V1p2_8MT cell symmetry.  (PSYN-650)
Warning: Cell PBDL16 orientation is set to the default. (PSYN-651)
Warning: Cell PBDL12 has no orientation; check FRAM library library /home/eda/lib/smic/SP013D3_V1p4/apollo/SP013D3_V1p2_8MT cell symmetry.  (PSYN-650)
Warning: Cell PBDL12 orientation is set to the default. (PSYN-651)
Warning: Cell PBD8 has no orientation; check FRAM library library /home/eda/lib/smic/SP013D3_V1p4/apollo/SP013D3_V1p2_8MT cell symmetry.  (PSYN-650)
Warning: Cell PBD8 orientation is set to the default. (PSYN-651)
Warning: Cell PBD4 has no orientation; check FRAM library library /home/eda/lib/smic/SP013D3_V1p4/apollo/SP013D3_V1p2_8MT cell symmetry.  (PSYN-650)
Warning: Cell PBD4 orientation is set to the default. (PSYN-651)
Warning: Cell PBD24 has no orientation; check FRAM library library /home/eda/lib/smic/SP013D3_V1p4/apollo/SP013D3_V1p2_8MT cell symmetry.  (PSYN-650)
Warning: Cell PBD24 orientation is set to the default. (PSYN-651)
Warning: Cell PBD2 has no orientation; check FRAM library library /home/eda/lib/smic/SP013D3_V1p4/apollo/SP013D3_V1p2_8MT cell symmetry.  (PSYN-650)
Warning: Cell PBD2 orientation is set to the default. (PSYN-651)
Warning: Cell PBD16 has no orientation; check FRAM library library /home/eda/lib/smic/SP013D3_V1p4/apollo/SP013D3_V1p2_8MT cell symmetry.  (PSYN-650)
Warning: Cell PBD16 orientation is set to the default. (PSYN-651)
Warning: Cell PBD12 has no orientation; check FRAM library library /home/eda/lib/smic/SP013D3_V1p4/apollo/SP013D3_V1p2_8MT cell symmetry.  (PSYN-650)
Warning: Cell PBD12 orientation is set to the default. (PSYN-651)
Warning: Cell PBCUL8 has no orientation; check FRAM library library /home/eda/lib/smic/SP013D3_V1p4/apollo/SP013D3_V1p2_8MT cell symmetry.  (PSYN-650)
Warning: Cell PBCUL8 orientation is set to the default. (PSYN-651)
Warning: Cell PBCUL24 has no orientation; check FRAM library library /home/eda/lib/smic/SP013D3_V1p4/apollo/SP013D3_V1p2_8MT cell symmetry.  (PSYN-650)
Warning: Cell PBCUL24 orientation is set to the default. (PSYN-651)
Warning: Cell PBCUL16 has no orientation; check FRAM library library /home/eda/lib/smic/SP013D3_V1p4/apollo/SP013D3_V1p2_8MT cell symmetry.  (PSYN-650)
Warning: Cell PBCUL16 orientation is set to the default. (PSYN-651)
Warning: Cell PBCUL12 has no orientation; check FRAM library library /home/eda/lib/smic/SP013D3_V1p4/apollo/SP013D3_V1p2_8MT cell symmetry.  (PSYN-650)
Warning: Cell PBCUL12 orientation is set to the default. (PSYN-651)
Warning: Cell PBCU8 has no orientation; check FRAM library library /home/eda/lib/smic/SP013D3_V1p4/apollo/SP013D3_V1p2_8MT cell symmetry.  (PSYN-650)
Warning: Cell PBCU8 orientation is set to the default. (PSYN-651)
Warning: Cell PBCU4 has no orientation; check FRAM library library /home/eda/lib/smic/SP013D3_V1p4/apollo/SP013D3_V1p2_8MT cell symmetry.  (PSYN-650)
Warning: Cell PBCU4 orientation is set to the default. (PSYN-651)
Warning: Cell PBCU24 has no orientation; check FRAM library library /home/eda/lib/smic/SP013D3_V1p4/apollo/SP013D3_V1p2_8MT cell symmetry.  (PSYN-650)
Warning: Cell PBCU24 orientation is set to the default. (PSYN-651)
Warning: Cell PBCU2 has no orientation; check FRAM library library /home/eda/lib/smic/SP013D3_V1p4/apollo/SP013D3_V1p2_8MT cell symmetry.  (PSYN-650)
Warning: Cell PBCU2 orientation is set to the default. (PSYN-651)
Warning: Cell PBCU16 has no orientation; check FRAM library library /home/eda/lib/smic/SP013D3_V1p4/apollo/SP013D3_V1p2_8MT cell symmetry.  (PSYN-650)
Warning: Cell PBCU16 orientation is set to the default. (PSYN-651)
Warning: Cell PBCU12 has no orientation; check FRAM library library /home/eda/lib/smic/SP013D3_V1p4/apollo/SP013D3_V1p2_8MT cell symmetry.  (PSYN-650)
Warning: Cell PBCU12 orientation is set to the default. (PSYN-651)
Warning: Cell PBCDL8 has no orientation; check FRAM library library /home/eda/lib/smic/SP013D3_V1p4/apollo/SP013D3_V1p2_8MT cell symmetry.  (PSYN-650)
Warning: Cell PBCDL8 orientation is set to the default. (PSYN-651)
Warning: Cell PBCDL24 has no orientation; check FRAM library library /home/eda/lib/smic/SP013D3_V1p4/apollo/SP013D3_V1p2_8MT cell symmetry.  (PSYN-650)
Warning: Cell PBCDL24 orientation is set to the default. (PSYN-651)
Warning: Cell PBCDL16 has no orientation; check FRAM library library /home/eda/lib/smic/SP013D3_V1p4/apollo/SP013D3_V1p2_8MT cell symmetry.  (PSYN-650)
Warning: Cell PBCDL16 orientation is set to the default. (PSYN-651)
Warning: Cell PBCDL12 has no orientation; check FRAM library library /home/eda/lib/smic/SP013D3_V1p4/apollo/SP013D3_V1p2_8MT cell symmetry.  (PSYN-650)
Warning: Cell PBCDL12 orientation is set to the default. (PSYN-651)
Warning: Cell PBCD8 has no orientation; check FRAM library library /home/eda/lib/smic/SP013D3_V1p4/apollo/SP013D3_V1p2_8MT cell symmetry.  (PSYN-650)
Warning: Cell PBCD8 orientation is set to the default. (PSYN-651)
Warning: Cell PBCD4 has no orientation; check FRAM library library /home/eda/lib/smic/SP013D3_V1p4/apollo/SP013D3_V1p2_8MT cell symmetry.  (PSYN-650)
Warning: Cell PBCD4 orientation is set to the default. (PSYN-651)
Warning: Cell PBCD24 has no orientation; check FRAM library library /home/eda/lib/smic/SP013D3_V1p4/apollo/SP013D3_V1p2_8MT cell symmetry.  (PSYN-650)
Warning: Cell PBCD24 orientation is set to the default. (PSYN-651)
Warning: Cell PBCD2 has no orientation; check FRAM library library /home/eda/lib/smic/SP013D3_V1p4/apollo/SP013D3_V1p2_8MT cell symmetry.  (PSYN-650)
Warning: Cell PBCD2 orientation is set to the default. (PSYN-651)
Warning: Cell PBCD16 has no orientation; check FRAM library library /home/eda/lib/smic/SP013D3_V1p4/apollo/SP013D3_V1p2_8MT cell symmetry.  (PSYN-650)
Warning: Cell PBCD16 orientation is set to the default. (PSYN-651)
Warning: Cell PBCD12 has no orientation; check FRAM library library /home/eda/lib/smic/SP013D3_V1p4/apollo/SP013D3_V1p2_8MT cell symmetry.  (PSYN-650)
Warning: Cell PBCD12 orientation is set to the default. (PSYN-651)
Warning: Cell PB8 has no orientation; check FRAM library library /home/eda/lib/smic/SP013D3_V1p4/apollo/SP013D3_V1p2_8MT cell symmetry.  (PSYN-650)
Warning: Cell PB8 orientation is set to the default. (PSYN-651)
Warning: Cell PB4 has no orientation; check FRAM library library /home/eda/lib/smic/SP013D3_V1p4/apollo/SP013D3_V1p2_8MT cell symmetry.  (PSYN-650)
Warning: Cell PB4 orientation is set to the default. (PSYN-651)
Warning: Cell PB24 has no orientation; check FRAM library library /home/eda/lib/smic/SP013D3_V1p4/apollo/SP013D3_V1p2_8MT cell symmetry.  (PSYN-650)
Warning: Cell PB24 orientation is set to the default. (PSYN-651)
Warning: Cell PB2 has no orientation; check FRAM library library /home/eda/lib/smic/SP013D3_V1p4/apollo/SP013D3_V1p2_8MT cell symmetry.  (PSYN-650)
Warning: Cell PB2 orientation is set to the default. (PSYN-651)
Warning: Cell PB16 has no orientation; check FRAM library library /home/eda/lib/smic/SP013D3_V1p4/apollo/SP013D3_V1p2_8MT cell symmetry.  (PSYN-650)
Warning: Cell PB16 orientation is set to the default. (PSYN-651)
Warning: Cell PB12 has no orientation; check FRAM library library /home/eda/lib/smic/SP013D3_V1p4/apollo/SP013D3_V1p2_8MT cell symmetry.  (PSYN-650)
Warning: Cell PB12 orientation is set to the default. (PSYN-651)
Information: Loading local_link_library attribute . (MWDC-290)

  Linking design 'control_pad'
  Using the following designs and libraries:
  --------------------------------------------------------------------------
  control_pad                 route.CEL
  typical_1v2c25 (library)    /home/eda/lib/smic/aci/sc-x/synopsys/typical_1v2c25.db
  SP013D3_V1p2_typ (library)  /home/eda/lib/smic/SP013D3_V1p4/syn/SP013D3_V1p2_typ.db

Warning: Cell PFILL001 has no orientation; check FRAM library library /home/eda/lib/smic/SP013D3_V1p4/apollo/SP013D3_V1p2_8MT cell symmetry.  (PSYN-650)
Warning: Cell PFILL001 orientation is set to the default. (PSYN-651)
Warning: Cell PCORNER has no orientation; check FRAM library library /home/eda/lib/smic/SP013D3_V1p4/apollo/SP013D3_V1p2_8MT cell symmetry.  (PSYN-650)
Warning: Cell PCORNER orientation is set to the default. (PSYN-651)
Warning: Cell PVSS2 has no orientation; check FRAM library library /home/eda/lib/smic/SP013D3_V1p4/apollo/SP013D3_V1p2_8MT cell symmetry.  (PSYN-650)
Warning: Cell PVSS2 orientation is set to the default. (PSYN-651)
Warning: Cell PVDD2 has no orientation; check FRAM library library /home/eda/lib/smic/SP013D3_V1p4/apollo/SP013D3_V1p2_8MT cell symmetry.  (PSYN-650)
Warning: Cell PVDD2 orientation is set to the default. (PSYN-651)
# GUI Debug: Building dc from empty. -- Time: 1sec 869ms
RM-Info: Completed script /home/user123/Desktop/ASIC/icc/scripts/common_optimization_settings_icc.tcl

source  ../scripts/common_placement_settings_icc.tcl 
RM-Info: Running script /home/user123/Desktop/ASIC/icc/scripts/common_placement_settings_icc.tcl

Warning: The design has already been assigned layer constraints and we will overwrite the constraints. (RT-064)
Warning: The design has already been assigned layer constraints and we will overwrite the constraints. (RT-064)
RM-Info: Completed script /home/user123/Desktop/ASIC/icc/scripts/common_placement_settings_icc.tcl

#################################################### 
#Pre-Routing Checks 
#################################################### 
check_physical_design -stage pre_route_opt 
Information: The design has horizontal rows, and Y-symmetry has been used for sites. (MWDC-217)
Floorplan loading succeeded.
Information: Disabling timing checks inside check_ilm 
Information: Disabling timing checks inside check_block_abstraction 
checking tluplus...
CPD_Runtime: ::check_tlu_plus_files CPU:          0 s (  0.00 hr) MEM 200 Mb
checking physical objects...
CPD_Runtime: ::get_placement_area CPU:          0 s (  0.00 hr) MEM 200 Mb
CPD_Runtime: report_routing_metal_info CPU:          0 s (  0.00 hr) MEM 200 Mb
CPD_Runtime: check_track_and_unit CPU:          0 s (  0.00 hr) MEM 200 Mb
CPD_Runtime: check_layer_direction CPU:          0 s (  0.00 hr) MEM 200 Mb
CPD_Runtime: check_physical_only_ports CPU:          0 s (  0.00 hr) MEM 200 Mb
checking database...
CPD_Runtime: ::check_database CPU:          0 s (  0.00 hr) MEM 200 Mb
CPD_Runtime: report_taint -dump_errors CPU:          0 s (  0.00 hr) MEM 200 Mb
Information: Disabling check_timing in check_physical_design
checking HFN/ideal/dont_touch nets...
CPD_Runtime: GetNonClockIdealNets CPU:          0 s (  0.00 hr) MEM 200 Mb
CPD_Runtime: check_for_HFN_ideal CPU:          0 s (  0.00 hr) MEM 200 Mb
Information: Disabling timing checks inside check_block_abstraction
CPD_Runtime: check_block_abstraction -stage pre_route_opt CPU:          0 s (  0.00 hr) MEM 200 Mb
checking placement constraints...
CPD_Runtime: check_placement_utilization_violation CPU:          0 s (  0.00 hr) MEM 200 Mb
CPD_Runtime: check_legality_violation CPU:          1 s (  0.00 hr) MEM 213 Mb
checking for unconnected tie pins...
CPD_Runtime: cpd_check_tie_connection CPU:          0 s (  0.00 hr) MEM 213 Mb
checking for too many Restricted cells...
CPD_Runtime: cpd_check_cells_restrictions CPU:          0 s (  0.00 hr) MEM 213 Mb
CPD_Runtime: check_unplaced_cells CPU:          0 s (  0.00 hr) MEM 213 Mb
checking routeability zrt...
CPD_Runtime: check_zrt_routability CPU:          3 s (  0.00 hr) MEM 420 Mb
Number of Undocumented Errors: 0
**************************************************
Report : check_physical_design
Stage  : pre_route_opt
Design : control_pad
Version: T-2022.03
Date   : Fri Nov 28 20:07:38 2025
**************************************************
Total messages: 0 errors, 88 warnings

-----------------------------------------
Warning Summary for check_physical_design
-----------------------------------------

  ---------------------------------------------------------------------------
  ID		Occurrences	Title
  ---------------------------------------------------------------------------
  PSYN-523	32		Geometries are not integer multiple of width or...
  TLUP-004	1		layer mis-match between TF and ITF (minWidth)
  TLUP-005	2		layer mis-match between TF and ITF (minSpacing)
  ---------------------------------------------------------------------------

-----------------------------------------------
Other Warning Summary for check_physical_design
-----------------------------------------------

  ---------------------------------------------------------------------------
  ID		Occurrences	Title
  ---------------------------------------------------------------------------
  PSYN-650	7		Cell %s has no orientation; check %s library %s...
  PSYN-651	7		Cell %s orientation is set to the default.
  TIM-103	16		Reference %s contains internal pins with clock ...
  TIM-164	1		The trip points for the library named %s differ...
  UID-349	1		Could not read any link_library files. The link...
  ZRT-010	1		Cannot find a fat contact for layer '%s'.
  ZRT-023	1		Blockage, pin, and via extraction on %d macros ...
  ZRT-026	1		Layer %s pitch %.3f may be too small: wire/via-...
  ZRT-027	1		Ignore %d top cell ports with no pins.
  ZRT-092	1		Cell %s contains more than %d obstructions (%d)...
  ZRT-100	15		Pin %s of net %s has no valid shapes to connect.
  ZRT-520	1		The check_zrt_routability command uses a single...
  ---------------------------------------------------------------------------
dump check_physical_design result to file ./cpd_pre_route_opt_2025Nov28200734_10964/index.html
1
all_ideal_nets 
all_high_fanout -nets -threshold 20 
report_preferred_routing_direction 
 
****************************************
Report : Layers
Design : control_pad
Version: T-2022.03
Date   : Fri Nov 28 20:07:38 2025
****************************************

Layer Name                   Library             Design              Tool understands
METAL1                       Horizontal          Horizontal          Horizontal
METAL2                       Vertical            Vertical            Vertical
METAL3                       Horizontal          Horizontal          Horizontal
METAL4                       Vertical            Vertical            Vertical
METAL5                       Horizontal          Horizontal          Horizontal
METAL6                       Vertical            Vertical            Vertical
METAL7                       Horizontal          Horizontal          Horizontal
METAL8                       Vertical            Vertical            Vertical

1
#################################################### 
#Pre-Routing Setup 
#################################################### 
derive_pg_connection -power_net VDD -power_pin VDD -ground_net VSS -ground_pin VSS -tie; # Connect P/G Pins to supply nets,  
reconnected total 0 tie highs and 0 tie lows
1
################################################## 
#Route Clock Nets Before Signal Nets 
################################################### 
route_zrt_group -all_clock_nets -reuse_existing_global_route true 
Turn off antenna since no rule is specified
Cell Min-Routing-Layer = METAL3
Cell Max-Routing-Layer = METAL6
Warning: Cell PCORNER contains more than 100000 obstructions (311044).  This may increase routing runtime.  You may wish to re-run BPV.  (ZRT-092)
Warning: Blockage, pin, and via extraction on 8 macros was done with "treat blockage as thin". (ZRT-023)
Warning: Ignore 2 top cell ports with no pins. (ZRT-027)
Warning: Pin i_rd/PAD of net rd has no valid shapes to connect. (ZRT-100)
Warning: Pin i_sel/PAD of net sel has no valid shapes to connect. (ZRT-100)
Warning: Pin i_data_e/PAD of net data_e has no valid shapes to connect. (ZRT-100)
Warning: Pin i_halt/PAD of net halt has no valid shapes to connect. (ZRT-100)
Warning: Pin i_inc_pc/PAD of net inc_pc has no valid shapes to connect. (ZRT-100)
Warning: Pin i_ld_pc/PAD of net ld_pc has no valid shapes to connect. (ZRT-100)
Warning: Pin i_ld_ac/PAD of net ld_ac has no valid shapes to connect. (ZRT-100)
Warning: Pin i_ld_ir/PAD of net ld_ir has no valid shapes to connect. (ZRT-100)
Warning: Pin i_wr/PAD of net wr has no valid shapes to connect. (ZRT-100)
Warning: Pin i_opcode_2/PAD of net opcode[2] has no valid shapes to connect. (ZRT-100)
Warning: Pin i_opcode_1/PAD of net opcode[1] has no valid shapes to connect. (ZRT-100)
Warning: Pin i_opcode_0/PAD of net opcode[0] has no valid shapes to connect. (ZRT-100)
Warning: Pin i_zero/PAD of net zero has no valid shapes to connect. (ZRT-100)
Warning: Pin i_clk/PAD of net clk has no valid shapes to connect. (ZRT-100)
Warning: Pin i_rst/PAD of net rst_ has no valid shapes to connect. (ZRT-100)
Warning: Cannot find a fat contact for layer 'VIA78'. (ZRT-010)
Via on layer (VIA78) needs more than one tracks
Warning: Layer METAL7 pitch 0.410 may be too small: wire/via-down 0.400, wire/via-up 0.490. (ZRT-026)
Start Global Route ... 
[Init] Elapsed real time: 0:00:00 
[Init] Elapsed cpu  time: sys=0:00:00 usr=0:00:00 total=0:00:00
[Init] Stage (MB): Used    0  Alloctr    0  Proc    0 
[Init] Total (MB): Used  102  Alloctr  103  Proc 2217 
Printing options for 'set_route_zrt_common_options'

Printing options for 'set_route_zrt_global_options'

Begin global routing.
Constructing data structure ...
Design statistics:
Design Bounding Box (0.00,0.00,604.42,604.00)
Number of routing layers = 8
layer METAL1, dir Hor, min width = 0.16, min space = 0.18 pitch = 0.41
layer METAL2, dir Ver, min width = 0.20, min space = 0.20 pitch = 0.46
layer METAL3, dir Hor, min width = 0.20, min space = 0.20 pitch = 0.41
layer METAL4, dir Ver, min width = 0.20, min space = 0.20 pitch = 0.46
layer METAL5, dir Hor, min width = 0.20, min space = 0.20 pitch = 0.41
layer METAL6, dir Ver, min width = 0.20, min space = 0.20 pitch = 0.46
layer METAL7, dir Hor, min width = 0.20, min space = 0.20 pitch = 0.41
layer METAL8, dir Ver, min width = 0.44, min space = 0.46 pitch = 0.96
Current Stage stats:
[End of Build Tech Data] Elapsed real time: 0:00:00 
[End of Build Tech Data] Elapsed cpu  time: sys=0:00:00 usr=0:00:00 total=0:00:00
[End of Build Tech Data] Stage (MB): Used    3  Alloctr    3  Proc    0 
[End of Build Tech Data] Total (MB): Used  105  Alloctr  106  Proc 2217 
Net statistics:
Total number of nets     = 53
Number of nets to route  = 2
Number of single or zero port nets = 15
Number of nets with min-layer-mode soft = 1
Number of nets with min-layer-mode soft-cost-medium = 1
Number of nets with max-layer-mode hard = 1
3 nets are fully connected,
 of which 3 are detail routed and 0 are global routed.
Current Stage stats:
[End of Build All Nets] Elapsed real time: 0:00:00 
[End of Build All Nets] Elapsed cpu  time: sys=0:00:00 usr=0:00:00 total=0:00:00
[End of Build All Nets] Stage (MB): Used    0  Alloctr    0  Proc    0 
[End of Build All Nets] Total (MB): Used  105  Alloctr  106  Proc 2217 
Average gCell capacity  0.00	 on layer (1)	 METAL1
Average gCell capacity  3.16	 on layer (2)	 METAL2
Average gCell capacity  3.52	 on layer (3)	 METAL3
Average gCell capacity  2.24	 on layer (4)	 METAL4
Average gCell capacity  2.46	 on layer (5)	 METAL5
Average gCell capacity  2.23	 on layer (6)	 METAL6
Average gCell capacity  2.37	 on layer (7)	 METAL7
Average gCell capacity  0.00	 on layer (8)	 METAL8
Average number of tracks per gCell 8.98	 on layer (1)	 METAL1
Average number of tracks per gCell 8.06	 on layer (2)	 METAL2
Average number of tracks per gCell 8.98	 on layer (3)	 METAL3
Average number of tracks per gCell 8.06	 on layer (4)	 METAL4
Average number of tracks per gCell 8.98	 on layer (5)	 METAL5
Average number of tracks per gCell 8.06	 on layer (6)	 METAL6
Average number of tracks per gCell 8.98	 on layer (7)	 METAL7
Average number of tracks per gCell 3.87	 on layer (8)	 METAL8
Number of gCells = 213856
Current Stage stats:
[End of Build Congestion map] Elapsed real time: 0:00:00 
[End of Build Congestion map] Elapsed cpu  time: sys=0:00:00 usr=0:00:00 total=0:00:00
[End of Build Congestion map] Stage (MB): Used    0  Alloctr    0  Proc    0 
[End of Build Congestion map] Total (MB): Used  105  Alloctr  107  Proc 2217 
Total stats:
[End of Build Data] Elapsed real time: 0:00:00 
[End of Build Data] Elapsed cpu  time: sys=0:00:00 usr=0:00:00 total=0:00:00
[End of Build Data] Stage (MB): Used    2  Alloctr    3  Proc    0 
[End of Build Data] Total (MB): Used  105  Alloctr  107  Proc 2217 
Current Stage stats:
[End of Blocked Pin Detection] Elapsed real time: 0:00:00 
[End of Blocked Pin Detection] Elapsed cpu  time: sys=0:00:00 usr=0:00:00 total=0:00:00
[End of Blocked Pin Detection] Stage (MB): Used    0  Alloctr    0  Proc    0 
[End of Blocked Pin Detection] Total (MB): Used  105  Alloctr  107  Proc 2217 
Information: Using 4 threads for routing. (ZRT-444)
multi gcell levels ON

Start GR phase 0
Current Stage stats:
[End of Initial Routing] Elapsed real time: 0:00:00 
[End of Initial Routing] Elapsed cpu  time: sys=0:00:00 usr=0:00:00 total=0:00:00
[End of Initial Routing] Stage (MB): Used    0  Alloctr    0  Proc    0 
[End of Initial Routing] Total (MB): Used  105  Alloctr  107  Proc 2217 
Initial. Routing result:
Initial. Both Dirs: Overflow =     0 Max = 0 GRCs =     0 (0.00%)
Initial. H routing: Overflow =     0 Max = 0 (GRCs =  0) GRCs =     0 (0.00%)
Initial. V routing: Overflow =     0 Max = 0 (GRCs =  0) GRCs =     0 (0.00%)
Initial. METAL1     Overflow =     0 Max = 0 (GRCs =  0) GRCs =     0 (0.00%)
Initial. METAL2     Overflow =     0 Max = 0 (GRCs =  0) GRCs =     0 (0.00%)
Initial. METAL3     Overflow =     0 Max = 0 (GRCs =  0) GRCs =     0 (0.00%)
Initial. METAL4     Overflow =     0 Max = 0 (GRCs =  0) GRCs =     0 (0.00%)
Initial. METAL5     Overflow =     0 Max = 0 (GRCs =  0) GRCs =     0 (0.00%)
Initial. METAL6     Overflow =     0 Max = 0 (GRCs =  0) GRCs =     0 (0.00%)
Initial. METAL7     Overflow =     0 Max = 0 (GRCs =  0) GRCs =     0 (0.00%)
Initial. METAL8     Overflow =     0 Max = 0 (GRCs =  0) GRCs =     0 (0.00%)

Initial. Total Wire Length = 0.00
Initial. Layer METAL1 wire length = 0.00
Initial. Layer METAL2 wire length = 0.00
Initial. Layer METAL3 wire length = 0.00
Initial. Layer METAL4 wire length = 0.00
Initial. Layer METAL5 wire length = 0.00
Initial. Layer METAL6 wire length = 0.00
Initial. Layer METAL7 wire length = 0.00
Initial. Layer METAL8 wire length = 0.00
Initial. Total Number of Contacts = 0
Initial. Via via1 count = 0
Initial. Via via2 count = 0
Initial. Via via3 count = 0
Initial. Via via4 count = 0
Initial. Via via5 count = 0
Initial. Via via6 count = 0
Initial. Via via7 count = 0
Initial. completed.

Start GR phase 1
Current Stage stats:
[End of Phase1 Routing] Elapsed real time: 0:00:00 
[End of Phase1 Routing] Elapsed cpu  time: sys=0:00:00 usr=0:00:00 total=0:00:00
[End of Phase1 Routing] Stage (MB): Used    0  Alloctr    0  Proc    0 
[End of Phase1 Routing] Total (MB): Used  105  Alloctr  107  Proc 2217 
phase1. Routing result:
phase1. Both Dirs: Overflow =     0 Max = 0 GRCs =     0 (0.00%)
phase1. H routing: Overflow =     0 Max = 0 (GRCs =  0) GRCs =     0 (0.00%)
phase1. V routing: Overflow =     0 Max = 0 (GRCs =  0) GRCs =     0 (0.00%)
phase1. METAL1     Overflow =     0 Max = 0 (GRCs =  0) GRCs =     0 (0.00%)
phase1. METAL2     Overflow =     0 Max = 0 (GRCs =  0) GRCs =     0 (0.00%)
phase1. METAL3     Overflow =     0 Max = 0 (GRCs =  0) GRCs =     0 (0.00%)
phase1. METAL4     Overflow =     0 Max = 0 (GRCs =  0) GRCs =     0 (0.00%)
phase1. METAL5     Overflow =     0 Max = 0 (GRCs =  0) GRCs =     0 (0.00%)
phase1. METAL6     Overflow =     0 Max = 0 (GRCs =  0) GRCs =     0 (0.00%)
phase1. METAL7     Overflow =     0 Max = 0 (GRCs =  0) GRCs =     0 (0.00%)
phase1. METAL8     Overflow =     0 Max = 0 (GRCs =  0) GRCs =     0 (0.00%)

phase1. Total Wire Length = 0.00
phase1. Layer METAL1 wire length = 0.00
phase1. Layer METAL2 wire length = 0.00
phase1. Layer METAL3 wire length = 0.00
phase1. Layer METAL4 wire length = 0.00
phase1. Layer METAL5 wire length = 0.00
phase1. Layer METAL6 wire length = 0.00
phase1. Layer METAL7 wire length = 0.00
phase1. Layer METAL8 wire length = 0.00
phase1. Total Number of Contacts = 0
phase1. Via via1 count = 0
phase1. Via via2 count = 0
phase1. Via via3 count = 0
phase1. Via via4 count = 0
phase1. Via via5 count = 0
phase1. Via via6 count = 0
phase1. Via via7 count = 0
phase1. completed.

Start GR phase 2
Current Stage stats:
[End of Phase2 Routing] Elapsed real time: 0:00:00 
[End of Phase2 Routing] Elapsed cpu  time: sys=0:00:00 usr=0:00:00 total=0:00:00
[End of Phase2 Routing] Stage (MB): Used    0  Alloctr    0  Proc    0 
[End of Phase2 Routing] Total (MB): Used  105  Alloctr  107  Proc 2217 
phase2. Routing result:
phase2. Both Dirs: Overflow =     0 Max = 0 GRCs =     0 (0.00%)
phase2. H routing: Overflow =     0 Max = 0 (GRCs =  0) GRCs =     0 (0.00%)
phase2. V routing: Overflow =     0 Max = 0 (GRCs =  0) GRCs =     0 (0.00%)
phase2. METAL1     Overflow =     0 Max = 0 (GRCs =  0) GRCs =     0 (0.00%)
phase2. METAL2     Overflow =     0 Max = 0 (GRCs =  0) GRCs =     0 (0.00%)
phase2. METAL3     Overflow =     0 Max = 0 (GRCs =  0) GRCs =     0 (0.00%)
phase2. METAL4     Overflow =     0 Max = 0 (GRCs =  0) GRCs =     0 (0.00%)
phase2. METAL5     Overflow =     0 Max = 0 (GRCs =  0) GRCs =     0 (0.00%)
phase2. METAL6     Overflow =     0 Max = 0 (GRCs =  0) GRCs =     0 (0.00%)
phase2. METAL7     Overflow =     0 Max = 0 (GRCs =  0) GRCs =     0 (0.00%)
phase2. METAL8     Overflow =     0 Max = 0 (GRCs =  0) GRCs =     0 (0.00%)

phase2. Total Wire Length = 0.00
phase2. Layer METAL1 wire length = 0.00
phase2. Layer METAL2 wire length = 0.00
phase2. Layer METAL3 wire length = 0.00
phase2. Layer METAL4 wire length = 0.00
phase2. Layer METAL5 wire length = 0.00
phase2. Layer METAL6 wire length = 0.00
phase2. Layer METAL7 wire length = 0.00
phase2. Layer METAL8 wire length = 0.00
phase2. Total Number of Contacts = 0
phase2. Via via1 count = 0
phase2. Via via2 count = 0
phase2. Via via3 count = 0
phase2. Via via4 count = 0
phase2. Via via5 count = 0
phase2. Via via6 count = 0
phase2. Via via7 count = 0
phase2. completed.
[End of Whole Chip Routing] Elapsed real time: 0:00:00 
[End of Whole Chip Routing] Elapsed cpu  time: sys=0:00:00 usr=0:00:00 total=0:00:00
[End of Whole Chip Routing] Stage (MB): Used    2  Alloctr    3  Proc    0 
[End of Whole Chip Routing] Total (MB): Used  105  Alloctr  107  Proc 2217 

Information: Global Routing terminated early: true (ZRT-103)

Congestion utilization per direction:
Average vertical track utilization   =  0.02 %
Peak    vertical track utilization   =  4.17 %
Average horizontal track utilization =  0.02 %
Peak    horizontal track utilization =  5.56 %

Current Stage stats:
[GR: Done] Elapsed real time: 0:00:00 
[GR: Done] Elapsed cpu  time: sys=0:00:00 usr=0:00:00 total=0:00:00
[GR: Done] Stage (MB): Used   -1  Alloctr   -2  Proc    0 
[GR: Done] Total (MB): Used  104  Alloctr  105  Proc 2217 
GR Total stats:
[GR: Done] Elapsed real time: 0:00:00 
[GR: Done] Elapsed cpu  time: sys=0:00:00 usr=0:00:00 total=0:00:00
[GR: Done] Stage (MB): Used    2  Alloctr    2  Proc    0 
[GR: Done] Total (MB): Used  104  Alloctr  105  Proc 2217 
Updating congestion ...
Final total stats:
[End of Global Routing] Elapsed real time: 0:00:00 
[End of Global Routing] Elapsed cpu  time: sys=0:00:00 usr=0:00:00 total=0:00:00
[End of Global Routing] Stage (MB): Used    0  Alloctr    0  Proc    0 
[End of Global Routing] Total (MB): Used  102  Alloctr  103  Proc 2217 

Start track assignment

Printing options for 'set_route_zrt_common_options'

Printing options for 'set_route_zrt_track_options'

Information: Using 4 threads for routing. (ZRT-444)

[Track Assign: Read routes] Elapsed real time: 0:00:00 
[Track Assign: Read routes] Elapsed cpu  time: sys=0:00:00 usr=0:00:00 total=0:00:00
[Track Assign: Read routes] Stage (MB): Used    0  Alloctr    0  Proc    0 
[Track Assign: Read routes] Total (MB): Used   98  Alloctr   99  Proc 2217 
Printing options for 'set_route_zrt_common_options'

Printing options for 'set_route_zrt_detail_options'

[Dr init] Elapsed real time: 0:00:00 
[Dr init] Elapsed cpu  time: sys=0:00:00 usr=0:00:00 total=0:00:00
[Dr init] Stage (MB): Used    6  Alloctr    5  Proc    0 
[Dr init] Total (MB): Used  104  Alloctr  104  Proc 2217 
Total number of nets = 53, of which 0 are not extracted
Total number of open nets = 35, of which 0 are frozen
Information: Using 4 threads for routing. (ZRT-444)
Start DR iteration 0: uniform partition
Routed	88/289 Partitions, Violations =	0
Routed	145/289 Partitions, Violations =	0
Routed	147/289 Partitions, Violations =	0
Routed	149/289 Partitions, Violations =	0
Routed	165/289 Partitions, Violations =	0
Routed	278/289 Partitions, Violations =	0
Routed	279/289 Partitions, Violations =	0
Routed	282/289 Partitions, Violations =	0
Routed	284/289 Partitions, Violations =	0
Routed	285/289 Partitions, Violations =	0
Routed	287/289 Partitions, Violations =	0
Routed	288/289 Partitions, Violations =	0
Routed	289/289 Partitions, Violations =	0

DRC-SUMMARY:
	@@@@@@@ TOTAL VIOLATIONS =	0

[Iter 0] Elapsed real time: 0:00:00 
[Iter 0] Elapsed cpu  time: sys=0:00:00 usr=0:00:00 total=0:00:00
[Iter 0] Stage (MB): Used   13  Alloctr   13  Proc   22 
[Iter 0] Total (MB): Used  111  Alloctr  112  Proc 2240 

End DR iteration 0 with 289 parts

Finish DR since reached 0 DRC

Information: Detail Routing terminated early because DRCs were not converging: false (ZRT-312)
[DR] Elapsed real time: 0:00:00 
[DR] Elapsed cpu  time: sys=0:00:00 usr=0:00:00 total=0:00:00
[DR] Stage (MB): Used    1  Alloctr    1  Proc   22 
[DR] Total (MB): Used   99  Alloctr  100  Proc 2240 
[DR: Done] Elapsed real time: 0:00:00 
[DR: Done] Elapsed cpu  time: sys=0:00:00 usr=0:00:00 total=0:00:00
[DR: Done] Stage (MB): Used    1  Alloctr    1  Proc   22 
[DR: Done] Total (MB): Used   99  Alloctr  100  Proc 2240 

DR finished with 0 open nets, of which 0 are frozen

DR finished with 0 violations

DRC-SUMMARY:
	@@@@@@@ TOTAL VIOLATIONS =	0



Total Wire Length =                    258 micron
Total Number of Contacts =             16
Total Number of Wires =                8
Total Number of PtConns =              9
Total Number of Routed Wires =       8
Total Routed Wire Length =           254 micron
Total Number of Routed Contacts =       16
	Layer   METAL1 :          0 micron
	Layer   METAL2 :          1 micron
	Layer   METAL3 :          1 micron
	Layer   METAL4 :          1 micron
	Layer   METAL5 :        144 micron
	Layer   METAL6 :        111 micron
	Layer   METAL7 :          0 micron
	Layer   METAL8 :          0 micron
	Via       via5 :          4
	Via       via4 :          3
	Via       via3 :          3
	Via       via2 :          3
	Via       via1 :          3

 
Redundant via conversion report:
--------------------------------

  Total optimized via conversion rate =  0.00% (0 / 16 vias)
 
    Layer VIA12      =  0.00% (0      / 3       vias)
        Un-optimized = 100.00% (3       vias)
    Layer VIA23      =  0.00% (0      / 3       vias)
        Un-optimized = 100.00% (3       vias)
    Layer VIA34      =  0.00% (0      / 3       vias)
        Un-optimized = 100.00% (3       vias)
    Layer VIA45      =  0.00% (0      / 3       vias)
        Un-optimized = 100.00% (3       vias)
    Layer VIA56      =  0.00% (0      / 4       vias)
        Un-optimized = 100.00% (4       vias)
 
  Total double via conversion rate    =  0.00% (0 / 16 vias)
 
    Layer VIA12      =  0.00% (0      / 3       vias)
    Layer VIA23      =  0.00% (0      / 3       vias)
    Layer VIA34      =  0.00% (0      / 3       vias)
    Layer VIA45      =  0.00% (0      / 3       vias)
    Layer VIA56      =  0.00% (0      / 4       vias)
 
  The optimized via conversion rate based on total routed via count =  0.00% (0 / 16 vias)
 
    Layer VIA12      =  0.00% (0      / 3       vias)
        Un-optimized = 100.00% (3       vias)
    Layer VIA23      =  0.00% (0      / 3       vias)
        Un-optimized = 100.00% (3       vias)
    Layer VIA34      =  0.00% (0      / 3       vias)
        Un-optimized = 100.00% (3       vias)
    Layer VIA45      =  0.00% (0      / 3       vias)
        Un-optimized = 100.00% (3       vias)
    Layer VIA56      =  0.00% (0      / 4       vias)
        Un-optimized = 100.00% (4       vias)
 

Total number of nets = 53
0 open nets, of which 0 are frozen
Total number of excluded ports = 0 ports of 0 unplaced cells connected to 0 nets
                                 0 ports without pins of 0 cells connected to 0 nets
                                 0 ports of 0 cover cells connected to 0 non-pg nets
Total number of DRCs = 0
Total number of antenna violations = antenna checking not active
Total number of voltage-area violations = no voltage-areas defined
Topology ECO iteration 1 ended with 0 qualifying violations.
Updating the database ...
Information: RC extraction has been freed. (PSYN-503)
1
#################################################### 
#Route the Signal Nets 
#################################################### 
route_opt -initial_route_only
ROPT:    route_opt strategy for the design:
ROPT:    Stage                                 : auto
ROPT:    Effort                                : medium
ROPT:    Power mode                            : none
ROPT:    Initial Route Only                    : Yes
ROPT:    Search-Repair loops                   : 10 
ROPT:    ECO Search-Repair loops               : 4 
ROPT:    Fix Hold Mode                         : route_based 
ROPT:    Route Violation threshold             : 3000 
 Routeopt: Using zrt router
Information: Running global route with timing driven mode true (route_opt default). (ROPT-020)
Information: Running track_assign with timing driven mode true (route_opt default). (ROPT-020)
Information: Running detail route with timing driven mode true (route_opt default). (ROPT-020)
Warning: Could not read any link_library files. The link_library setting {"*", "typical_1v2c25.db", "SP013D3_V1p2_typ.db", "typical_1v2c25.db", "SP013D3_V1p2_typ.db"} may be invalid. (UID-349)

  Loading design 'control_pad'


Information: Setting a dont_touch attribute on net 'rd' because it is connected to a pad cell. (PSYN-088)
Information: Setting a dont_touch attribute on net 'zero' because it is connected to a pad cell. (PSYN-088)
Information: Setting a dont_touch attribute on net 'clk' because it is connected to a pad cell. (PSYN-088)
Information: Setting a dont_touch attribute on net 'rst_' because it is connected to a pad cell. (PSYN-088)
Information: Setting a dont_touch attribute on net 'opcode[2]' because it is connected to a pad cell. (PSYN-088)
Information: Setting a dont_touch attribute on net 'opcode[1]' because it is connected to a pad cell. (PSYN-088)
Information: Setting a dont_touch attribute on net 'opcode[0]' because it is connected to a pad cell. (PSYN-088)
Information: Setting a dont_touch attribute on net 'sel' because it is connected to a pad cell. (PSYN-088)
Information: Setting a dont_touch attribute on net 'data_e' because it is connected to a pad cell. (PSYN-088)
Information: Setting a dont_touch attribute on net 'halt' because it is connected to a pad cell. (PSYN-088)
Information: Setting a dont_touch attribute on net 'inc_pc' because it is connected to a pad cell. (PSYN-088)
Information: Setting a dont_touch attribute on net 'ld_pc' because it is connected to a pad cell. (PSYN-088)
Information: Setting a dont_touch attribute on net 'ld_ac' because it is connected to a pad cell. (PSYN-088)
Information: Setting a dont_touch attribute on net 'ld_ir' because it is connected to a pad cell. (PSYN-088)
Information: Setting a dont_touch attribute on net 'wr' because it is connected to a pad cell. (PSYN-088)


Information: Library Manufacturing Grid(GridResolution) : 5
Information: Time Unit from Milkyway design library: 'ns' 
Information: Design Library and main library timing units are matched - 1.000 ns. 
Information: Resistance Unit from Milkyway design library: 'kohm' 
Information: Design Library and main library resistance units are matched - 1.000 kohm. 
Information: Capacitance Unit from Milkyway design library: 'pf' 
Information: Design Library and main library capacitance units are matched - 1.000 pf. 
Warning: Inconsistent library data found for layer POLY1. (RCEX-018)
Information: Layer METAL1 is ignored for resistance and capacitance computation. (RCEX-019)
Information: Layer METAL2 is ignored for resistance and capacitance computation. (RCEX-019)
Information: Layer METAL7 is ignored for resistance and capacitance computation. (RCEX-019)
Information: Layer METAL8 is ignored for resistance and capacitance computation. (RCEX-019)

TLU+ File = /home/eda/lib/smic/SmicSPM4PR8R_starRCXT013_mixrf_p1mtx_1233_V1/SmicSPM4PR8R_starRCXT013_mixrf_p1mtx_1233_V1.6/ITF/TM9k_MIM1f/TLUPLUS/SmicSPM4PR8R_starRCXT013_log_mixRF_p1mt8_cell_max_1233_9k_1f.tluplus

--------- Sanity Check on TLUPlus Files -------------
1. Checking the conducting layer names in ITF and mapping file ... 
[ Passed! ]
2. Checking the via layer names in ITF and mapping file ... 
[ Passed! ]
3. Checking the consistency of Min Width and Min Spacing between MW-tech and ITF ... 
Warning: minSpacing value of layer "METAL1" (metal1) does not match : ITF (0.170) vs MW-tech (0.180). (TLUP-005)
Warning: minSpacing value of layer "METAL8" (metal8) does not match : ITF (0.420) vs MW-tech (0.460). (TLUP-005)
Warning: minWidth value of layer "METAL8" (metal8) does not match : ITF (0.420) vs MW-tech (0.440). (TLUP-004)
----------------- Check Ends ------------------
Information: The distance unit in Capacitance and Resistance is 1 micron. (RCEX-007)
Information: The RC model used is detail route TLU+. (RCEX-015)
Information: Start mixed mode parasitic extraction. (RCEX-023)
Information: Start rc extraction...
Warning: Not enough nets are routed (1/51 < 0.66667); will do extraction by using placement congestion map as background. (RCEX-047)
EKL_MT: Max number of thread is 16
Memory usage for extraction task 286 Mbytes -- main task 443 Mbytes.
Information: Parasitic source is LPE. (RCEX-040)
Information: Parasitic mode is RealRVirtualC. (RCEX-041)
Information: Using virtual shield extraction. (RCEX-081)
Information: Extraction mode is MAX. (RCEX-042)
Information: Extraction derate is 25/25/25. (RCEX-043)
Information: Start back annotation for parasitic extraction. (RCEX-023)
Information: End back annotation for parasitic extraction. (RCEX-023)
Information: Start timing update for parasitic extraction. (RCEX-023)
Information: End timing update for parasitic extraction. (RCEX-023)
Information: End parasitic extraction. (RCEX-023)
Information: Start rc update...
****************************************************************
Information: TLUPlus based RC computation is enabled. (RCEX-141)
****************************************************************
Information: The distance unit in Capacitance and Resistance is 1 micron. (RCEX-007)
Information: The RC model used is TLU+. (RCEX-015)
Information: Library Derived Cap for layer METAL1 : 0.00025 0.00025 (RCEX-011)
Information: Library Derived Res for layer METAL1 : 0.0002 0.0002 (RCEX-011)
Information: Library Derived Cap for layer METAL2 : 0.00031 0.00031 (RCEX-011)
Information: Library Derived Res for layer METAL2 : 9.1e-05 9.1e-05 (RCEX-011)
Information: Library Derived Cap for layer METAL3 : 0.00035 0.00035 (RCEX-011)
Information: Library Derived Res for layer METAL3 : 9.1e-05 9.1e-05 (RCEX-011)
Information: Library Derived Cap for layer METAL4 : 0.00031 0.00031 (RCEX-011)
Information: Library Derived Res for layer METAL4 : 9.1e-05 9.1e-05 (RCEX-011)
Information: Library Derived Cap for layer METAL5 : 0.00035 0.00035 (RCEX-011)
Information: Library Derived Res for layer METAL5 : 9.1e-05 9.1e-05 (RCEX-011)
Information: Library Derived Cap for layer METAL6 : 0.00031 0.00031 (RCEX-011)
Information: Library Derived Res for layer METAL6 : 9.1e-05 9.1e-05 (RCEX-011)
Information: Library Derived Cap for layer METAL7 : 0.00035 0.00035 (RCEX-011)
Information: Library Derived Res for layer METAL7 : 9.1e-05 9.1e-05 (RCEX-011)
Information: Library Derived Cap for layer METAL8 : 0.0003 0.0003 (RCEX-011)
Information: Library Derived Res for layer METAL8 : 1.2e-05 1.2e-05 (RCEX-011)
Information: Library Derived Horizontal Cap : 0.00035 0.00035 (RCEX-011)
Information: Library Derived Horizontal Res : 9.1e-05 9.1e-05 (RCEX-011)
Information: Library Derived Vertical Cap : 0.00031 0.00031 (RCEX-011)
Information: Library Derived Vertical Res : 9.1e-05 9.1e-05 (RCEX-011)
Information: Using derived R and C coefficients. (RCEX-008)
Information: Using region-based R and C coefficients. (RCEX-013)
Information: Library Derived Via Res : 0.0001 0.0001 (RCEX-011)
Information: End rc update.
Information: The mixed mode parasitic extraction has been performed. (RCEX-202)
Information: Using 4 cores for timing computations. (TIM-270)
Information: Updating design information... (UID-85)
Information: Input delay ('rise') on clock port 'clk' will be added to the clock's propagated skew. (TIM-112)
Information: Input delay ('fall') on clock port 'clk' will be added to the clock's propagated skew. (TIM-112)
GART: Updated design time.
Information: Layer METAL1 is ignored for resistance and capacitance computation. (RCEX-019)
Information: Layer METAL2 is ignored for resistance and capacitance computation. (RCEX-019)
Information: Layer METAL7 is ignored for resistance and capacitance computation. (RCEX-019)
Information: Layer METAL8 is ignored for resistance and capacitance computation. (RCEX-019)
****************************************************************
Information: TLUPlus based RC computation is enabled. (RCEX-141)
****************************************************************
Information: The distance unit in Capacitance and Resistance is 1 micron. (RCEX-007)
Information: The RC model used is TLU+. (RCEX-015)
Information: Library Derived Cap for layer METAL1 : 0.00025 0.00025 (RCEX-011)
Information: Library Derived Res for layer METAL1 : 0.0002 0.0002 (RCEX-011)
Information: Library Derived Cap for layer METAL2 : 0.00031 0.00031 (RCEX-011)
Information: Library Derived Res for layer METAL2 : 9.1e-05 9.1e-05 (RCEX-011)
Information: Library Derived Cap for layer METAL3 : 0.00035 0.00035 (RCEX-011)
Information: Library Derived Res for layer METAL3 : 9.1e-05 9.1e-05 (RCEX-011)
Information: Library Derived Cap for layer METAL4 : 0.00031 0.00031 (RCEX-011)
Information: Library Derived Res for layer METAL4 : 9.1e-05 9.1e-05 (RCEX-011)
Information: Library Derived Cap for layer METAL5 : 0.00035 0.00035 (RCEX-011)
Information: Library Derived Res for layer METAL5 : 9.1e-05 9.1e-05 (RCEX-011)
Information: Library Derived Cap for layer METAL6 : 0.00031 0.00031 (RCEX-011)
Information: Library Derived Res for layer METAL6 : 9.1e-05 9.1e-05 (RCEX-011)
Information: Library Derived Cap for layer METAL7 : 0.00035 0.00035 (RCEX-011)
Information: Library Derived Res for layer METAL7 : 9.1e-05 9.1e-05 (RCEX-011)
Information: Library Derived Cap for layer METAL8 : 0.0003 0.0003 (RCEX-011)
Information: Library Derived Res for layer METAL8 : 1.2e-05 1.2e-05 (RCEX-011)
Information: Library Derived Horizontal Cap : 0.00035 0.00035 (RCEX-011)
Information: Library Derived Horizontal Res : 9.1e-05 9.1e-05 (RCEX-011)
Information: Library Derived Vertical Cap : 0.00031 0.00031 (RCEX-011)
Information: Library Derived Vertical Res : 9.1e-05 9.1e-05 (RCEX-011)
Information: Using derived R and C coefficients. (RCEX-008)
Information: Using region-based R and C coefficients. (RCEX-013)
Information: Library Derived Via Res : 0.0001 0.0001 (RCEX-011)
GART: Transferring timing data to the router....
GART: Done transferring timing data to the router.
Information: Running global route with timing driven mode true (route_opt default). (ROPT-020)
Information: Running track_assign with timing driven mode true (route_opt default). (ROPT-020)
Information: Running detail route with timing driven mode true (route_opt default). (ROPT-020)
ROPT:    Running Initial Route             Fri Nov 28 20:07:42 2025

  Beginning initial routing 
  --------------------------

Turn off antenna since no rule is specified
Cell Min-Routing-Layer = METAL3
Cell Max-Routing-Layer = METAL6
Warning: Cell PCORNER contains more than 100000 obstructions (311044).  This may increase routing runtime.  You may wish to re-run BPV.  (ZRT-092)
Warning: Blockage, pin, and via extraction on 8 macros was done with "treat blockage as thin". (ZRT-023)
Warning: Ignore 2 top cell ports with no pins. (ZRT-027)
Warning: Pin i_rd/PAD of net rd has no valid shapes to connect. (ZRT-100)
Warning: Pin i_sel/PAD of net sel has no valid shapes to connect. (ZRT-100)
Warning: Pin i_data_e/PAD of net data_e has no valid shapes to connect. (ZRT-100)
Warning: Pin i_halt/PAD of net halt has no valid shapes to connect. (ZRT-100)
Warning: Pin i_inc_pc/PAD of net inc_pc has no valid shapes to connect. (ZRT-100)
Warning: Pin i_ld_pc/PAD of net ld_pc has no valid shapes to connect. (ZRT-100)
Warning: Pin i_ld_ac/PAD of net ld_ac has no valid shapes to connect. (ZRT-100)
Warning: Pin i_ld_ir/PAD of net ld_ir has no valid shapes to connect. (ZRT-100)
Warning: Pin i_wr/PAD of net wr has no valid shapes to connect. (ZRT-100)
Warning: Pin i_opcode_2/PAD of net opcode[2] has no valid shapes to connect. (ZRT-100)
Warning: Pin i_opcode_1/PAD of net opcode[1] has no valid shapes to connect. (ZRT-100)
Warning: Pin i_opcode_0/PAD of net opcode[0] has no valid shapes to connect. (ZRT-100)
Warning: Pin i_zero/PAD of net zero has no valid shapes to connect. (ZRT-100)
Warning: Pin i_clk/PAD of net clk has no valid shapes to connect. (ZRT-100)
Warning: Pin i_rst/PAD of net rst_ has no valid shapes to connect. (ZRT-100)
Warning: Cannot find a fat contact for layer 'VIA78'. (ZRT-010)
Via on layer (VIA78) needs more than one tracks
Warning: Layer METAL7 pitch 0.410 may be too small: wire/via-down 0.400, wire/via-up 0.490. (ZRT-026)
Start Global Route ... 
[Init] Elapsed real time: 0:00:00 
[Init] Elapsed cpu  time: sys=0:00:00 usr=0:00:00 total=0:00:00
[Init] Stage (MB): Used    0  Alloctr    0  Proc    0 
[Init] Total (MB): Used  102  Alloctr  103  Proc 2265 
Printing options for 'set_route_zrt_common_options'

Printing options for 'set_route_zrt_global_options'
-timing_driven                                          :	 true                

Begin global routing.
Constructing data structure ...
Design statistics:
Design Bounding Box (0.00,0.00,604.42,604.00)
Number of routing layers = 8
layer METAL1, dir Hor, min width = 0.16, min space = 0.18 pitch = 0.41
layer METAL2, dir Ver, min width = 0.20, min space = 0.20 pitch = 0.46
layer METAL3, dir Hor, min width = 0.20, min space = 0.20 pitch = 0.41
layer METAL4, dir Ver, min width = 0.20, min space = 0.20 pitch = 0.46
layer METAL5, dir Hor, min width = 0.20, min space = 0.20 pitch = 0.41
layer METAL6, dir Ver, min width = 0.20, min space = 0.20 pitch = 0.46
layer METAL7, dir Hor, min width = 0.20, min space = 0.20 pitch = 0.41
layer METAL8, dir Ver, min width = 0.44, min space = 0.46 pitch = 0.96
Current Stage stats:
[End of Build Tech Data] Elapsed real time: 0:00:00 
[End of Build Tech Data] Elapsed cpu  time: sys=0:00:00 usr=0:00:00 total=0:00:00
[End of Build Tech Data] Stage (MB): Used    3  Alloctr    3  Proc    0 
[End of Build Tech Data] Total (MB): Used  105  Alloctr  106  Proc 2265 
Net statistics:
Total number of nets     = 53
Number of nets to route  = 35
Number of single or zero port nets = 15
Number of nets with min-layer-mode soft = 1
Number of nets with min-layer-mode soft-cost-medium = 1
Number of nets with max-layer-mode hard = 1
3 nets are fully connected,
 of which 3 are detail routed and 0 are global routed.
Current Stage stats:
[End of Build All Nets] Elapsed real time: 0:00:00 
[End of Build All Nets] Elapsed cpu  time: sys=0:00:00 usr=0:00:00 total=0:00:00
[End of Build All Nets] Stage (MB): Used    0  Alloctr    0  Proc    0 
[End of Build All Nets] Total (MB): Used  105  Alloctr  106  Proc 2265 
Average gCell capacity  0.00	 on layer (1)	 METAL1
Average gCell capacity  3.16	 on layer (2)	 METAL2
Average gCell capacity  3.52	 on layer (3)	 METAL3
Average gCell capacity  2.24	 on layer (4)	 METAL4
Average gCell capacity  2.46	 on layer (5)	 METAL5
Average gCell capacity  2.23	 on layer (6)	 METAL6
Average gCell capacity  2.37	 on layer (7)	 METAL7
Average gCell capacity  0.00	 on layer (8)	 METAL8
Average number of tracks per gCell 8.98	 on layer (1)	 METAL1
Average number of tracks per gCell 8.06	 on layer (2)	 METAL2
Average number of tracks per gCell 8.98	 on layer (3)	 METAL3
Average number of tracks per gCell 8.06	 on layer (4)	 METAL4
Average number of tracks per gCell 8.98	 on layer (5)	 METAL5
Average number of tracks per gCell 8.06	 on layer (6)	 METAL6
Average number of tracks per gCell 8.98	 on layer (7)	 METAL7
Average number of tracks per gCell 3.87	 on layer (8)	 METAL8
Number of gCells = 213856
Current Stage stats:
[End of Build Congestion map] Elapsed real time: 0:00:00 
[End of Build Congestion map] Elapsed cpu  time: sys=0:00:00 usr=0:00:00 total=0:00:00
[End of Build Congestion map] Stage (MB): Used    0  Alloctr    0  Proc   32 
[End of Build Congestion map] Total (MB): Used  105  Alloctr  107  Proc 2297 
Total stats:
[End of Build Data] Elapsed real time: 0:00:00 
[End of Build Data] Elapsed cpu  time: sys=0:00:00 usr=0:00:00 total=0:00:00
[End of Build Data] Stage (MB): Used    2  Alloctr    3  Proc   32 
[End of Build Data] Total (MB): Used  105  Alloctr  107  Proc 2297 
Current Stage stats:
[End of Blocked Pin Detection] Elapsed real time: 0:00:00 
[End of Blocked Pin Detection] Elapsed cpu  time: sys=0:00:00 usr=0:00:00 total=0:00:00
[End of Blocked Pin Detection] Stage (MB): Used    0  Alloctr    0  Proc    0 
[End of Blocked Pin Detection] Total (MB): Used  105  Alloctr  107  Proc 2297 
Information: Using 4 threads for routing. (ZRT-444)
multi gcell levels ON

Start GR phase 0
Current Stage stats:
[End of Initial Routing] Elapsed real time: 0:00:00 
[End of Initial Routing] Elapsed cpu  time: sys=0:00:00 usr=0:00:00 total=0:00:00
[End of Initial Routing] Stage (MB): Used    0  Alloctr    0  Proc    0 
[End of Initial Routing] Total (MB): Used  105  Alloctr  107  Proc 2297 
Initial. Routing result:
Initial. Both Dirs: Overflow =     0 Max = 0 GRCs =     0 (0.00%)
Initial. H routing: Overflow =     0 Max = 0 (GRCs =  0) GRCs =     0 (0.00%)
Initial. V routing: Overflow =     0 Max = 0 (GRCs =  0) GRCs =     0 (0.00%)
Initial. METAL1     Overflow =     0 Max = 0 (GRCs =  0) GRCs =     0 (0.00%)
Initial. METAL2     Overflow =     0 Max = 0 (GRCs =  0) GRCs =     0 (0.00%)
Initial. METAL3     Overflow =     0 Max = 0 (GRCs =  0) GRCs =     0 (0.00%)
Initial. METAL4     Overflow =     0 Max = 0 (GRCs =  0) GRCs =     0 (0.00%)
Initial. METAL5     Overflow =     0 Max = 0 (GRCs =  0) GRCs =     0 (0.00%)
Initial. METAL6     Overflow =     0 Max = 0 (GRCs =  0) GRCs =     0 (0.00%)
Initial. METAL7     Overflow =     0 Max = 0 (GRCs =  0) GRCs =     0 (0.00%)
Initial. METAL8     Overflow =     0 Max = 0 (GRCs =  0) GRCs =     0 (0.00%)


Density distribution:
Layer    0.0  0.1  0.2  0.3  0.4  0.5  0.6  0.7  0.8  0.9  1.0  1.1  1.2  > 1.2 
METAL1   100. 0.00 0.00 0.00 0.00 0.00 0.00 0.00 0.00 0.00 0.00 0.00 0.00 0.00
METAL2   99.8 0.07 0.06 0.04 0.00 0.00 0.00 0.00 0.00 0.00 0.00 0.00 0.00 0.00
METAL3   98.4 1.21 0.17 0.07 0.07 0.03 0.02 0.01 0.00 0.00 0.00 0.00 0.00 0.00
METAL4   97.7 2.02 0.20 0.04 0.00 0.02 0.00 0.00 0.00 0.00 0.00 0.00 0.00 0.00
METAL5   99.7 0.21 0.00 0.00 0.00 0.00 0.00 0.00 0.00 0.00 0.00 0.00 0.00 0.00
METAL6   99.8 0.16 0.00 0.00 0.00 0.00 0.00 0.00 0.00 0.00 0.00 0.00 0.00 0.00
METAL7   100. 0.00 0.00 0.00 0.00 0.00 0.00 0.00 0.00 0.00 0.00 0.00 0.00 0.00
METAL8   100. 0.00 0.00 0.00 0.00 0.00 0.00 0.00 0.00 0.00 0.00 0.00 0.00 0.00
Total    99.2 0.60 0.07 0.02 0.01 0.01 0.00 0.00 0.00 0.00 0.00 0.00 0.00 0.00


Initial. Total Wire Length = 3329.36
Initial. Layer METAL1 wire length = 0.00
Initial. Layer METAL2 wire length = 0.00
Initial. Layer METAL3 wire length = 1563.19
Initial. Layer METAL4 wire length = 1766.17
Initial. Layer METAL5 wire length = 0.00
Initial. Layer METAL6 wire length = 0.00
Initial. Layer METAL7 wire length = 0.00
Initial. Layer METAL8 wire length = 0.00
Initial. Total Number of Contacts = 283
Initial. Via via1 count = 94
Initial. Via via2 count = 94
Initial. Via via3 count = 95
Initial. Via via4 count = 0
Initial. Via via5 count = 0
Initial. Via via6 count = 0
Initial. Via via7 count = 0
Initial. completed.

Start GR phase 1
Current Stage stats:
[End of Phase1 Routing] Elapsed real time: 0:00:00 
[End of Phase1 Routing] Elapsed cpu  time: sys=0:00:00 usr=0:00:00 total=0:00:00
[End of Phase1 Routing] Stage (MB): Used    0  Alloctr    0  Proc    0 
[End of Phase1 Routing] Total (MB): Used  105  Alloctr  107  Proc 2297 
phase1. Routing result:
phase1. Both Dirs: Overflow =     0 Max = 0 GRCs =     0 (0.00%)
phase1. H routing: Overflow =     0 Max = 0 (GRCs =  0) GRCs =     0 (0.00%)
phase1. V routing: Overflow =     0 Max = 0 (GRCs =  0) GRCs =     0 (0.00%)
phase1. METAL1     Overflow =     0 Max = 0 (GRCs =  0) GRCs =     0 (0.00%)
phase1. METAL2     Overflow =     0 Max = 0 (GRCs =  0) GRCs =     0 (0.00%)
phase1. METAL3     Overflow =     0 Max = 0 (GRCs =  0) GRCs =     0 (0.00%)
phase1. METAL4     Overflow =     0 Max = 0 (GRCs =  0) GRCs =     0 (0.00%)
phase1. METAL5     Overflow =     0 Max = 0 (GRCs =  0) GRCs =     0 (0.00%)
phase1. METAL6     Overflow =     0 Max = 0 (GRCs =  0) GRCs =     0 (0.00%)
phase1. METAL7     Overflow =     0 Max = 0 (GRCs =  0) GRCs =     0 (0.00%)
phase1. METAL8     Overflow =     0 Max = 0 (GRCs =  0) GRCs =     0 (0.00%)


Density distribution:
Layer    0.0  0.1  0.2  0.3  0.4  0.5  0.6  0.7  0.8  0.9  1.0  1.1  1.2  > 1.2 
METAL1   100. 0.00 0.00 0.00 0.00 0.00 0.00 0.00 0.00 0.00 0.00 0.00 0.00 0.00
METAL2   99.8 0.07 0.06 0.04 0.00 0.00 0.00 0.00 0.00 0.00 0.00 0.00 0.00 0.00
METAL3   98.4 1.21 0.17 0.07 0.07 0.03 0.02 0.01 0.00 0.00 0.00 0.00 0.00 0.00
METAL4   97.7 2.02 0.20 0.04 0.00 0.02 0.00 0.00 0.00 0.00 0.00 0.00 0.00 0.00
METAL5   99.7 0.21 0.00 0.00 0.00 0.00 0.00 0.00 0.00 0.00 0.00 0.00 0.00 0.00
METAL6   99.8 0.16 0.00 0.00 0.00 0.00 0.00 0.00 0.00 0.00 0.00 0.00 0.00 0.00
METAL7   100. 0.00 0.00 0.00 0.00 0.00 0.00 0.00 0.00 0.00 0.00 0.00 0.00 0.00
METAL8   100. 0.00 0.00 0.00 0.00 0.00 0.00 0.00 0.00 0.00 0.00 0.00 0.00 0.00
Total    99.2 0.60 0.07 0.02 0.01 0.01 0.00 0.00 0.00 0.00 0.00 0.00 0.00 0.00


phase1. Total Wire Length = 3329.36
phase1. Layer METAL1 wire length = 0.00
phase1. Layer METAL2 wire length = 0.00
phase1. Layer METAL3 wire length = 1563.19
phase1. Layer METAL4 wire length = 1766.17
phase1. Layer METAL5 wire length = 0.00
phase1. Layer METAL6 wire length = 0.00
phase1. Layer METAL7 wire length = 0.00
phase1. Layer METAL8 wire length = 0.00
phase1. Total Number of Contacts = 283
phase1. Via via1 count = 94
phase1. Via via2 count = 94
phase1. Via via3 count = 95
phase1. Via via4 count = 0
phase1. Via via5 count = 0
phase1. Via via6 count = 0
phase1. Via via7 count = 0
phase1. completed.

Start GR phase 2
Current Stage stats:
[End of Phase2 Routing] Elapsed real time: 0:00:00 
[End of Phase2 Routing] Elapsed cpu  time: sys=0:00:00 usr=0:00:00 total=0:00:00
[End of Phase2 Routing] Stage (MB): Used    0  Alloctr    0  Proc    0 
[End of Phase2 Routing] Total (MB): Used  105  Alloctr  107  Proc 2297 
phase2. Routing result:
phase2. Both Dirs: Overflow =     0 Max = 0 GRCs =     0 (0.00%)
phase2. H routing: Overflow =     0 Max = 0 (GRCs =  0) GRCs =     0 (0.00%)
phase2. V routing: Overflow =     0 Max = 0 (GRCs =  0) GRCs =     0 (0.00%)
phase2. METAL1     Overflow =     0 Max = 0 (GRCs =  0) GRCs =     0 (0.00%)
phase2. METAL2     Overflow =     0 Max = 0 (GRCs =  0) GRCs =     0 (0.00%)
phase2. METAL3     Overflow =     0 Max = 0 (GRCs =  0) GRCs =     0 (0.00%)
phase2. METAL4     Overflow =     0 Max = 0 (GRCs =  0) GRCs =     0 (0.00%)
phase2. METAL5     Overflow =     0 Max = 0 (GRCs =  0) GRCs =     0 (0.00%)
phase2. METAL6     Overflow =     0 Max = 0 (GRCs =  0) GRCs =     0 (0.00%)
phase2. METAL7     Overflow =     0 Max = 0 (GRCs =  0) GRCs =     0 (0.00%)
phase2. METAL8     Overflow =     0 Max = 0 (GRCs =  0) GRCs =     0 (0.00%)


Density distribution:
Layer    0.0  0.1  0.2  0.3  0.4  0.5  0.6  0.7  0.8  0.9  1.0  1.1  1.2  > 1.2 
METAL1   100. 0.00 0.00 0.00 0.00 0.00 0.00 0.00 0.00 0.00 0.00 0.00 0.00 0.00
METAL2   99.8 0.07 0.06 0.04 0.00 0.00 0.00 0.00 0.00 0.00 0.00 0.00 0.00 0.00
METAL3   98.4 1.21 0.17 0.08 0.06 0.03 0.02 0.01 0.00 0.00 0.00 0.00 0.00 0.00
METAL4   97.7 2.02 0.20 0.04 0.00 0.02 0.00 0.00 0.00 0.00 0.00 0.00 0.00 0.00
METAL5   99.7 0.21 0.00 0.00 0.00 0.00 0.00 0.00 0.00 0.00 0.00 0.00 0.00 0.00
METAL6   99.8 0.16 0.00 0.00 0.00 0.00 0.00 0.00 0.00 0.00 0.00 0.00 0.00 0.00
METAL7   100. 0.00 0.00 0.00 0.00 0.00 0.00 0.00 0.00 0.00 0.00 0.00 0.00 0.00
METAL8   100. 0.00 0.00 0.00 0.00 0.00 0.00 0.00 0.00 0.00 0.00 0.00 0.00 0.00
Total    99.2 0.60 0.07 0.02 0.01 0.01 0.00 0.00 0.00 0.00 0.00 0.00 0.00 0.00


phase2. Total Wire Length = 3329.36
phase2. Layer METAL1 wire length = 0.00
phase2. Layer METAL2 wire length = 0.00
phase2. Layer METAL3 wire length = 1563.19
phase2. Layer METAL4 wire length = 1766.17
phase2. Layer METAL5 wire length = 0.00
phase2. Layer METAL6 wire length = 0.00
phase2. Layer METAL7 wire length = 0.00
phase2. Layer METAL8 wire length = 0.00
phase2. Total Number of Contacts = 283
phase2. Via via1 count = 94
phase2. Via via2 count = 94
phase2. Via via3 count = 95
phase2. Via via4 count = 0
phase2. Via via5 count = 0
phase2. Via via6 count = 0
phase2. Via via7 count = 0
phase2. completed.
[End of Whole Chip Routing] Elapsed real time: 0:00:00 
[End of Whole Chip Routing] Elapsed cpu  time: sys=0:00:00 usr=0:00:00 total=0:00:00
[End of Whole Chip Routing] Stage (MB): Used    2  Alloctr    3  Proc   32 
[End of Whole Chip Routing] Total (MB): Used  105  Alloctr  107  Proc 2297 

Information: Global Routing terminated early: true (ZRT-103)

Congestion utilization per direction:
Average vertical track utilization   =  0.30 %
Peak    vertical track utilization   = 29.17 %
Average horizontal track utilization =  0.24 %
Peak    horizontal track utilization = 29.63 %

Current Stage stats:
[GR: Done] Elapsed real time: 0:00:00 
[GR: Done] Elapsed cpu  time: sys=0:00:00 usr=0:00:00 total=0:00:00
[GR: Done] Stage (MB): Used   -1  Alloctr   -2  Proc    0 
[GR: Done] Total (MB): Used  104  Alloctr  105  Proc 2297 
GR Total stats:
[GR: Done] Elapsed real time: 0:00:00 
[GR: Done] Elapsed cpu  time: sys=0:00:00 usr=0:00:00 total=0:00:00
[GR: Done] Stage (MB): Used    2  Alloctr    2  Proc   32 
[GR: Done] Total (MB): Used  104  Alloctr  105  Proc 2297 
Updating congestion ...
Final total stats:
[End of Global Routing] Elapsed real time: 0:00:00 
[End of Global Routing] Elapsed cpu  time: sys=0:00:00 usr=0:00:00 total=0:00:00
[End of Global Routing] Stage (MB): Used    0  Alloctr    0  Proc   32 
[End of Global Routing] Total (MB): Used  102  Alloctr  103  Proc 2297 

Start track assignment

Printing options for 'set_route_zrt_common_options'

Printing options for 'set_route_zrt_track_options'
-timing_driven                                          :	 true                

Information: Using 4 threads for routing. (ZRT-444)

[Track Assign: Read routes] Elapsed real time: 0:00:00 
[Track Assign: Read routes] Elapsed cpu  time: sys=0:00:00 usr=0:00:00 total=0:00:00
[Track Assign: Read routes] Stage (MB): Used    1  Alloctr    1  Proc    0 
[Track Assign: Read routes] Total (MB): Used  103  Alloctr  104  Proc 2297 

Start initial assignment

Assign Horizontal partitions, iteration 0
Routed partition 1/24      
Routed partition 3/24      
Routed partition 3/24      
Routed partition 4/24      
Routed partition 5/24      
Routed partition 6/24      
Routed partition 7/24      
Routed partition 8/24      
Routed partition 9/24      
Routed partition 10/24     
Routed partition 11/24     
Routed partition 12/24     
Routed partition 13/24     
Routed partition 14/24     
Routed partition 15/24     
Routed partition 16/24     
Routed partition 17/24     
Routed partition 18/24     
Routed partition 19/24     
Routed partition 20/24     
Routed partition 21/24     
Routed partition 22/24     
Routed partition 23/24     
Routed partition 24/24     

Assign Vertical partitions, iteration 0
Routed partition 1/24      
Routed partition 2/24      
Routed partition 4/24      
Routed partition 4/24      
Routed partition 5/24      
Routed partition 6/24      
Routed partition 7/24      
Routed partition 8/24      
Routed partition 9/24      
Routed partition 10/24     
Routed partition 11/24     
Routed partition 12/24     
Routed partition 13/24     
Routed partition 14/24     
Routed partition 15/24     
Routed partition 16/24     
Routed partition 17/24     
Routed partition 18/24     
Routed partition 19/24     
Routed partition 20/24     
Routed partition 21/24     
Routed partition 22/24     
Routed partition 23/24     
Routed partition 24/24     

Number of wires with overlap after iteration 0 = 126 of 337


[Track Assign: Iteration 0] Elapsed real time: 0:00:00 
[Track Assign: Iteration 0] Elapsed cpu  time: sys=0:00:00 usr=0:00:00 total=0:00:00
[Track Assign: Iteration 0] Stage (MB): Used    1  Alloctr    1  Proc   22 
[Track Assign: Iteration 0] Total (MB): Used  103  Alloctr  104  Proc 2320 

Reroute to fix overlaps

Assign Horizontal partitions, iteration 1
Routed partition 1/24      
Routed partition 2/24      
Routed partition 3/24      
Routed partition 4/24      
Routed partition 5/24      
Routed partition 6/24      
Routed partition 7/24      
Routed partition 8/24      
Routed partition 9/24      
Routed partition 10/24     
Routed partition 11/24     
Routed partition 12/24     
Routed partition 13/24     
Routed partition 14/24     
Routed partition 15/24     
Routed partition 16/24     
Routed partition 17/24     
Routed partition 18/24     
Routed partition 19/24     
Routed partition 20/24     
Routed partition 21/24     
Routed partition 22/24     
Routed partition 23/24     
Routed partition 24/24     

Assign Vertical partitions, iteration 1
Routed partition 1/24      
Routed partition 2/24      
Routed partition 3/24      
Routed partition 4/24      
Routed partition 5/24      
Routed partition 6/24      
Routed partition 7/24      
Routed partition 8/24      
Routed partition 9/24      
Routed partition 10/24     
Routed partition 11/24     
Routed partition 12/24     
Routed partition 13/24     
Routed partition 14/24     
Routed partition 15/24     
Routed partition 16/24     
Routed partition 17/24     
Routed partition 18/24     
Routed partition 19/24     
Routed partition 20/24     
Routed partition 21/24     
Routed partition 22/24     
Routed partition 23/24     
Routed partition 24/24     

[Track Assign: Iteration 1] Elapsed real time: 0:00:00 
[Track Assign: Iteration 1] Elapsed cpu  time: sys=0:00:00 usr=0:00:01 total=0:00:01
[Track Assign: Iteration 1] Stage (MB): Used    1  Alloctr    1  Proc   22 
[Track Assign: Iteration 1] Total (MB): Used  103  Alloctr  104  Proc 2320 

Number of wires with overlap after iteration 1 = 40 of 222


Wire length and via report:
---------------------------
Number of METAL1 wires: 15 		 CONT1: 0
Number of METAL2 wires: 25 		 via1: 114
Number of METAL3 wires: 103 		 via2: 115
Number of METAL4 wires: 77 		 via3: 111
Number of METAL5 wires: 2 		 via4: 4
Number of METAL6 wires: 0 		 via5: 0
Number of METAL7 wires: 0 		 via6: 0
Number of METAL8 wires: 0 		 via7: 0
Total number of wires: 222 		 vias: 344

Total METAL1 wire length: 12.2
Total METAL2 wire length: 14.5
Total METAL3 wire length: 1541.1
Total METAL4 wire length: 1762.7
Total METAL5 wire length: 21.9
Total METAL6 wire length: 0.0
Total METAL7 wire length: 0.0
Total METAL8 wire length: 0.0
Total wire length: 3352.4

Longest METAL1 wire length: 1.8
Longest METAL2 wire length: 2.8
Longest METAL3 wire length: 105.3
Longest METAL4 wire length: 147.6
Longest METAL5 wire length: 19.8
Longest METAL6 wire length: 0.0
Longest METAL7 wire length: 0.0
Longest METAL8 wire length: 0.0


[Track Assign: Done] Elapsed real time: 0:00:00 
[Track Assign: Done] Elapsed cpu  time: sys=0:00:00 usr=0:00:01 total=0:00:01
[Track Assign: Done] Stage (MB): Used    0  Alloctr    0  Proc   22 
[Track Assign: Done] Total (MB): Used  103  Alloctr  104  Proc 2320 
Printing options for 'set_route_zrt_common_options'

Printing options for 'set_route_zrt_detail_options'
-timing_driven                                          :	 true                

[Dr init] Elapsed real time: 0:00:00 
[Dr init] Elapsed cpu  time: sys=0:00:00 usr=0:00:00 total=0:00:00
[Dr init] Stage (MB): Used    5  Alloctr    5  Proc    0 
[Dr init] Total (MB): Used  108  Alloctr  109  Proc 2320 
Total number of nets = 53, of which 0 are not extracted
Total number of open nets = 0, of which 0 are frozen
Information: Using 4 threads for routing. (ZRT-444)
Start DR iteration 0: uniform partition
Routed	85/289 Partitions, Violations =	0
Routed	86/289 Partitions, Violations =	0
Routed	89/289 Partitions, Violations =	0
Routed	90/289 Partitions, Violations =	0
Routed	91/289 Partitions, Violations =	0
Routed	97/289 Partitions, Violations =	0
Routed	108/289 Partitions, Violations =	0
Routed	109/289 Partitions, Violations =	0
Routed	114/289 Partitions, Violations =	0
Routed	116/289 Partitions, Violations =	0
Routed	117/289 Partitions, Violations =	0
Routed	118/289 Partitions, Violations =	0
Routed	121/289 Partitions, Violations =	0
Routed	131/289 Partitions, Violations =	0
Routed	133/289 Partitions, Violations =	0
Routed	143/289 Partitions, Violations =	0
Routed	144/289 Partitions, Violations =	0
Routed	154/289 Partitions, Violations =	0
Routed	164/289 Partitions, Violations =	0
Routed	174/289 Partitions, Violations =	0
Routed	175/289 Partitions, Violations =	0
Routed	176/289 Partitions, Violations =	0
Routed	177/289 Partitions, Violations =	0
Routed	242/289 Partitions, Violations =	1
Routed	243/289 Partitions, Violations =	1
Routed	244/289 Partitions, Violations =	1
Routed	246/289 Partitions, Violations =	1
Routed	250/289 Partitions, Violations =	1
Routed	251/289 Partitions, Violations =	1
Routed	252/289 Partitions, Violations =	1
Routed	253/289 Partitions, Violations =	1
Routed	254/289 Partitions, Violations =	1
Routed	255/289 Partitions, Violations =	1
Routed	256/289 Partitions, Violations =	1
Routed	257/289 Partitions, Violations =	1
Routed	258/289 Partitions, Violations =	0
Routed	259/289 Partitions, Violations =	0
Routed	268/289 Partitions, Violations =	0
Routed	269/289 Partitions, Violations =	0
Routed	270/289 Partitions, Violations =	0
Routed	271/289 Partitions, Violations =	0
Routed	273/289 Partitions, Violations =	0
Routed	275/289 Partitions, Violations =	0
Routed	278/289 Partitions, Violations =	0
Routed	279/289 Partitions, Violations =	0
Routed	280/289 Partitions, Violations =	0
Routed	281/289 Partitions, Violations =	0
Routed	282/289 Partitions, Violations =	0
Routed	283/289 Partitions, Violations =	0
Routed	284/289 Partitions, Violations =	0
Routed	286/289 Partitions, Violations =	0
Routed	287/289 Partitions, Violations =	0

DRC-SUMMARY:
	@@@@@@@ TOTAL VIOLATIONS =	0

[Iter 0] Elapsed real time: 0:00:00 
[Iter 0] Elapsed cpu  time: sys=0:00:00 usr=0:00:00 total=0:00:00
[Iter 0] Stage (MB): Used   13  Alloctr   13  Proc    0 
[Iter 0] Total (MB): Used  116  Alloctr  117  Proc 2320 

End DR iteration 0 with 289 parts

Finish DR since reached 0 DRC

Information: Detail Routing terminated early because DRCs were not converging: false (ZRT-312)
[DR] Elapsed real time: 0:00:00 
[DR] Elapsed cpu  time: sys=0:00:00 usr=0:00:00 total=0:00:00
[DR] Stage (MB): Used    0  Alloctr    0  Proc    0 
[DR] Total (MB): Used  103  Alloctr  104  Proc 2320 
[DR: Done] Elapsed real time: 0:00:00 
[DR: Done] Elapsed cpu  time: sys=0:00:00 usr=0:00:00 total=0:00:00
[DR: Done] Stage (MB): Used    0  Alloctr    0  Proc    0 
[DR: Done] Total (MB): Used  103  Alloctr  104  Proc 2320 

DR finished with 0 open nets, of which 0 are frozen

DR finished with 0 violations

DRC-SUMMARY:
	@@@@@@@ TOTAL VIOLATIONS =	0



Total Wire Length =                    3661 micron
Total Number of Contacts =             318
Total Number of Wires =                231
Total Number of PtConns =              100
Total Number of Routed Wires =       231
Total Routed Wire Length =           3616 micron
Total Number of Routed Contacts =       318
	Layer    METAL1 :         10 micron
	Layer    METAL2 :         49 micron
	Layer    METAL3 :       1564 micron
	Layer    METAL4 :       1763 micron
	Layer    METAL5 :        163 micron
	Layer    METAL6 :        111 micron
	Layer    METAL7 :          0 micron
	Layer    METAL8 :          0 micron
	Via        via5 :          4
	Via        via4 :          5
	Via        via3 :        106
	Via        via2 :        103
	Via        via1 :         99
	Via   via1(rot) :          1

 
Redundant via conversion report:
--------------------------------

  Total optimized via conversion rate =  0.00% (0 / 318 vias)
 
    Layer VIA12      =  0.00% (0      / 100     vias)
        Un-optimized = 100.00% (100     vias)
    Layer VIA23      =  0.00% (0      / 103     vias)
        Un-optimized = 100.00% (103     vias)
    Layer VIA34      =  0.00% (0      / 106     vias)
        Un-optimized = 100.00% (106     vias)
    Layer VIA45      =  0.00% (0      / 5       vias)
        Un-optimized = 100.00% (5       vias)
    Layer VIA56      =  0.00% (0      / 4       vias)
        Un-optimized = 100.00% (4       vias)
 
  Total double via conversion rate    =  0.00% (0 / 318 vias)
 
    Layer VIA12      =  0.00% (0      / 100     vias)
    Layer VIA23      =  0.00% (0      / 103     vias)
    Layer VIA34      =  0.00% (0      / 106     vias)
    Layer VIA45      =  0.00% (0      / 5       vias)
    Layer VIA56      =  0.00% (0      / 4       vias)
 
  The optimized via conversion rate based on total routed via count =  0.00% (0 / 318 vias)
 
    Layer VIA12      =  0.00% (0      / 100     vias)
        Un-optimized = 100.00% (100     vias)
    Layer VIA23      =  0.00% (0      / 103     vias)
        Un-optimized = 100.00% (103     vias)
    Layer VIA34      =  0.00% (0      / 106     vias)
        Un-optimized = 100.00% (106     vias)
    Layer VIA45      =  0.00% (0      / 5       vias)
        Un-optimized = 100.00% (5       vias)
    Layer VIA56      =  0.00% (0      / 4       vias)
        Un-optimized = 100.00% (4       vias)
 

Total number of nets = 53
0 open nets, of which 0 are frozen
Total number of excluded ports = 0 ports of 0 unplaced cells connected to 0 nets
                                 0 ports without pins of 0 cells connected to 0 nets
                                 0 ports of 0 cover cells connected to 0 non-pg nets
Total number of DRCs = 0
Total number of antenna violations = antenna checking not active
Total number of voltage-area violations = no voltage-areas defined
Topology ECO iteration 1 ended with 0 qualifying violations.
Updating the database ...
Information: RC extraction has been freed. (PSYN-503)
ROPT:    Initial Route Done             Fri Nov 28 20:07:45 2025
1
save_mw_cel -as signal_route 
Information: Performing CEL netlist consistency check. (MWDC-118)
Information: CEL consistency check PASSED. (MWDC-119)
Information: Saved design named signal_route. (UIG-5)
1
#################################################### 
# Perform full post-route optimization 
################################################### 
set_si_options -delta_delay true -static_noise true
Information: Existing back annotation will be deleted.   (UID-1006)
Information: Min delta delay is on by default. (SI-140)
1
route_opt -skip_initial_route -xtalk_reduction -power 
Information: Running detail route with timing driven mode save after iteration 1 (route_opt default). (ROPT-020)
ROPT:    route_opt strategy for the design:
ROPT:    Stage                                 : auto
ROPT:    Effort                                : medium
ROPT:    Power mode                            : leakage
ROPT:    Skip Initial Route                    : Yes
ROPT:    Crosstalk reduction                   : Yes
ROPT:    Search-Repair loops                   : 10 
ROPT:    ECO Search-Repair loops               : 4 
ROPT:    Crosstalk Optimization loops          : 1 
ROPT:    Fix Hold Mode                         : route_based 
ROPT:    Route Violation threshold             : 3000 
 Routeopt: Using zrt router
Information: Running global route with timing driven mode true (route_opt default). (ROPT-020)
Information: Running track_assign with timing driven mode true (route_opt default). (ROPT-020)
Information: Running detail route with timing driven mode true (route_opt default). (ROPT-020)
Information: Running global route with crosstalk driven mode true (route_opt default). (ROPT-021)
Information: Running track assign with crosstalk driven mode true (route_opt default). (ROPT-021)
ROPT:    Skipping Initial Route             Fri Nov 28 20:07:45 2025
Warning: Could not read any link_library files. The link_library setting {"*", "typical_1v2c25.db", "SP013D3_V1p2_typ.db", "typical_1v2c25.db", "SP013D3_V1p2_typ.db"} may be invalid. (UID-349)

  Loading design 'control_pad'
Information: The library cell 'HOLDX1' in the library 'typical_1v2c25' is not characterized for internal power. (PWR-536)
Information: The target library(s) contains cell(s), other than black boxes, that are not characterized for internal power. (PWR-24)


Information: Setting a dont_touch attribute on net 'rd' because it is connected to a pad cell. (PSYN-088)
Information: Setting a dont_touch attribute on net 'zero' because it is connected to a pad cell. (PSYN-088)
Information: Setting a dont_touch attribute on net 'clk' because it is connected to a pad cell. (PSYN-088)
Information: Setting a dont_touch attribute on net 'rst_' because it is connected to a pad cell. (PSYN-088)
Information: Setting a dont_touch attribute on net 'opcode[2]' because it is connected to a pad cell. (PSYN-088)
Information: Setting a dont_touch attribute on net 'opcode[1]' because it is connected to a pad cell. (PSYN-088)
Information: Setting a dont_touch attribute on net 'opcode[0]' because it is connected to a pad cell. (PSYN-088)
Information: Setting a dont_touch attribute on net 'sel' because it is connected to a pad cell. (PSYN-088)
Information: Setting a dont_touch attribute on net 'data_e' because it is connected to a pad cell. (PSYN-088)
Information: Setting a dont_touch attribute on net 'halt' because it is connected to a pad cell. (PSYN-088)
Information: Setting a dont_touch attribute on net 'inc_pc' because it is connected to a pad cell. (PSYN-088)
Information: Setting a dont_touch attribute on net 'ld_pc' because it is connected to a pad cell. (PSYN-088)
Information: Setting a dont_touch attribute on net 'ld_ac' because it is connected to a pad cell. (PSYN-088)
Information: Setting a dont_touch attribute on net 'ld_ir' because it is connected to a pad cell. (PSYN-088)
Information: Setting a dont_touch attribute on net 'wr' because it is connected to a pad cell. (PSYN-088)


Information: Library Manufacturing Grid(GridResolution) : 5
Information: Time Unit from Milkyway design library: 'ns' 
Information: Design Library and main library timing units are matched - 1.000 ns. 
Information: Resistance Unit from Milkyway design library: 'kohm' 
Information: Design Library and main library resistance units are matched - 1.000 kohm. 
Information: Capacitance Unit from Milkyway design library: 'pf' 
Information: Design Library and main library capacitance units are matched - 1.000 pf. 
Warning: Inconsistent library data found for layer POLY1. (RCEX-018)
Information: Layer METAL1 is ignored for resistance and capacitance computation. (RCEX-019)
Information: Layer METAL2 is ignored for resistance and capacitance computation. (RCEX-019)
Information: Layer METAL7 is ignored for resistance and capacitance computation. (RCEX-019)
Information: Layer METAL8 is ignored for resistance and capacitance computation. (RCEX-019)
Information: The distance unit in Capacitance and Resistance is 1 micron. (RCEX-007)
Information: The RC model used is detail route TLU+. (RCEX-015)
Information: Start mixed mode parasitic extraction. (RCEX-023)
Information: Start rc extraction...
EKL_MT: Max number of thread is 16
Information: extraction with 4 threads (RCEX-208)
Memory usage for extraction task 684 Mbytes -- main task 497 Mbytes.
Information: Parasitic source is LPE. (RCEX-040)
Information: Parasitic mode is RealRC. (RCEX-041)
Information: Using virtual shield extraction. (RCEX-081)
Information: Extraction mode is MAX. (RCEX-042)
Information: Extraction derate is 25/25/25. (RCEX-043)
Information: Coupling capacitances are explicitly created. (RCEX-044)
Information: Start back annotation for parasitic extraction. (RCEX-023)
Information: End back annotation for parasitic extraction. (RCEX-023)
Information: Start timing update for parasitic extraction. (RCEX-023)
Information: End timing update for parasitic extraction. (RCEX-023)
Information: End parasitic extraction. (RCEX-023)
Information: Start rc update...
****************************************************************
Information: TLUPlus based RC computation is enabled. (RCEX-141)
****************************************************************
Information: The distance unit in Capacitance and Resistance is 1 micron. (RCEX-007)
Information: The RC model used is TLU+. (RCEX-015)
Information: Library Derived Cap for layer METAL1 : 0.00025 0.00025 (RCEX-011)
Information: Library Derived Res for layer METAL1 : 0.0002 0.0002 (RCEX-011)
Information: Library Derived Cap for layer METAL2 : 0.00031 0.00031 (RCEX-011)
Information: Library Derived Res for layer METAL2 : 9.1e-05 9.1e-05 (RCEX-011)
Information: Library Derived Cap for layer METAL3 : 0.00035 0.00035 (RCEX-011)
Information: Library Derived Res for layer METAL3 : 9.1e-05 9.1e-05 (RCEX-011)
Information: Library Derived Cap for layer METAL4 : 0.00031 0.00031 (RCEX-011)
Information: Library Derived Res for layer METAL4 : 9.1e-05 9.1e-05 (RCEX-011)
Information: Library Derived Cap for layer METAL5 : 0.00035 0.00035 (RCEX-011)
Information: Library Derived Res for layer METAL5 : 9.1e-05 9.1e-05 (RCEX-011)
Information: Library Derived Cap for layer METAL6 : 0.00031 0.00031 (RCEX-011)
Information: Library Derived Res for layer METAL6 : 9.1e-05 9.1e-05 (RCEX-011)
Information: Library Derived Cap for layer METAL7 : 0.00035 0.00035 (RCEX-011)
Information: Library Derived Res for layer METAL7 : 9.1e-05 9.1e-05 (RCEX-011)
Information: Library Derived Cap for layer METAL8 : 0.0003 0.0003 (RCEX-011)
Information: Library Derived Res for layer METAL8 : 1.2e-05 1.2e-05 (RCEX-011)
Information: Library Derived Horizontal Cap : 0.00035 0.00035 (RCEX-011)
Information: Library Derived Horizontal Res : 9.1e-05 9.1e-05 (RCEX-011)
Information: Library Derived Vertical Cap : 0.00031 0.00031 (RCEX-011)
Information: Library Derived Vertical Res : 9.1e-05 9.1e-05 (RCEX-011)
Information: Using derived R and C coefficients. (RCEX-008)
Information: Using region-based R and C coefficients. (RCEX-013)
Information: Library Derived Via Res : 0.0001 0.0001 (RCEX-011)
Information: End rc update.
Information: The mixed mode parasitic extraction has been performed. (RCEX-202)
Information: Updating graph... (UID-83)

************************************************************
SI options:
Delta Delay Computation:           true
Static Noise Computation:          true
Timing window analysis for SI:     false
Min Delta Delay for SI:            true
Analysis Effort:                   medium
Max Transition Mode:               normal_slew
Static Noise Thresholds:           0.35 (0.42V) above low
                                   0.35 (0.42V) below high
Route xtalk prevention:            true
Route xtalk prevention threshold:  0.35
************************************************************

Information: Updating design information... (UID-85)

************************************************************
SI options:
Delta Delay Computation:           true
Static Noise Computation:          true
Timing window analysis for SI:     false
Min Delta Delay for SI:            true
Analysis Effort:                   medium
Max Transition Mode:               normal_slew
Static Noise Thresholds:           0.35 (0.42V) above low
                                   0.35 (0.42V) below high
Route xtalk prevention:            true
Route xtalk prevention threshold:  0.35
************************************************************

Information: Input delay ('rise') on clock port 'clk' will be added to the clock's propagated skew. (TIM-112)
Information: Input delay ('fall') on clock port 'clk' will be added to the clock's propagated skew. (TIM-112)
Warning: Failed to compute the effective capacitance for the timing arc
	 (SP013D3_V1p2_typ/PI) i_opcode_2/PAD-->C (max-rising positive_unate)
	  because the library data indicates a non-positive drive resistance.
	  [r/f inp_slew = 18.3066/9.67021, out_cap = 0.031053  (lib units)] (RCCALC-004)
Warning: Failed to compute the effective capacitance for the timing arc
	 (SP013D3_V1p2_typ/PI) i_opcode_1/PAD-->C (max-rising positive_unate)
	  because the library data indicates a non-positive drive resistance.
	  [r/f inp_slew = 18.4574/9.74977, out_cap = 0.0388679  (lib units)] (RCCALC-004)
Warning: Failed to compute the effective capacitance for the timing arc
	 (SP013D3_V1p2_typ/PI) i_opcode_2/PAD-->C (max-falling positive_unate)
	  because the library data indicates a non-positive drive resistance.
	  [r/f inp_slew = 18.3066/9.67021, out_cap = 0.031053  (lib units)] (RCCALC-004)
Warning: Failed to compute the effective capacitance for the timing arc
	 (SP013D3_V1p2_typ/PI) i_opcode_1/PAD-->C (max-falling positive_unate)
	  because the library data indicates a non-positive drive resistance.
	  [r/f inp_slew = 18.4574/9.74977, out_cap = 0.0388679  (lib units)] (RCCALC-004)
Warning: Failed to compute the effective capacitance for the timing arc
	 (SP013D3_V1p2_typ/PI) i_opcode_2/PAD-->C (min-falling positive_unate)
	  because the library data indicates a non-positive drive resistance.
	  [r/f inp_slew = 18.3066/9.67021, out_cap = 0.031053  (lib units)] (RCCALC-004)
Warning: Failed to compute the effective capacitance for the timing arc
	 (SP013D3_V1p2_typ/PI) i_opcode_2/PAD-->C (min-rising positive_unate)
	  because the library data indicates a non-positive drive resistance.
	  [r/f inp_slew = 18.3066/9.67021, out_cap = 0.031053  (lib units)] (RCCALC-004)
Warning: Failed to compute the effective capacitance for the timing arc
	 (SP013D3_V1p2_typ/PI) i_opcode_1/PAD-->C (min-falling positive_unate)
	  because the library data indicates a non-positive drive resistance.
	  [r/f inp_slew = 18.4574/9.74977, out_cap = 0.0388679  (lib units)] (RCCALC-004)
Warning: Failed to compute the effective capacitance for the timing arc
	 (SP013D3_V1p2_typ/PI) i_opcode_1/PAD-->C (min-rising positive_unate)
	  because the library data indicates a non-positive drive resistance.
	  [r/f inp_slew = 18.4574/9.74977, out_cap = 0.0388679  (lib units)] (RCCALC-004)
Warning: Failed to compute the effective capacitance for the timing arc
	 (SP013D3_V1p2_typ/PI) i_opcode_0/PAD-->C (max-rising positive_unate)
	  because the library data indicates a non-positive drive resistance.
	  [r/f inp_slew = 18.4465/9.74404, out_cap = 0.0555746  (lib units)] (RCCALC-004)
Warning: Failed to compute the effective capacitance for the timing arc
	 (SP013D3_V1p2_typ/PI) i_opcode_0/PAD-->C (max-falling positive_unate)
	  because the library data indicates a non-positive drive resistance.
	  [r/f inp_slew = 18.4465/9.74404, out_cap = 0.0555746  (lib units)] (RCCALC-004)
Warning: Failed to compute the effective capacitance for the timing arc
	 (SP013D3_V1p2_typ/PI) i_opcode_0/PAD-->C (min-falling positive_unate)
	  because the library data indicates a non-positive drive resistance.
	  [r/f inp_slew = 18.4465/9.74404, out_cap = 0.0555746  (lib units)] (RCCALC-004)
Warning: Failed to compute the effective capacitance for the timing arc
	 (SP013D3_V1p2_typ/PI) i_opcode_0/PAD-->C (min-rising positive_unate)
	  because the library data indicates a non-positive drive resistance.
	  [r/f inp_slew = 18.4465/9.74404, out_cap = 0.0555746  (lib units)] (RCCALC-004)
Warning: Failed to compute the effective capacitance for the timing arc
	 (SP013D3_V1p2_typ/PI) i_zero/PAD-->C (max-falling positive_unate)
	  because the library data indicates a non-positive drive resistance.
	  [r/f inp_slew = 18.2916/9.66228, out_cap = 0.0256522  (lib units)] (RCCALC-004)
Warning: Failed to compute the effective capacitance for the timing arc
	 (SP013D3_V1p2_typ/PI) i_zero/PAD-->C (max-rising positive_unate)
	  because the library data indicates a non-positive drive resistance.
	  [r/f inp_slew = 18.2916/9.66228, out_cap = 0.0256522  (lib units)] (RCCALC-004)
Warning: Failed to compute the effective capacitance for the timing arc
	 (SP013D3_V1p2_typ/PI) i_zero/PAD-->C (min-falling positive_unate)
	  because the library data indicates a non-positive drive resistance.
	  [r/f inp_slew = 18.2916/9.66228, out_cap = 0.0256522  (lib units)] (RCCALC-004)
Warning: Failed to compute the effective capacitance for the timing arc
	 (SP013D3_V1p2_typ/PI) i_zero/PAD-->C (min-rising positive_unate)
	  because the library data indicates a non-positive drive resistance.
	  [r/f inp_slew = 18.2916/9.66228, out_cap = 0.0256522  (lib units)] (RCCALC-004)
Warning: Failed to compute the effective capacitance for the timing arc
	 (SP013D3_V1p2_typ/PI) i_rst/PAD-->C (max-falling positive_unate)
	  because the library data indicates a non-positive drive resistance.
	  [r/f inp_slew = 18.4796/9.76147, out_cap = 0.050338  (lib units)] (RCCALC-004)
Warning: Failed to compute the effective capacitance for the timing arc
	 (SP013D3_V1p2_typ/PI) i_rst/PAD-->C (max-rising positive_unate)
	  because the library data indicates a non-positive drive resistance.
	  [r/f inp_slew = 18.4796/9.76147, out_cap = 0.050338  (lib units)] (RCCALC-004)
Warning: Failed to compute the effective capacitance for the timing arc
	 (SP013D3_V1p2_typ/PI) i_rst/PAD-->C (min-falling positive_unate)
	  because the library data indicates a non-positive drive resistance.
	  [r/f inp_slew = 18.4796/9.76147, out_cap = 0.050338  (lib units)] (RCCALC-004)
Warning: Failed to compute the effective capacitance for the timing arc
	 (SP013D3_V1p2_typ/PI) i_rst/PAD-->C (min-rising positive_unate)
	  because the library data indicates a non-positive drive resistance.
	  [r/f inp_slew = 18.4796/9.76147, out_cap = 0.050338  (lib units)] (RCCALC-004)
 
****************************************
Report : qor
Design : control_pad
Version: T-2022.03
Date   : Fri Nov 28 20:07:48 2025
****************************************


  Timing Path Group 'clk'
  -----------------------------------
  Levels of Logic:               5.00
  Critical Path Length:         10.19
  Critical Path Slack:           8.71
  Critical Path Clk Period:     20.00
  Total Negative Slack:          0.00
  No. of Violating Paths:        0.00
  Worst Hold Violation:          0.00
  Total Hold Violation:          0.00
  No. of Hold Violations:        0.00
  -----------------------------------


  Cell Count
  -----------------------------------
  Hierarchical Cell Count:          0
  Hierarchical Port Count:          0
  Leaf Cell Count:                 42
  Buf/Inv Cell Count:               3
  Buf Cell Count:                   0
  Inv Cell Count:                   3
  CT Buf/Inv Cell Count:            0
  Combinational Cell Count:        39
  Sequential Cell Count:            3
  Macro Count:                      0
  -----------------------------------


  Area
  -----------------------------------
  Combinational Area:   103623.595799
  Noncombinational Area:    96.751797
  Buf/Inv Area:         103436.881800
  Total Buffer Area:             0.00
  Total Inverter Area:          11.88
  Macro/Black Box Area:      0.000000
  Net Area:                  0.000000
  Net XLength        :        4722.32
  Net YLength        :        6764.29
  -----------------------------------
  Cell Area:            103720.347596
  Design Area:          103720.347596
  Net Length        :        11486.60


  Design Rules
  -----------------------------------
  Total Number of Nets:            51
  Nets With Violations:             5
  Max Trans Violations:             5
  Max Cap Violations:               5
  -----------------------------------


  Hostname: eda

  Compile CPU Statistics
  -----------------------------------------
  Resource Sharing:                    0.00
  Logic Optimization:                  0.00
  Mapping Optimization:                2.59
  -----------------------------------------
  Overall Compile Time:                2.67
  Overall Compile Wall Clock Time:     2.77

  --------------------------------------------------------------------

  Design  WNS: 0.00  TNS: 0.00  Number of Violating Paths: 0  (with Crosstalk delta delays)


  Design (Hold)  WNS: 0.00  TNS: 0.00  Number of Violating Paths: 0  (with Crosstalk delta delays)

  --------------------------------------------------------------------



ROPT:    (SETUP) WNS: 0.0000 TNS: 0.0000  Number of Violating Path: 0
ROPT:    (HOLD) WNS: 0.0000 TNS: 0.0000  Number of Violating Path: 0
ROPT:    Number of DRC Violating Nets: 5
ROPT:    Number of Route Violation: 0 
ROPT:    Running Xtalk Reduction             Fri Nov 28 20:07:48 2025

  Beginning Crosstalk Reduction 
  ------------------------------

ROPT:    Running Crosstalk Reduction to improve TNS             Fri Nov 28 20:07:48 2025
Too few nets violating (0) -- terminate crosstalk reduction stage.
ROPT:    Xtalk Reduction Done             Fri Nov 28 20:07:48 2025
 
****************************************
Report : qor
Design : control_pad
Version: T-2022.03
Date   : Fri Nov 28 20:07:48 2025
****************************************


  Timing Path Group 'clk'
  -----------------------------------
  Levels of Logic:               5.00
  Critical Path Length:         10.19
  Critical Path Slack:           8.71
  Critical Path Clk Period:     20.00
  Total Negative Slack:          0.00
  No. of Violating Paths:        0.00
  Worst Hold Violation:          0.00
  Total Hold Violation:          0.00
  No. of Hold Violations:        0.00
  -----------------------------------


  Cell Count
  -----------------------------------
  Hierarchical Cell Count:          0
  Hierarchical Port Count:          0
  Leaf Cell Count:                 42
  Buf/Inv Cell Count:               3
  Buf Cell Count:                   0
  Inv Cell Count:                   3
  CT Buf/Inv Cell Count:            0
  Combinational Cell Count:        39
  Sequential Cell Count:            3
  Macro Count:                      0
  -----------------------------------


  Area
  -----------------------------------
  Combinational Area:   103623.595799
  Noncombinational Area:    96.751797
  Buf/Inv Area:         103436.881800
  Total Buffer Area:             0.00
  Total Inverter Area:          11.88
  Macro/Black Box Area:      0.000000
  Net Area:                  0.000000
  Net XLength        :        4722.32
  Net YLength        :        6764.29
  -----------------------------------
  Cell Area:            103720.347596
  Design Area:          103720.347596
  Net Length        :        11486.60


  Design Rules
  -----------------------------------
  Total Number of Nets:            51
  Nets With Violations:             5
  Max Trans Violations:             5
  Max Cap Violations:               5
  -----------------------------------


  Hostname: eda

  Compile CPU Statistics
  -----------------------------------------
  Resource Sharing:                    0.00
  Logic Optimization:                  0.00
  Mapping Optimization:                2.59
  -----------------------------------------
  Overall Compile Time:                2.67
  Overall Compile Wall Clock Time:     2.77

  --------------------------------------------------------------------

  Design  WNS: 0.00  TNS: 0.00  Number of Violating Paths: 0  (with Crosstalk delta delays)


  Design (Hold)  WNS: 0.00  TNS: 0.00  Number of Violating Paths: 0  (with Crosstalk delta delays)

  --------------------------------------------------------------------



ROPT:    (SETUP) WNS: 0.0000 TNS: 0.0000  Number of Violating Path: 0
ROPT:    (HOLD) WNS: 0.0000 TNS: 0.0000  Number of Violating Path: 0
ROPT:    Number of DRC Violating Nets: 5
ROPT:    Number of Route Violation: 0 
ROPT:    Running Optimization Stage 1             Fri Nov 28 20:07:48 2025

  Timing, DRC and Routing Optimization (auto Stage 1)
  ------------------------------------------------

Warning: Could not read any link_library files. The link_library setting {"*", "typical_1v2c25.db", "SP013D3_V1p2_typ.db", "typical_1v2c25.db", "SP013D3_V1p2_typ.db"} may be invalid. (UID-349)

  Loading design 'control_pad'
Information: The library cell 'HOLDX1' in the library 'typical_1v2c25' is not characterized for internal power. (PWR-536)
Information: The target library(s) contains cell(s), other than black boxes, that are not characterized for internal power. (PWR-24)


Information: Setting a dont_touch attribute on net 'rd' because it is connected to a pad cell. (PSYN-088)
Information: Setting a dont_touch attribute on net 'zero' because it is connected to a pad cell. (PSYN-088)
Information: Setting a dont_touch attribute on net 'clk' because it is connected to a pad cell. (PSYN-088)
Information: Setting a dont_touch attribute on net 'rst_' because it is connected to a pad cell. (PSYN-088)
Information: Setting a dont_touch attribute on net 'opcode[2]' because it is connected to a pad cell. (PSYN-088)
Information: Setting a dont_touch attribute on net 'opcode[1]' because it is connected to a pad cell. (PSYN-088)
Information: Setting a dont_touch attribute on net 'opcode[0]' because it is connected to a pad cell. (PSYN-088)
Information: Setting a dont_touch attribute on net 'sel' because it is connected to a pad cell. (PSYN-088)
Information: Setting a dont_touch attribute on net 'data_e' because it is connected to a pad cell. (PSYN-088)
Information: Setting a dont_touch attribute on net 'halt' because it is connected to a pad cell. (PSYN-088)
Information: Setting a dont_touch attribute on net 'inc_pc' because it is connected to a pad cell. (PSYN-088)
Information: Setting a dont_touch attribute on net 'ld_pc' because it is connected to a pad cell. (PSYN-088)
Information: Setting a dont_touch attribute on net 'ld_ac' because it is connected to a pad cell. (PSYN-088)
Information: Setting a dont_touch attribute on net 'ld_ir' because it is connected to a pad cell. (PSYN-088)
Information: Setting a dont_touch attribute on net 'wr' because it is connected to a pad cell. (PSYN-088)


Information: Library Manufacturing Grid(GridResolution) : 5
Information: Time Unit from Milkyway design library: 'ns' 
Information: Design Library and main library timing units are matched - 1.000 ns. 
Information: Resistance Unit from Milkyway design library: 'kohm' 
Information: Design Library and main library resistance units are matched - 1.000 kohm. 
Information: Capacitance Unit from Milkyway design library: 'pf' 
Information: Design Library and main library capacitance units are matched - 1.000 pf. 

  Design  WNS: 0.00  TNS: 0.00  Number of Violating Paths: 0  (with Crosstalk delta delays)

  Nets with DRC Violations: 5
  Total moveable cell area: 295.3
  Total fixed cell area: 103425.0
  Total physical cell area: 103720.3
  Core area: (227000 227000 377420 374600)



  Design (Hold)  WNS: 0.00  TNS: 0.00  Number of Violating Paths: 0  (with Crosstalk delta delays)

  Beginning On-Route Optimization 
  --------------------------------

Information: The target library  has 1 Vth group. VT classification is based on area-leakage and the estimated accuracy is above 80%. (ROPT-028)
  Crosstalk fixing is ON . Delta-delay: ON, Delta-Slew: OFF, Static-Noise: ON.


  Beginning Leakage Power Optimization
  -------------------------------------
Information: route_opt running in 4 threads . (ROPT-031)

                                  TOTAL                                                            
   ELAPSED            WORST NEG   SETUP    DESIGN                              LEAKAGE   MIN DELAY 
    TIME      AREA      SLACK     COST    RULE COST         ENDPOINT            POWER      COST    
  --------- --------- --------- --------- --------- ------------------------- --------- -----------
    0:00:01  103720.3      0.00       0.0   33719.3                           306912.1562      0.00  
    0:00:01  103720.3      0.00       0.0   33719.3                           306773.5625      0.00  
    0:00:01  103720.3      0.00       0.0   33719.3                           306327.1250      0.00  

  Beginning Timing Optimization
  ------------------------------


  Beginning Phase 1 Design Rule Fixing  (max_transition)  (max_capacitance)
  ------------------------------------

  Beginning Max Transition Fix
  -----------------------------

  Beginning Max Capacitance Fix
  ------------------------------

  Beginning Post-DRC Delay Recovery
  ----------------------------------


Note: Symbol # after min delay cost means estimated hold TNS across all active scenarios 


  Optimization Complete
  ---------------------
[begin initializing data for legality checker]

Initializing Data Structure ...
INFO: legalizer_via_spacing_check_mode 0
  Reading technology information ...
    Technology table contains 8 routable metal layers
    Top most routable layer is set to be metal6
    This is considered as a 6-metal-layer design
    Reading library information from DB ...
  Reading misc information ...
    array <unit> has 0 vertical and 40 horizontal rows
    14 pre-routes for placement blockage/checking
    14 pre-routes for map congestion calculation
  Checking information read in ...
    design style = Horizontal masters, Horizontal rows

  Preprocessing design ...
    splitting rows by natural obstacles ...
... design style 0
... number of base array 1 0
INFO:... use original rows...
[end initializing data for legality checker]
 
****************************************
  Report : Chip Summary
  Design : control_pad
  Version: T-2022.03
  Date   : Fri Nov 28 20:07:49 2025
****************************************
Std cell utilization: 1.33%  (174/(13080-0))
(Non-fixed + Fixed)
Std cell utilization: 1.33%  (174/(13080-0))
(Non-fixed only)
Chip area:            13080    sites, bbox (227.00 227.00 377.42 374.60) um
Std cell area:        174      sites, (non-fixed:174    fixed:0)
                      27       cells, (non-fixed:27     fixed:0)
Macro cell area:      0        sites
                      0        cells
Placement blockages:  0        sites, (excluding fixed std cells)
                      0        sites, (include fixed std cells & chimney area)
                      0        sites, (complete p/g net blockages)
Routing blockages:    0        sites, (partial p/g net blockages)
                      0        sites, (routing blockages and signal pre-route)
Lib cell count:       16 
Avg. std cell width:  3.16 um 
Site array:           unit     (width: 0.46 um, height: 3.69 um, rows: 40)
Physical DB scale:    1000 db_unit = 1 um 

 
****************************************
  Report : pnet options
  Design : control_pad
  Version: T-2022.03
  Date   : Fri Nov 28 20:07:49 2025
****************************************


--------------------------------------------------------------------
Layer      Blockage   Min_width   Min_height   Via_additive     Density
--------------------------------------------------------------------
METAL1     none          ---         ---       via additive      ---
METAL2     none          ---         ---       via additive      ---
METAL3     none          ---         ---       via additive      ---
METAL4     none          ---         ---       via additive      ---
METAL5     none          ---         ---       via additive      ---
METAL6     none          ---         ---       via additive      ---
METAL7     none          ---         ---       via additive      ---
METAL8     none          ---         ---       via additive      ---

Total 0 (out of 27) illegal cells need to be legalized.

No cells needs to be legalized.
 
****************************************
  Report : Legalize Displacement
  Design : control_pad
  Version: T-2022.03
  Date   : Fri Nov 28 20:07:49 2025
****************************************

No cell displacement.


  On-Route Optimization Complete
  ------------------------------

[begin initializing data for legality checker]

Initializing Data Structure ...
INFO: legalizer_via_spacing_check_mode 0
  Reading technology information ...
    Technology table contains 8 routable metal layers
    Top most routable layer is set to be metal6
    This is considered as a 6-metal-layer design
    Reading library information from DB ...
  Reading misc information ...
    array <unit> has 0 vertical and 40 horizontal rows
    14 pre-routes for placement blockage/checking
    14 pre-routes for map congestion calculation
  Checking information read in ...
    design style = Horizontal masters, Horizontal rows

  Preprocessing design ...
    splitting rows by natural obstacles ...
... design style 0
... number of base array 1 0
INFO:... use original rows...
[end initializing data for legality checker]
Warning: Die area is not integer multiples of min site height (3690), object's width and height(604420,604000). (PSYN-523)
Warning: Die area is not integer multiples of min site width (460), object's width and height(604420,604000). (PSYN-523)
Warning: Cell i_sel is not integer multiples of min site width (460), object's width and height(35000,197000). (PSYN-523)
Warning: Cell i_sel is not integer multiples of min site height (3690), object's width and height(197000,197000). (PSYN-523)
Warning: Cell i_data_e is not integer multiples of min site width (460), object's width and height(35000,197000). (PSYN-523)
Warning: Cell i_data_e is not integer multiples of min site height (3690), object's width and height(197000,197000). (PSYN-523)
Warning: Cell i_halt is not integer multiples of min site width (460), object's width and height(35000,197000). (PSYN-523)
Warning: Cell i_halt is not integer multiples of min site height (3690), object's width and height(197000,197000). (PSYN-523)
Warning: Cell i_inc_pc is not integer multiples of min site width (460), object's width and height(35000,197000). (PSYN-523)
Warning: Cell i_inc_pc is not integer multiples of min site height (3690), object's width and height(197000,197000). (PSYN-523)
Warning: Cell i_ld_pc is not integer multiples of min site width (460), object's width and height(35000,197000). (PSYN-523)
Warning: Cell i_ld_pc is not integer multiples of min site height (3690), object's width and height(197000,197000). (PSYN-523)
Warning: Cell i_ld_ac is not integer multiples of min site width (460), object's width and height(35000,197000). (PSYN-523)
Warning: Cell i_ld_ac is not integer multiples of min site height (3690), object's width and height(197000,197000). (PSYN-523)
Warning: Cell i_ld_ir is not integer multiples of min site width (460), object's width and height(35000,197000). (PSYN-523)
Warning: Cell i_ld_ir is not integer multiples of min site height (3690), object's width and height(197000,197000). (PSYN-523)
Warning: Cell i_wr is not integer multiples of min site width (460), object's width and height(35000,197000). (PSYN-523)
Warning: Cell i_wr is not integer multiples of min site height (3690), object's width and height(197000,197000). (PSYN-523)
Warning: Cell i_rd is not integer multiples of min site width (460), object's width and height(35000,197000). (PSYN-523)
Warning: Cell i_rd is not integer multiples of min site height (3690), object's width and height(197000,197000). (PSYN-523)
Warning: Cell i_opcode_2 is not integer multiples of min site width (460), object's width and height(35000,197000). (PSYN-523)
Warning: Cell i_opcode_2 is not integer multiples of min site height (3690), object's width and height(197000,197000). (PSYN-523)
Warning: Cell i_opcode_1 is not integer multiples of min site width (460), object's width and height(35000,197000). (PSYN-523)
Warning: Cell i_opcode_1 is not integer multiples of min site height (3690), object's width and height(197000,197000). (PSYN-523)
Warning: Cell i_opcode_0 is not integer multiples of min site width (460), object's width and height(35000,197000). (PSYN-523)
Warning: Cell i_opcode_0 is not integer multiples of min site height (3690), object's width and height(197000,197000). (PSYN-523)
Warning: Cell i_zero is not integer multiples of min site width (460), object's width and height(35000,197000). (PSYN-523)
Warning: Cell i_zero is not integer multiples of min site height (3690), object's width and height(197000,197000). (PSYN-523)
Warning: Cell i_clk is not integer multiples of min site width (460), object's width and height(35000,197000). (PSYN-523)
Warning: Cell i_clk is not integer multiples of min site height (3690), object's width and height(197000,197000). (PSYN-523)
Warning: Cell i_rst is not integer multiples of min site width (460), object's width and height(35000,197000). (PSYN-523)
Warning: Cell i_rst is not integer multiples of min site height (3690), object's width and height(197000,197000). (PSYN-523)

**************************************************** 
Check_legality: Report for Fixed Placement Cells
Information: Use the -verbose option to get details about the legality violations. (PSYN-054)
**************************************************** 
(fixed placement) Cells Not on Row            : 0
(fixed placement) Cell Overlaps               : 0
(fixed placement) Cells overlapping blockages : 0
(fixed placement) Orientation Violations      : 0
(fixed placement) Site Violations             : 0
(fixed placement) Power Strap Violations      : 0
****************************************************** 

****************************************************** 
Check_legality: Report for Non-fixed Placement Cells
Information: Use the -verbose option to get details about the legality violations. (PSYN-054)
****************************************************** 
Number of Cells Not on Row            : 0
Number of Cell Overlaps               : 0
Number of Cells overlapping blockages : 0
Number of Orientation Violations      : 0
Number of Site Violations             : 0
Number of Power Strap Violations      : 0
******************************************** 
Information: Zroute based route preservation is enabled. (ROPT-032)
Information: Updating database...
ROPT:    Optimization Stage 1 Done             Fri Nov 28 20:07:49 2025
GART: Updated design time.
GART: Transferring timing data to the router....
GART: Done transferring timing data to the router.
ROPT:    Running Stage 1 Eco Route             Fri Nov 28 20:07:49 2025

  Beginning incremental routing (auto Stage 1)
  ----------------------------------------------

Turn off antenna since no rule is specified
Cell Min-Routing-Layer = METAL3
Cell Max-Routing-Layer = METAL6
Warning: Cell PCORNER contains more than 100000 obstructions (311044).  This may increase routing runtime.  You may wish to re-run BPV.  (ZRT-092)
Warning: Blockage, pin, and via extraction on 8 macros was done with "treat blockage as thin". (ZRT-023)
Warning: Ignore 2 top cell ports with no pins. (ZRT-027)
Warning: Pin i_rd/PAD of net rd has no valid shapes to connect. (ZRT-100)
Warning: Pin i_sel/PAD of net sel has no valid shapes to connect. (ZRT-100)
Warning: Pin i_data_e/PAD of net data_e has no valid shapes to connect. (ZRT-100)
Warning: Pin i_halt/PAD of net halt has no valid shapes to connect. (ZRT-100)
Warning: Pin i_inc_pc/PAD of net inc_pc has no valid shapes to connect. (ZRT-100)
Warning: Pin i_ld_pc/PAD of net ld_pc has no valid shapes to connect. (ZRT-100)
Warning: Pin i_ld_ac/PAD of net ld_ac has no valid shapes to connect. (ZRT-100)
Warning: Pin i_ld_ir/PAD of net ld_ir has no valid shapes to connect. (ZRT-100)
Warning: Pin i_wr/PAD of net wr has no valid shapes to connect. (ZRT-100)
Warning: Pin i_opcode_2/PAD of net opcode[2] has no valid shapes to connect. (ZRT-100)
Warning: Pin i_opcode_1/PAD of net opcode[1] has no valid shapes to connect. (ZRT-100)
Warning: Pin i_opcode_0/PAD of net opcode[0] has no valid shapes to connect. (ZRT-100)
Warning: Pin i_zero/PAD of net zero has no valid shapes to connect. (ZRT-100)
Warning: Pin i_clk/PAD of net clk has no valid shapes to connect. (ZRT-100)
Warning: Pin i_rst/PAD of net rst_ has no valid shapes to connect. (ZRT-100)
Warning: Cannot find a fat contact for layer 'VIA78'. (ZRT-010)
Via on layer (VIA78) needs more than one tracks
Warning: Layer METAL7 pitch 0.410 may be too small: wire/via-down 0.400, wire/via-up 0.490. (ZRT-026)
[ECO: Extraction] Elapsed real time: 0:00:01 
[ECO: Extraction] Elapsed cpu  time: sys=0:00:00 usr=0:00:01 total=0:00:01
[ECO: Extraction] Stage (MB): Used   95  Alloctr   95  Proc   -4 
[ECO: Extraction] Total (MB): Used   98  Alloctr   99  Proc 2320 
Num of eco nets = 53
Num of open eco nets = 7
[ECO: Init] Elapsed real time: 0:00:01 
[ECO: Init] Elapsed cpu  time: sys=0:00:00 usr=0:00:01 total=0:00:01
[ECO: Init] Stage (MB): Used   96  Alloctr   96  Proc   -4 
[ECO: Init] Total (MB): Used   98  Alloctr   99  Proc 2320 
Start Global Route ... 
[Init] Elapsed real time: 0:00:00 
[Init] Elapsed cpu  time: sys=0:00:00 usr=0:00:00 total=0:00:00
[Init] Stage (MB): Used    0  Alloctr    0  Proc    0 
[Init] Total (MB): Used  103  Alloctr  103  Proc 2320 
Printing options for 'set_route_zrt_common_options'

Printing options for 'set_route_zrt_global_options'
-crosstalk_driven                                       :	 true                
-timing_driven                                          :	 true                

Begin global routing.
Constructing data structure ...
Design statistics:
Design Bounding Box (0.00,0.00,604.42,604.00)
Number of routing layers = 8
layer METAL1, dir Hor, min width = 0.16, min space = 0.18 pitch = 0.41
layer METAL2, dir Ver, min width = 0.20, min space = 0.20 pitch = 0.46
layer METAL3, dir Hor, min width = 0.20, min space = 0.20 pitch = 0.41
layer METAL4, dir Ver, min width = 0.20, min space = 0.20 pitch = 0.46
layer METAL5, dir Hor, min width = 0.20, min space = 0.20 pitch = 0.41
layer METAL6, dir Ver, min width = 0.20, min space = 0.20 pitch = 0.46
layer METAL7, dir Hor, min width = 0.20, min space = 0.20 pitch = 0.41
layer METAL8, dir Ver, min width = 0.44, min space = 0.46 pitch = 0.96
Current Stage stats:
[End of Build Tech Data] Elapsed real time: 0:00:00 
[End of Build Tech Data] Elapsed cpu  time: sys=0:00:00 usr=0:00:00 total=0:00:00
[End of Build Tech Data] Stage (MB): Used    3  Alloctr    3  Proc    0 
[End of Build Tech Data] Total (MB): Used  106  Alloctr  107  Proc 2320 
Net statistics:
Total number of nets     = 53
Number of nets to route  = 7
Number of single or zero port nets = 15
Number of nets with min-layer-mode soft = 1
Number of nets with min-layer-mode soft-cost-medium = 1
Number of nets with max-layer-mode hard = 1
7 nets are partially connected,
 of which 7 are detail routed and 0 are global routed.
31 nets are fully connected,
 of which 31 are detail routed and 0 are global routed.
Current Stage stats:
[End of Build All Nets] Elapsed real time: 0:00:00 
[End of Build All Nets] Elapsed cpu  time: sys=0:00:00 usr=0:00:00 total=0:00:00
[End of Build All Nets] Stage (MB): Used    0  Alloctr    0  Proc    0 
[End of Build All Nets] Total (MB): Used  106  Alloctr  107  Proc 2320 
Average gCell capacity  0.00	 on layer (1)	 METAL1
Average gCell capacity  3.16	 on layer (2)	 METAL2
Average gCell capacity  3.52	 on layer (3)	 METAL3
Average gCell capacity  2.24	 on layer (4)	 METAL4
Average gCell capacity  2.46	 on layer (5)	 METAL5
Average gCell capacity  2.23	 on layer (6)	 METAL6
Average gCell capacity  2.37	 on layer (7)	 METAL7
Average gCell capacity  0.00	 on layer (8)	 METAL8
Average number of tracks per gCell 8.98	 on layer (1)	 METAL1
Average number of tracks per gCell 8.06	 on layer (2)	 METAL2
Average number of tracks per gCell 8.98	 on layer (3)	 METAL3
Average number of tracks per gCell 8.06	 on layer (4)	 METAL4
Average number of tracks per gCell 8.98	 on layer (5)	 METAL5
Average number of tracks per gCell 8.06	 on layer (6)	 METAL6
Average number of tracks per gCell 8.98	 on layer (7)	 METAL7
Average number of tracks per gCell 3.87	 on layer (8)	 METAL8
Number of gCells = 213856
Current Stage stats:
[End of Build Congestion map] Elapsed real time: 0:00:00 
[End of Build Congestion map] Elapsed cpu  time: sys=0:00:00 usr=0:00:00 total=0:00:00
[End of Build Congestion map] Stage (MB): Used    0  Alloctr    0  Proc    0 
[End of Build Congestion map] Total (MB): Used  106  Alloctr  107  Proc 2320 
Total stats:
[End of Build Data] Elapsed real time: 0:00:00 
[End of Build Data] Elapsed cpu  time: sys=0:00:00 usr=0:00:00 total=0:00:00
[End of Build Data] Stage (MB): Used    2  Alloctr    3  Proc    0 
[End of Build Data] Total (MB): Used  106  Alloctr  107  Proc 2320 
Current Stage stats:
[End of Blocked Pin Detection] Elapsed real time: 0:00:00 
[End of Blocked Pin Detection] Elapsed cpu  time: sys=0:00:00 usr=0:00:00 total=0:00:00
[End of Blocked Pin Detection] Stage (MB): Used    0  Alloctr    0  Proc    0 
[End of Blocked Pin Detection] Total (MB): Used  106  Alloctr  108  Proc 2320 
Information: Using 4 threads for routing. (ZRT-444)
multi gcell levels ON

Start GR phase 0
Current Stage stats:
[End of Initial Routing] Elapsed real time: 0:00:00 
[End of Initial Routing] Elapsed cpu  time: sys=0:00:00 usr=0:00:00 total=0:00:00
[End of Initial Routing] Stage (MB): Used    0  Alloctr    0  Proc    0 
[End of Initial Routing] Total (MB): Used  106  Alloctr  108  Proc 2320 
Initial. Routing result:
Initial. Both Dirs: Overflow =     0 Max = 0 GRCs =     0 (0.00%)
Initial. H routing: Overflow =     0 Max = 0 (GRCs =  0) GRCs =     0 (0.00%)
Initial. V routing: Overflow =     0 Max = 0 (GRCs =  0) GRCs =     0 (0.00%)
Initial. METAL1     Overflow =     0 Max = 0 (GRCs =  0) GRCs =     0 (0.00%)
Initial. METAL2     Overflow =     0 Max = 0 (GRCs =  0) GRCs =     0 (0.00%)
Initial. METAL3     Overflow =     0 Max = 0 (GRCs =  0) GRCs =     0 (0.00%)
Initial. METAL4     Overflow =     0 Max = 0 (GRCs =  0) GRCs =     0 (0.00%)
Initial. METAL5     Overflow =     0 Max = 0 (GRCs =  0) GRCs =     0 (0.00%)
Initial. METAL6     Overflow =     0 Max = 0 (GRCs =  0) GRCs =     0 (0.00%)
Initial. METAL7     Overflow =     0 Max = 0 (GRCs =  0) GRCs =     0 (0.00%)
Initial. METAL8     Overflow =     0 Max = 0 (GRCs =  0) GRCs =     0 (0.00%)


Density distribution:
Layer    0.0  0.1  0.2  0.3  0.4  0.5  0.6  0.7  0.8  0.9  1.0  1.1  1.2  > 1.2 
METAL1   100. 0.00 0.00 0.00 0.00 0.00 0.00 0.00 0.00 0.00 0.00 0.00 0.00 0.00
METAL2   99.9 0.06 0.01 0.00 0.00 0.00 0.00 0.00 0.00 0.00 0.00 0.00 0.00 0.00
METAL3   98.4 1.23 0.21 0.06 0.05 0.02 0.01 0.01 0.00 0.00 0.01 0.00 0.00 0.00
METAL4   97.7 2.04 0.20 0.04 0.00 0.02 0.00 0.00 0.00 0.00 0.00 0.00 0.00 0.00
METAL5   99.7 0.24 0.00 0.00 0.00 0.00 0.00 0.00 0.00 0.00 0.00 0.00 0.00 0.00
METAL6   99.8 0.16 0.00 0.00 0.00 0.00 0.00 0.00 0.00 0.00 0.00 0.00 0.00 0.00
METAL7   100. 0.00 0.00 0.00 0.00 0.00 0.00 0.00 0.00 0.00 0.00 0.00 0.00 0.00
METAL8   100. 0.00 0.00 0.00 0.00 0.00 0.00 0.00 0.00 0.00 0.00 0.00 0.00 0.00
Total    99.2 0.61 0.07 0.02 0.01 0.01 0.00 0.00 0.00 0.00 0.00 0.00 0.00 0.00


Initial. Total Wire Length = 1.04
Initial. Layer METAL1 wire length = 0.00
Initial. Layer METAL2 wire length = 0.00
Initial. Layer METAL3 wire length = 1.04
Initial. Layer METAL4 wire length = 0.00
Initial. Layer METAL5 wire length = 0.00
Initial. Layer METAL6 wire length = 0.00
Initial. Layer METAL7 wire length = 0.00
Initial. Layer METAL8 wire length = 0.00
Initial. Total Number of Contacts = 5
Initial. Via via1 count = 2
Initial. Via via2 count = 2
Initial. Via via3 count = 1
Initial. Via via4 count = 0
Initial. Via via5 count = 0
Initial. Via via6 count = 0
Initial. Via via7 count = 0
Initial. completed.

Start GR phase 1
Current Stage stats:
[End of Phase1 Routing] Elapsed real time: 0:00:00 
[End of Phase1 Routing] Elapsed cpu  time: sys=0:00:00 usr=0:00:00 total=0:00:00
[End of Phase1 Routing] Stage (MB): Used    0  Alloctr    0  Proc    0 
[End of Phase1 Routing] Total (MB): Used  106  Alloctr  108  Proc 2320 
phase1. Routing result:
phase1. Both Dirs: Overflow =     0 Max = 0 GRCs =     0 (0.00%)
phase1. H routing: Overflow =     0 Max = 0 (GRCs =  0) GRCs =     0 (0.00%)
phase1. V routing: Overflow =     0 Max = 0 (GRCs =  0) GRCs =     0 (0.00%)
phase1. METAL1     Overflow =     0 Max = 0 (GRCs =  0) GRCs =     0 (0.00%)
phase1. METAL2     Overflow =     0 Max = 0 (GRCs =  0) GRCs =     0 (0.00%)
phase1. METAL3     Overflow =     0 Max = 0 (GRCs =  0) GRCs =     0 (0.00%)
phase1. METAL4     Overflow =     0 Max = 0 (GRCs =  0) GRCs =     0 (0.00%)
phase1. METAL5     Overflow =     0 Max = 0 (GRCs =  0) GRCs =     0 (0.00%)
phase1. METAL6     Overflow =     0 Max = 0 (GRCs =  0) GRCs =     0 (0.00%)
phase1. METAL7     Overflow =     0 Max = 0 (GRCs =  0) GRCs =     0 (0.00%)
phase1. METAL8     Overflow =     0 Max = 0 (GRCs =  0) GRCs =     0 (0.00%)


Density distribution:
Layer    0.0  0.1  0.2  0.3  0.4  0.5  0.6  0.7  0.8  0.9  1.0  1.1  1.2  > 1.2 
METAL1   100. 0.00 0.00 0.00 0.00 0.00 0.00 0.00 0.00 0.00 0.00 0.00 0.00 0.00
METAL2   99.9 0.06 0.01 0.00 0.00 0.00 0.00 0.00 0.00 0.00 0.00 0.00 0.00 0.00
METAL3   98.4 1.23 0.21 0.06 0.05 0.02 0.01 0.01 0.00 0.00 0.01 0.00 0.00 0.00
METAL4   97.7 2.04 0.20 0.04 0.00 0.02 0.00 0.00 0.00 0.00 0.00 0.00 0.00 0.00
METAL5   99.7 0.24 0.00 0.00 0.00 0.00 0.00 0.00 0.00 0.00 0.00 0.00 0.00 0.00
METAL6   99.8 0.16 0.00 0.00 0.00 0.00 0.00 0.00 0.00 0.00 0.00 0.00 0.00 0.00
METAL7   100. 0.00 0.00 0.00 0.00 0.00 0.00 0.00 0.00 0.00 0.00 0.00 0.00 0.00
METAL8   100. 0.00 0.00 0.00 0.00 0.00 0.00 0.00 0.00 0.00 0.00 0.00 0.00 0.00
Total    99.2 0.61 0.07 0.02 0.01 0.01 0.00 0.00 0.00 0.00 0.00 0.00 0.00 0.00


phase1. Total Wire Length = 1.04
phase1. Layer METAL1 wire length = 0.00
phase1. Layer METAL2 wire length = 0.00
phase1. Layer METAL3 wire length = 1.04
phase1. Layer METAL4 wire length = 0.00
phase1. Layer METAL5 wire length = 0.00
phase1. Layer METAL6 wire length = 0.00
phase1. Layer METAL7 wire length = 0.00
phase1. Layer METAL8 wire length = 0.00
phase1. Total Number of Contacts = 5
phase1. Via via1 count = 2
phase1. Via via2 count = 2
phase1. Via via3 count = 1
phase1. Via via4 count = 0
phase1. Via via5 count = 0
phase1. Via via6 count = 0
phase1. Via via7 count = 0
phase1. completed.

Start GR phase 2
Current Stage stats:
[End of Phase2 Routing] Elapsed real time: 0:00:00 
[End of Phase2 Routing] Elapsed cpu  time: sys=0:00:00 usr=0:00:00 total=0:00:00
[End of Phase2 Routing] Stage (MB): Used    0  Alloctr    0  Proc    0 
[End of Phase2 Routing] Total (MB): Used  106  Alloctr  108  Proc 2320 
phase2. Routing result:
phase2. Both Dirs: Overflow =     0 Max = 0 GRCs =     0 (0.00%)
phase2. H routing: Overflow =     0 Max = 0 (GRCs =  0) GRCs =     0 (0.00%)
phase2. V routing: Overflow =     0 Max = 0 (GRCs =  0) GRCs =     0 (0.00%)
phase2. METAL1     Overflow =     0 Max = 0 (GRCs =  0) GRCs =     0 (0.00%)
phase2. METAL2     Overflow =     0 Max = 0 (GRCs =  0) GRCs =     0 (0.00%)
phase2. METAL3     Overflow =     0 Max = 0 (GRCs =  0) GRCs =     0 (0.00%)
phase2. METAL4     Overflow =     0 Max = 0 (GRCs =  0) GRCs =     0 (0.00%)
phase2. METAL5     Overflow =     0 Max = 0 (GRCs =  0) GRCs =     0 (0.00%)
phase2. METAL6     Overflow =     0 Max = 0 (GRCs =  0) GRCs =     0 (0.00%)
phase2. METAL7     Overflow =     0 Max = 0 (GRCs =  0) GRCs =     0 (0.00%)
phase2. METAL8     Overflow =     0 Max = 0 (GRCs =  0) GRCs =     0 (0.00%)


Density distribution:
Layer    0.0  0.1  0.2  0.3  0.4  0.5  0.6  0.7  0.8  0.9  1.0  1.1  1.2  > 1.2 
METAL1   100. 0.00 0.00 0.00 0.00 0.00 0.00 0.00 0.00 0.00 0.00 0.00 0.00 0.00
METAL2   99.9 0.06 0.01 0.00 0.00 0.00 0.00 0.00 0.00 0.00 0.00 0.00 0.00 0.00
METAL3   98.4 1.23 0.21 0.06 0.05 0.02 0.01 0.01 0.00 0.00 0.01 0.00 0.00 0.00
METAL4   97.7 2.04 0.20 0.04 0.00 0.02 0.00 0.00 0.00 0.00 0.00 0.00 0.00 0.00
METAL5   99.7 0.24 0.00 0.00 0.00 0.00 0.00 0.00 0.00 0.00 0.00 0.00 0.00 0.00
METAL6   99.8 0.16 0.00 0.00 0.00 0.00 0.00 0.00 0.00 0.00 0.00 0.00 0.00 0.00
METAL7   100. 0.00 0.00 0.00 0.00 0.00 0.00 0.00 0.00 0.00 0.00 0.00 0.00 0.00
METAL8   100. 0.00 0.00 0.00 0.00 0.00 0.00 0.00 0.00 0.00 0.00 0.00 0.00 0.00
Total    99.2 0.61 0.07 0.02 0.01 0.01 0.00 0.00 0.00 0.00 0.00 0.00 0.00 0.00


phase2. Total Wire Length = 1.04
phase2. Layer METAL1 wire length = 0.00
phase2. Layer METAL2 wire length = 0.00
phase2. Layer METAL3 wire length = 1.04
phase2. Layer METAL4 wire length = 0.00
phase2. Layer METAL5 wire length = 0.00
phase2. Layer METAL6 wire length = 0.00
phase2. Layer METAL7 wire length = 0.00
phase2. Layer METAL8 wire length = 0.00
phase2. Total Number of Contacts = 5
phase2. Via via1 count = 2
phase2. Via via2 count = 2
phase2. Via via3 count = 1
phase2. Via via4 count = 0
phase2. Via via5 count = 0
phase2. Via via6 count = 0
phase2. Via via7 count = 0
phase2. completed.
[End of Whole Chip Routing] Elapsed real time: 0:00:00 
[End of Whole Chip Routing] Elapsed cpu  time: sys=0:00:00 usr=0:00:00 total=0:00:00
[End of Whole Chip Routing] Stage (MB): Used    2  Alloctr    3  Proc    0 
[End of Whole Chip Routing] Total (MB): Used  106  Alloctr  108  Proc 2320 

Information: Global Routing terminated early: true (ZRT-103)

Congestion utilization per direction:
Average vertical track utilization   =  0.28 %
Peak    vertical track utilization   = 22.22 %
Average horizontal track utilization =  0.24 %
Peak    horizontal track utilization = 33.33 %

Current Stage stats:
[GR: Done] Elapsed real time: 0:00:00 
[GR: Done] Elapsed cpu  time: sys=0:00:00 usr=0:00:00 total=0:00:00
[GR: Done] Stage (MB): Used   -1  Alloctr   -2  Proc    0 
[GR: Done] Total (MB): Used  105  Alloctr  106  Proc 2320 
GR Total stats:
[GR: Done] Elapsed real time: 0:00:00 
[GR: Done] Elapsed cpu  time: sys=0:00:00 usr=0:00:00 total=0:00:00
[GR: Done] Stage (MB): Used    2  Alloctr    2  Proc    0 
[GR: Done] Total (MB): Used  105  Alloctr  106  Proc 2320 
Updating congestion ...
Final total stats:
[End of Global Routing] Elapsed real time: 0:00:00 
[End of Global Routing] Elapsed cpu  time: sys=0:00:00 usr=0:00:00 total=0:00:00
[End of Global Routing] Stage (MB): Used    0  Alloctr    0  Proc    0 
[End of Global Routing] Total (MB): Used  103  Alloctr  103  Proc 2320 
[ECO: GR] Elapsed real time: 0:00:02 
[ECO: GR] Elapsed cpu  time: sys=0:00:00 usr=0:00:02 total=0:00:02
[ECO: GR] Stage (MB): Used  100  Alloctr  100  Proc   -4 
[ECO: GR] Total (MB): Used  103  Alloctr  103  Proc 2320 

Start track assignment

Printing options for 'set_route_zrt_common_options'

Printing options for 'set_route_zrt_track_options'
-crosstalk_driven                                       :	 true                
-timing_driven                                          :	 true                

Information: Using 4 threads for routing. (ZRT-444)

[Track Assign: Read routes] Elapsed real time: 0:00:00 
[Track Assign: Read routes] Elapsed cpu  time: sys=0:00:00 usr=0:00:00 total=0:00:00
[Track Assign: Read routes] Stage (MB): Used    0  Alloctr    0  Proc    0 
[Track Assign: Read routes] Total (MB): Used   99  Alloctr  100  Proc 2320 

Start initial assignment
Routed partition 1/1       

Number of wires with overlap after iteration 0 = 10 of 23


[Track Assign: Iteration 0] Elapsed real time: 0:00:00 
[Track Assign: Iteration 0] Elapsed cpu  time: sys=0:00:00 usr=0:00:00 total=0:00:00
[Track Assign: Iteration 0] Stage (MB): Used    0  Alloctr    0  Proc    0 
[Track Assign: Iteration 0] Total (MB): Used   99  Alloctr  100  Proc 2320 

Reroute to fix overlaps
Routed partition 1/1       

[Track Assign: Iteration 1] Elapsed real time: 0:00:00 
[Track Assign: Iteration 1] Elapsed cpu  time: sys=0:00:00 usr=0:00:00 total=0:00:00
[Track Assign: Iteration 1] Stage (MB): Used    0  Alloctr    0  Proc    0 
[Track Assign: Iteration 1] Total (MB): Used   99  Alloctr  100  Proc 2320 

Number of wires with overlap after iteration 1 = 5 of 16


Wire length and via report:
---------------------------
Number of METAL1 wires: 3 		 CONT1: 0
Number of METAL2 wires: 5 		 via1: 12
Number of METAL3 wires: 6 		 via2: 12
Number of METAL4 wires: 2 		 via3: 1
Number of METAL5 wires: 0 		 via4: 0
Number of METAL6 wires: 0 		 via5: 0
Number of METAL7 wires: 0 		 via6: 0
Number of METAL8 wires: 0 		 via7: 0
Total number of wires: 16 		 vias: 25

Total METAL1 wire length: 1.2
Total METAL2 wire length: 2.9
Total METAL3 wire length: 6.4
Total METAL4 wire length: 2.2
Total METAL5 wire length: 0.0
Total METAL6 wire length: 0.0
Total METAL7 wire length: 0.0
Total METAL8 wire length: 0.0
Total wire length: 12.7

Longest METAL1 wire length: 0.4
Longest METAL2 wire length: 0.8
Longest METAL3 wire length: 1.4
Longest METAL4 wire length: 1.4
Longest METAL5 wire length: 0.0
Longest METAL6 wire length: 0.0
Longest METAL7 wire length: 0.0
Longest METAL8 wire length: 0.0


[Track Assign: Done] Elapsed real time: 0:00:00 
[Track Assign: Done] Elapsed cpu  time: sys=0:00:00 usr=0:00:00 total=0:00:00
[Track Assign: Done] Stage (MB): Used    0  Alloctr    0  Proc    0 
[Track Assign: Done] Total (MB): Used   98  Alloctr   99  Proc 2320 
[ECO: CDR] Elapsed real time: 0:00:02 
[ECO: CDR] Elapsed cpu  time: sys=0:00:00 usr=0:00:02 total=0:00:02
[ECO: CDR] Stage (MB): Used   96  Alloctr   96  Proc   -4 
[ECO: CDR] Total (MB): Used   98  Alloctr   99  Proc 2320 
Printing options for 'set_route_zrt_common_options'

Printing options for 'set_route_zrt_detail_options'
-timing_driven                                          :	 true                

Total number of nets = 53, of which 0 are not extracted
Total number of open nets = 0, of which 0 are frozen
Information: Using 4 threads for routing. (ZRT-444)
Start DR iteration 0: uniform partition
Routed	78/289 Partitions, Violations =	0
Routed	79/289 Partitions, Violations =	0
Routed	91/289 Partitions, Violations =	0
Routed	92/289 Partitions, Violations =	0
Routed	93/289 Partitions, Violations =	0
Routed	101/289 Partitions, Violations =	0
Routed	102/289 Partitions, Violations =	0
Routed	103/289 Partitions, Violations =	0
Routed	107/289 Partitions, Violations =	0
Routed	116/289 Partitions, Violations =	0
Routed	117/289 Partitions, Violations =	0
Routed	118/289 Partitions, Violations =	0
Routed	120/289 Partitions, Violations =	0
Routed	121/289 Partitions, Violations =	0
Routed	122/289 Partitions, Violations =	0
Routed	123/289 Partitions, Violations =	0
Routed	136/289 Partitions, Violations =	0
Routed	147/289 Partitions, Violations =	0
Routed	150/289 Partitions, Violations =	0
Routed	152/289 Partitions, Violations =	0
Routed	162/289 Partitions, Violations =	0
Routed	163/289 Partitions, Violations =	0
Routed	173/289 Partitions, Violations =	0
Routed	183/289 Partitions, Violations =	0
Routed	186/289 Partitions, Violations =	0
Routed	253/289 Partitions, Violations =	0
Routed	255/289 Partitions, Violations =	0
Routed	256/289 Partitions, Violations =	0
Routed	258/289 Partitions, Violations =	0
Routed	259/289 Partitions, Violations =	0
Routed	260/289 Partitions, Violations =	0
Routed	261/289 Partitions, Violations =	0
Routed	262/289 Partitions, Violations =	0
Routed	263/289 Partitions, Violations =	0
Routed	264/289 Partitions, Violations =	0
Routed	267/289 Partitions, Violations =	0
Routed	268/289 Partitions, Violations =	0
Routed	270/289 Partitions, Violations =	0
Routed	271/289 Partitions, Violations =	0
Routed	272/289 Partitions, Violations =	0
Routed	275/289 Partitions, Violations =	0
Routed	276/289 Partitions, Violations =	0
Routed	277/289 Partitions, Violations =	0
Routed	278/289 Partitions, Violations =	0
Routed	279/289 Partitions, Violations =	0
Routed	280/289 Partitions, Violations =	0
Routed	281/289 Partitions, Violations =	0
Routed	284/289 Partitions, Violations =	0
Routed	285/289 Partitions, Violations =	0
Routed	287/289 Partitions, Violations =	0
Routed	288/289 Partitions, Violations =	0
Routed	289/289 Partitions, Violations =	0

DRC-SUMMARY:
	@@@@@@@ TOTAL VIOLATIONS =	0

[Iter 0] Elapsed real time: 0:00:00 
[Iter 0] Elapsed cpu  time: sys=0:00:00 usr=0:00:00 total=0:00:00
[Iter 0] Stage (MB): Used   13  Alloctr   13  Proc    0 
[Iter 0] Total (MB): Used  112  Alloctr  112  Proc 2320 

End DR iteration 0 with 289 parts

Finish DR since reached 0 DRC

Information: Detail Routing terminated early because DRCs were not converging: false (ZRT-312)

DR finished with 0 violations


DRC-SUMMARY:
	@@@@@@@ TOTAL VIOLATIONS =	0


Total Wire Length =                    3663 micron
Total Number of Contacts =             318
Total Number of Wires =                240
Total Number of PtConns =              94
Total Number of Routed Wires =       240
Total Routed Wire Length =           3621 micron
Total Number of Routed Contacts =       318
	Layer    METAL1 :         11 micron
	Layer    METAL2 :         50 micron
	Layer    METAL3 :       1565 micron
	Layer    METAL4 :       1764 micron
	Layer    METAL5 :        163 micron
	Layer    METAL6 :        111 micron
	Layer    METAL7 :          0 micron
	Layer    METAL8 :          0 micron
	Via        via5 :          4
	Via        via4 :          5
	Via        via3 :        106
	Via        via2 :        103
	Via        via1 :         99
	Via   via1(rot) :          1

 
Redundant via conversion report:
--------------------------------

  Total optimized via conversion rate =  0.00% (0 / 318 vias)
 
    Layer VIA12      =  0.00% (0      / 100     vias)
        Un-optimized = 100.00% (100     vias)
    Layer VIA23      =  0.00% (0      / 103     vias)
        Un-optimized = 100.00% (103     vias)
    Layer VIA34      =  0.00% (0      / 106     vias)
        Un-optimized = 100.00% (106     vias)
    Layer VIA45      =  0.00% (0      / 5       vias)
        Un-optimized = 100.00% (5       vias)
    Layer VIA56      =  0.00% (0      / 4       vias)
        Un-optimized = 100.00% (4       vias)
 
  Total double via conversion rate    =  0.00% (0 / 318 vias)
 
    Layer VIA12      =  0.00% (0      / 100     vias)
    Layer VIA23      =  0.00% (0      / 103     vias)
    Layer VIA34      =  0.00% (0      / 106     vias)
    Layer VIA45      =  0.00% (0      / 5       vias)
    Layer VIA56      =  0.00% (0      / 4       vias)
 
  The optimized via conversion rate based on total routed via count =  0.00% (0 / 318 vias)
 
    Layer VIA12      =  0.00% (0      / 100     vias)
        Un-optimized = 100.00% (100     vias)
    Layer VIA23      =  0.00% (0      / 103     vias)
        Un-optimized = 100.00% (103     vias)
    Layer VIA34      =  0.00% (0      / 106     vias)
        Un-optimized = 100.00% (106     vias)
    Layer VIA45      =  0.00% (0      / 5       vias)
        Un-optimized = 100.00% (5       vias)
    Layer VIA56      =  0.00% (0      / 4       vias)
        Un-optimized = 100.00% (4       vias)
 



Begin timing optimization in DR ...

Printing options for 'set_route_zrt_common_options'

Printing options for 'set_route_zrt_detail_options'
-timing_driven                                          :	 true                

[Dr init] Elapsed real time: 0:00:00 
[Dr init] Elapsed cpu  time: sys=0:00:00 usr=0:00:00 total=0:00:00
[Dr init] Stage (MB): Used    5  Alloctr    5  Proc    0 
[Dr init] Total (MB): Used  104  Alloctr  105  Proc 2320 

Begin timing soft drc check ...

Created 0 soft drcs


DRC-SUMMARY:
	@@@@@@@ TOTAL VIOLATIONS =	0
[SOFT DRC] Elapsed real time: 0:00:00 
[SOFT DRC] Elapsed cpu  time: sys=0:00:00 usr=0:00:00 total=0:00:00
[SOFT DRC] Stage (MB): Used    0  Alloctr    0  Proc    0 
[SOFT DRC] Total (MB): Used  104  Alloctr  105  Proc 2320 
[DR] Elapsed real time: 0:00:00 
[DR] Elapsed cpu  time: sys=0:00:00 usr=0:00:00 total=0:00:00
[DR] Stage (MB): Used    0  Alloctr    0  Proc    0 
[DR] Total (MB): Used   99  Alloctr  100  Proc 2320 
[DR: Done] Elapsed real time: 0:00:00 
[DR: Done] Elapsed cpu  time: sys=0:00:00 usr=0:00:00 total=0:00:00
[DR: Done] Stage (MB): Used    0  Alloctr    0  Proc    0 
[DR: Done] Total (MB): Used   99  Alloctr  100  Proc 2320 


Finished timing optimization in DR ...


Nets that have been changed:
Net 1 = n4
Net 2 = n7
Net 3 = i_control\/state[2]
Net 4 = n22
Net 5 = n11
Net 6 = n10
Net 7 = n6
Net 8 = n9
Total number of changed nets = 8 (out of 53)

[DR: Done] Elapsed real time: 0:00:00 
[DR: Done] Elapsed cpu  time: sys=0:00:00 usr=0:00:00 total=0:00:00
[DR: Done] Stage (MB): Used    0  Alloctr    0  Proc    0 
[DR: Done] Total (MB): Used   99  Alloctr  100  Proc 2320 
[ECO: DR] Elapsed real time: 0:00:02 
[ECO: DR] Elapsed cpu  time: sys=0:00:00 usr=0:00:02 total=0:00:03
[ECO: DR] Stage (MB): Used   96  Alloctr   96  Proc   -4 
[ECO: DR] Total (MB): Used   99  Alloctr  100  Proc 2320 

ECO Route finished with 0 open nets, of which 0 are frozen

ECO Route finished with 0 violations

DRC-SUMMARY:
	@@@@@@@ TOTAL VIOLATIONS =	0



Total Wire Length =                    3663 micron
Total Number of Contacts =             318
Total Number of Wires =                240
Total Number of PtConns =              94
Total Number of Routed Wires =       240
Total Routed Wire Length =           3621 micron
Total Number of Routed Contacts =       318
	Layer    METAL1 :         11 micron
	Layer    METAL2 :         50 micron
	Layer    METAL3 :       1565 micron
	Layer    METAL4 :       1764 micron
	Layer    METAL5 :        163 micron
	Layer    METAL6 :        111 micron
	Layer    METAL7 :          0 micron
	Layer    METAL8 :          0 micron
	Via        via5 :          4
	Via        via4 :          5
	Via        via3 :        106
	Via        via2 :        103
	Via        via1 :         99
	Via   via1(rot) :          1

 
Redundant via conversion report:
--------------------------------

  Total optimized via conversion rate =  0.00% (0 / 318 vias)
 
    Layer VIA12      =  0.00% (0      / 100     vias)
        Un-optimized = 100.00% (100     vias)
    Layer VIA23      =  0.00% (0      / 103     vias)
        Un-optimized = 100.00% (103     vias)
    Layer VIA34      =  0.00% (0      / 106     vias)
        Un-optimized = 100.00% (106     vias)
    Layer VIA45      =  0.00% (0      / 5       vias)
        Un-optimized = 100.00% (5       vias)
    Layer VIA56      =  0.00% (0      / 4       vias)
        Un-optimized = 100.00% (4       vias)
 
  Total double via conversion rate    =  0.00% (0 / 318 vias)
 
    Layer VIA12      =  0.00% (0      / 100     vias)
    Layer VIA23      =  0.00% (0      / 103     vias)
    Layer VIA34      =  0.00% (0      / 106     vias)
    Layer VIA45      =  0.00% (0      / 5       vias)
    Layer VIA56      =  0.00% (0      / 4       vias)
 
  The optimized via conversion rate based on total routed via count =  0.00% (0 / 318 vias)
 
    Layer VIA12      =  0.00% (0      / 100     vias)
        Un-optimized = 100.00% (100     vias)
    Layer VIA23      =  0.00% (0      / 103     vias)
        Un-optimized = 100.00% (103     vias)
    Layer VIA34      =  0.00% (0      / 106     vias)
        Un-optimized = 100.00% (106     vias)
    Layer VIA45      =  0.00% (0      / 5       vias)
        Un-optimized = 100.00% (5       vias)
    Layer VIA56      =  0.00% (0      / 4       vias)
        Un-optimized = 100.00% (4       vias)
 

Total number of nets = 53
0 open nets, of which 0 are frozen
Total number of excluded ports = 0 ports of 0 unplaced cells connected to 0 nets
                                 0 ports without pins of 0 cells connected to 0 nets
                                 0 ports of 0 cover cells connected to 0 non-pg nets
Total number of DRCs = 0
Total number of antenna violations = antenna checking not active
Total number of voltage-area violations = no voltage-areas defined
Total Wire Length =                    3663 micron
Total Number of Contacts =             318
Total Number of Wires =                240
Total Number of PtConns =              94
Total Number of Routed Wires =       240
Total Routed Wire Length =           3621 micron
Total Number of Routed Contacts =       318
	Layer    METAL1 :         11 micron
	Layer    METAL2 :         50 micron
	Layer    METAL3 :       1565 micron
	Layer    METAL4 :       1764 micron
	Layer    METAL5 :        163 micron
	Layer    METAL6 :        111 micron
	Layer    METAL7 :          0 micron
	Layer    METAL8 :          0 micron
	Via        via5 :          4
	Via        via4 :          5
	Via        via3 :        106
	Via        via2 :        103
	Via        via1 :         99
	Via   via1(rot) :          1

 
Redundant via conversion report:
--------------------------------

  Total optimized via conversion rate =  0.00% (0 / 318 vias)
 
    Layer VIA12      =  0.00% (0      / 100     vias)
        Un-optimized = 100.00% (100     vias)
    Layer VIA23      =  0.00% (0      / 103     vias)
        Un-optimized = 100.00% (103     vias)
    Layer VIA34      =  0.00% (0      / 106     vias)
        Un-optimized = 100.00% (106     vias)
    Layer VIA45      =  0.00% (0      / 5       vias)
        Un-optimized = 100.00% (5       vias)
    Layer VIA56      =  0.00% (0      / 4       vias)
        Un-optimized = 100.00% (4       vias)
 
  Total double via conversion rate    =  0.00% (0 / 318 vias)
 
    Layer VIA12      =  0.00% (0      / 100     vias)
    Layer VIA23      =  0.00% (0      / 103     vias)
    Layer VIA34      =  0.00% (0      / 106     vias)
    Layer VIA45      =  0.00% (0      / 5       vias)
    Layer VIA56      =  0.00% (0      / 4       vias)
 
  The optimized via conversion rate based on total routed via count =  0.00% (0 / 318 vias)
 
    Layer VIA12      =  0.00% (0      / 100     vias)
        Un-optimized = 100.00% (100     vias)
    Layer VIA23      =  0.00% (0      / 103     vias)
        Un-optimized = 100.00% (103     vias)
    Layer VIA34      =  0.00% (0      / 106     vias)
        Un-optimized = 100.00% (106     vias)
    Layer VIA45      =  0.00% (0      / 5       vias)
        Un-optimized = 100.00% (5       vias)
    Layer VIA56      =  0.00% (0      / 4       vias)
        Un-optimized = 100.00% (4       vias)
 
Topology ECO iteration 1 ended with 0 qualifying violations.
Updating the database ...
...updated 8 nets
[ECO: End] Elapsed real time: 0:00:02 
[ECO: End] Elapsed cpu  time: sys=0:00:00 usr=0:00:02 total=0:00:03
[ECO: End] Stage (MB): Used    0  Alloctr    0  Proc   -4 
[ECO: End] Total (MB): Used    2  Alloctr    3  Proc 2320 
Information: RC extraction has been freed. (PSYN-503)
ROPT:    Stage 1 Eco Route Done             Fri Nov 28 20:07:52 2025
Warning: Could not read any link_library files. The link_library setting {"*", "typical_1v2c25.db", "SP013D3_V1p2_typ.db", "typical_1v2c25.db", "SP013D3_V1p2_typ.db"} may be invalid. (UID-349)

  Loading design 'control_pad'
Information: The library cell 'HOLDX1' in the library 'typical_1v2c25' is not characterized for internal power. (PWR-536)
Information: The target library(s) contains cell(s), other than black boxes, that are not characterized for internal power. (PWR-24)


Information: Setting a dont_touch attribute on net 'rd' because it is connected to a pad cell. (PSYN-088)
Information: Setting a dont_touch attribute on net 'zero' because it is connected to a pad cell. (PSYN-088)
Information: Setting a dont_touch attribute on net 'clk' because it is connected to a pad cell. (PSYN-088)
Information: Setting a dont_touch attribute on net 'rst_' because it is connected to a pad cell. (PSYN-088)
Information: Setting a dont_touch attribute on net 'opcode[2]' because it is connected to a pad cell. (PSYN-088)
Information: Setting a dont_touch attribute on net 'opcode[1]' because it is connected to a pad cell. (PSYN-088)
Information: Setting a dont_touch attribute on net 'opcode[0]' because it is connected to a pad cell. (PSYN-088)
Information: Setting a dont_touch attribute on net 'sel' because it is connected to a pad cell. (PSYN-088)
Information: Setting a dont_touch attribute on net 'data_e' because it is connected to a pad cell. (PSYN-088)
Information: Setting a dont_touch attribute on net 'halt' because it is connected to a pad cell. (PSYN-088)
Information: Setting a dont_touch attribute on net 'inc_pc' because it is connected to a pad cell. (PSYN-088)
Information: Setting a dont_touch attribute on net 'ld_pc' because it is connected to a pad cell. (PSYN-088)
Information: Setting a dont_touch attribute on net 'ld_ac' because it is connected to a pad cell. (PSYN-088)
Information: Setting a dont_touch attribute on net 'ld_ir' because it is connected to a pad cell. (PSYN-088)
Information: Setting a dont_touch attribute on net 'wr' because it is connected to a pad cell. (PSYN-088)


Information: Library Manufacturing Grid(GridResolution) : 5
Information: Time Unit from Milkyway design library: 'ns' 
Information: Design Library and main library timing units are matched - 1.000 ns. 
Information: Resistance Unit from Milkyway design library: 'kohm' 
Information: Design Library and main library resistance units are matched - 1.000 kohm. 
Information: Capacitance Unit from Milkyway design library: 'pf' 
Information: Design Library and main library capacitance units are matched - 1.000 pf. 
Warning: Inconsistent library data found for layer POLY1. (RCEX-018)
Information: Layer METAL1 is ignored for resistance and capacitance computation. (RCEX-019)
Information: Layer METAL2 is ignored for resistance and capacitance computation. (RCEX-019)
Information: Layer METAL7 is ignored for resistance and capacitance computation. (RCEX-019)
Information: Layer METAL8 is ignored for resistance and capacitance computation. (RCEX-019)
Information: The distance unit in Capacitance and Resistance is 1 micron. (RCEX-007)
Information: The RC model used is detail route TLU+. (RCEX-015)
Information: Start mixed mode parasitic extraction. (RCEX-023)
Information: Start rc extraction...
EKL_MT: Max number of thread is 16
Information: extraction with 4 threads (RCEX-208)
Memory usage for extraction task 684 Mbytes -- main task 497 Mbytes.
Information: Parasitic source is LPE. (RCEX-040)
Information: Parasitic mode is RealRC. (RCEX-041)
Information: Using virtual shield extraction. (RCEX-081)
Information: Extraction mode is MAX. (RCEX-042)
Information: Extraction derate is 25/25/25. (RCEX-043)
Information: Coupling capacitances are explicitly created. (RCEX-044)
Information: Start back annotation for parasitic extraction. (RCEX-023)
Information: End back annotation for parasitic extraction. (RCEX-023)
Information: Start timing update for parasitic extraction. (RCEX-023)
Information: End timing update for parasitic extraction. (RCEX-023)
Information: End parasitic extraction. (RCEX-023)
Information: Start rc update...
****************************************************************
Information: TLUPlus based RC computation is enabled. (RCEX-141)
****************************************************************
Information: The distance unit in Capacitance and Resistance is 1 micron. (RCEX-007)
Information: The RC model used is TLU+. (RCEX-015)
Information: Library Derived Cap for layer METAL1 : 0.00025 0.00025 (RCEX-011)
Information: Library Derived Res for layer METAL1 : 0.0002 0.0002 (RCEX-011)
Information: Library Derived Cap for layer METAL2 : 0.00031 0.00031 (RCEX-011)
Information: Library Derived Res for layer METAL2 : 9.1e-05 9.1e-05 (RCEX-011)
Information: Library Derived Cap for layer METAL3 : 0.00035 0.00035 (RCEX-011)
Information: Library Derived Res for layer METAL3 : 9.1e-05 9.1e-05 (RCEX-011)
Information: Library Derived Cap for layer METAL4 : 0.00031 0.00031 (RCEX-011)
Information: Library Derived Res for layer METAL4 : 9.1e-05 9.1e-05 (RCEX-011)
Information: Library Derived Cap for layer METAL5 : 0.00035 0.00035 (RCEX-011)
Information: Library Derived Res for layer METAL5 : 9.1e-05 9.1e-05 (RCEX-011)
Information: Library Derived Cap for layer METAL6 : 0.00031 0.00031 (RCEX-011)
Information: Library Derived Res for layer METAL6 : 9.1e-05 9.1e-05 (RCEX-011)
Information: Library Derived Cap for layer METAL7 : 0.00035 0.00035 (RCEX-011)
Information: Library Derived Res for layer METAL7 : 9.1e-05 9.1e-05 (RCEX-011)
Information: Library Derived Cap for layer METAL8 : 0.0003 0.0003 (RCEX-011)
Information: Library Derived Res for layer METAL8 : 1.2e-05 1.2e-05 (RCEX-011)
Information: Library Derived Horizontal Cap : 0.00035 0.00035 (RCEX-011)
Information: Library Derived Horizontal Res : 9.1e-05 9.1e-05 (RCEX-011)
Information: Library Derived Vertical Cap : 0.00031 0.00031 (RCEX-011)
Information: Library Derived Vertical Res : 9.1e-05 9.1e-05 (RCEX-011)
Information: Using derived R and C coefficients. (RCEX-008)
Information: Using region-based R and C coefficients. (RCEX-013)
Information: Library Derived Via Res : 0.0001 0.0001 (RCEX-011)
Information: End rc update.
Information: The mixed mode parasitic extraction has been performed. (RCEX-202)
Information: Updating graph... (UID-83)

************************************************************
SI options:
Delta Delay Computation:           true
Static Noise Computation:          true
Timing window analysis for SI:     false
Min Delta Delay for SI:            true
Analysis Effort:                   medium
Max Transition Mode:               normal_slew
Static Noise Thresholds:           0.35 (0.42V) above low
                                   0.35 (0.42V) below high
Route xtalk prevention:            true
Route xtalk prevention threshold:  0.35
************************************************************

Information: Updating design information... (UID-85)

************************************************************
SI options:
Delta Delay Computation:           true
Static Noise Computation:          true
Timing window analysis for SI:     false
Min Delta Delay for SI:            true
Analysis Effort:                   medium
Max Transition Mode:               normal_slew
Static Noise Thresholds:           0.35 (0.42V) above low
                                   0.35 (0.42V) below high
Route xtalk prevention:            true
Route xtalk prevention threshold:  0.35
************************************************************

Information: Input delay ('rise') on clock port 'clk' will be added to the clock's propagated skew. (TIM-112)
Information: Input delay ('fall') on clock port 'clk' will be added to the clock's propagated skew. (TIM-112)
Warning: Failed to compute the effective capacitance for the timing arc
	 (SP013D3_V1p2_typ/PI) i_opcode_2/PAD-->C (max-rising positive_unate)
	  because the library data indicates a non-positive drive resistance.
	  [r/f inp_slew = 18.3066/9.67021, out_cap = 0.031053  (lib units)] (RCCALC-004)
Warning: Failed to compute the effective capacitance for the timing arc
	 (SP013D3_V1p2_typ/PI) i_opcode_2/PAD-->C (max-falling positive_unate)
	  because the library data indicates a non-positive drive resistance.
	  [r/f inp_slew = 18.3066/9.67021, out_cap = 0.031053  (lib units)] (RCCALC-004)
Warning: Failed to compute the effective capacitance for the timing arc
	 (SP013D3_V1p2_typ/PI) i_opcode_1/PAD-->C (max-rising positive_unate)
	  because the library data indicates a non-positive drive resistance.
	  [r/f inp_slew = 18.4574/9.74977, out_cap = 0.0388679  (lib units)] (RCCALC-004)
Warning: Failed to compute the effective capacitance for the timing arc
	 (SP013D3_V1p2_typ/PI) i_opcode_1/PAD-->C (max-falling positive_unate)
	  because the library data indicates a non-positive drive resistance.
	  [r/f inp_slew = 18.4574/9.74977, out_cap = 0.0388679  (lib units)] (RCCALC-004)
Warning: Failed to compute the effective capacitance for the timing arc
	 (SP013D3_V1p2_typ/PI) i_opcode_2/PAD-->C (min-falling positive_unate)
	  because the library data indicates a non-positive drive resistance.
	  [r/f inp_slew = 18.3066/9.67021, out_cap = 0.031053  (lib units)] (RCCALC-004)
Warning: Failed to compute the effective capacitance for the timing arc
	 (SP013D3_V1p2_typ/PI) i_opcode_2/PAD-->C (min-rising positive_unate)
	  because the library data indicates a non-positive drive resistance.
	  [r/f inp_slew = 18.3066/9.67021, out_cap = 0.031053  (lib units)] (RCCALC-004)
Warning: Failed to compute the effective capacitance for the timing arc
	 (SP013D3_V1p2_typ/PI) i_opcode_1/PAD-->C (min-falling positive_unate)
	  because the library data indicates a non-positive drive resistance.
	  [r/f inp_slew = 18.4574/9.74977, out_cap = 0.0388679  (lib units)] (RCCALC-004)
Warning: Failed to compute the effective capacitance for the timing arc
	 (SP013D3_V1p2_typ/PI) i_opcode_1/PAD-->C (min-rising positive_unate)
	  because the library data indicates a non-positive drive resistance.
	  [r/f inp_slew = 18.4574/9.74977, out_cap = 0.0388679  (lib units)] (RCCALC-004)
Warning: Failed to compute the effective capacitance for the timing arc
	 (SP013D3_V1p2_typ/PI) i_opcode_0/PAD-->C (max-falling positive_unate)
	  because the library data indicates a non-positive drive resistance.
	  [r/f inp_slew = 18.4465/9.74404, out_cap = 0.0555746  (lib units)] (RCCALC-004)
Warning: Failed to compute the effective capacitance for the timing arc
	 (SP013D3_V1p2_typ/PI) i_opcode_0/PAD-->C (max-rising positive_unate)
	  because the library data indicates a non-positive drive resistance.
	  [r/f inp_slew = 18.4465/9.74404, out_cap = 0.0555746  (lib units)] (RCCALC-004)
Warning: Failed to compute the effective capacitance for the timing arc
	 (SP013D3_V1p2_typ/PI) i_zero/PAD-->C (max-falling positive_unate)
	  because the library data indicates a non-positive drive resistance.
	  [r/f inp_slew = 18.2916/9.66228, out_cap = 0.0256522  (lib units)] (RCCALC-004)
Warning: Failed to compute the effective capacitance for the timing arc
	 (SP013D3_V1p2_typ/PI) i_zero/PAD-->C (max-rising positive_unate)
	  because the library data indicates a non-positive drive resistance.
	  [r/f inp_slew = 18.2916/9.66228, out_cap = 0.0256522  (lib units)] (RCCALC-004)
Warning: Failed to compute the effective capacitance for the timing arc
	 (SP013D3_V1p2_typ/PI) i_opcode_0/PAD-->C (min-rising positive_unate)
	  because the library data indicates a non-positive drive resistance.
	  [r/f inp_slew = 18.4465/9.74404, out_cap = 0.0555746  (lib units)] (RCCALC-004)
Warning: Failed to compute the effective capacitance for the timing arc
	 (SP013D3_V1p2_typ/PI) i_opcode_0/PAD-->C (min-falling positive_unate)
	  because the library data indicates a non-positive drive resistance.
	  [r/f inp_slew = 18.4465/9.74404, out_cap = 0.0555746  (lib units)] (RCCALC-004)
Warning: Failed to compute the effective capacitance for the timing arc
	 (SP013D3_V1p2_typ/PI) i_zero/PAD-->C (min-rising positive_unate)
	  because the library data indicates a non-positive drive resistance.
	  [r/f inp_slew = 18.2916/9.66228, out_cap = 0.0256522  (lib units)] (RCCALC-004)
Warning: Failed to compute the effective capacitance for the timing arc
	 (SP013D3_V1p2_typ/PI) i_zero/PAD-->C (min-falling positive_unate)
	  because the library data indicates a non-positive drive resistance.
	  [r/f inp_slew = 18.2916/9.66228, out_cap = 0.0256522  (lib units)] (RCCALC-004)
Warning: Failed to compute the effective capacitance for the timing arc
	 (SP013D3_V1p2_typ/PI) i_rst/PAD-->C (max-falling positive_unate)
	  because the library data indicates a non-positive drive resistance.
	  [r/f inp_slew = 18.4796/9.76147, out_cap = 0.050338  (lib units)] (RCCALC-004)
Warning: Failed to compute the effective capacitance for the timing arc
	 (SP013D3_V1p2_typ/PI) i_rst/PAD-->C (max-rising positive_unate)
	  because the library data indicates a non-positive drive resistance.
	  [r/f inp_slew = 18.4796/9.76147, out_cap = 0.050338  (lib units)] (RCCALC-004)
Warning: Failed to compute the effective capacitance for the timing arc
	 (SP013D3_V1p2_typ/PI) i_rst/PAD-->C (min-falling positive_unate)
	  because the library data indicates a non-positive drive resistance.
	  [r/f inp_slew = 18.4796/9.76147, out_cap = 0.050338  (lib units)] (RCCALC-004)
Warning: Failed to compute the effective capacitance for the timing arc
	 (SP013D3_V1p2_typ/PI) i_rst/PAD-->C (min-rising positive_unate)
	  because the library data indicates a non-positive drive resistance.
	  [r/f inp_slew = 18.4796/9.76147, out_cap = 0.050338  (lib units)] (RCCALC-004)
 
****************************************
Report : qor
Design : control_pad
Version: T-2022.03
Date   : Fri Nov 28 20:07:55 2025
****************************************


  Timing Path Group 'clk'
  -----------------------------------
  Levels of Logic:               5.00
  Critical Path Length:         10.19
  Critical Path Slack:           8.71
  Critical Path Clk Period:     20.00
  Total Negative Slack:          0.00
  No. of Violating Paths:        0.00
  Worst Hold Violation:          0.00
  Total Hold Violation:          0.00
  No. of Hold Violations:        0.00
  -----------------------------------


  Cell Count
  -----------------------------------
  Hierarchical Cell Count:          0
  Hierarchical Port Count:          0
  Leaf Cell Count:                 42
  Buf/Inv Cell Count:               3
  Buf Cell Count:                   0
  Inv Cell Count:                   3
  CT Buf/Inv Cell Count:            0
  Combinational Cell Count:        39
  Sequential Cell Count:            3
  Macro Count:                      0
  -----------------------------------


  Area
  -----------------------------------
  Combinational Area:   103623.595799
  Noncombinational Area:    96.751797
  Buf/Inv Area:         103436.881800
  Total Buffer Area:             0.00
  Total Inverter Area:          11.88
  Macro/Black Box Area:      0.000000
  Net Area:                  0.000000
  Net XLength        :        4725.94
  Net YLength        :        6767.85
  -----------------------------------
  Cell Area:            103720.347596
  Design Area:          103720.347596
  Net Length        :        11493.79


  Design Rules
  -----------------------------------
  Total Number of Nets:            51
  Nets With Violations:             5
  Max Trans Violations:             5
  Max Cap Violations:               5
  -----------------------------------


  Hostname: eda

  Compile CPU Statistics
  -----------------------------------------
  Resource Sharing:                    0.00
  Logic Optimization:                  0.00
  Mapping Optimization:                2.68
  -----------------------------------------
  Overall Compile Time:                3.31
  Overall Compile Wall Clock Time:     3.38

  --------------------------------------------------------------------

  Design  WNS: 0.00  TNS: 0.00  Number of Violating Paths: 0  (with Crosstalk delta delays)


  Design (Hold)  WNS: 0.00  TNS: 0.00  Number of Violating Paths: 0  (with Crosstalk delta delays)

  --------------------------------------------------------------------



ROPT:    (SETUP) WNS: 0.0000 TNS: 0.0000  Number of Violating Path: 0
ROPT:    (HOLD) WNS: 0.0000 TNS: 0.0000  Number of Violating Path: 0
ROPT:    Number of DRC Violating Nets: 5
ROPT:    Number of Route Violation: 0 
1
################################################### 
#Incremental Optimization 
################################################### 
# Focus on hold time fixing only  
set_fix_hold  clk 
1
route_opt -incremental -only_hold_time 
Information: Running detail route with timing driven mode save after iteration 1 (route_opt default). (ROPT-020)
ROPT:    route_opt strategy for the design:
ROPT:    Stage                                 : auto
ROPT:    Effort                                : medium
ROPT:    Power mode                            : none
ROPT:    Incremental                           : Yes
ROPT:    Only Hold fix                         : Yes
ROPT:    Search-Repair loops                   : 10 
ROPT:    ECO Search-Repair loops               : 4 
ROPT:    Fix Hold Mode                         : route_based 
ROPT:    Route Violation threshold             : 3000 
 Routeopt: Using zrt router
Information: Running global route with timing driven mode true (route_opt default). (ROPT-020)
Information: Running track_assign with timing driven mode true (route_opt default). (ROPT-020)
Information: Running detail route with timing driven mode true (route_opt default). (ROPT-020)
Information: Running global route with crosstalk driven mode true (route_opt default). (ROPT-021)
Information: Running track assign with crosstalk driven mode true (route_opt default). (ROPT-021)
 
****************************************
Report : qor
Design : control_pad
Version: T-2022.03
Date   : Fri Nov 28 20:07:55 2025
****************************************


  Timing Path Group 'clk'
  -----------------------------------
  Levels of Logic:               5.00
  Critical Path Length:         10.19
  Critical Path Slack:           8.71
  Critical Path Clk Period:     20.00
  Total Negative Slack:          0.00
  No. of Violating Paths:        0.00
  Worst Hold Violation:          0.00
  Total Hold Violation:          0.00
  No. of Hold Violations:        0.00
  -----------------------------------


  Cell Count
  -----------------------------------
  Hierarchical Cell Count:          0
  Hierarchical Port Count:          0
  Leaf Cell Count:                 42
  Buf/Inv Cell Count:               3
  Buf Cell Count:                   0
  Inv Cell Count:                   3
  CT Buf/Inv Cell Count:            0
  Combinational Cell Count:        39
  Sequential Cell Count:            3
  Macro Count:                      0
  -----------------------------------


  Area
  -----------------------------------
  Combinational Area:   103623.595799
  Noncombinational Area:    96.751797
  Buf/Inv Area:         103436.881800
  Total Buffer Area:             0.00
  Total Inverter Area:          11.88
  Macro/Black Box Area:      0.000000
  Net Area:                  0.000000
  Net XLength        :        4725.94
  Net YLength        :        6767.85
  -----------------------------------
  Cell Area:            103720.347596
  Design Area:          103720.347596
  Net Length        :        11493.79


  Design Rules
  -----------------------------------
  Total Number of Nets:            51
  Nets With Violations:             5
  Max Trans Violations:             5
  Max Cap Violations:               5
  -----------------------------------


  Hostname: eda

  Compile CPU Statistics
  -----------------------------------------
  Resource Sharing:                    0.00
  Logic Optimization:                  0.00
  Mapping Optimization:                2.68
  -----------------------------------------
  Overall Compile Time:                3.31
  Overall Compile Wall Clock Time:     3.38

  --------------------------------------------------------------------

  Design  WNS: 0.00  TNS: 0.00  Number of Violating Paths: 0  (with Crosstalk delta delays)


  Design (Hold)  WNS: 0.00  TNS: 0.00  Number of Violating Paths: 0  (with Crosstalk delta delays)

  --------------------------------------------------------------------



ROPT:    (SETUP) WNS: 0.0000 TNS: 0.0000  Number of Violating Path: 0
ROPT:    (HOLD) WNS: 0.0000 TNS: 0.0000  Number of Violating Path: 0
ROPT:    Number of DRC Violating Nets: 5
ROPT:    Number of Route Violation: 0 
ROPT:    Running Incremental Optimization Stage             Fri Nov 28 20:07:55 2025

  Timing, DRC and Routing Optimization (auto Stage 1)
  ------------------------------------------------

Warning: Could not read any link_library files. The link_library setting {"*", "typical_1v2c25.db", "SP013D3_V1p2_typ.db", "typical_1v2c25.db", "SP013D3_V1p2_typ.db"} may be invalid. (UID-349)

  Loading design 'control_pad'


Information: Setting a dont_touch attribute on net 'rd' because it is connected to a pad cell. (PSYN-088)
Information: Setting a dont_touch attribute on net 'zero' because it is connected to a pad cell. (PSYN-088)
Information: Setting a dont_touch attribute on net 'clk' because it is connected to a pad cell. (PSYN-088)
Information: Setting a dont_touch attribute on net 'rst_' because it is connected to a pad cell. (PSYN-088)
Information: Setting a dont_touch attribute on net 'opcode[2]' because it is connected to a pad cell. (PSYN-088)
Information: Setting a dont_touch attribute on net 'opcode[1]' because it is connected to a pad cell. (PSYN-088)
Information: Setting a dont_touch attribute on net 'opcode[0]' because it is connected to a pad cell. (PSYN-088)
Information: Setting a dont_touch attribute on net 'sel' because it is connected to a pad cell. (PSYN-088)
Information: Setting a dont_touch attribute on net 'data_e' because it is connected to a pad cell. (PSYN-088)
Information: Setting a dont_touch attribute on net 'halt' because it is connected to a pad cell. (PSYN-088)
Information: Setting a dont_touch attribute on net 'inc_pc' because it is connected to a pad cell. (PSYN-088)
Information: Setting a dont_touch attribute on net 'ld_pc' because it is connected to a pad cell. (PSYN-088)
Information: Setting a dont_touch attribute on net 'ld_ac' because it is connected to a pad cell. (PSYN-088)
Information: Setting a dont_touch attribute on net 'ld_ir' because it is connected to a pad cell. (PSYN-088)
Information: Setting a dont_touch attribute on net 'wr' because it is connected to a pad cell. (PSYN-088)


Information: Library Manufacturing Grid(GridResolution) : 5
Information: Time Unit from Milkyway design library: 'ns' 
Information: Design Library and main library timing units are matched - 1.000 ns. 
Information: Resistance Unit from Milkyway design library: 'kohm' 
Information: Design Library and main library resistance units are matched - 1.000 kohm. 
Information: Capacitance Unit from Milkyway design library: 'pf' 
Information: Design Library and main library capacitance units are matched - 1.000 pf. 

  Design  WNS: 0.00  TNS: 0.00  Number of Violating Paths: 0  (with Crosstalk delta delays)

  Nets with DRC Violations: 5
  Total moveable cell area: 295.3
  Total fixed cell area: 103425.0
  Total physical cell area: 103720.3
  Core area: (227000 227000 377420 374600)



  Design (Hold)  WNS: 0.00  TNS: 0.00  Number of Violating Paths: 0  (with Crosstalk delta delays)

  Beginning On-Route Optimization 
  --------------------------------

  Crosstalk fixing is ON . Delta-delay: ON, Delta-Slew: OFF, Static-Noise: ON.



  Beginning Phase 1 Design Rule Fixing  (max_transition)  (max_capacitance)
  ------------------------------------


Note: Symbol # after min delay cost means estimated hold TNS across all active scenarios 


  Optimization Complete
  ---------------------
[begin initializing data for legality checker]

Initializing Data Structure ...
INFO: legalizer_via_spacing_check_mode 0
  Reading technology information ...
    Technology table contains 8 routable metal layers
    Top most routable layer is set to be metal6
    This is considered as a 6-metal-layer design
    Reading library information from DB ...
  Reading misc information ...
    array <unit> has 0 vertical and 40 horizontal rows
    14 pre-routes for placement blockage/checking
    14 pre-routes for map congestion calculation
  Checking information read in ...
    design style = Horizontal masters, Horizontal rows

  Preprocessing design ...
    splitting rows by natural obstacles ...
... design style 0
... number of base array 1 0
INFO:... use original rows...
[end initializing data for legality checker]
 
****************************************
  Report : Chip Summary
  Design : control_pad
  Version: T-2022.03
  Date   : Fri Nov 28 20:07:55 2025
****************************************
Std cell utilization: 1.33%  (174/(13080-0))
(Non-fixed + Fixed)
Std cell utilization: 1.33%  (174/(13080-0))
(Non-fixed only)
Chip area:            13080    sites, bbox (227.00 227.00 377.42 374.60) um
Std cell area:        174      sites, (non-fixed:174    fixed:0)
                      27       cells, (non-fixed:27     fixed:0)
Macro cell area:      0        sites
                      0        cells
Placement blockages:  0        sites, (excluding fixed std cells)
                      0        sites, (include fixed std cells & chimney area)
                      0        sites, (complete p/g net blockages)
Routing blockages:    0        sites, (partial p/g net blockages)
                      0        sites, (routing blockages and signal pre-route)
Lib cell count:       16 
Avg. std cell width:  3.16 um 
Site array:           unit     (width: 0.46 um, height: 3.69 um, rows: 40)
Physical DB scale:    1000 db_unit = 1 um 

 
****************************************
  Report : pnet options
  Design : control_pad
  Version: T-2022.03
  Date   : Fri Nov 28 20:07:55 2025
****************************************


--------------------------------------------------------------------
Layer      Blockage   Min_width   Min_height   Via_additive     Density
--------------------------------------------------------------------
METAL1     none          ---         ---       via additive      ---
METAL2     none          ---         ---       via additive      ---
METAL3     none          ---         ---       via additive      ---
METAL4     none          ---         ---       via additive      ---
METAL5     none          ---         ---       via additive      ---
METAL6     none          ---         ---       via additive      ---
METAL7     none          ---         ---       via additive      ---
METAL8     none          ---         ---       via additive      ---

Total 0 (out of 27) illegal cells need to be legalized.

No cells needs to be legalized.
 
****************************************
  Report : Legalize Displacement
  Design : control_pad
  Version: T-2022.03
  Date   : Fri Nov 28 20:07:55 2025
****************************************

No cell displacement.


  On-Route Optimization Complete
  ------------------------------

[begin initializing data for legality checker]

Initializing Data Structure ...
INFO: legalizer_via_spacing_check_mode 0
  Reading technology information ...
    Technology table contains 8 routable metal layers
    Top most routable layer is set to be metal6
    This is considered as a 6-metal-layer design
    Reading library information from DB ...
  Reading misc information ...
    array <unit> has 0 vertical and 40 horizontal rows
    14 pre-routes for placement blockage/checking
    14 pre-routes for map congestion calculation
  Checking information read in ...
    design style = Horizontal masters, Horizontal rows

  Preprocessing design ...
    splitting rows by natural obstacles ...
... design style 0
... number of base array 1 0
INFO:... use original rows...
[end initializing data for legality checker]
Warning: Die area is not integer multiples of min site height (3690), object's width and height(604420,604000). (PSYN-523)
Warning: Die area is not integer multiples of min site width (460), object's width and height(604420,604000). (PSYN-523)
Warning: Cell i_sel is not integer multiples of min site width (460), object's width and height(35000,197000). (PSYN-523)
Warning: Cell i_sel is not integer multiples of min site height (3690), object's width and height(197000,197000). (PSYN-523)
Warning: Cell i_data_e is not integer multiples of min site width (460), object's width and height(35000,197000). (PSYN-523)
Warning: Cell i_data_e is not integer multiples of min site height (3690), object's width and height(197000,197000). (PSYN-523)
Warning: Cell i_halt is not integer multiples of min site width (460), object's width and height(35000,197000). (PSYN-523)
Warning: Cell i_halt is not integer multiples of min site height (3690), object's width and height(197000,197000). (PSYN-523)
Warning: Cell i_inc_pc is not integer multiples of min site width (460), object's width and height(35000,197000). (PSYN-523)
Warning: Cell i_inc_pc is not integer multiples of min site height (3690), object's width and height(197000,197000). (PSYN-523)
Warning: Cell i_ld_pc is not integer multiples of min site width (460), object's width and height(35000,197000). (PSYN-523)
Warning: Cell i_ld_pc is not integer multiples of min site height (3690), object's width and height(197000,197000). (PSYN-523)
Warning: Cell i_ld_ac is not integer multiples of min site width (460), object's width and height(35000,197000). (PSYN-523)
Warning: Cell i_ld_ac is not integer multiples of min site height (3690), object's width and height(197000,197000). (PSYN-523)
Warning: Cell i_ld_ir is not integer multiples of min site width (460), object's width and height(35000,197000). (PSYN-523)
Warning: Cell i_ld_ir is not integer multiples of min site height (3690), object's width and height(197000,197000). (PSYN-523)
Warning: Cell i_wr is not integer multiples of min site width (460), object's width and height(35000,197000). (PSYN-523)
Warning: Cell i_wr is not integer multiples of min site height (3690), object's width and height(197000,197000). (PSYN-523)
Warning: Cell i_rd is not integer multiples of min site width (460), object's width and height(35000,197000). (PSYN-523)
Warning: Cell i_rd is not integer multiples of min site height (3690), object's width and height(197000,197000). (PSYN-523)
Warning: Cell i_opcode_2 is not integer multiples of min site width (460), object's width and height(35000,197000). (PSYN-523)
Warning: Cell i_opcode_2 is not integer multiples of min site height (3690), object's width and height(197000,197000). (PSYN-523)
Warning: Cell i_opcode_1 is not integer multiples of min site width (460), object's width and height(35000,197000). (PSYN-523)
Warning: Cell i_opcode_1 is not integer multiples of min site height (3690), object's width and height(197000,197000). (PSYN-523)
Warning: Cell i_opcode_0 is not integer multiples of min site width (460), object's width and height(35000,197000). (PSYN-523)
Warning: Cell i_opcode_0 is not integer multiples of min site height (3690), object's width and height(197000,197000). (PSYN-523)
Warning: Cell i_zero is not integer multiples of min site width (460), object's width and height(35000,197000). (PSYN-523)
Warning: Cell i_zero is not integer multiples of min site height (3690), object's width and height(197000,197000). (PSYN-523)
Warning: Cell i_clk is not integer multiples of min site width (460), object's width and height(35000,197000). (PSYN-523)
Warning: Cell i_clk is not integer multiples of min site height (3690), object's width and height(197000,197000). (PSYN-523)
Warning: Cell i_rst is not integer multiples of min site width (460), object's width and height(35000,197000). (PSYN-523)
Warning: Cell i_rst is not integer multiples of min site height (3690), object's width and height(197000,197000). (PSYN-523)

**************************************************** 
Check_legality: Report for Fixed Placement Cells
Information: Use the -verbose option to get details about the legality violations. (PSYN-054)
**************************************************** 
(fixed placement) Cells Not on Row            : 0
(fixed placement) Cell Overlaps               : 0
(fixed placement) Cells overlapping blockages : 0
(fixed placement) Orientation Violations      : 0
(fixed placement) Site Violations             : 0
(fixed placement) Power Strap Violations      : 0
****************************************************** 

****************************************************** 
Check_legality: Report for Non-fixed Placement Cells
Information: Use the -verbose option to get details about the legality violations. (PSYN-054)
****************************************************** 
Number of Cells Not on Row            : 0
Number of Cell Overlaps               : 0
Number of Cells overlapping blockages : 0
Number of Orientation Violations      : 0
Number of Site Violations             : 0
Number of Power Strap Violations      : 0
******************************************** 
Information: Zroute based route preservation is enabled. (ROPT-032)
Information: Updating database...
ROPT:    Incremental Optimization Stage Done             Fri Nov 28 20:07:56 2025
GART: Updated design time.
GART: Transferring timing data to the router....
GART: Done transferring timing data to the router.
ROPT:    Running Incremental Stage Eco Route             Fri Nov 28 20:07:56 2025

  Beginning incremental routing (auto Stage 1)
  ----------------------------------------------

Turn off antenna since no rule is specified
Cell Min-Routing-Layer = METAL3
Cell Max-Routing-Layer = METAL6
Warning: Cell PCORNER contains more than 100000 obstructions (311044).  This may increase routing runtime.  You may wish to re-run BPV.  (ZRT-092)
Warning: Blockage, pin, and via extraction on 8 macros was done with "treat blockage as thin". (ZRT-023)
Warning: Ignore 2 top cell ports with no pins. (ZRT-027)
Warning: Pin i_rd/PAD of net rd has no valid shapes to connect. (ZRT-100)
Warning: Pin i_sel/PAD of net sel has no valid shapes to connect. (ZRT-100)
Warning: Pin i_data_e/PAD of net data_e has no valid shapes to connect. (ZRT-100)
Warning: Pin i_halt/PAD of net halt has no valid shapes to connect. (ZRT-100)
Warning: Pin i_inc_pc/PAD of net inc_pc has no valid shapes to connect. (ZRT-100)
Warning: Pin i_ld_pc/PAD of net ld_pc has no valid shapes to connect. (ZRT-100)
Warning: Pin i_ld_ac/PAD of net ld_ac has no valid shapes to connect. (ZRT-100)
Warning: Pin i_ld_ir/PAD of net ld_ir has no valid shapes to connect. (ZRT-100)
Warning: Pin i_wr/PAD of net wr has no valid shapes to connect. (ZRT-100)
Warning: Pin i_opcode_2/PAD of net opcode[2] has no valid shapes to connect. (ZRT-100)
Warning: Pin i_opcode_1/PAD of net opcode[1] has no valid shapes to connect. (ZRT-100)
Warning: Pin i_opcode_0/PAD of net opcode[0] has no valid shapes to connect. (ZRT-100)
Warning: Pin i_zero/PAD of net zero has no valid shapes to connect. (ZRT-100)
Warning: Pin i_clk/PAD of net clk has no valid shapes to connect. (ZRT-100)
Warning: Pin i_rst/PAD of net rst_ has no valid shapes to connect. (ZRT-100)
Warning: Cannot find a fat contact for layer 'VIA78'. (ZRT-010)
Via on layer (VIA78) needs more than one tracks
Warning: Layer METAL7 pitch 0.410 may be too small: wire/via-down 0.400, wire/via-up 0.490. (ZRT-026)
[ECO: Extraction] Elapsed real time: 0:00:01 
[ECO: Extraction] Elapsed cpu  time: sys=0:00:00 usr=0:00:01 total=0:00:01
[ECO: Extraction] Stage (MB): Used   95  Alloctr   95  Proc   -4 
[ECO: Extraction] Total (MB): Used   98  Alloctr   99  Proc 2320 
Num of eco nets = 53
Num of open eco nets = 0
[ECO: Init] Elapsed real time: 0:00:01 
[ECO: Init] Elapsed cpu  time: sys=0:00:00 usr=0:00:01 total=0:00:01
[ECO: Init] Stage (MB): Used   96  Alloctr   96  Proc   -4 
[ECO: Init] Total (MB): Used   98  Alloctr   99  Proc 2320 
Printing options for 'set_route_zrt_common_options'

Printing options for 'set_route_zrt_detail_options'
-timing_driven                                          :	 true                


Begin ECO DRC check ...

Checked	1/25 Partitions, Violations =	0
Checked	2/25 Partitions, Violations =	0
Checked	3/25 Partitions, Violations =	0
Checked	4/25 Partitions, Violations =	0
Checked	5/25 Partitions, Violations =	0
Checked	6/25 Partitions, Violations =	0
Checked	7/25 Partitions, Violations =	0
Checked	8/25 Partitions, Violations =	0
Checked	9/25 Partitions, Violations =	0
Checked	10/25 Partitions, Violations =	0
Checked	11/25 Partitions, Violations =	0
Checked	12/25 Partitions, Violations =	0
Checked	13/25 Partitions, Violations =	0
Checked	14/25 Partitions, Violations =	0
Checked	15/25 Partitions, Violations =	0
Checked	16/25 Partitions, Violations =	0
Checked	17/25 Partitions, Violations =	0
Checked	18/25 Partitions, Violations =	0
Checked	19/25 Partitions, Violations =	0
Checked	20/25 Partitions, Violations =	0
Checked	21/25 Partitions, Violations =	0
Checked	22/25 Partitions, Violations =	0
Checked	23/25 Partitions, Violations =	0
Checked	24/25 Partitions, Violations =	0
Checked	25/25 Partitions, Violations =	0

DRC-SUMMARY:
	@@@@@@@ TOTAL VIOLATIONS =	0

[DRC CHECK] Elapsed real time: 0:00:00 
[DRC CHECK] Elapsed cpu  time: sys=0:00:00 usr=0:00:00 total=0:00:00
[DRC CHECK] Stage (MB): Used    0  Alloctr    0  Proc   53 
[DRC CHECK] Total (MB): Used  112  Alloctr  112  Proc 2373 

Total Wire Length =                    3663 micron
Total Number of Contacts =             318
Total Number of Wires =                240
Total Number of PtConns =              94
Total Number of Routed Wires =       240
Total Routed Wire Length =           3621 micron
Total Number of Routed Contacts =       318
	Layer    METAL1 :         11 micron
	Layer    METAL2 :         50 micron
	Layer    METAL3 :       1565 micron
	Layer    METAL4 :       1764 micron
	Layer    METAL5 :        163 micron
	Layer    METAL6 :        111 micron
	Layer    METAL7 :          0 micron
	Layer    METAL8 :          0 micron
	Via        via5 :          4
	Via        via4 :          5
	Via        via3 :        106
	Via        via2 :        103
	Via        via1 :         99
	Via   via1(rot) :          1

 
Redundant via conversion report:
--------------------------------

  Total optimized via conversion rate =  0.00% (0 / 318 vias)
 
    Layer VIA12      =  0.00% (0      / 100     vias)
        Un-optimized = 100.00% (100     vias)
    Layer VIA23      =  0.00% (0      / 103     vias)
        Un-optimized = 100.00% (103     vias)
    Layer VIA34      =  0.00% (0      / 106     vias)
        Un-optimized = 100.00% (106     vias)
    Layer VIA45      =  0.00% (0      / 5       vias)
        Un-optimized = 100.00% (5       vias)
    Layer VIA56      =  0.00% (0      / 4       vias)
        Un-optimized = 100.00% (4       vias)
 
  Total double via conversion rate    =  0.00% (0 / 318 vias)
 
    Layer VIA12      =  0.00% (0      / 100     vias)
    Layer VIA23      =  0.00% (0      / 103     vias)
    Layer VIA34      =  0.00% (0      / 106     vias)
    Layer VIA45      =  0.00% (0      / 5       vias)
    Layer VIA56      =  0.00% (0      / 4       vias)
 
  The optimized via conversion rate based on total routed via count =  0.00% (0 / 318 vias)
 
    Layer VIA12      =  0.00% (0      / 100     vias)
        Un-optimized = 100.00% (100     vias)
    Layer VIA23      =  0.00% (0      / 103     vias)
        Un-optimized = 100.00% (103     vias)
    Layer VIA34      =  0.00% (0      / 106     vias)
        Un-optimized = 100.00% (106     vias)
    Layer VIA45      =  0.00% (0      / 5       vias)
        Un-optimized = 100.00% (5       vias)
    Layer VIA56      =  0.00% (0      / 4       vias)
        Un-optimized = 100.00% (4       vias)
 

DR finished with 0 violations


DRC-SUMMARY:
	@@@@@@@ TOTAL VIOLATIONS =	0


Total Wire Length =                    3663 micron
Total Number of Contacts =             318
Total Number of Wires =                240
Total Number of PtConns =              94
Total Number of Routed Wires =       240
Total Routed Wire Length =           3621 micron
Total Number of Routed Contacts =       318
	Layer    METAL1 :         11 micron
	Layer    METAL2 :         50 micron
	Layer    METAL3 :       1565 micron
	Layer    METAL4 :       1764 micron
	Layer    METAL5 :        163 micron
	Layer    METAL6 :        111 micron
	Layer    METAL7 :          0 micron
	Layer    METAL8 :          0 micron
	Via        via5 :          4
	Via        via4 :          5
	Via        via3 :        106
	Via        via2 :        103
	Via        via1 :         99
	Via   via1(rot) :          1

 
Redundant via conversion report:
--------------------------------

  Total optimized via conversion rate =  0.00% (0 / 318 vias)
 
    Layer VIA12      =  0.00% (0      / 100     vias)
        Un-optimized = 100.00% (100     vias)
    Layer VIA23      =  0.00% (0      / 103     vias)
        Un-optimized = 100.00% (103     vias)
    Layer VIA34      =  0.00% (0      / 106     vias)
        Un-optimized = 100.00% (106     vias)
    Layer VIA45      =  0.00% (0      / 5       vias)
        Un-optimized = 100.00% (5       vias)
    Layer VIA56      =  0.00% (0      / 4       vias)
        Un-optimized = 100.00% (4       vias)
 
  Total double via conversion rate    =  0.00% (0 / 318 vias)
 
    Layer VIA12      =  0.00% (0      / 100     vias)
    Layer VIA23      =  0.00% (0      / 103     vias)
    Layer VIA34      =  0.00% (0      / 106     vias)
    Layer VIA45      =  0.00% (0      / 5       vias)
    Layer VIA56      =  0.00% (0      / 4       vias)
 
  The optimized via conversion rate based on total routed via count =  0.00% (0 / 318 vias)
 
    Layer VIA12      =  0.00% (0      / 100     vias)
        Un-optimized = 100.00% (100     vias)
    Layer VIA23      =  0.00% (0      / 103     vias)
        Un-optimized = 100.00% (103     vias)
    Layer VIA34      =  0.00% (0      / 106     vias)
        Un-optimized = 100.00% (106     vias)
    Layer VIA45      =  0.00% (0      / 5       vias)
        Un-optimized = 100.00% (5       vias)
    Layer VIA56      =  0.00% (0      / 4       vias)
        Un-optimized = 100.00% (4       vias)
 



Begin timing optimization in DR ...

Printing options for 'set_route_zrt_common_options'

Printing options for 'set_route_zrt_detail_options'
-timing_driven                                          :	 true                

[Dr init] Elapsed real time: 0:00:00 
[Dr init] Elapsed cpu  time: sys=0:00:00 usr=0:00:00 total=0:00:00
[Dr init] Stage (MB): Used    5  Alloctr    5  Proc   53 
[Dr init] Total (MB): Used  104  Alloctr  105  Proc 2373 

Begin timing soft drc check ...

Created 0 soft drcs


DRC-SUMMARY:
	@@@@@@@ TOTAL VIOLATIONS =	0
[SOFT DRC] Elapsed real time: 0:00:00 
[SOFT DRC] Elapsed cpu  time: sys=0:00:00 usr=0:00:00 total=0:00:00
[SOFT DRC] Stage (MB): Used    0  Alloctr    0  Proc    0 
[SOFT DRC] Total (MB): Used  104  Alloctr  105  Proc 2373 
[DR] Elapsed real time: 0:00:00 
[DR] Elapsed cpu  time: sys=0:00:00 usr=0:00:00 total=0:00:00
[DR] Stage (MB): Used    0  Alloctr    0  Proc   53 
[DR] Total (MB): Used   99  Alloctr  100  Proc 2373 
[DR: Done] Elapsed real time: 0:00:00 
[DR: Done] Elapsed cpu  time: sys=0:00:00 usr=0:00:00 total=0:00:00
[DR: Done] Stage (MB): Used    0  Alloctr    0  Proc   53 
[DR: Done] Total (MB): Used   99  Alloctr  100  Proc 2373 


Finished timing optimization in DR ...


Nets that have been changed:
Total number of changed nets = 0 (out of 53)

[DR: Done] Elapsed real time: 0:00:00 
[DR: Done] Elapsed cpu  time: sys=0:00:00 usr=0:00:00 total=0:00:00
[DR: Done] Stage (MB): Used    0  Alloctr    0  Proc   53 
[DR: Done] Total (MB): Used   99  Alloctr  100  Proc 2373 
[ECO: DR] Elapsed real time: 0:00:02 
[ECO: DR] Elapsed cpu  time: sys=0:00:00 usr=0:00:02 total=0:00:02
[ECO: DR] Stage (MB): Used   96  Alloctr   96  Proc   48 
[ECO: DR] Total (MB): Used   99  Alloctr  100  Proc 2373 

ECO Route finished with 0 open nets, of which 0 are frozen

ECO Route finished with 0 violations

DRC-SUMMARY:
	@@@@@@@ TOTAL VIOLATIONS =	0



Total Wire Length =                    3663 micron
Total Number of Contacts =             318
Total Number of Wires =                240
Total Number of PtConns =              94
Total Number of Routed Wires =       240
Total Routed Wire Length =           3621 micron
Total Number of Routed Contacts =       318
	Layer    METAL1 :         11 micron
	Layer    METAL2 :         50 micron
	Layer    METAL3 :       1565 micron
	Layer    METAL4 :       1764 micron
	Layer    METAL5 :        163 micron
	Layer    METAL6 :        111 micron
	Layer    METAL7 :          0 micron
	Layer    METAL8 :          0 micron
	Via        via5 :          4
	Via        via4 :          5
	Via        via3 :        106
	Via        via2 :        103
	Via        via1 :         99
	Via   via1(rot) :          1

 
Redundant via conversion report:
--------------------------------

  Total optimized via conversion rate =  0.00% (0 / 318 vias)
 
    Layer VIA12      =  0.00% (0      / 100     vias)
        Un-optimized = 100.00% (100     vias)
    Layer VIA23      =  0.00% (0      / 103     vias)
        Un-optimized = 100.00% (103     vias)
    Layer VIA34      =  0.00% (0      / 106     vias)
        Un-optimized = 100.00% (106     vias)
    Layer VIA45      =  0.00% (0      / 5       vias)
        Un-optimized = 100.00% (5       vias)
    Layer VIA56      =  0.00% (0      / 4       vias)
        Un-optimized = 100.00% (4       vias)
 
  Total double via conversion rate    =  0.00% (0 / 318 vias)
 
    Layer VIA12      =  0.00% (0      / 100     vias)
    Layer VIA23      =  0.00% (0      / 103     vias)
    Layer VIA34      =  0.00% (0      / 106     vias)
    Layer VIA45      =  0.00% (0      / 5       vias)
    Layer VIA56      =  0.00% (0      / 4       vias)
 
  The optimized via conversion rate based on total routed via count =  0.00% (0 / 318 vias)
 
    Layer VIA12      =  0.00% (0      / 100     vias)
        Un-optimized = 100.00% (100     vias)
    Layer VIA23      =  0.00% (0      / 103     vias)
        Un-optimized = 100.00% (103     vias)
    Layer VIA34      =  0.00% (0      / 106     vias)
        Un-optimized = 100.00% (106     vias)
    Layer VIA45      =  0.00% (0      / 5       vias)
        Un-optimized = 100.00% (5       vias)
    Layer VIA56      =  0.00% (0      / 4       vias)
        Un-optimized = 100.00% (4       vias)
 

Total number of nets = 53
0 open nets, of which 0 are frozen
Total number of excluded ports = 0 ports of 0 unplaced cells connected to 0 nets
                                 0 ports without pins of 0 cells connected to 0 nets
                                 0 ports of 0 cover cells connected to 0 non-pg nets
Total number of DRCs = 0
Total number of antenna violations = antenna checking not active
Total number of voltage-area violations = no voltage-areas defined
Total Wire Length =                    3663 micron
Total Number of Contacts =             318
Total Number of Wires =                240
Total Number of PtConns =              94
Total Number of Routed Wires =       240
Total Routed Wire Length =           3621 micron
Total Number of Routed Contacts =       318
	Layer    METAL1 :         11 micron
	Layer    METAL2 :         50 micron
	Layer    METAL3 :       1565 micron
	Layer    METAL4 :       1764 micron
	Layer    METAL5 :        163 micron
	Layer    METAL6 :        111 micron
	Layer    METAL7 :          0 micron
	Layer    METAL8 :          0 micron
	Via        via5 :          4
	Via        via4 :          5
	Via        via3 :        106
	Via        via2 :        103
	Via        via1 :         99
	Via   via1(rot) :          1

 
Redundant via conversion report:
--------------------------------

  Total optimized via conversion rate =  0.00% (0 / 318 vias)
 
    Layer VIA12      =  0.00% (0      / 100     vias)
        Un-optimized = 100.00% (100     vias)
    Layer VIA23      =  0.00% (0      / 103     vias)
        Un-optimized = 100.00% (103     vias)
    Layer VIA34      =  0.00% (0      / 106     vias)
        Un-optimized = 100.00% (106     vias)
    Layer VIA45      =  0.00% (0      / 5       vias)
        Un-optimized = 100.00% (5       vias)
    Layer VIA56      =  0.00% (0      / 4       vias)
        Un-optimized = 100.00% (4       vias)
 
  Total double via conversion rate    =  0.00% (0 / 318 vias)
 
    Layer VIA12      =  0.00% (0      / 100     vias)
    Layer VIA23      =  0.00% (0      / 103     vias)
    Layer VIA34      =  0.00% (0      / 106     vias)
    Layer VIA45      =  0.00% (0      / 5       vias)
    Layer VIA56      =  0.00% (0      / 4       vias)
 
  The optimized via conversion rate based on total routed via count =  0.00% (0 / 318 vias)
 
    Layer VIA12      =  0.00% (0      / 100     vias)
        Un-optimized = 100.00% (100     vias)
    Layer VIA23      =  0.00% (0      / 103     vias)
        Un-optimized = 100.00% (103     vias)
    Layer VIA34      =  0.00% (0      / 106     vias)
        Un-optimized = 100.00% (106     vias)
    Layer VIA45      =  0.00% (0      / 5       vias)
        Un-optimized = 100.00% (5       vias)
    Layer VIA56      =  0.00% (0      / 4       vias)
        Un-optimized = 100.00% (4       vias)
 
Topology ECO iteration 1 ended with 0 qualifying violations.
Updating the database ...
...updated 0 nets
[ECO: End] Elapsed real time: 0:00:02 
[ECO: End] Elapsed cpu  time: sys=0:00:00 usr=0:00:02 total=0:00:02
[ECO: End] Stage (MB): Used    0  Alloctr    0  Proc   48 
[ECO: End] Total (MB): Used    2  Alloctr    3  Proc 2373 
Information: RC extraction has been freed. (PSYN-503)
ROPT:    Incremental Stage Eco Route Done             Fri Nov 28 20:07:58 2025
Warning: Could not read any link_library files. The link_library setting {"*", "typical_1v2c25.db", "SP013D3_V1p2_typ.db", "typical_1v2c25.db", "SP013D3_V1p2_typ.db"} may be invalid. (UID-349)

  Loading design 'control_pad'


Information: Setting a dont_touch attribute on net 'rd' because it is connected to a pad cell. (PSYN-088)
Information: Setting a dont_touch attribute on net 'zero' because it is connected to a pad cell. (PSYN-088)
Information: Setting a dont_touch attribute on net 'clk' because it is connected to a pad cell. (PSYN-088)
Information: Setting a dont_touch attribute on net 'rst_' because it is connected to a pad cell. (PSYN-088)
Information: Setting a dont_touch attribute on net 'opcode[2]' because it is connected to a pad cell. (PSYN-088)
Information: Setting a dont_touch attribute on net 'opcode[1]' because it is connected to a pad cell. (PSYN-088)
Information: Setting a dont_touch attribute on net 'opcode[0]' because it is connected to a pad cell. (PSYN-088)
Information: Setting a dont_touch attribute on net 'sel' because it is connected to a pad cell. (PSYN-088)
Information: Setting a dont_touch attribute on net 'data_e' because it is connected to a pad cell. (PSYN-088)
Information: Setting a dont_touch attribute on net 'halt' because it is connected to a pad cell. (PSYN-088)
Information: Setting a dont_touch attribute on net 'inc_pc' because it is connected to a pad cell. (PSYN-088)
Information: Setting a dont_touch attribute on net 'ld_pc' because it is connected to a pad cell. (PSYN-088)
Information: Setting a dont_touch attribute on net 'ld_ac' because it is connected to a pad cell. (PSYN-088)
Information: Setting a dont_touch attribute on net 'ld_ir' because it is connected to a pad cell. (PSYN-088)
Information: Setting a dont_touch attribute on net 'wr' because it is connected to a pad cell. (PSYN-088)


Information: Library Manufacturing Grid(GridResolution) : 5
Information: Time Unit from Milkyway design library: 'ns' 
Information: Design Library and main library timing units are matched - 1.000 ns. 
Information: Resistance Unit from Milkyway design library: 'kohm' 
Information: Design Library and main library resistance units are matched - 1.000 kohm. 
Information: Capacitance Unit from Milkyway design library: 'pf' 
Information: Design Library and main library capacitance units are matched - 1.000 pf. 
Warning: Inconsistent library data found for layer POLY1. (RCEX-018)
Information: Layer METAL1 is ignored for resistance and capacitance computation. (RCEX-019)
Information: Layer METAL2 is ignored for resistance and capacitance computation. (RCEX-019)
Information: Layer METAL7 is ignored for resistance and capacitance computation. (RCEX-019)
Information: Layer METAL8 is ignored for resistance and capacitance computation. (RCEX-019)
Information: The distance unit in Capacitance and Resistance is 1 micron. (RCEX-007)
Information: The RC model used is detail route TLU+. (RCEX-015)
Information: Start mixed mode parasitic extraction. (RCEX-023)
Information: Start rc extraction...
EKL_MT: Max number of thread is 16
Information: extraction with 4 threads (RCEX-208)
Memory usage for extraction task 684 Mbytes -- main task 551 Mbytes.
Information: Parasitic source is LPE. (RCEX-040)
Information: Parasitic mode is RealRC. (RCEX-041)
Information: Using virtual shield extraction. (RCEX-081)
Information: Extraction mode is MAX. (RCEX-042)
Information: Extraction derate is 25/25/25. (RCEX-043)
Information: Coupling capacitances are explicitly created. (RCEX-044)
Information: Start back annotation for parasitic extraction. (RCEX-023)
Information: End back annotation for parasitic extraction. (RCEX-023)
Information: Start timing update for parasitic extraction. (RCEX-023)
Information: End timing update for parasitic extraction. (RCEX-023)
Information: End parasitic extraction. (RCEX-023)
Information: Start rc update...
****************************************************************
Information: TLUPlus based RC computation is enabled. (RCEX-141)
****************************************************************
Information: The distance unit in Capacitance and Resistance is 1 micron. (RCEX-007)
Information: The RC model used is TLU+. (RCEX-015)
Information: Library Derived Cap for layer METAL1 : 0.00025 0.00025 (RCEX-011)
Information: Library Derived Res for layer METAL1 : 0.0002 0.0002 (RCEX-011)
Information: Library Derived Cap for layer METAL2 : 0.00031 0.00031 (RCEX-011)
Information: Library Derived Res for layer METAL2 : 9.1e-05 9.1e-05 (RCEX-011)
Information: Library Derived Cap for layer METAL3 : 0.00035 0.00035 (RCEX-011)
Information: Library Derived Res for layer METAL3 : 9.1e-05 9.1e-05 (RCEX-011)
Information: Library Derived Cap for layer METAL4 : 0.00031 0.00031 (RCEX-011)
Information: Library Derived Res for layer METAL4 : 9.1e-05 9.1e-05 (RCEX-011)
Information: Library Derived Cap for layer METAL5 : 0.00035 0.00035 (RCEX-011)
Information: Library Derived Res for layer METAL5 : 9.1e-05 9.1e-05 (RCEX-011)
Information: Library Derived Cap for layer METAL6 : 0.00031 0.00031 (RCEX-011)
Information: Library Derived Res for layer METAL6 : 9.1e-05 9.1e-05 (RCEX-011)
Information: Library Derived Cap for layer METAL7 : 0.00035 0.00035 (RCEX-011)
Information: Library Derived Res for layer METAL7 : 9.1e-05 9.1e-05 (RCEX-011)
Information: Library Derived Cap for layer METAL8 : 0.0003 0.0003 (RCEX-011)
Information: Library Derived Res for layer METAL8 : 1.2e-05 1.2e-05 (RCEX-011)
Information: Library Derived Horizontal Cap : 0.00035 0.00035 (RCEX-011)
Information: Library Derived Horizontal Res : 9.1e-05 9.1e-05 (RCEX-011)
Information: Library Derived Vertical Cap : 0.00031 0.00031 (RCEX-011)
Information: Library Derived Vertical Res : 9.1e-05 9.1e-05 (RCEX-011)
Information: Using derived R and C coefficients. (RCEX-008)
Information: Using region-based R and C coefficients. (RCEX-013)
Information: Library Derived Via Res : 0.0001 0.0001 (RCEX-011)
Information: End rc update.
Information: The mixed mode parasitic extraction has been performed. (RCEX-202)
Information: Updating graph... (UID-83)

************************************************************
SI options:
Delta Delay Computation:           true
Static Noise Computation:          true
Timing window analysis for SI:     false
Min Delta Delay for SI:            true
Analysis Effort:                   medium
Max Transition Mode:               normal_slew
Static Noise Thresholds:           0.35 (0.42V) above low
                                   0.35 (0.42V) below high
Route xtalk prevention:            true
Route xtalk prevention threshold:  0.35
************************************************************

Information: Updating design information... (UID-85)

************************************************************
SI options:
Delta Delay Computation:           true
Static Noise Computation:          true
Timing window analysis for SI:     false
Min Delta Delay for SI:            true
Analysis Effort:                   medium
Max Transition Mode:               normal_slew
Static Noise Thresholds:           0.35 (0.42V) above low
                                   0.35 (0.42V) below high
Route xtalk prevention:            true
Route xtalk prevention threshold:  0.35
************************************************************

Information: Input delay ('rise') on clock port 'clk' will be added to the clock's propagated skew. (TIM-112)
Information: Input delay ('fall') on clock port 'clk' will be added to the clock's propagated skew. (TIM-112)
Warning: Failed to compute the effective capacitance for the timing arc
	 (SP013D3_V1p2_typ/PI) i_opcode_1/PAD-->C (max-rising positive_unate)
	  because the library data indicates a non-positive drive resistance.
	  [r/f inp_slew = 18.4574/9.74977, out_cap = 0.0388679  (lib units)] (RCCALC-004)
Warning: Failed to compute the effective capacitance for the timing arc
	 (SP013D3_V1p2_typ/PI) i_opcode_1/PAD-->C (max-falling positive_unate)
	  because the library data indicates a non-positive drive resistance.
	  [r/f inp_slew = 18.4574/9.74977, out_cap = 0.0388679  (lib units)] (RCCALC-004)
Warning: Failed to compute the effective capacitance for the timing arc
	 (SP013D3_V1p2_typ/PI) i_opcode_2/PAD-->C (max-falling positive_unate)
	  because the library data indicates a non-positive drive resistance.
	  [r/f inp_slew = 18.3066/9.67021, out_cap = 0.031053  (lib units)] (RCCALC-004)
Warning: Failed to compute the effective capacitance for the timing arc
	 (SP013D3_V1p2_typ/PI) i_opcode_2/PAD-->C (max-rising positive_unate)
	  because the library data indicates a non-positive drive resistance.
	  [r/f inp_slew = 18.3066/9.67021, out_cap = 0.031053  (lib units)] (RCCALC-004)
Warning: Failed to compute the effective capacitance for the timing arc
	 (SP013D3_V1p2_typ/PI) i_opcode_1/PAD-->C (min-rising positive_unate)
	  because the library data indicates a non-positive drive resistance.
	  [r/f inp_slew = 18.4574/9.74977, out_cap = 0.0388679  (lib units)] (RCCALC-004)
Warning: Failed to compute the effective capacitance for the timing arc
	 (SP013D3_V1p2_typ/PI) i_opcode_1/PAD-->C (min-falling positive_unate)
	  because the library data indicates a non-positive drive resistance.
	  [r/f inp_slew = 18.4574/9.74977, out_cap = 0.0388679  (lib units)] (RCCALC-004)
Warning: Failed to compute the effective capacitance for the timing arc
	 (SP013D3_V1p2_typ/PI) i_opcode_2/PAD-->C (min-falling positive_unate)
	  because the library data indicates a non-positive drive resistance.
	  [r/f inp_slew = 18.3066/9.67021, out_cap = 0.031053  (lib units)] (RCCALC-004)
Warning: Failed to compute the effective capacitance for the timing arc
	 (SP013D3_V1p2_typ/PI) i_opcode_2/PAD-->C (min-rising positive_unate)
	  because the library data indicates a non-positive drive resistance.
	  [r/f inp_slew = 18.3066/9.67021, out_cap = 0.031053  (lib units)] (RCCALC-004)
Warning: Failed to compute the effective capacitance for the timing arc
	 (SP013D3_V1p2_typ/PI) i_opcode_0/PAD-->C (max-rising positive_unate)
	  because the library data indicates a non-positive drive resistance.
	  [r/f inp_slew = 18.4465/9.74404, out_cap = 0.0555746  (lib units)] (RCCALC-004)
Warning: Failed to compute the effective capacitance for the timing arc
	 (SP013D3_V1p2_typ/PI) i_opcode_0/PAD-->C (max-falling positive_unate)
	  because the library data indicates a non-positive drive resistance.
	  [r/f inp_slew = 18.4465/9.74404, out_cap = 0.0555746  (lib units)] (RCCALC-004)
Warning: Failed to compute the effective capacitance for the timing arc
	 (SP013D3_V1p2_typ/PI) i_zero/PAD-->C (max-rising positive_unate)
	  because the library data indicates a non-positive drive resistance.
	  [r/f inp_slew = 18.2916/9.66228, out_cap = 0.0256522  (lib units)] (RCCALC-004)
Warning: Failed to compute the effective capacitance for the timing arc
	 (SP013D3_V1p2_typ/PI) i_zero/PAD-->C (max-falling positive_unate)
	  because the library data indicates a non-positive drive resistance.
	  [r/f inp_slew = 18.2916/9.66228, out_cap = 0.0256522  (lib units)] (RCCALC-004)
Warning: Failed to compute the effective capacitance for the timing arc
	 (SP013D3_V1p2_typ/PI) i_opcode_0/PAD-->C (min-rising positive_unate)
	  because the library data indicates a non-positive drive resistance.
	  [r/f inp_slew = 18.4465/9.74404, out_cap = 0.0555746  (lib units)] (RCCALC-004)
Warning: Failed to compute the effective capacitance for the timing arc
	 (SP013D3_V1p2_typ/PI) i_opcode_0/PAD-->C (min-falling positive_unate)
	  because the library data indicates a non-positive drive resistance.
	  [r/f inp_slew = 18.4465/9.74404, out_cap = 0.0555746  (lib units)] (RCCALC-004)
Warning: Failed to compute the effective capacitance for the timing arc
	 (SP013D3_V1p2_typ/PI) i_zero/PAD-->C (min-falling positive_unate)
	  because the library data indicates a non-positive drive resistance.
	  [r/f inp_slew = 18.2916/9.66228, out_cap = 0.0256522  (lib units)] (RCCALC-004)
Warning: Failed to compute the effective capacitance for the timing arc
	 (SP013D3_V1p2_typ/PI) i_zero/PAD-->C (min-rising positive_unate)
	  because the library data indicates a non-positive drive resistance.
	  [r/f inp_slew = 18.2916/9.66228, out_cap = 0.0256522  (lib units)] (RCCALC-004)
Warning: Failed to compute the effective capacitance for the timing arc
	 (SP013D3_V1p2_typ/PI) i_rst/PAD-->C (max-falling positive_unate)
	  because the library data indicates a non-positive drive resistance.
	  [r/f inp_slew = 18.4796/9.76147, out_cap = 0.050338  (lib units)] (RCCALC-004)
Warning: Failed to compute the effective capacitance for the timing arc
	 (SP013D3_V1p2_typ/PI) i_rst/PAD-->C (max-rising positive_unate)
	  because the library data indicates a non-positive drive resistance.
	  [r/f inp_slew = 18.4796/9.76147, out_cap = 0.050338  (lib units)] (RCCALC-004)
Warning: Failed to compute the effective capacitance for the timing arc
	 (SP013D3_V1p2_typ/PI) i_rst/PAD-->C (min-falling positive_unate)
	  because the library data indicates a non-positive drive resistance.
	  [r/f inp_slew = 18.4796/9.76147, out_cap = 0.050338  (lib units)] (RCCALC-004)
Warning: Failed to compute the effective capacitance for the timing arc
	 (SP013D3_V1p2_typ/PI) i_rst/PAD-->C (min-rising positive_unate)
	  because the library data indicates a non-positive drive resistance.
	  [r/f inp_slew = 18.4796/9.76147, out_cap = 0.050338  (lib units)] (RCCALC-004)
 
****************************************
Report : qor
Design : control_pad
Version: T-2022.03
Date   : Fri Nov 28 20:08:01 2025
****************************************


  Timing Path Group 'clk'
  -----------------------------------
  Levels of Logic:               5.00
  Critical Path Length:         10.19
  Critical Path Slack:           8.71
  Critical Path Clk Period:     20.00
  Total Negative Slack:          0.00
  No. of Violating Paths:        0.00
  Worst Hold Violation:          0.00
  Total Hold Violation:          0.00
  No. of Hold Violations:        0.00
  -----------------------------------


  Cell Count
  -----------------------------------
  Hierarchical Cell Count:          0
  Hierarchical Port Count:          0
  Leaf Cell Count:                 42
  Buf/Inv Cell Count:               3
  Buf Cell Count:                   0
  Inv Cell Count:                   3
  CT Buf/Inv Cell Count:            0
  Combinational Cell Count:        39
  Sequential Cell Count:            3
  Macro Count:                      0
  -----------------------------------


  Area
  -----------------------------------
  Combinational Area:   103623.595799
  Noncombinational Area:    96.751797
  Buf/Inv Area:         103436.881800
  Total Buffer Area:             0.00
  Total Inverter Area:          11.88
  Macro/Black Box Area:      0.000000
  Net Area:                  0.000000
  Net XLength        :        4725.94
  Net YLength        :        6767.85
  -----------------------------------
  Cell Area:            103720.347596
  Design Area:          103720.347596
  Net Length        :        11493.79


  Design Rules
  -----------------------------------
  Total Number of Nets:            51
  Nets With Violations:             5
  Max Trans Violations:             5
  Max Cap Violations:               5
  -----------------------------------


  Hostname: eda

  Compile CPU Statistics
  -----------------------------------------
  Resource Sharing:                    0.00
  Logic Optimization:                  0.00
  Mapping Optimization:                2.70
  -----------------------------------------
  Overall Compile Time:                3.48
  Overall Compile Wall Clock Time:     3.55

  --------------------------------------------------------------------

  Design  WNS: 0.00  TNS: 0.00  Number of Violating Paths: 0  (with Crosstalk delta delays)


  Design (Hold)  WNS: 0.00  TNS: 0.00  Number of Violating Paths: 0  (with Crosstalk delta delays)

  --------------------------------------------------------------------



ROPT:    (SETUP) WNS: 0.0000 TNS: 0.0000  Number of Violating Path: 0
ROPT:    (HOLD) WNS: 0.0000 TNS: 0.0000  Number of Violating Path: 0
ROPT:    Number of DRC Violating Nets: 5
ROPT:    Number of Route Violation: 0 
1
save_mw_cel -as routed 
Information: Performing CEL netlist consistency check. (MWDC-118)
Information: CEL consistency check PASSED. (MWDC-119)
Information: Saved design named routed. (UIG-5)
1
#Focus logical DRC violations  
set_app_var routeopt_drc_over_timing true  
true
route_opt -effort high -incremental -only_design_rule 
Information: Running detail route with timing driven mode save after iteration 1 (route_opt default). (ROPT-020)
ROPT:    route_opt strategy for the design:
ROPT:    Stage                                 : auto
ROPT:    Effort                                : high
ROPT:    Power mode                            : none
ROPT:    Incremental                           : Yes
ROPT:    Only Design Rule fix                  : Yes
ROPT:    Search-Repair loops                   : 10 
ROPT:    ECO Search-Repair loops               : 4 
ROPT:    Fix Hold Mode                         : route_based 
ROPT:    Route Violation threshold             : 3000 
 Routeopt: Using zrt router
Information: Running global route with timing driven mode true (route_opt default). (ROPT-020)
Information: Running track_assign with timing driven mode true (route_opt default). (ROPT-020)
Information: Running detail route with timing driven mode true (route_opt default). (ROPT-020)
Information: Running global route with crosstalk driven mode true (route_opt default). (ROPT-021)
Information: Running track assign with crosstalk driven mode true (route_opt default). (ROPT-021)
 
****************************************
Report : qor
Design : control_pad
Version: T-2022.03
Date   : Fri Nov 28 20:08:01 2025
****************************************


  Timing Path Group 'clk'
  -----------------------------------
  Levels of Logic:               5.00
  Critical Path Length:         10.19
  Critical Path Slack:           8.71
  Critical Path Clk Period:     20.00
  Total Negative Slack:          0.00
  No. of Violating Paths:        0.00
  Worst Hold Violation:          0.00
  Total Hold Violation:          0.00
  No. of Hold Violations:        0.00
  -----------------------------------


  Cell Count
  -----------------------------------
  Hierarchical Cell Count:          0
  Hierarchical Port Count:          0
  Leaf Cell Count:                 42
  Buf/Inv Cell Count:               3
  Buf Cell Count:                   0
  Inv Cell Count:                   3
  CT Buf/Inv Cell Count:            0
  Combinational Cell Count:        39
  Sequential Cell Count:            3
  Macro Count:                      0
  -----------------------------------


  Area
  -----------------------------------
  Combinational Area:   103623.595799
  Noncombinational Area:    96.751797
  Buf/Inv Area:         103436.881800
  Total Buffer Area:             0.00
  Total Inverter Area:          11.88
  Macro/Black Box Area:      0.000000
  Net Area:                  0.000000
  Net XLength        :        4725.94
  Net YLength        :        6767.85
  -----------------------------------
  Cell Area:            103720.347596
  Design Area:          103720.347596
  Net Length        :        11493.79


  Design Rules
  -----------------------------------
  Total Number of Nets:            51
  Nets With Violations:             5
  Max Trans Violations:             5
  Max Cap Violations:               5
  -----------------------------------


  Hostname: eda

  Compile CPU Statistics
  -----------------------------------------
  Resource Sharing:                    0.00
  Logic Optimization:                  0.00
  Mapping Optimization:                2.70
  -----------------------------------------
  Overall Compile Time:                3.48
  Overall Compile Wall Clock Time:     3.55

  --------------------------------------------------------------------

  Design  WNS: 0.00  TNS: 0.00  Number of Violating Paths: 0  (with Crosstalk delta delays)


  Design (Hold)  WNS: 0.00  TNS: 0.00  Number of Violating Paths: 0  (with Crosstalk delta delays)

  --------------------------------------------------------------------



ROPT:    (SETUP) WNS: 0.0000 TNS: 0.0000  Number of Violating Path: 0
ROPT:    (HOLD) WNS: 0.0000 TNS: 0.0000  Number of Violating Path: 0
ROPT:    Number of DRC Violating Nets: 5
ROPT:    Number of Route Violation: 0 

  Beginning Main Optimization for High Effort
  -------------------------------------------

ROPT:    Running Main Optimization             Fri Nov 28 20:08:01 2025
Warning: Could not read any link_library files. The link_library setting {"*", "typical_1v2c25.db", "SP013D3_V1p2_typ.db", "typical_1v2c25.db", "SP013D3_V1p2_typ.db"} may be invalid. (UID-349)

  Loading design 'control_pad'


Information: Setting a dont_touch attribute on net 'rd' because it is connected to a pad cell. (PSYN-088)
Information: Setting a dont_touch attribute on net 'zero' because it is connected to a pad cell. (PSYN-088)
Information: Setting a dont_touch attribute on net 'clk' because it is connected to a pad cell. (PSYN-088)
Information: Setting a dont_touch attribute on net 'rst_' because it is connected to a pad cell. (PSYN-088)
Information: Setting a dont_touch attribute on net 'opcode[2]' because it is connected to a pad cell. (PSYN-088)
Information: Setting a dont_touch attribute on net 'opcode[1]' because it is connected to a pad cell. (PSYN-088)
Information: Setting a dont_touch attribute on net 'opcode[0]' because it is connected to a pad cell. (PSYN-088)
Information: Setting a dont_touch attribute on net 'sel' because it is connected to a pad cell. (PSYN-088)
Information: Setting a dont_touch attribute on net 'data_e' because it is connected to a pad cell. (PSYN-088)
Information: Setting a dont_touch attribute on net 'halt' because it is connected to a pad cell. (PSYN-088)
Information: Setting a dont_touch attribute on net 'inc_pc' because it is connected to a pad cell. (PSYN-088)
Information: Setting a dont_touch attribute on net 'ld_pc' because it is connected to a pad cell. (PSYN-088)
Information: Setting a dont_touch attribute on net 'ld_ac' because it is connected to a pad cell. (PSYN-088)
Information: Setting a dont_touch attribute on net 'ld_ir' because it is connected to a pad cell. (PSYN-088)
Information: Setting a dont_touch attribute on net 'wr' because it is connected to a pad cell. (PSYN-088)


Information: Library Manufacturing Grid(GridResolution) : 5
Information: Time Unit from Milkyway design library: 'ns' 
Information: Design Library and main library timing units are matched - 1.000 ns. 
Information: Resistance Unit from Milkyway design library: 'kohm' 
Information: Design Library and main library resistance units are matched - 1.000 kohm. 
Information: Capacitance Unit from Milkyway design library: 'pf' 
Information: Design Library and main library capacitance units are matched - 1.000 pf. 

  Design  WNS: 0.00  TNS: 0.00  Number of Violating Paths: 0  (with Crosstalk delta delays)

  Nets with DRC Violations: 5
  Total moveable cell area: 295.3
  Total fixed cell area: 103425.0
  Total physical cell area: 103720.3
  Core area: (227000 227000 377420 374600)



  Design (Hold)  WNS: 0.00  TNS: 0.00  Number of Violating Paths: 0  (with Crosstalk delta delays)

  Beginning On-Route Optimization 
  --------------------------------

  Crosstalk fixing is ON . Delta-delay: ON, Delta-Slew: OFF, Static-Noise: ON.

Information: max_design_rules cost has higher priority than the max delay cost. (ROPT-006)


  Beginning Phase 1 Design Rule Fixing  (max_transition)  (max_capacitance)
  ------------------------------------

  Beginning Max Transition Fix
  -----------------------------

  Beginning Max Capacitance Fix
  ------------------------------


Note: Symbol # after min delay cost means estimated hold TNS across all active scenarios 


  Optimization Complete
  ---------------------
[begin initializing data for legality checker]

Initializing Data Structure ...
INFO: legalizer_via_spacing_check_mode 0
  Reading technology information ...
    Technology table contains 8 routable metal layers
    Top most routable layer is set to be metal6
    This is considered as a 6-metal-layer design
    Reading library information from DB ...
  Reading misc information ...
    array <unit> has 0 vertical and 40 horizontal rows
    14 pre-routes for placement blockage/checking
    14 pre-routes for map congestion calculation
  Checking information read in ...
    design style = Horizontal masters, Horizontal rows

  Preprocessing design ...
    splitting rows by natural obstacles ...
... design style 0
... number of base array 1 0
INFO:... use original rows...
[end initializing data for legality checker]
 
****************************************
  Report : Chip Summary
  Design : control_pad
  Version: T-2022.03
  Date   : Fri Nov 28 20:08:01 2025
****************************************
Std cell utilization: 1.33%  (174/(13080-0))
(Non-fixed + Fixed)
Std cell utilization: 1.33%  (174/(13080-0))
(Non-fixed only)
Chip area:            13080    sites, bbox (227.00 227.00 377.42 374.60) um
Std cell area:        174      sites, (non-fixed:174    fixed:0)
                      27       cells, (non-fixed:27     fixed:0)
Macro cell area:      0        sites
                      0        cells
Placement blockages:  0        sites, (excluding fixed std cells)
                      0        sites, (include fixed std cells & chimney area)
                      0        sites, (complete p/g net blockages)
Routing blockages:    0        sites, (partial p/g net blockages)
                      0        sites, (routing blockages and signal pre-route)
Lib cell count:       16 
Avg. std cell width:  3.16 um 
Site array:           unit     (width: 0.46 um, height: 3.69 um, rows: 40)
Physical DB scale:    1000 db_unit = 1 um 

 
****************************************
  Report : pnet options
  Design : control_pad
  Version: T-2022.03
  Date   : Fri Nov 28 20:08:01 2025
****************************************


--------------------------------------------------------------------
Layer      Blockage   Min_width   Min_height   Via_additive     Density
--------------------------------------------------------------------
METAL1     none          ---         ---       via additive      ---
METAL2     none          ---         ---       via additive      ---
METAL3     none          ---         ---       via additive      ---
METAL4     none          ---         ---       via additive      ---
METAL5     none          ---         ---       via additive      ---
METAL6     none          ---         ---       via additive      ---
METAL7     none          ---         ---       via additive      ---
METAL8     none          ---         ---       via additive      ---

Total 0 (out of 27) illegal cells need to be legalized.

No cells needs to be legalized.
 
****************************************
  Report : Legalize Displacement
  Design : control_pad
  Version: T-2022.03
  Date   : Fri Nov 28 20:08:01 2025
****************************************

No cell displacement.


  On-Route Optimization Complete
  ------------------------------

[begin initializing data for legality checker]

Initializing Data Structure ...
INFO: legalizer_via_spacing_check_mode 0
  Reading technology information ...
    Technology table contains 8 routable metal layers
    Top most routable layer is set to be metal6
    This is considered as a 6-metal-layer design
    Reading library information from DB ...
  Reading misc information ...
    array <unit> has 0 vertical and 40 horizontal rows
    14 pre-routes for placement blockage/checking
    14 pre-routes for map congestion calculation
  Checking information read in ...
    design style = Horizontal masters, Horizontal rows

  Preprocessing design ...
    splitting rows by natural obstacles ...
... design style 0
... number of base array 1 0
INFO:... use original rows...
[end initializing data for legality checker]
Warning: Die area is not integer multiples of min site height (3690), object's width and height(604420,604000). (PSYN-523)
Warning: Die area is not integer multiples of min site width (460), object's width and height(604420,604000). (PSYN-523)
Warning: Cell i_sel is not integer multiples of min site width (460), object's width and height(35000,197000). (PSYN-523)
Warning: Cell i_sel is not integer multiples of min site height (3690), object's width and height(197000,197000). (PSYN-523)
Warning: Cell i_data_e is not integer multiples of min site width (460), object's width and height(35000,197000). (PSYN-523)
Warning: Cell i_data_e is not integer multiples of min site height (3690), object's width and height(197000,197000). (PSYN-523)
Warning: Cell i_halt is not integer multiples of min site width (460), object's width and height(35000,197000). (PSYN-523)
Warning: Cell i_halt is not integer multiples of min site height (3690), object's width and height(197000,197000). (PSYN-523)
Warning: Cell i_inc_pc is not integer multiples of min site width (460), object's width and height(35000,197000). (PSYN-523)
Warning: Cell i_inc_pc is not integer multiples of min site height (3690), object's width and height(197000,197000). (PSYN-523)
Warning: Cell i_ld_pc is not integer multiples of min site width (460), object's width and height(35000,197000). (PSYN-523)
Warning: Cell i_ld_pc is not integer multiples of min site height (3690), object's width and height(197000,197000). (PSYN-523)
Warning: Cell i_ld_ac is not integer multiples of min site width (460), object's width and height(35000,197000). (PSYN-523)
Warning: Cell i_ld_ac is not integer multiples of min site height (3690), object's width and height(197000,197000). (PSYN-523)
Warning: Cell i_ld_ir is not integer multiples of min site width (460), object's width and height(35000,197000). (PSYN-523)
Warning: Cell i_ld_ir is not integer multiples of min site height (3690), object's width and height(197000,197000). (PSYN-523)
Warning: Cell i_wr is not integer multiples of min site width (460), object's width and height(35000,197000). (PSYN-523)
Warning: Cell i_wr is not integer multiples of min site height (3690), object's width and height(197000,197000). (PSYN-523)
Warning: Cell i_rd is not integer multiples of min site width (460), object's width and height(35000,197000). (PSYN-523)
Warning: Cell i_rd is not integer multiples of min site height (3690), object's width and height(197000,197000). (PSYN-523)
Warning: Cell i_opcode_2 is not integer multiples of min site width (460), object's width and height(35000,197000). (PSYN-523)
Warning: Cell i_opcode_2 is not integer multiples of min site height (3690), object's width and height(197000,197000). (PSYN-523)
Warning: Cell i_opcode_1 is not integer multiples of min site width (460), object's width and height(35000,197000). (PSYN-523)
Warning: Cell i_opcode_1 is not integer multiples of min site height (3690), object's width and height(197000,197000). (PSYN-523)
Warning: Cell i_opcode_0 is not integer multiples of min site width (460), object's width and height(35000,197000). (PSYN-523)
Warning: Cell i_opcode_0 is not integer multiples of min site height (3690), object's width and height(197000,197000). (PSYN-523)
Warning: Cell i_zero is not integer multiples of min site width (460), object's width and height(35000,197000). (PSYN-523)
Warning: Cell i_zero is not integer multiples of min site height (3690), object's width and height(197000,197000). (PSYN-523)
Warning: Cell i_clk is not integer multiples of min site width (460), object's width and height(35000,197000). (PSYN-523)
Warning: Cell i_clk is not integer multiples of min site height (3690), object's width and height(197000,197000). (PSYN-523)
Warning: Cell i_rst is not integer multiples of min site width (460), object's width and height(35000,197000). (PSYN-523)
Warning: Cell i_rst is not integer multiples of min site height (3690), object's width and height(197000,197000). (PSYN-523)

**************************************************** 
Check_legality: Report for Fixed Placement Cells
Information: Use the -verbose option to get details about the legality violations. (PSYN-054)
**************************************************** 
(fixed placement) Cells Not on Row            : 0
(fixed placement) Cell Overlaps               : 0
(fixed placement) Cells overlapping blockages : 0
(fixed placement) Orientation Violations      : 0
(fixed placement) Site Violations             : 0
(fixed placement) Power Strap Violations      : 0
****************************************************** 

****************************************************** 
Check_legality: Report for Non-fixed Placement Cells
Information: Use the -verbose option to get details about the legality violations. (PSYN-054)
****************************************************** 
Number of Cells Not on Row            : 0
Number of Cell Overlaps               : 0
Number of Cells overlapping blockages : 0
Number of Orientation Violations      : 0
Number of Site Violations             : 0
Number of Power Strap Violations      : 0
******************************************** 
Information: Zroute based route preservation is enabled. (ROPT-032)
Information: Updating database...
ROPT:    Main Optimization Done             Fri Nov 28 20:08:02 2025
GART: Updated design time.
GART: Transferring timing data to the router....
GART: Done transferring timing data to the router.
ROPT:    Running Main Eco Route             Fri Nov 28 20:08:02 2025
Turn off antenna since no rule is specified
Cell Min-Routing-Layer = METAL3
Cell Max-Routing-Layer = METAL6
Warning: Cell PCORNER contains more than 100000 obstructions (311044).  This may increase routing runtime.  You may wish to re-run BPV.  (ZRT-092)
Warning: Blockage, pin, and via extraction on 8 macros was done with "treat blockage as thin". (ZRT-023)
Warning: Ignore 2 top cell ports with no pins. (ZRT-027)
Warning: Pin i_rd/PAD of net rd has no valid shapes to connect. (ZRT-100)
Warning: Pin i_sel/PAD of net sel has no valid shapes to connect. (ZRT-100)
Warning: Pin i_data_e/PAD of net data_e has no valid shapes to connect. (ZRT-100)
Warning: Pin i_halt/PAD of net halt has no valid shapes to connect. (ZRT-100)
Warning: Pin i_inc_pc/PAD of net inc_pc has no valid shapes to connect. (ZRT-100)
Warning: Pin i_ld_pc/PAD of net ld_pc has no valid shapes to connect. (ZRT-100)
Warning: Pin i_ld_ac/PAD of net ld_ac has no valid shapes to connect. (ZRT-100)
Warning: Pin i_ld_ir/PAD of net ld_ir has no valid shapes to connect. (ZRT-100)
Warning: Pin i_wr/PAD of net wr has no valid shapes to connect. (ZRT-100)
Warning: Pin i_opcode_2/PAD of net opcode[2] has no valid shapes to connect. (ZRT-100)
Warning: Pin i_opcode_1/PAD of net opcode[1] has no valid shapes to connect. (ZRT-100)
Warning: Pin i_opcode_0/PAD of net opcode[0] has no valid shapes to connect. (ZRT-100)
Warning: Pin i_zero/PAD of net zero has no valid shapes to connect. (ZRT-100)
Warning: Pin i_clk/PAD of net clk has no valid shapes to connect. (ZRT-100)
Warning: Pin i_rst/PAD of net rst_ has no valid shapes to connect. (ZRT-100)
Warning: Cannot find a fat contact for layer 'VIA78'. (ZRT-010)
Via on layer (VIA78) needs more than one tracks
Warning: Layer METAL7 pitch 0.410 may be too small: wire/via-down 0.400, wire/via-up 0.490. (ZRT-026)
[ECO: Extraction] Elapsed real time: 0:00:01 
[ECO: Extraction] Elapsed cpu  time: sys=0:00:00 usr=0:00:01 total=0:00:01
[ECO: Extraction] Stage (MB): Used   95  Alloctr   95  Proc   -4 
[ECO: Extraction] Total (MB): Used   98  Alloctr   99  Proc 2373 
Num of eco nets = 53
Num of open eco nets = 0
[ECO: Init] Elapsed real time: 0:00:01 
[ECO: Init] Elapsed cpu  time: sys=0:00:00 usr=0:00:01 total=0:00:01
[ECO: Init] Stage (MB): Used   96  Alloctr   96  Proc   -4 
[ECO: Init] Total (MB): Used   99  Alloctr   99  Proc 2373 
Printing options for 'set_route_zrt_common_options'

Printing options for 'set_route_zrt_detail_options'
-timing_driven                                          :	 true                


Begin ECO DRC check ...

Checked	1/25 Partitions, Violations =	0
Checked	2/25 Partitions, Violations =	0
Checked	3/25 Partitions, Violations =	0
Checked	4/25 Partitions, Violations =	0
Checked	5/25 Partitions, Violations =	0
Checked	6/25 Partitions, Violations =	0
Checked	7/25 Partitions, Violations =	0
Checked	8/25 Partitions, Violations =	0
Checked	9/25 Partitions, Violations =	0
Checked	10/25 Partitions, Violations =	0
Checked	11/25 Partitions, Violations =	0
Checked	12/25 Partitions, Violations =	0
Checked	13/25 Partitions, Violations =	0
Checked	14/25 Partitions, Violations =	0
Checked	15/25 Partitions, Violations =	0
Checked	16/25 Partitions, Violations =	0
Checked	17/25 Partitions, Violations =	0
Checked	18/25 Partitions, Violations =	0
Checked	19/25 Partitions, Violations =	0
Checked	20/25 Partitions, Violations =	0
Checked	21/25 Partitions, Violations =	0
Checked	22/25 Partitions, Violations =	0
Checked	23/25 Partitions, Violations =	0
Checked	24/25 Partitions, Violations =	0
Checked	25/25 Partitions, Violations =	0

DRC-SUMMARY:
	@@@@@@@ TOTAL VIOLATIONS =	0

[DRC CHECK] Elapsed real time: 0:00:00 
[DRC CHECK] Elapsed cpu  time: sys=0:00:00 usr=0:00:00 total=0:00:00
[DRC CHECK] Stage (MB): Used    0  Alloctr    0  Proc    7 
[DRC CHECK] Total (MB): Used  112  Alloctr  112  Proc 2380 

Total Wire Length =                    3663 micron
Total Number of Contacts =             318
Total Number of Wires =                240
Total Number of PtConns =              94
Total Number of Routed Wires =       240
Total Routed Wire Length =           3621 micron
Total Number of Routed Contacts =       318
	Layer    METAL1 :         11 micron
	Layer    METAL2 :         50 micron
	Layer    METAL3 :       1565 micron
	Layer    METAL4 :       1764 micron
	Layer    METAL5 :        163 micron
	Layer    METAL6 :        111 micron
	Layer    METAL7 :          0 micron
	Layer    METAL8 :          0 micron
	Via        via5 :          4
	Via        via4 :          5
	Via        via3 :        106
	Via        via2 :        103
	Via        via1 :         99
	Via   via1(rot) :          1

 
Redundant via conversion report:
--------------------------------

  Total optimized via conversion rate =  0.00% (0 / 318 vias)
 
    Layer VIA12      =  0.00% (0      / 100     vias)
        Un-optimized = 100.00% (100     vias)
    Layer VIA23      =  0.00% (0      / 103     vias)
        Un-optimized = 100.00% (103     vias)
    Layer VIA34      =  0.00% (0      / 106     vias)
        Un-optimized = 100.00% (106     vias)
    Layer VIA45      =  0.00% (0      / 5       vias)
        Un-optimized = 100.00% (5       vias)
    Layer VIA56      =  0.00% (0      / 4       vias)
        Un-optimized = 100.00% (4       vias)
 
  Total double via conversion rate    =  0.00% (0 / 318 vias)
 
    Layer VIA12      =  0.00% (0      / 100     vias)
    Layer VIA23      =  0.00% (0      / 103     vias)
    Layer VIA34      =  0.00% (0      / 106     vias)
    Layer VIA45      =  0.00% (0      / 5       vias)
    Layer VIA56      =  0.00% (0      / 4       vias)
 
  The optimized via conversion rate based on total routed via count =  0.00% (0 / 318 vias)
 
    Layer VIA12      =  0.00% (0      / 100     vias)
        Un-optimized = 100.00% (100     vias)
    Layer VIA23      =  0.00% (0      / 103     vias)
        Un-optimized = 100.00% (103     vias)
    Layer VIA34      =  0.00% (0      / 106     vias)
        Un-optimized = 100.00% (106     vias)
    Layer VIA45      =  0.00% (0      / 5       vias)
        Un-optimized = 100.00% (5       vias)
    Layer VIA56      =  0.00% (0      / 4       vias)
        Un-optimized = 100.00% (4       vias)
 

DR finished with 0 violations


DRC-SUMMARY:
	@@@@@@@ TOTAL VIOLATIONS =	0


Total Wire Length =                    3663 micron
Total Number of Contacts =             318
Total Number of Wires =                240
Total Number of PtConns =              94
Total Number of Routed Wires =       240
Total Routed Wire Length =           3621 micron
Total Number of Routed Contacts =       318
	Layer    METAL1 :         11 micron
	Layer    METAL2 :         50 micron
	Layer    METAL3 :       1565 micron
	Layer    METAL4 :       1764 micron
	Layer    METAL5 :        163 micron
	Layer    METAL6 :        111 micron
	Layer    METAL7 :          0 micron
	Layer    METAL8 :          0 micron
	Via        via5 :          4
	Via        via4 :          5
	Via        via3 :        106
	Via        via2 :        103
	Via        via1 :         99
	Via   via1(rot) :          1

 
Redundant via conversion report:
--------------------------------

  Total optimized via conversion rate =  0.00% (0 / 318 vias)
 
    Layer VIA12      =  0.00% (0      / 100     vias)
        Un-optimized = 100.00% (100     vias)
    Layer VIA23      =  0.00% (0      / 103     vias)
        Un-optimized = 100.00% (103     vias)
    Layer VIA34      =  0.00% (0      / 106     vias)
        Un-optimized = 100.00% (106     vias)
    Layer VIA45      =  0.00% (0      / 5       vias)
        Un-optimized = 100.00% (5       vias)
    Layer VIA56      =  0.00% (0      / 4       vias)
        Un-optimized = 100.00% (4       vias)
 
  Total double via conversion rate    =  0.00% (0 / 318 vias)
 
    Layer VIA12      =  0.00% (0      / 100     vias)
    Layer VIA23      =  0.00% (0      / 103     vias)
    Layer VIA34      =  0.00% (0      / 106     vias)
    Layer VIA45      =  0.00% (0      / 5       vias)
    Layer VIA56      =  0.00% (0      / 4       vias)
 
  The optimized via conversion rate based on total routed via count =  0.00% (0 / 318 vias)
 
    Layer VIA12      =  0.00% (0      / 100     vias)
        Un-optimized = 100.00% (100     vias)
    Layer VIA23      =  0.00% (0      / 103     vias)
        Un-optimized = 100.00% (103     vias)
    Layer VIA34      =  0.00% (0      / 106     vias)
        Un-optimized = 100.00% (106     vias)
    Layer VIA45      =  0.00% (0      / 5       vias)
        Un-optimized = 100.00% (5       vias)
    Layer VIA56      =  0.00% (0      / 4       vias)
        Un-optimized = 100.00% (4       vias)
 



Begin timing optimization in DR ...

Printing options for 'set_route_zrt_common_options'

Printing options for 'set_route_zrt_detail_options'
-timing_driven                                          :	 true                

[Dr init] Elapsed real time: 0:00:00 
[Dr init] Elapsed cpu  time: sys=0:00:00 usr=0:00:00 total=0:00:00
[Dr init] Stage (MB): Used    5  Alloctr    5  Proc    7 
[Dr init] Total (MB): Used  104  Alloctr  105  Proc 2380 

Begin timing soft drc check ...

Created 0 soft drcs


DRC-SUMMARY:
	@@@@@@@ TOTAL VIOLATIONS =	0
[SOFT DRC] Elapsed real time: 0:00:00 
[SOFT DRC] Elapsed cpu  time: sys=0:00:00 usr=0:00:00 total=0:00:00
[SOFT DRC] Stage (MB): Used    0  Alloctr    0  Proc    0 
[SOFT DRC] Total (MB): Used  104  Alloctr  105  Proc 2380 
[DR] Elapsed real time: 0:00:00 
[DR] Elapsed cpu  time: sys=0:00:00 usr=0:00:00 total=0:00:00
[DR] Stage (MB): Used    0  Alloctr    0  Proc    7 
[DR] Total (MB): Used   99  Alloctr  100  Proc 2380 
[DR: Done] Elapsed real time: 0:00:00 
[DR: Done] Elapsed cpu  time: sys=0:00:00 usr=0:00:00 total=0:00:00
[DR: Done] Stage (MB): Used    0  Alloctr    0  Proc    7 
[DR: Done] Total (MB): Used   99  Alloctr  100  Proc 2380 


Finished timing optimization in DR ...


Nets that have been changed:
Total number of changed nets = 0 (out of 53)

[DR: Done] Elapsed real time: 0:00:00 
[DR: Done] Elapsed cpu  time: sys=0:00:00 usr=0:00:00 total=0:00:00
[DR: Done] Stage (MB): Used    0  Alloctr    0  Proc    7 
[DR: Done] Total (MB): Used   99  Alloctr  100  Proc 2380 
[ECO: DR] Elapsed real time: 0:00:02 
[ECO: DR] Elapsed cpu  time: sys=0:00:00 usr=0:00:02 total=0:00:02
[ECO: DR] Stage (MB): Used   96  Alloctr   96  Proc    2 
[ECO: DR] Total (MB): Used   99  Alloctr  100  Proc 2380 

ECO Route finished with 0 open nets, of which 0 are frozen

ECO Route finished with 0 violations

DRC-SUMMARY:
	@@@@@@@ TOTAL VIOLATIONS =	0



Total Wire Length =                    3663 micron
Total Number of Contacts =             318
Total Number of Wires =                240
Total Number of PtConns =              94
Total Number of Routed Wires =       240
Total Routed Wire Length =           3621 micron
Total Number of Routed Contacts =       318
	Layer    METAL1 :         11 micron
	Layer    METAL2 :         50 micron
	Layer    METAL3 :       1565 micron
	Layer    METAL4 :       1764 micron
	Layer    METAL5 :        163 micron
	Layer    METAL6 :        111 micron
	Layer    METAL7 :          0 micron
	Layer    METAL8 :          0 micron
	Via        via5 :          4
	Via        via4 :          5
	Via        via3 :        106
	Via        via2 :        103
	Via        via1 :         99
	Via   via1(rot) :          1

 
Redundant via conversion report:
--------------------------------

  Total optimized via conversion rate =  0.00% (0 / 318 vias)
 
    Layer VIA12      =  0.00% (0      / 100     vias)
        Un-optimized = 100.00% (100     vias)
    Layer VIA23      =  0.00% (0      / 103     vias)
        Un-optimized = 100.00% (103     vias)
    Layer VIA34      =  0.00% (0      / 106     vias)
        Un-optimized = 100.00% (106     vias)
    Layer VIA45      =  0.00% (0      / 5       vias)
        Un-optimized = 100.00% (5       vias)
    Layer VIA56      =  0.00% (0      / 4       vias)
        Un-optimized = 100.00% (4       vias)
 
  Total double via conversion rate    =  0.00% (0 / 318 vias)
 
    Layer VIA12      =  0.00% (0      / 100     vias)
    Layer VIA23      =  0.00% (0      / 103     vias)
    Layer VIA34      =  0.00% (0      / 106     vias)
    Layer VIA45      =  0.00% (0      / 5       vias)
    Layer VIA56      =  0.00% (0      / 4       vias)
 
  The optimized via conversion rate based on total routed via count =  0.00% (0 / 318 vias)
 
    Layer VIA12      =  0.00% (0      / 100     vias)
        Un-optimized = 100.00% (100     vias)
    Layer VIA23      =  0.00% (0      / 103     vias)
        Un-optimized = 100.00% (103     vias)
    Layer VIA34      =  0.00% (0      / 106     vias)
        Un-optimized = 100.00% (106     vias)
    Layer VIA45      =  0.00% (0      / 5       vias)
        Un-optimized = 100.00% (5       vias)
    Layer VIA56      =  0.00% (0      / 4       vias)
        Un-optimized = 100.00% (4       vias)
 

Total number of nets = 53
0 open nets, of which 0 are frozen
Total number of excluded ports = 0 ports of 0 unplaced cells connected to 0 nets
                                 0 ports without pins of 0 cells connected to 0 nets
                                 0 ports of 0 cover cells connected to 0 non-pg nets
Total number of DRCs = 0
Total number of antenna violations = antenna checking not active
Total number of voltage-area violations = no voltage-areas defined
Total Wire Length =                    3663 micron
Total Number of Contacts =             318
Total Number of Wires =                240
Total Number of PtConns =              94
Total Number of Routed Wires =       240
Total Routed Wire Length =           3621 micron
Total Number of Routed Contacts =       318
	Layer    METAL1 :         11 micron
	Layer    METAL2 :         50 micron
	Layer    METAL3 :       1565 micron
	Layer    METAL4 :       1764 micron
	Layer    METAL5 :        163 micron
	Layer    METAL6 :        111 micron
	Layer    METAL7 :          0 micron
	Layer    METAL8 :          0 micron
	Via        via5 :          4
	Via        via4 :          5
	Via        via3 :        106
	Via        via2 :        103
	Via        via1 :         99
	Via   via1(rot) :          1

 
Redundant via conversion report:
--------------------------------

  Total optimized via conversion rate =  0.00% (0 / 318 vias)
 
    Layer VIA12      =  0.00% (0      / 100     vias)
        Un-optimized = 100.00% (100     vias)
    Layer VIA23      =  0.00% (0      / 103     vias)
        Un-optimized = 100.00% (103     vias)
    Layer VIA34      =  0.00% (0      / 106     vias)
        Un-optimized = 100.00% (106     vias)
    Layer VIA45      =  0.00% (0      / 5       vias)
        Un-optimized = 100.00% (5       vias)
    Layer VIA56      =  0.00% (0      / 4       vias)
        Un-optimized = 100.00% (4       vias)
 
  Total double via conversion rate    =  0.00% (0 / 318 vias)
 
    Layer VIA12      =  0.00% (0      / 100     vias)
    Layer VIA23      =  0.00% (0      / 103     vias)
    Layer VIA34      =  0.00% (0      / 106     vias)
    Layer VIA45      =  0.00% (0      / 5       vias)
    Layer VIA56      =  0.00% (0      / 4       vias)
 
  The optimized via conversion rate based on total routed via count =  0.00% (0 / 318 vias)
 
    Layer VIA12      =  0.00% (0      / 100     vias)
        Un-optimized = 100.00% (100     vias)
    Layer VIA23      =  0.00% (0      / 103     vias)
        Un-optimized = 100.00% (103     vias)
    Layer VIA34      =  0.00% (0      / 106     vias)
        Un-optimized = 100.00% (106     vias)
    Layer VIA45      =  0.00% (0      / 5       vias)
        Un-optimized = 100.00% (5       vias)
    Layer VIA56      =  0.00% (0      / 4       vias)
        Un-optimized = 100.00% (4       vias)
 
Topology ECO iteration 1 ended with 0 qualifying violations.
Updating the database ...
...updated 0 nets
[ECO: End] Elapsed real time: 0:00:02 
[ECO: End] Elapsed cpu  time: sys=0:00:00 usr=0:00:02 total=0:00:02
[ECO: End] Stage (MB): Used    0  Alloctr    0  Proc    2 
[ECO: End] Total (MB): Used    2  Alloctr    3  Proc 2380 
Information: RC extraction has been freed. (PSYN-503)
ROPT:    Main Eco Route Done             Fri Nov 28 20:08:04 2025
Warning: Could not read any link_library files. The link_library setting {"*", "typical_1v2c25.db", "SP013D3_V1p2_typ.db", "typical_1v2c25.db", "SP013D3_V1p2_typ.db"} may be invalid. (UID-349)

  Loading design 'control_pad'


Information: Setting a dont_touch attribute on net 'rd' because it is connected to a pad cell. (PSYN-088)
Information: Setting a dont_touch attribute on net 'zero' because it is connected to a pad cell. (PSYN-088)
Information: Setting a dont_touch attribute on net 'clk' because it is connected to a pad cell. (PSYN-088)
Information: Setting a dont_touch attribute on net 'rst_' because it is connected to a pad cell. (PSYN-088)
Information: Setting a dont_touch attribute on net 'opcode[2]' because it is connected to a pad cell. (PSYN-088)
Information: Setting a dont_touch attribute on net 'opcode[1]' because it is connected to a pad cell. (PSYN-088)
Information: Setting a dont_touch attribute on net 'opcode[0]' because it is connected to a pad cell. (PSYN-088)
Information: Setting a dont_touch attribute on net 'sel' because it is connected to a pad cell. (PSYN-088)
Information: Setting a dont_touch attribute on net 'data_e' because it is connected to a pad cell. (PSYN-088)
Information: Setting a dont_touch attribute on net 'halt' because it is connected to a pad cell. (PSYN-088)
Information: Setting a dont_touch attribute on net 'inc_pc' because it is connected to a pad cell. (PSYN-088)
Information: Setting a dont_touch attribute on net 'ld_pc' because it is connected to a pad cell. (PSYN-088)
Information: Setting a dont_touch attribute on net 'ld_ac' because it is connected to a pad cell. (PSYN-088)
Information: Setting a dont_touch attribute on net 'ld_ir' because it is connected to a pad cell. (PSYN-088)
Information: Setting a dont_touch attribute on net 'wr' because it is connected to a pad cell. (PSYN-088)


Information: Library Manufacturing Grid(GridResolution) : 5
Information: Time Unit from Milkyway design library: 'ns' 
Information: Design Library and main library timing units are matched - 1.000 ns. 
Information: Resistance Unit from Milkyway design library: 'kohm' 
Information: Design Library and main library resistance units are matched - 1.000 kohm. 
Information: Capacitance Unit from Milkyway design library: 'pf' 
Information: Design Library and main library capacitance units are matched - 1.000 pf. 
Warning: Inconsistent library data found for layer POLY1. (RCEX-018)
Information: Layer METAL1 is ignored for resistance and capacitance computation. (RCEX-019)
Information: Layer METAL2 is ignored for resistance and capacitance computation. (RCEX-019)
Information: Layer METAL7 is ignored for resistance and capacitance computation. (RCEX-019)
Information: Layer METAL8 is ignored for resistance and capacitance computation. (RCEX-019)
Information: The distance unit in Capacitance and Resistance is 1 micron. (RCEX-007)
Information: The RC model used is detail route TLU+. (RCEX-015)
Information: Start mixed mode parasitic extraction. (RCEX-023)
Information: Start rc extraction...
EKL_MT: Max number of thread is 16
Information: extraction with 4 threads (RCEX-208)
Memory usage for extraction task 683 Mbytes -- main task 558 Mbytes.
Information: Parasitic source is LPE. (RCEX-040)
Information: Parasitic mode is RealRC. (RCEX-041)
Information: Using virtual shield extraction. (RCEX-081)
Information: Extraction mode is MAX. (RCEX-042)
Information: Extraction derate is 25/25/25. (RCEX-043)
Information: Coupling capacitances are explicitly created. (RCEX-044)
Information: Start back annotation for parasitic extraction. (RCEX-023)
Information: End back annotation for parasitic extraction. (RCEX-023)
Information: Start timing update for parasitic extraction. (RCEX-023)
Information: End timing update for parasitic extraction. (RCEX-023)
Information: End parasitic extraction. (RCEX-023)
Information: Start rc update...
****************************************************************
Information: TLUPlus based RC computation is enabled. (RCEX-141)
****************************************************************
Information: The distance unit in Capacitance and Resistance is 1 micron. (RCEX-007)
Information: The RC model used is TLU+. (RCEX-015)
Information: Library Derived Cap for layer METAL1 : 0.00025 0.00025 (RCEX-011)
Information: Library Derived Res for layer METAL1 : 0.0002 0.0002 (RCEX-011)
Information: Library Derived Cap for layer METAL2 : 0.00031 0.00031 (RCEX-011)
Information: Library Derived Res for layer METAL2 : 9.1e-05 9.1e-05 (RCEX-011)
Information: Library Derived Cap for layer METAL3 : 0.00035 0.00035 (RCEX-011)
Information: Library Derived Res for layer METAL3 : 9.1e-05 9.1e-05 (RCEX-011)
Information: Library Derived Cap for layer METAL4 : 0.00031 0.00031 (RCEX-011)
Information: Library Derived Res for layer METAL4 : 9.1e-05 9.1e-05 (RCEX-011)
Information: Library Derived Cap for layer METAL5 : 0.00035 0.00035 (RCEX-011)
Information: Library Derived Res for layer METAL5 : 9.1e-05 9.1e-05 (RCEX-011)
Information: Library Derived Cap for layer METAL6 : 0.00031 0.00031 (RCEX-011)
Information: Library Derived Res for layer METAL6 : 9.1e-05 9.1e-05 (RCEX-011)
Information: Library Derived Cap for layer METAL7 : 0.00035 0.00035 (RCEX-011)
Information: Library Derived Res for layer METAL7 : 9.1e-05 9.1e-05 (RCEX-011)
Information: Library Derived Cap for layer METAL8 : 0.0003 0.0003 (RCEX-011)
Information: Library Derived Res for layer METAL8 : 1.2e-05 1.2e-05 (RCEX-011)
Information: Library Derived Horizontal Cap : 0.00035 0.00035 (RCEX-011)
Information: Library Derived Horizontal Res : 9.1e-05 9.1e-05 (RCEX-011)
Information: Library Derived Vertical Cap : 0.00031 0.00031 (RCEX-011)
Information: Library Derived Vertical Res : 9.1e-05 9.1e-05 (RCEX-011)
Information: Using derived R and C coefficients. (RCEX-008)
Information: Using region-based R and C coefficients. (RCEX-013)
Information: Library Derived Via Res : 0.0001 0.0001 (RCEX-011)
Information: End rc update.
Information: The mixed mode parasitic extraction has been performed. (RCEX-202)
Information: Updating graph... (UID-83)

************************************************************
SI options:
Delta Delay Computation:           true
Static Noise Computation:          true
Timing window analysis for SI:     false
Min Delta Delay for SI:            true
Analysis Effort:                   medium
Max Transition Mode:               normal_slew
Static Noise Thresholds:           0.35 (0.42V) above low
                                   0.35 (0.42V) below high
Route xtalk prevention:            true
Route xtalk prevention threshold:  0.35
************************************************************

Information: Updating design information... (UID-85)

************************************************************
SI options:
Delta Delay Computation:           true
Static Noise Computation:          true
Timing window analysis for SI:     false
Min Delta Delay for SI:            true
Analysis Effort:                   medium
Max Transition Mode:               normal_slew
Static Noise Thresholds:           0.35 (0.42V) above low
                                   0.35 (0.42V) below high
Route xtalk prevention:            true
Route xtalk prevention threshold:  0.35
************************************************************

Information: Input delay ('rise') on clock port 'clk' will be added to the clock's propagated skew. (TIM-112)
Information: Input delay ('fall') on clock port 'clk' will be added to the clock's propagated skew. (TIM-112)
Warning: Failed to compute the effective capacitance for the timing arc
	 (SP013D3_V1p2_typ/PI) i_opcode_2/PAD-->C (max-rising positive_unate)
	  because the library data indicates a non-positive drive resistance.
	  [r/f inp_slew = 18.3066/9.67021, out_cap = 0.031053  (lib units)] (RCCALC-004)
Warning: Failed to compute the effective capacitance for the timing arc
	 (SP013D3_V1p2_typ/PI) i_opcode_2/PAD-->C (max-falling positive_unate)
	  because the library data indicates a non-positive drive resistance.
	  [r/f inp_slew = 18.3066/9.67021, out_cap = 0.031053  (lib units)] (RCCALC-004)
Warning: Failed to compute the effective capacitance for the timing arc
	 (SP013D3_V1p2_typ/PI) i_opcode_1/PAD-->C (max-falling positive_unate)
	  because the library data indicates a non-positive drive resistance.
	  [r/f inp_slew = 18.4574/9.74977, out_cap = 0.0388679  (lib units)] (RCCALC-004)
Warning: Failed to compute the effective capacitance for the timing arc
	 (SP013D3_V1p2_typ/PI) i_opcode_1/PAD-->C (max-rising positive_unate)
	  because the library data indicates a non-positive drive resistance.
	  [r/f inp_slew = 18.4574/9.74977, out_cap = 0.0388679  (lib units)] (RCCALC-004)
Warning: Failed to compute the effective capacitance for the timing arc
	 (SP013D3_V1p2_typ/PI) i_opcode_2/PAD-->C (min-rising positive_unate)
	  because the library data indicates a non-positive drive resistance.
	  [r/f inp_slew = 18.3066/9.67021, out_cap = 0.031053  (lib units)] (RCCALC-004)
Warning: Failed to compute the effective capacitance for the timing arc
	 (SP013D3_V1p2_typ/PI) i_opcode_2/PAD-->C (min-falling positive_unate)
	  because the library data indicates a non-positive drive resistance.
	  [r/f inp_slew = 18.3066/9.67021, out_cap = 0.031053  (lib units)] (RCCALC-004)
Warning: Failed to compute the effective capacitance for the timing arc
	 (SP013D3_V1p2_typ/PI) i_opcode_1/PAD-->C (min-falling positive_unate)
	  because the library data indicates a non-positive drive resistance.
	  [r/f inp_slew = 18.4574/9.74977, out_cap = 0.0388679  (lib units)] (RCCALC-004)
Warning: Failed to compute the effective capacitance for the timing arc
	 (SP013D3_V1p2_typ/PI) i_opcode_1/PAD-->C (min-rising positive_unate)
	  because the library data indicates a non-positive drive resistance.
	  [r/f inp_slew = 18.4574/9.74977, out_cap = 0.0388679  (lib units)] (RCCALC-004)
Warning: Failed to compute the effective capacitance for the timing arc
	 (SP013D3_V1p2_typ/PI) i_opcode_0/PAD-->C (max-rising positive_unate)
	  because the library data indicates a non-positive drive resistance.
	  [r/f inp_slew = 18.4465/9.74404, out_cap = 0.0555746  (lib units)] (RCCALC-004)
Warning: Failed to compute the effective capacitance for the timing arc
	 (SP013D3_V1p2_typ/PI) i_opcode_0/PAD-->C (max-falling positive_unate)
	  because the library data indicates a non-positive drive resistance.
	  [r/f inp_slew = 18.4465/9.74404, out_cap = 0.0555746  (lib units)] (RCCALC-004)
Warning: Failed to compute the effective capacitance for the timing arc
	 (SP013D3_V1p2_typ/PI) i_zero/PAD-->C (max-rising positive_unate)
	  because the library data indicates a non-positive drive resistance.
	  [r/f inp_slew = 18.2916/9.66228, out_cap = 0.0256522  (lib units)] (RCCALC-004)
Warning: Failed to compute the effective capacitance for the timing arc
	 (SP013D3_V1p2_typ/PI) i_zero/PAD-->C (max-falling positive_unate)
	  because the library data indicates a non-positive drive resistance.
	  [r/f inp_slew = 18.2916/9.66228, out_cap = 0.0256522  (lib units)] (RCCALC-004)
Warning: Failed to compute the effective capacitance for the timing arc
	 (SP013D3_V1p2_typ/PI) i_opcode_0/PAD-->C (min-falling positive_unate)
	  because the library data indicates a non-positive drive resistance.
	  [r/f inp_slew = 18.4465/9.74404, out_cap = 0.0555746  (lib units)] (RCCALC-004)
Warning: Failed to compute the effective capacitance for the timing arc
	 (SP013D3_V1p2_typ/PI) i_opcode_0/PAD-->C (min-rising positive_unate)
	  because the library data indicates a non-positive drive resistance.
	  [r/f inp_slew = 18.4465/9.74404, out_cap = 0.0555746  (lib units)] (RCCALC-004)
Warning: Failed to compute the effective capacitance for the timing arc
	 (SP013D3_V1p2_typ/PI) i_zero/PAD-->C (min-falling positive_unate)
	  because the library data indicates a non-positive drive resistance.
	  [r/f inp_slew = 18.2916/9.66228, out_cap = 0.0256522  (lib units)] (RCCALC-004)
Warning: Failed to compute the effective capacitance for the timing arc
	 (SP013D3_V1p2_typ/PI) i_zero/PAD-->C (min-rising positive_unate)
	  because the library data indicates a non-positive drive resistance.
	  [r/f inp_slew = 18.2916/9.66228, out_cap = 0.0256522  (lib units)] (RCCALC-004)
Warning: Failed to compute the effective capacitance for the timing arc
	 (SP013D3_V1p2_typ/PI) i_rst/PAD-->C (max-rising positive_unate)
	  because the library data indicates a non-positive drive resistance.
	  [r/f inp_slew = 18.4796/9.76147, out_cap = 0.050338  (lib units)] (RCCALC-004)
Warning: Failed to compute the effective capacitance for the timing arc
	 (SP013D3_V1p2_typ/PI) i_rst/PAD-->C (max-falling positive_unate)
	  because the library data indicates a non-positive drive resistance.
	  [r/f inp_slew = 18.4796/9.76147, out_cap = 0.050338  (lib units)] (RCCALC-004)
Warning: Failed to compute the effective capacitance for the timing arc
	 (SP013D3_V1p2_typ/PI) i_rst/PAD-->C (min-rising positive_unate)
	  because the library data indicates a non-positive drive resistance.
	  [r/f inp_slew = 18.4796/9.76147, out_cap = 0.050338  (lib units)] (RCCALC-004)
Warning: Failed to compute the effective capacitance for the timing arc
	 (SP013D3_V1p2_typ/PI) i_rst/PAD-->C (min-falling positive_unate)
	  because the library data indicates a non-positive drive resistance.
	  [r/f inp_slew = 18.4796/9.76147, out_cap = 0.050338  (lib units)] (RCCALC-004)
 
****************************************
Report : qor
Design : control_pad
Version: T-2022.03
Date   : Fri Nov 28 20:08:07 2025
****************************************


  Timing Path Group 'clk'
  -----------------------------------
  Levels of Logic:               5.00
  Critical Path Length:         10.19
  Critical Path Slack:           8.71
  Critical Path Clk Period:     20.00
  Total Negative Slack:          0.00
  No. of Violating Paths:        0.00
  Worst Hold Violation:          0.00
  Total Hold Violation:          0.00
  No. of Hold Violations:        0.00
  -----------------------------------


  Cell Count
  -----------------------------------
  Hierarchical Cell Count:          0
  Hierarchical Port Count:          0
  Leaf Cell Count:                 42
  Buf/Inv Cell Count:               3
  Buf Cell Count:                   0
  Inv Cell Count:                   3
  CT Buf/Inv Cell Count:            0
  Combinational Cell Count:        39
  Sequential Cell Count:            3
  Macro Count:                      0
  -----------------------------------


  Area
  -----------------------------------
  Combinational Area:   103623.595799
  Noncombinational Area:    96.751797
  Buf/Inv Area:         103436.881800
  Total Buffer Area:             0.00
  Total Inverter Area:          11.88
  Macro/Black Box Area:      0.000000
  Net Area:                  0.000000
  Net XLength        :        4725.94
  Net YLength        :        6767.85
  -----------------------------------
  Cell Area:            103720.347596
  Design Area:          103720.347596
  Net Length        :        11493.79


  Design Rules
  -----------------------------------
  Total Number of Nets:            51
  Nets With Violations:             5
  Max Trans Violations:             5
  Max Cap Violations:               5
  -----------------------------------


  Hostname: eda

  Compile CPU Statistics
  -----------------------------------------
  Resource Sharing:                    0.00
  Logic Optimization:                  0.00
  Mapping Optimization:                2.71
  -----------------------------------------
  Overall Compile Time:                3.64
  Overall Compile Wall Clock Time:     3.72

  --------------------------------------------------------------------

  Design  WNS: 0.00  TNS: 0.00  Number of Violating Paths: 0  (with Crosstalk delta delays)


  Design (Hold)  WNS: 0.00  TNS: 0.00  Number of Violating Paths: 0  (with Crosstalk delta delays)

  --------------------------------------------------------------------



ROPT:    (SETUP) WNS: 0.0000 TNS: 0.0000  Number of Violating Path: 0
ROPT:    (HOLD) WNS: 0.0000 TNS: 0.0000  Number of Violating Path: 0
ROPT:    Number of DRC Violating Nets: 5
ROPT:    Number of Route Violation: 0 
1
################################################## 
#Check and Fix Physical DRC Violations 
################################################# 
verify_zrt_route ; # Uses Zroute DRC engine 
Turn off antenna since no rule is specified
Cell Min-Routing-Layer = METAL3
Cell Max-Routing-Layer = METAL6
Warning: Cell PCORNER contains more than 100000 obstructions (311044).  This may increase routing runtime.  You may wish to re-run BPV.  (ZRT-092)
Warning: Blockage, pin, and via extraction on 8 macros was done with "treat blockage as thin". (ZRT-023)
Warning: Ignore 2 top cell ports with no pins. (ZRT-027)
Warning: Pin i_rd/PAD of net rd has no valid shapes to connect. (ZRT-100)
Warning: Pin i_sel/PAD of net sel has no valid shapes to connect. (ZRT-100)
Warning: Pin i_data_e/PAD of net data_e has no valid shapes to connect. (ZRT-100)
Warning: Pin i_halt/PAD of net halt has no valid shapes to connect. (ZRT-100)
Warning: Pin i_inc_pc/PAD of net inc_pc has no valid shapes to connect. (ZRT-100)
Warning: Pin i_ld_pc/PAD of net ld_pc has no valid shapes to connect. (ZRT-100)
Warning: Pin i_ld_ac/PAD of net ld_ac has no valid shapes to connect. (ZRT-100)
Warning: Pin i_ld_ir/PAD of net ld_ir has no valid shapes to connect. (ZRT-100)
Warning: Pin i_wr/PAD of net wr has no valid shapes to connect. (ZRT-100)
Warning: Pin i_opcode_2/PAD of net opcode[2] has no valid shapes to connect. (ZRT-100)
Warning: Pin i_opcode_1/PAD of net opcode[1] has no valid shapes to connect. (ZRT-100)
Warning: Pin i_opcode_0/PAD of net opcode[0] has no valid shapes to connect. (ZRT-100)
Warning: Pin i_zero/PAD of net zero has no valid shapes to connect. (ZRT-100)
Warning: Pin i_clk/PAD of net clk has no valid shapes to connect. (ZRT-100)
Warning: Pin i_rst/PAD of net rst_ has no valid shapes to connect. (ZRT-100)
Warning: Cannot find a fat contact for layer 'VIA78'. (ZRT-010)
Via on layer (VIA78) needs more than one tracks
Warning: Layer METAL7 pitch 0.410 may be too small: wire/via-down 0.400, wire/via-up 0.490. (ZRT-026)


Start checking for open nets ... 

Total number of nets = 53, of which 0 are not extracted
Total number of open nets = 0, of which 0 are frozen

Check 53 nets, 0 have Errors

[CHECK OPEN NETS] Elapsed real time: 0:00:00 
[CHECK OPEN NETS] Elapsed cpu  time: sys=0:00:00 usr=0:00:00 total=0:00:00
[CHECK OPEN NETS] Stage (MB): Used    0  Alloctr    0  Proc    0 
[CHECK OPEN NETS] Total (MB): Used   98  Alloctr   99  Proc 2530 
Printing options for 'set_route_zrt_common_options'

Printing options for 'set_route_zrt_detail_options'


Begin full DRC check ...

Information: Using 4 threads for routing. (ZRT-444)
Checked	21/25 Partitions, Violations =	0
Checked	23/25 Partitions, Violations =	0
Checked	24/25 Partitions, Violations =	0
Checked	25/25 Partitions, Violations =	0
[DRC CHECK] Elapsed real time: 0:00:00 
[DRC CHECK] Elapsed cpu  time: sys=0:00:00 usr=0:00:00 total=0:00:00
[DRC CHECK] Stage (MB): Used    0  Alloctr    0  Proc    0 
[DRC CHECK] Total (MB): Used  112  Alloctr  112  Proc 2530 
Warning: No antenna rules defined, Skip antenna analysis. (ZRT-309)

DRC-SUMMARY:
	@@@@@@@ TOTAL VIOLATIONS =	0


Total Wire Length =                    3663 micron
Total Number of Contacts =             318
Total Number of Wires =                240
Total Number of PtConns =              94
Total Number of Routed Wires =       240
Total Routed Wire Length =           3621 micron
Total Number of Routed Contacts =       318
	Layer    METAL1 :         11 micron
	Layer    METAL2 :         50 micron
	Layer    METAL3 :       1565 micron
	Layer    METAL4 :       1764 micron
	Layer    METAL5 :        163 micron
	Layer    METAL6 :        111 micron
	Layer    METAL7 :          0 micron
	Layer    METAL8 :          0 micron
	Via        via5 :          4
	Via        via4 :          5
	Via        via3 :        106
	Via        via2 :        103
	Via        via1 :         99
	Via   via1(rot) :          1

 
Redundant via conversion report:
--------------------------------

  Total optimized via conversion rate =  0.00% (0 / 318 vias)
 
    Layer VIA12      =  0.00% (0      / 100     vias)
        Un-optimized = 100.00% (100     vias)
    Layer VIA23      =  0.00% (0      / 103     vias)
        Un-optimized = 100.00% (103     vias)
    Layer VIA34      =  0.00% (0      / 106     vias)
        Un-optimized = 100.00% (106     vias)
    Layer VIA45      =  0.00% (0      / 5       vias)
        Un-optimized = 100.00% (5       vias)
    Layer VIA56      =  0.00% (0      / 4       vias)
        Un-optimized = 100.00% (4       vias)
 
  Total double via conversion rate    =  0.00% (0 / 318 vias)
 
    Layer VIA12      =  0.00% (0      / 100     vias)
    Layer VIA23      =  0.00% (0      / 103     vias)
    Layer VIA34      =  0.00% (0      / 106     vias)
    Layer VIA45      =  0.00% (0      / 5       vias)
    Layer VIA56      =  0.00% (0      / 4       vias)
 
  The optimized via conversion rate based on total routed via count =  0.00% (0 / 318 vias)
 
    Layer VIA12      =  0.00% (0      / 100     vias)
        Un-optimized = 100.00% (100     vias)
    Layer VIA23      =  0.00% (0      / 103     vias)
        Un-optimized = 100.00% (103     vias)
    Layer VIA34      =  0.00% (0      / 106     vias)
        Un-optimized = 100.00% (106     vias)
    Layer VIA45      =  0.00% (0      / 5       vias)
        Un-optimized = 100.00% (5       vias)
    Layer VIA56      =  0.00% (0      / 4       vias)
        Un-optimized = 100.00% (4       vias)
 


Verify Summary:

Total number of nets = 53, of which 0 are not extracted
Total number of open nets = 0, of which 0 are frozen
Total number of excluded ports = 0 ports of 0 unplaced cells connected to 0 nets
                                 0 ports without pins of 0 cells connected to 0 nets
                                 0 ports of 0 cover cells connected to 0 non-pg nets
Total number of DRCs = 0
Total number of antenna violations = no antenna rules defined
Total number of voltage-area violations = no voltage-areas defined
Total number of tie to rail violations = not checked
Total number of tie to rail directly violations = not checked

1
set_route_zrt_detail_options -repair_shorts_over_macros_effort_level high 
1
route_zrt_detail -incremental true ; # Fix DRCs 
Turn off antenna since no rule is specified
Cell Min-Routing-Layer = METAL3
Cell Max-Routing-Layer = METAL6
Warning: Cell PCORNER contains more than 100000 obstructions (311044).  This may increase routing runtime.  You may wish to re-run BPV.  (ZRT-092)
Warning: Blockage, pin, and via extraction on 8 macros was done with "treat blockage as thin". (ZRT-023)
Warning: Ignore 2 top cell ports with no pins. (ZRT-027)
Warning: Pin i_rd/PAD of net rd has no valid shapes to connect. (ZRT-100)
Warning: Pin i_sel/PAD of net sel has no valid shapes to connect. (ZRT-100)
Warning: Pin i_data_e/PAD of net data_e has no valid shapes to connect. (ZRT-100)
Warning: Pin i_halt/PAD of net halt has no valid shapes to connect. (ZRT-100)
Warning: Pin i_inc_pc/PAD of net inc_pc has no valid shapes to connect. (ZRT-100)
Warning: Pin i_ld_pc/PAD of net ld_pc has no valid shapes to connect. (ZRT-100)
Warning: Pin i_ld_ac/PAD of net ld_ac has no valid shapes to connect. (ZRT-100)
Warning: Pin i_ld_ir/PAD of net ld_ir has no valid shapes to connect. (ZRT-100)
Warning: Pin i_wr/PAD of net wr has no valid shapes to connect. (ZRT-100)
Warning: Pin i_opcode_2/PAD of net opcode[2] has no valid shapes to connect. (ZRT-100)
Warning: Pin i_opcode_1/PAD of net opcode[1] has no valid shapes to connect. (ZRT-100)
Warning: Pin i_opcode_0/PAD of net opcode[0] has no valid shapes to connect. (ZRT-100)
Warning: Pin i_zero/PAD of net zero has no valid shapes to connect. (ZRT-100)
Warning: Pin i_clk/PAD of net clk has no valid shapes to connect. (ZRT-100)
Warning: Pin i_rst/PAD of net rst_ has no valid shapes to connect. (ZRT-100)
Warning: Cannot find a fat contact for layer 'VIA78'. (ZRT-010)
Via on layer (VIA78) needs more than one tracks
Warning: Layer METAL7 pitch 0.410 may be too small: wire/via-down 0.400, wire/via-up 0.490. (ZRT-026)
Printing options for 'set_route_zrt_common_options'

Printing options for 'set_route_zrt_detail_options'
-repair_shorts_over_macros_effort_level                 :	 high                


Begin full DRC check ...

Information: Using 4 threads for routing. (ZRT-444)
Checked	21/25 Partitions, Violations =	0
Checked	23/25 Partitions, Violations =	0
Checked	24/25 Partitions, Violations =	0
Checked	25/25 Partitions, Violations =	0
[DRC CHECK] Elapsed real time: 0:00:00 
[DRC CHECK] Elapsed cpu  time: sys=0:00:00 usr=0:00:00 total=0:00:00
[DRC CHECK] Stage (MB): Used    0  Alloctr    0  Proc    0 
[DRC CHECK] Total (MB): Used  112  Alloctr  112  Proc 2380 
Printing options for 'set_route_zrt_common_options'

Printing options for 'set_route_zrt_detail_options'
-repair_shorts_over_macros_effort_level                 :	 high                

[Dr init] Elapsed real time: 0:00:01 
[Dr init] Elapsed cpu  time: sys=0:00:00 usr=0:00:01 total=0:00:02
[Dr init] Stage (MB): Used  101  Alloctr  101  Proc   -4 
[Dr init] Total (MB): Used  104  Alloctr  105  Proc 2380 
Total number of nets = 53, of which 0 are not extracted
Total number of open nets = 0, of which 0 are frozen
Information: Using 4 threads for routing. (ZRT-444)
Routing in incremental mode, starting from iteration 1

Finish DR since reached 0 DRC

Information: Detail Routing terminated early because DRCs were not converging: false (ZRT-312)
[DR] Elapsed real time: 0:00:01 
[DR] Elapsed cpu  time: sys=0:00:00 usr=0:00:01 total=0:00:02
[DR] Stage (MB): Used   96  Alloctr   96  Proc   -4 
[DR] Total (MB): Used   99  Alloctr  100  Proc 2380 
[DR: Done] Elapsed real time: 0:00:01 
[DR: Done] Elapsed cpu  time: sys=0:00:00 usr=0:00:01 total=0:00:02
[DR: Done] Stage (MB): Used   96  Alloctr   96  Proc   -4 
[DR: Done] Total (MB): Used   99  Alloctr  100  Proc 2380 

DR finished with 0 open nets, of which 0 are frozen

DR finished with 0 violations

DRC-SUMMARY:
	@@@@@@@ TOTAL VIOLATIONS =	0



Total Wire Length =                    3663 micron
Total Number of Contacts =             318
Total Number of Wires =                240
Total Number of PtConns =              94
Total Number of Routed Wires =       240
Total Routed Wire Length =           3621 micron
Total Number of Routed Contacts =       318
	Layer    METAL1 :         11 micron
	Layer    METAL2 :         50 micron
	Layer    METAL3 :       1565 micron
	Layer    METAL4 :       1764 micron
	Layer    METAL5 :        163 micron
	Layer    METAL6 :        111 micron
	Layer    METAL7 :          0 micron
	Layer    METAL8 :          0 micron
	Via        via5 :          4
	Via        via4 :          5
	Via        via3 :        106
	Via        via2 :        103
	Via        via1 :         99
	Via   via1(rot) :          1

 
Redundant via conversion report:
--------------------------------

  Total optimized via conversion rate =  0.00% (0 / 318 vias)
 
    Layer VIA12      =  0.00% (0      / 100     vias)
        Un-optimized = 100.00% (100     vias)
    Layer VIA23      =  0.00% (0      / 103     vias)
        Un-optimized = 100.00% (103     vias)
    Layer VIA34      =  0.00% (0      / 106     vias)
        Un-optimized = 100.00% (106     vias)
    Layer VIA45      =  0.00% (0      / 5       vias)
        Un-optimized = 100.00% (5       vias)
    Layer VIA56      =  0.00% (0      / 4       vias)
        Un-optimized = 100.00% (4       vias)
 
  Total double via conversion rate    =  0.00% (0 / 318 vias)
 
    Layer VIA12      =  0.00% (0      / 100     vias)
    Layer VIA23      =  0.00% (0      / 103     vias)
    Layer VIA34      =  0.00% (0      / 106     vias)
    Layer VIA45      =  0.00% (0      / 5       vias)
    Layer VIA56      =  0.00% (0      / 4       vias)
 
  The optimized via conversion rate based on total routed via count =  0.00% (0 / 318 vias)
 
    Layer VIA12      =  0.00% (0      / 100     vias)
        Un-optimized = 100.00% (100     vias)
    Layer VIA23      =  0.00% (0      / 103     vias)
        Un-optimized = 100.00% (103     vias)
    Layer VIA34      =  0.00% (0      / 106     vias)
        Un-optimized = 100.00% (106     vias)
    Layer VIA45      =  0.00% (0      / 5       vias)
        Un-optimized = 100.00% (5       vias)
    Layer VIA56      =  0.00% (0      / 4       vias)
        Un-optimized = 100.00% (4       vias)
 

Total number of nets = 53
0 open nets, of which 0 are frozen
Total number of excluded ports = 0 ports of 0 unplaced cells connected to 0 nets
                                 0 ports without pins of 0 cells connected to 0 nets
                                 0 ports of 0 cover cells connected to 0 non-pg nets
Total number of DRCs = 0
Total number of antenna violations = antenna checking not active
Total number of voltage-area violations = no voltage-areas defined
Special ECO iteration 1 ended with 0 qualifying violations.
Topology ECO iteration 1 ended with 0 qualifying violations.
Updating the database ...
Information: RC extraction has been freed. (PSYN-503)
1
save_mw_cel -as route 
Information: Performing CEL netlist consistency check. (MWDC-118)
Information: CEL consistency check PASSED. (MWDC-119)
Information: Saved design named route. (UIG-5)
1
1
icc_shell> 