#@ # 
#@ # Running icc_shell Version T-2022.03 for linux64 -- Feb 22, 2022
#@ # Date:   Fri Nov 28 20:08:44 2025
#@ # Run by: user123@eda
#@ 

source spef.tcl
#@ # -- Starting source spef.tcl

#@ #spef.tcl 
#@ source ../rm_setup/icrm_setup.tcl 
#@ # -- Starting source ../rm_setup/icrm_setup.tcl

#@ #########################################################################################
#@ # Lynx Compatible Reference Methodology (LCRM) Setup File
#@ # Script: lcrm_setup.tcl
#@ # Version: G-2012.06 (July 2, 2012)
#@ # Copyright (C) 2011-2012 Synopsys, Inc. All rights reserved.
#@ #########################################################################################
#@ ## DESCRIPTION:
#@ ## * This script provides LCRM scripts access to a subset of Lynx functions.
#@ ## * It manages variables and metric procedures used by the LCRM scripts when
#@ ## * running standalone or within the Lynx Design System.
#@ ## * 
#@ ## * Automation Variables:
#@ ## * The LCRM scripts utilize some variables for managing directory structures used
#@ ## * for log files, reports, and output data. These variables are hardcoded for correct
#@ ## * operation when running LCRM scripts standalone. When running the LCRM scripts within
#@ ## * the Lynx Design System, these variables are under control of the flow automation.
#@ ## * 
#@ ## * Metrics:
#@ ## * The lcrm_setup.tcl contains procedures to support extraction of metric information
#@ ## * about the design and system. These appear as METRIC strings in the log file. When
#@ ## * running within the Lynx Design System, these METRIC messages are extracted and 
#@ ## * transfered to a database server. The Lynx Manager Cockpit application can be used
#@ ## * to analyze and generate reports from the collected data.
#@ ## * 
#@ ## * Users of LCRM scripts need not modify any of the contents of this script or
#@ ## * related references contained in each task script. These Lynx Compatabile functions
#@ ## * work when in Lynx and when running standalone and do not add any appreciable runtime
#@ ## * overhead.
#@ ## -----------------------------------------------------------------------------
#@ 
#@ 
#@ ## -----------------------------------------------------------------------------
#@ ## Lynx System Variable. 
#@ ## When running in Lynx, these SEV* variables are configured in the GUI and saved
#@ ## in the system.tcl file. When running outside of Lynx, a number of SEV(*) variables 
#@ ## need to be set to values to avoid errors in some of the metric procedures.
#@ ## The environment variable LYNX_RTL_PRESENT is set automatically when Lynx is run and
#@ ## is used here to setup variables according to the runtime environment
#@ ## -----------------------------------------------------------------------------
#@ 
#@ set SEV(src) init_design_icc
#@ set SEV(dst) init_design_icc
#@ 
#@ set SEV(script_file) [info script]
#@ 
#@ #sproc_script_start
#@ set ICC_FLOORPLAN_CEL $SEV(dst) 
#@ 
#@ #####################################################33
#@ 
#@ ## enable consistent script error handling across tools
#@ set sh_continue_on_error true
#@ 
#@ ## not all tool tcl shells handle the source options. StarRCXT is one example needing special handling
#@ if {[info exists synopsys_program_name]} {
#@   if { $synopsys_program_name=="tcl" } {
#@     set source_options ""
#@   } else {
#@     set source_options "-e -v"
#@   }
#@ } else {
#@   # tcl program does not support -e -v options
#@   set source_options ""
#@ }
#@ 
#@ if { [info exists env(LYNX_RTM_PRESENT)] } {
#@ 
#@   puts "RM-Info: Lynx is setting SEV variables."
#@   set LYNX(rtm_present) 1
#@ 
#@   eval source $source_options ../../scripts_global/conf/system.tcl
#@ 
#@   ## -----------------------------------------------------------------------------
#@   ## Allow Lynx to define and overide dynamic System Environment Variabls
#@   ## -----------------------------------------------------------------------------
#@ 
#@   eval source $source_options $env(LYNX_VARFILE_SEV)
#@ 
#@ } else {
#@ 
#@   set LYNX(rtm_present) 0
#@   puts "RM-Info: Setting default SEV variables for running outside of Lynx."
#@   set SEV(project_dir)    my_project_dir
#@   set SEV(project_name)   lcrm
#@   set SEV(release_dir)    my_release_dir
#@   set SEV(techlib_dir)    my_techlib_dir
#@   set SEV(metrics_enable) 1
#@   set SEV(log_file)       my_log_file
#@   set SEV(ver_star)       NaM
#@   set SEV(task)           [file root [file tail $SEV(script_file)]]
#@ 
#@ }
#@ 
#@ 
#@ ## Remaining SEVs are calculated the same whether running standalone or in Lynx
#@ 
#@ if { ![info exist SEV(dont_run)] }      { set SEV(dont_run) 0 }
#@ if { ![info exist SEV(dont_exit)] }     { set SEV(dont_exit) 0 }
#@ if { ![info exist SEV(analysis_task)] } { set SEV(analysis_task) 0 }
#@ 
#@ set SEV(tmp_dir) [pwd]
#@ 
#@ set SEV(workarea_dir)   [file dirname [file dirname [file dirname [file dirname [file dirname $SEV(tmp_dir)]]]]]
#@ set SEV(techlib_name)   [file tail  [file dirname [file dirname [file dirname $SEV(tmp_dir)]]]]
#@ 
#@ set SEV(block_dir)      [file dirname [file dirname $SEV(tmp_dir)]]
#@ set SEV(block_name)     [file tail $SEV(block_dir)]
#@ set SEV(step_dir)       [file dirname $SEV(tmp_dir)]
#@ set SEV(step)           [file tail $SEV(step_dir)]
#@ set SEV(gscript_dir)    [file normalize $SEV(tmp_dir)/../../scripts_global]
#@ set SEV(tscript_dir)    [file normalize $SEV(tmp_dir)/../../scripts_global/$SEV(techlib_name)]
#@ set SEV(bscript_dir)    [file normalize $SEV(tmp_dir)/../../scripts_block]
#@ set SEV(work_dir)       [file normalize $SEV(tmp_dir)/../work]
#@ set SEV(src_dir)        [file normalize $SEV(tmp_dir)/../work/$SEV(src)]
#@ set SEV(dst_dir)        [file normalize $SEV(tmp_dir)/../work/$SEV(dst)]
#@ set SEV(log_dir)        [file normalize $SEV(tmp_dir)/../logs/$SEV(dst)]
#@ set SEV(rpt_dir)        [file normalize $SEV(tmp_dir)/../rpts/$SEV(dst)]
#@ 
#@ ## -----------------------------------------------------------------------------
#@ ## The SVAR(design_name) must be undefined at this point in the script
#@ ## -----------------------------------------------------------------------------
#@ 
#@ set SVAR(design_name)  undefined
#@ 
#@ ## -----------------------------------------------------------------------------
#@ ## These SVAR(tag#) variables are a mechanism for grouping metrics. They are
#@ ## not used by default but can be overridden in blck.tcl as shown below
#@ ## -----------------------------------------------------------------------------
#@ 
#@ set SVAR(tag01) [list name value]
#@ set SVAR(tag02) [list name value]
#@ set SVAR(tag03) [list name value]
#@ set SVAR(tag04) [list name value]
#@ set SVAR(tag05) [list name value]
#@ set SVAR(tag06) [list name value]
#@ set SVAR(tag07) [list name value]
#@ set SVAR(tag08) [list name value]
#@ set SVAR(tag09) [list name value]
#@ set SVAR(tag10) [list name value]
#@ 
#@ ## -----------------------------------------------------------------------------
#@ ## The block.tcl file is normally empty but sourced here 
#@ ## The most common use would be for overriding metric tags SVAR(tag#) listed above
#@ ## -----------------------------------------------------------------------------
#@ 
#@ if {[file exists ../../scripts_block/conf/block.tcl]} {
#@   puts "RM-Info: sourcing ../../scripts_block/conf/block.tcl"
#@   eval source $source_options ../../scripts_block/conf/block.tcl
#@ }
#@ 
#@ if { [info exists env(LYNX_RTM_PRESENT)] } {
#@ 
#@   if { ![info exists SVAR(misc,early_complete_enable)] } { set SVAR(misc,early_complete_enable) 0 }
#@ 
#@   ## -----------------------------------------------------------------------------
#@   ## Allow Lynx to overide Task Environment Variabls
#@   ## -----------------------------------------------------------------------------
#@ 
#@   puts "RM-Info: Lynx is setting any TEV overrides from the RTM environment"
#@   eval source $source_options $env(LYNX_VARFILE_TEV)
#@ 
#@ } else {
#@   ## disable early_complete feature for all standalone execution
#@   set SVAR(misc,early_complete_enable) 0
#@ }
#@ 
#@ ## -----------------------------------------------------------------------------
#@ ## These Task variables that need to be assigned for proper standalone behavior but
#@ ## that are controlled in the Lynx environment by the content of LYNX_VARFILE_TEV file
#@ ## sourced below
#@ ## -----------------------------------------------------------------------------
#@ 
#@ set TEV(vx_enable) 0
#@ set TEV(scenario) DEFAULT_SCENARIO
#@ set TEV(report_level) NORMAL
#@ 
#@ ## -----------------------------------------------------------------------------
#@ ## These procedures/variables are not uniformly available
#@ ## for all tools used in the flow. This section of code creates
#@ ## the procedures/variables if they are not available.
#@ ## -----------------------------------------------------------------------------
#@ 
#@ if { ![info exists synopsys_root] } {
#@ set synopsys_root "synopsys_root"
#@ }
#@ 
#@ if { ![info exists synopsys_program_name] } {
#@ set synopsys_program_name "tcl"
#@ }
#@ 
#@ if { $synopsys_program_name == "tcl" } {
#@ set sh_product_version [info patchlevel]
#@ }
#@ 
#@ if { [info command parse_proc_arguments] != "parse_proc_arguments" } {
#@ proc parse_proc_arguments { cmdSwitch procArgs optsRef } {
#@ upvar $optsRef opts
#@ if { $cmdSwitch == "-args" } {
#@ foreach arg $procArgs {
#@ if { [string index $arg 0] == "-" } {
#@   set curArg $arg
#@   set opts($curArg) 1
#@ } else {
#@   if { [info exists curArg] } {
#@     set opts($curArg) $arg
#@     unset curArg
#@   } else {
#@     puts "SNPS_ERROR: Found invalid argument: '$arg', with no preceding switch."
#@     puts "SNPS_ERROR: Called from procedure: [lindex [info level -1] 0]"
#@   }
#@ }
#@ }
#@ }
#@ }
#@ }
#@ 
#@ if { [info command define_proc_attributes] != "define_proc_attributes" } {
#@ proc define_proc_attributes args {}
#@ }
#@ 
#@ if { [info command date] != "date" } {
#@ proc date {} {
#@ return [clock format [clock seconds] -format {%a %b %e %H:%M:%S %Y}]
#@ }
#@ }
#@ 
#@ ## -----------------------------------------------------------------------------
#@ ## sproc_script_stop: LCRM customized version
#@ ## -----------------------------------------------------------------------------
#@ 
#@ proc sproc_script_stop { args } {
#@ 
#@   global LYNX
#@   global env SEV SVAR TEV
#@   global sh_product_version
#@   global synopsys_program_name
#@ 
#@   set options(-exit) 0
#@   parse_proc_arguments -args $args options
#@ 
#@   if {[info exists ::DESIGN_NAME]} {
#@     ## LCRM generates the corrected SYS.BLOCK metric reflecting DESIGN_NAME
#@     sproc_msg -info "METRIC | STRING SYS.BLOCK          | $::DESIGN_NAME"
#@   }
#@ 
#@   ## -------------------------------------
#@   ## Generate metrics for each of the TEV variables.
#@   ## -------------------------------------
#@ 
#@   set generate_metrics_for_tev 0
#@ 
#@   if { $generate_metrics_for_tev } {
#@ 
#@     set name_list [lsort [array names TEV]]
#@     foreach name $name_list {
#@       set length [llength $TEV($name)]
#@       if { $length == 0 } {
#@         sproc_msg -info "METRIC | STRING TEV.$name | NULL_VALUE"
#@       } else {
#@         sproc_msg -info "METRIC | STRING TEV.$name | $TEV($name)"
#@       }
#@     }
#@ 
#@   }
#@ 
#@   ## -------------------------------------
#@   ## Generate end-of-script metrics.
#@   ## -------------------------------------
#@ 
#@   sproc_metric_time -stop
#@   sproc_metric_system -end_of_script
#@ 
#@   ## -------------------------------------
#@   ## Exit processing.
#@   ## -------------------------------------
#@ 
#@   if { $LYNX(rtm_present) } {
#@     if { $SEV(dont_exit) } {
#@       ## User is requesting that no exit be performed.
#@     } else {
#@       ## Check to see if explicit exit is being requested.
#@       if { $options(-exit) } {
#@         if { $synopsys_program_name == "cdesigner" } {
#@           exit -force 1
#@         } else {
#@           exit
#@         }
#@       }
#@     }
#@   } else {
#@     if { $synopsys_program_name == "cdesigner" } {
#@       exit -force 1
#@     } else {
#@       exit
#@     }
#@   }
#@ 
#@ }
#@ 
#@ define_proc_attributes sproc_script_stop \
#@   -info "Standard procedure for ending a script." \
#@   -define_args {
#@   {-exit  "Perform an exit." "" boolean optional}
#@ }
#@ 
#@ ## -----------------------------------------------------------------------------
#@ ## sproc_generate_metrics:
#@ ## -----------------------------------------------------------------------------
#@ 
#@ proc sproc_generate_metrics {} {
#@ 
#@ sproc_pinfo -mode start
#@ 
#@ global env SEV SVAR TEV
#@   global synopsys_program_name
#@   global power_enable_analysis
#@   global case_analysis_sequential_propagation
#@   global DESIGN_NAME
#@ 
#@   file mkdir $SEV(rpt_dir)
#@ 
#@   switch $synopsys_program_name {
#@     de_shell -
#@     dc_shell {
#@       source ../../scripts_block/lcrm_setup/metric_reports_dc.tcl
#@       sproc_metric_design
#@       sproc_metric_sta
#@       sproc_metric_power
#@     }
#@     icc_shell {
#@       source ../../scripts_block/lcrm_setup/metric_reports_icc.tcl
#@       sproc_metric_design
#@       sproc_metric_sta
#@       sproc_metric_power
#@     }
#@     pt_shell {
#@       set RPT(basename) $SEV(rpt_dir)/pt.$TEV(scenario)
#@       source ../../scripts_block/lcrm_setup/metric_reports_pt.tcl
#@       sproc_metric_sta
#@       if { $power_enable_analysis } {
#@         sproc_metric_power
#@       }
#@     }
#@     tmax_tcl {
#@       sproc_metric_atpg
#@     }
#@   }
#@ 
#@   sproc_pinfo -mode stop
#@ 
#@ }
#@ 
#@ ## -----------------------------------------------------------------------------
#@ ## sproc_script_start:
#@ ## -----------------------------------------------------------------------------
#@ 
#@ proc sproc_script_start {} {
#@ 
#@   global LYNX
#@   global env SEV SVAR TEV
#@   global sh_product_version
#@   global synopsys_program_name
#@ 
#@   sproc_metric_time -start
#@   sproc_metric_system -start_of_script
#@ 
#@ }
#@ 
#@ define_proc_attributes sproc_script_start \
#@   -info "Standard procedure for starting a script." \
#@   -define_args {
#@ }
#@ 
#@ ## -----------------------------------------------------------------------------
#@ ## sproc_msg:
#@ ## -----------------------------------------------------------------------------
#@ 
#@ proc sproc_msg { args } {
#@ 
#@   ## Assigning default value of "bell" since that is never used.
#@ 
#@   set options(-info)    "\b"
#@   set options(-warning) "\b"
#@   set options(-error)   "\b"
#@   set options(-setup)   "\b"
#@   set options(-issue)   "\b"
#@   set options(-header)  0
#@   parse_proc_arguments -args $args options
#@ 
#@   if       { $options(-info)   != "\b" } {
#@     puts "SNPS_INFO   : $options(-info)"
#@   } elseif { $options(-warning) != "\b" } {
#@     puts "SNPS_WARNING: $options(-warning)"
#@   } elseif { $options(-error)  != "\b" } {
#@     puts "SNPS_ERROR  : $options(-error)"
#@   } elseif { $options(-setup)  != "\b" } {
#@     puts "SNPS_SETUP  : $options(-setup)"
#@   } elseif { $options(-issue)  != "\b" } {
#@     puts "SNPS_ISSUE  : $options(-issue)"
#@   } elseif { $options(-header) } {
#@     puts "SNPS_HEADER : ## ------------------------------------- "
#@   } else {
#@     puts "SNPS_ERROR  : Unrecognized arguments for sproc_msg : $args"
#@   }
#@ }
#@ 
#@ define_proc_attributes sproc_msg \
#@   -info "Standard message printing procedure." \
#@   -define_args {
#@   {-info    "Info message"    AString string optional}
#@   {-warning "Warning message" AString string optional}
#@   {-error   "Error message"   AString string optional}
#@   {-setup   "Setup message"   AString string optional}
#@   {-issue   "Issue message"   AString string optional}
#@   {-header  "Header flag"     ""      boolean optional}
#@ }
#@ 
#@ ## -----------------------------------------------------------------------------
#@ ## sproc_pinfo:
#@ ## -----------------------------------------------------------------------------
#@ 
#@ proc sproc_pinfo { args } {
#@ 
#@   set options(-mode) ""
#@   parse_proc_arguments -args $args options
#@ 
#@   set parent_level [expr [info level] - 1]
#@   set parent_name [lindex [info level $parent_level] 0]
#@   set parent_name [regsub {^::} $parent_name {}]
#@ 
#@   switch $options(-mode) {
#@     start   { sproc_msg -info "PROC_START : $parent_name" }
#@     stop    { sproc_msg -info "PROC_STOP  : $parent_name" }
#@     default { sproc_msg -error "Invalid argument to sproc_pinfo" }
#@   }
#@ }
#@ 
#@ define_proc_attributes sproc_pinfo \
#@   -info "Prints standard messages at procedure boundaries." \
#@   -define_args {
#@   {-mode "Specifies which message to print" AnOos one_of_string
#@     {required value_help {values {start stop}}}
#@   }
#@ }
#@ 
#@ ## -----------------------------------------------------------------------------
#@ ## sproc_script_version:
#@ ## -----------------------------------------------------------------------------
#@ 
#@ proc sproc_script_version {} {
#@ 
#@   sproc_pinfo -mode start
#@ 
#@   global LYNX
#@   global env SEV SVAR TEV
#@ 
#@   ## Determine version of $SEV(script_file)
#@ 
#@   set version "Nam"
#@ 
#@   if { [file exists $SEV(script_file)] } {
#@ 
#@     set fid [open $SEV(script_file) r]
#@ 
#@     while { [gets $fid line] >= 0 } {
#@ 
#@       ## -------------------------------------
#@       ## Perforce format example:
#@       ## -------------------------------------
#@ 
#@       set re {^## HEADER \$Id: [\w\/\.]+#([\d]+)}
#@ 
#@       if { [regexp $re $line match version] } {
#@         break
#@       }
#@ 
#@       ## -------------------------------------
#@       ## CVS format example:
#@       ## -------------------------------------
#@ 
#@       set re {^## HEADER \$Id: [\w\/\.\,]+\s+([\d\.]+)}
#@ 
#@       if { [regexp $re $line match version] } {
#@         break
#@       }
#@ 
#@     }
#@ 
#@     close $fid
#@   }
#@ 
#@   sproc_pinfo -mode stop
#@   return $version
#@ 
#@ }
#@ 
#@ define_proc_attributes sproc_script_version \
#@   -info "Used to determine the version of a script." \
#@   -define_args {
#@ }
#@ 
#@ ## -----------------------------------------------------------------------------
#@ ## sproc_metric_system:
#@ ## -----------------------------------------------------------------------------
#@ 
#@ proc sproc_metric_system { args } {
#@ 
#@   sproc_pinfo -mode start
#@ 
#@   global env SEV SVAR TEV
#@   global sh_product_version
#@   global synopsys_program_name
#@ 
#@   set xxx1 [clock seconds]
#@ 
#@   set options(-start_of_script) 0
#@   set options(-end_of_script) 0
#@   parse_proc_arguments -args $args options
#@ 
#@   if { $options(-start_of_script) } {
#@ 
#@     sproc_msg -info "METRIC | STRING SYS.TASK           | $SEV(task)"
#@     sproc_msg -info "METRIC | STRING SYS.PROJECT_NAME   | $SEV(project_name)"
#@     sproc_msg -info "METRIC | STRING SYS.PROJECT_DIR    | $SEV(project_dir)"
#@     sproc_msg -info "METRIC | STRING SYS.TECHLIB_NAME   | $SEV(techlib_name)"
#@     sproc_msg -info "METRIC | STRING SYS.TECHLIB_DIR    | $SEV(techlib_dir)"
#@     sproc_msg -info "METRIC | STRING SYS.WORKAREA_DIR   | $SEV(workarea_dir)"
#@     sproc_msg -info "METRIC | STRING SYS.BLOCK_DIR      | $SEV(block_dir)"
#@     sproc_msg -info "METRIC | STRING SYS.USER           | [exec whoami]"
#@     sproc_msg -info "METRIC | STRING SYS.BLOCK          | $SVAR(design_name)"
#@     sproc_msg -info "METRIC | STRING SYS.STEP           | $SEV(step)"
#@     sproc_msg -info "METRIC | STRING SYS.SRC            | $SEV(src)"
#@     sproc_msg -info "METRIC | STRING SYS.DST            | $SEV(dst)"
#@     sproc_msg -info "METRIC | STRING SYS.LOG            | [file normalize $SEV(log_file)]"
#@     sproc_msg -info "METRIC | STRING SYS.SCRIPT_NAME    | [file normalize $SEV(script_file)]"
#@     sproc_msg -info "METRIC | STRING SYS.SCRIPT_VERSION | [sproc_script_version]"
#@ 
#@     set script_type unknown
#@     if { [regexp "/scripts_global/" $SEV(script_file)] } {
#@       set script_type global
#@     }
#@     if { [regexp "/scripts_global/$SEV(techlib_name)/" $SEV(script_file)] } {
#@       set script_type techlib
#@     }
#@     if { [regexp "/scripts_block/" $SEV(script_file)] } {
#@       set script_type block
#@     }
#@     sproc_msg -info "METRIC | STRING SYS.SCRIPT_TYPE    | $script_type"
#@ 
#@     sproc_msg -info "METRIC | STRING SYS.MACHINE        | [exec uname -n]"
#@     sproc_msg -info "METRIC | STRING SYS.TOOL_NAME      | $synopsys_program_name"
#@ 
#@     if { ![info exists sh_product_version] || $sh_product_version == "" } {
#@       set sh_product_version NaM
#@     }
#@     sproc_msg -info "METRIC | STRING SYS.TOOL_VERSION   | $sh_product_version"
#@ 
#@     if { $SEV(dont_run) || $SEV(dont_exit) } {
#@       if { $SEV(analysis_task) } {
#@         sproc_msg -info "METRIC | STRING SYS.TASK_TYPE      | ANALYZE_INTERACTIVE"
#@       } else {
#@         sproc_msg -info "METRIC | STRING SYS.TASK_TYPE      | OPTIMIZE_INTERACTIVE"
#@       }
#@     } else {
#@       if { $SEV(analysis_task) } {
#@         sproc_msg -info "METRIC | STRING SYS.TASK_TYPE      | ANALYZE"
#@       } else {
#@         sproc_msg -info "METRIC | STRING SYS.TASK_TYPE      | OPTIMIZE"
#@       }
#@     }
#@ 
#@     sproc_msg -info "METRIC | TAG SYS.TAG.01 | [lindex $SVAR(tag01) 0] !! [lindex $SVAR(tag01) 1]"
#@     sproc_msg -info "METRIC | TAG SYS.TAG.02 | [lindex $SVAR(tag02) 0] !! [lindex $SVAR(tag02) 1]"
#@     sproc_msg -info "METRIC | TAG SYS.TAG.03 | [lindex $SVAR(tag03) 0] !! [lindex $SVAR(tag03) 1]"
#@     sproc_msg -info "METRIC | TAG SYS.TAG.04 | [lindex $SVAR(tag04) 0] !! [lindex $SVAR(tag04) 1]"
#@     sproc_msg -info "METRIC | TAG SYS.TAG.05 | [lindex $SVAR(tag05) 0] !! [lindex $SVAR(tag05) 1]"
#@     sproc_msg -info "METRIC | TAG SYS.TAG.06 | [lindex $SVAR(tag06) 0] !! [lindex $SVAR(tag06) 1]"
#@     sproc_msg -info "METRIC | TAG SYS.TAG.07 | [lindex $SVAR(tag07) 0] !! [lindex $SVAR(tag07) 1]"
#@     sproc_msg -info "METRIC | TAG SYS.TAG.08 | [lindex $SVAR(tag08) 0] !! [lindex $SVAR(tag08) 1]"
#@     sproc_msg -info "METRIC | TAG SYS.TAG.09 | [lindex $SVAR(tag09) 0] !! [lindex $SVAR(tag09) 1]"
#@     sproc_msg -info "METRIC | TAG SYS.TAG.10 | [lindex $SVAR(tag10) 0] !! [lindex $SVAR(tag10) 1]"
#@ 
#@   }
#@ 
#@   if { $options(-end_of_script) } {
#@ 
#@     if { ![info exists TEV(num_jobs)] }        { set TEV(num_jobs) 1 }
#@     if { ![info exists TEV(num_cores)] }       { set TEV(num_cores) 1 }
#@     if { ![info exists TEV(num_child_jobs)] }  { set TEV(num_child_jobs) 1 }
#@     if { ![info exists TEV(num_child_cores)] } { set TEV(num_child_cores) 1 }
#@ 
#@     sproc_msg -info "METRIC | INTEGER INFO.NUM_JOBS        | $TEV(num_jobs)"
#@     sproc_msg -info "METRIC | INTEGER INFO.NUM_CORES       | $TEV(num_cores)"
#@     sproc_msg -info "METRIC | INTEGER INFO.NUM_CHILD_JOBS  | $TEV(num_child_jobs)"
#@     sproc_msg -info "METRIC | INTEGER INFO.NUM_CHILD_CORES | $TEV(num_child_cores)"
#@ 
#@     if { [info exists env(LSB_JOBID)] } {
#@       set lsf_job_id $env(LSB_JOBID)
#@     } else {
#@       set lsf_job_id NaM
#@     }
#@     sproc_msg -info "METRIC | STRING INFO.LSF_JOB_ID | $lsf_job_id"
#@ 
#@     switch $synopsys_program_name {
#@       cdesigner -
#@       tmax_tcl -
#@       leda -
#@       mvrc -
#@       mvrc_shell -
#@       tcl {
#@         sproc_msg -info "METRIC | INTEGER INFO.MEMORY_USED | NaM"
#@       }
#@       pt_shell {
#@         if { [info exists SEV(pt_dmsa_slave)] } {
#@           ## -------------------------------------
#@           ## If running DMSA, report the max memory across the master and slaves.
#@           ## -------------------------------------
#@           remote_execute { set slave_mem_kb [mem] }
#@           get_distributed_variables { slave_mem_kb }
#@           set mem_kb_list [mem]
#@           foreach session [array names slave_mem_kb] {
#@             lappend mem_kb_list $slave_mem_kb($session)
#@           }
#@           set mem_kb [lindex [lsort -integer -decreasing $mem_kb_list] 0]
#@         } else {
#@           set mem_kb [mem]
#@         }
#@         set mem_b [expr $mem_kb * pow(2,10)]
#@         set mem_mb [expr int($mem_b / pow(2,20)) + 1]
#@         sproc_msg -info "METRIC | INTEGER INFO.MEMORY_USED | [sproc_metric_format {%d} $mem_mb]"
#@       }
#@       de_shell -
#@       dc_shell -
#@       icc_shell {
#@         set mem_kb [mem -all]
#@         set mem_b [expr $mem_kb * pow(2,10)]
#@         set mem_mb [expr int($mem_b / pow(2,20)) + 1]
#@         sproc_msg -info "METRIC | INTEGER INFO.MEMORY_USED | [sproc_metric_format {%d} $mem_mb]"
#@       }
#@       default {
#@         set mem_kb [mem]
#@         set mem_b [expr $mem_kb * pow(2,10)]
#@         set mem_mb [expr int($mem_b / pow(2,20)) + 1]
#@         sproc_msg -info "METRIC | INTEGER INFO.MEMORY_USED | [sproc_metric_format {%d} $mem_mb]"
#@       }
#@     }
#@ 
#@     if { [info command list_licenses] == "list_licenses" } {
#@       redirect -var report {
#@         list_licenses
#@       }
#@       set license_list [list]
#@       set lines [split $report "\n"]
#@       foreach line $lines {
#@         if { [regexp {^\s*$} $line] } {
#@           continue
#@         }
#@         if { [regexp {^\s+[\w\-]+} $line] } {
#@           lappend license_list [lindex $line 0]
#@         }
#@       }
#@     } elseif { $synopsys_program_name == "tmax_tcl" } {
#@       redirect -var report {
#@         report_licenses
#@       }
#@       set license_list [list] 
#@       set lines [split $report "\n"]
#@       foreach line $lines {
#@         if { [regexp {^\s*$} $line] } {
#@           continue
#@         } else {
#@           lappend license_list [lindex $line 0]
#@         }
#@       }
#@     } elseif { $synopsys_program_name == "custom_designer" } {
#@       puts "## list CustomDesigner licenses checked out"
#@       foreach f [db::getFeatures] { 
#@         if { [db::queryFeature $f] } { puts $f } 
#@       }
#@       set license_list [list LicenseDataUnavailable]
#@     } else {
#@       set license_list [list LicenseDataUnavailable]
#@     }
#@ 
#@     sproc_msg -info "METRIC | STRING INFO.LICENSES | $license_list"
#@ 
#@   }
#@ 
#@   set xxx2 [clock seconds]
#@   set xxx [expr $xxx2 - $xxx1]
#@   sproc_msg -info "METRICS sproc_metric_system took $xxx seconds"
#@ 
#@   sproc_pinfo -mode stop
#@ }
#@ 
#@ define_proc_attributes sproc_metric_system \
#@   -info "Used to generate metrics related to task execution." \
#@   -define_args {
#@   {-start_of_script "Indicates routine is being called at start of script execution." "" boolean optional}
#@   {-end_of_script "Indicates routine is being called at end of script execution." "" boolean optional}
#@ }
#@ 
#@ ## -----------------------------------------------------------------------------
#@ ## sproc_metric_time:
#@ ## -----------------------------------------------------------------------------
#@ 
#@ proc sproc_metric_time { args } {
#@ 
#@   sproc_pinfo -mode start
#@ 
#@   global SEV
#@   global SNPS_time_start SNPS_rpt_time_elapsed
#@ 
#@   set options(-start) 0
#@   set options(-stop) 0
#@ 
#@   parse_proc_arguments -args $args options
#@ 
#@   if { $options(-start) } {
#@     ## This code for GMT support is not for this release.
#@     ## set gmt_date [clock format [clock seconds] -format "%a %b %d %H:%M:%S %Y" -gmt 1]
#@     ## set gmt_seconds [clock scan $gmt_date -gmt 1]
#@     ## sproc_msg -info "METRIC | TIMESTAMP SYS.START_TIME  | $gmt_seconds"
#@     sproc_msg -info "METRIC | TIMESTAMP SYS.START_TIME  | [clock seconds]"
#@ 
#@     sproc_msg -info "SYS.START_TIME | [date]"
#@     set SNPS_time_start [clock seconds]
#@   }
#@   if { $options(-stop) } {
#@     ## This code for GMT support is not for this release.
#@     ## set gmt_date [clock format [clock seconds] -format "%a %b %d %H:%M:%S %Y" -gmt 1]
#@     ## set gmt_seconds [clock scan $gmt_date -gmt 1]
#@     ## sproc_msg -info "METRIC | TIMESTAMP SYS.STOP_TIME   | $gmt_seconds"
#@     sproc_msg -info "METRIC | TIMESTAMP SYS.STOP_TIME   | [clock seconds]"
#@ 
#@     sproc_msg -info "SYS.STOP_TIME | [date]"
#@     set SNPS_time_stop [clock seconds]
#@     set SNPS_time_total_seconds [expr $SNPS_time_stop - $SNPS_time_start]
#@     set dhms [sproc_metric_time_elapsed -start $SNPS_time_start -stop $SNPS_time_stop]
#@     sproc_msg -info "METRIC | TIME INFO.ELAPSED_TIME.TOTAL | $SNPS_time_total_seconds"
#@     sproc_msg -info "INFO.ELAPSED_TIME.TOTAL | $dhms"
#@ 
#@     ## this code generates "<>.ELAPSED_TIME.TOTAL - <>.ELAPSED_TIME.REPORT" if the metrics exist
#@ if { 1 } {
#@     if { [info exists SNPS_rpt_time_elapsed] } {
#@       set SNPS_time_stop_minus_reports [expr $SNPS_time_stop - $SNPS_rpt_time_elapsed]
#@       set SNPS_time_total_minus_reports_seconds [ expr $SNPS_time_stop_minus_reports - $SNPS_time_start]
#@     set dhms [sproc_metric_time_elapsed -start $SNPS_time_start -stop $SNPS_time_stop_minus_reports]
#@       sproc_msg -info "METRIC | TIME INFO.ELAPSED_TIME.TOTAL_MINUS_REPORT | $SNPS_time_total_minus_reports_seconds"
#@       sproc_msg -info "INFO.ELAPSED_TIME.TOTAL_MINUS_REPORT | $dhms"
#@     }
#@ }
#@ 
#@   }
#@ 
#@   sproc_pinfo -mode stop
#@ }
#@ 
#@ define_proc_attributes sproc_metric_time \
#@   -info "Used to generate metrics related to duration of task execution." \
#@   -define_args {
#@   {-start "Indicates routine is being called to provide start time info.." "" boolean optional}
#@   {-stop "Indicates routine is being called to provide stop time info." "" boolean optional}
#@ }
#@ 
#@ ## -----------------------------------------------------------------------------
#@ ## sproc_metric_design:
#@ ## -----------------------------------------------------------------------------
#@ 
#@ proc sproc_metric_design { args } {
#@ 
#@   sproc_pinfo -mode start
#@ 
#@   global env SEV SVAR TEV
#@   global synopsys_program_name
#@   global icc_standalone_reporting_flag
#@ 
#@   if { [regexp -nocase {NONE} $TEV(report_level)] || !$SEV(metrics_enable) } {
#@     sproc_pinfo -mode stop
#@     return
#@   }
#@ 
#@   set xxx1 [clock seconds]
#@ 
#@   parse_proc_arguments -args $args options
#@ 
#@   set area NaM
#@   set cell_area NaM
#@   set width NaM
#@   set height NaM
#@   set chip_area NaM
#@   set chip_width NaM
#@   set chip_height NaM
#@   set utilization NaM
#@   set wire_length NaM
#@   set num_drc_errors NaM
#@   set num_drc_error_types NaM
#@   set num_instances NaM
#@   set num_flipflops NaM
#@   set num_modules NaM
#@   set num_macros NaM
#@   set num_ports NaM
#@   set num_nets NaM
#@   set num_pins NaM
#@   set grc_overflow NaM
#@   set vt_cells_list NaM
#@   set vt_cell_count_list NaM
#@   set vt_area_list NaM
#@   set ldrc_total NaM
#@   set ldrc_trans NaM
#@   set ldrc_cap NaM
#@ 
#@   ## -------------------------------------
#@   ## Design metrics extraction
#@   ## -------------------------------------
#@ 
#@   switch $synopsys_program_name {
#@ 
#@     icc_shell {
#@       set fname $SEV(rpt_dir)/icc.report_design_physical
#@       if { ![file exists $fname] } {
#@         if { $SEV(metrics_flag_errors) } {
#@           sproc_msg -error   "sproc_metric_design: Unable to find file $fname for metric extraction."
#@         } else {
#@           sproc_msg -warning "sproc_metric_design: Unable to find file $fname for metric extraction."
#@         }
#@       } else {
#@ 
#@         set fid [open $fname r]
#@         set lines [list]
#@         while { [gets $fid line] >= 0 } {
#@           lappend lines $line
#@         }
#@         close $fid
#@ 
#@         set ctl1 0
#@         set ctl2 0
#@         set ctl3 0
#@         set ctl4 0
#@         set ctl5 0
#@         foreach line $lines {
#@ 
#@           if { ( $ctl3 == 0 ) && [ regexp {CHIP AND CORE INFORMATION} $line ] } {
#@             set ctl3 1
#@           } elseif { (( $ctl3 == 1 ) || ( $ctl3 == 2 )) && [ regexp {^Core\s+([\d\.]+)\s+([\d\.]+)\s+([\d\.]+)} $line matchVar width height area ] } {
#@             incr ctl3
#@           } elseif { (( $ctl3 == 1 ) || ( $ctl3 == 2 )) && [ regexp {^Chip\s+([\d\.]+)\s+([\d\.]+)\s+([\d\.]+)} $line matchVar chip_width chip_height chip_area ] } {
#@             incr ctl3
#@           } elseif { $ctl3 > 1 } {
#@           }
#@ 
#@           regexp {Cell/Core Ratio\s+:\s+([\d\.]+)\%} \
#@             $line matchVar utilization
#@ 
#@           regexp {TOTAL LEAF CELLS\s+([\d\.]+)} \
#@             $line matchVar num_modules
#@ 
#@           regexp {Macro Cells\s+([\d\.]+)} \
#@             $line matchVar num_macros
#@ 
#@           regexp {Flipflops\s+([\d\.]+)} \
#@             $line matchVar num_flipflops
#@ 
#@           if { ( $ctl1 == 0 ) && [ regexp {NET INFORMATION} $line ] } {
#@             set ctl1 1
#@           } elseif { ( $ctl1 == 1 ) && [ regexp {^Total\s+([\d\.]+)} $line matchVar num_nets ] } {
#@             set ctl1 2
#@           } elseif { $ctl1 > 1 } {
#@           }
#@ 
#@           if { ( $ctl2 == 0 ) && [ regexp {PORT and PIN INFORMATION} $line ] } {
#@             set ctl2 1
#@           } elseif { (( $ctl2 == 1 ) || ( $ctl2 == 2 )) && [ regexp {^Leaf\s+([\d\.]+)} $line matchVar num_pins ] } {
#@             incr ctl2
#@           } elseif { (( $ctl2 == 1 ) || ( $ctl2 == 2 )) && [ regexp {^Ports\s+([\d\.]+)} $line matchVar num_ports ] } {
#@             incr ctl2
#@           } elseif { $ctl2 > 2 } {
#@           }
#@ 
#@           if { ( $ctl4 == 0 ) && [ regexp {Signal Wiring Statistics:} $line ] } {
#@             set ctl4 1
#@           } elseif { ( $ctl4 == 1 ) && [ regexp {Total Wire Length\(count\):\s+([\d\.]+)} $line matchVar wire_length ] } {
#@             set ctl4 2
#@           } elseif { $ctl4 > 1 } {
#@           }
#@ 
#@           if { ( $ctl5 == 0 ) && [ regexp {DRC information:} $line ] } {
#@             set ctl5 1
#@             set num_drc_error_types 0
#@           } elseif { ( $ctl5 == 1 ) && [ regexp {Total error number:\s+([\d\.]+)} $line matchVar num_drc_errors ] } {
#@             set ctl5 2
#@           } elseif { ( $ctl5 == 1 ) } {
#@             incr num_drc_error_types 
#@             if { [ regexp {\s+(.*):\s+([\d\.]+)} $line matchVar error_type error_cnt ] } {
#@               sproc_msg -info   "DRC : count = $error_cnt type = \"$error_type\""
#@             } else {
#@               sproc_msg -error   "sproc_metric_design: failure to part DRC error types properly."
#@             }
#@           } elseif { $ctl5 > 1 } {
#@           }
#@ 
#@         }
#@       }
#@       set fname $SEV(rpt_dir)/icc.report_qor
#@       if { ![file exists $fname] } {
#@         if { $SEV(metrics_flag_errors) } {
#@           sproc_msg -error   "sproc_metric_design: Unable to find file $fname for metric extraction."
#@         } else {
#@           sproc_msg -warning "sproc_metric_design: Unable to find file $fname for metric extraction."
#@         }
#@       } else {
#@         set fid [open $fname r]
#@         set lines [list]
#@         while { [gets $fid line] >= 0 } {
#@           lappend lines $line
#@         }
#@         close $fid
#@         foreach line $lines {
#@           regexp {Cell Area:\s+([\d\.]+)} \
#@             $line matchVar cell_area
#@         }
#@       }
#@ 
#@     }
#@ 
#@       de_shell -
#@       dc_shell {
#@       set fname $SEV(rpt_dir)/dc.report_qor
#@       if { ![file exists $fname] } {
#@         if { $SEV(metrics_flag_errors) } {
#@           sproc_msg -error   "sproc_metric_design: Unable to find file $fname for metric extraction."
#@         } else {
#@           sproc_msg -warning "sproc_metric_design: Unable to find file $fname for metric extraction."
#@         }
#@       } else {
#@         set fid [open $fname r]
#@         set lines [list]
#@         while { [gets $fid line] >= 0 } {
#@           lappend lines $line
#@         }
#@         close $fid
#@         foreach line $lines {
#@           regexp {Leaf Cell Count:\s+([\d\.]+)} \
#@             $line matchVar num_instances
#@           regexp {Total Number of Nets:\s+([\d\.]+)} \
#@             $line matchVar num_nets
#@           regexp {Cell Area:\s+([\d\.]+)} \
#@             $line matchVar cell_area
#@         }
#@         set num_ports [sizeof_collection [get_ports *]]
#@         set instances [get_cells -hierarchical -filter "is_hierarchical==false"]
#@         set instances [filter $instances "ref_name!=**logic_0**"]
#@         set instances [filter $instances "ref_name!=**logic_1**"]
#@         set num_pins [sizeof_collection [get_pins -of_objects $instances]]
#@       }
#@ 
#@     }
#@ 
#@     default {
#@       sproc_msg -error "sproc_metric_design: unrecognized tool name"
#@     }
#@ 
#@   }
#@ 
#@   ## -------------------------------------
#@   ## Congestion metric extraction
#@   ## -------------------------------------
#@ 
#@   switch $synopsys_program_name {
#@ 
#@     dc_shell -
#@     icc_shell {
#@       if { $synopsys_program_name == "dc_shell" } {
#@         set fname $SEV(rpt_dir)/dc.report_congestion
#@       } else {
#@         set fname $SEV(rpt_dir)/icc.report_congestion
#@       }
#@       if { [file exists $fname] } {
#@         set fid [open $fname r]
#@         set lines [list]
#@         while { [gets $fid line] >= 0 } {
#@           regexp {Both Dirs: Overflow.*\(([\d\.]+)%\)} $line matchVar grc_overflow
#@         }
#@         close $fid
#@       }
#@     }
#@     de_shell {
#@       ## NOP
#@     }
#@     default {
#@       sproc_msg -error "sproc_metric_design: unrecognized tool name"
#@     }
#@   }
#@ 
#@   ## -------------------------------------
#@   ## Vth metrics extraction
#@   ## -------------------------------------
#@ 
#@   set vt_item_list [list]
#@ 
#@   switch $synopsys_program_name {
#@ 
#@     de_shell -
#@     dc_shell -
#@     icc_shell {
#@       if { $synopsys_program_name == "dc_shell" || $synopsys_program_name == "de_shell" } {
#@         set fname $SEV(rpt_dir)/dc.report_threshold_voltage_group
#@       } else {
#@         set fname $SEV(rpt_dir)/icc.report_threshold_voltage_group
#@       }
#@       if { ![file exists $fname] } {
#@         if { $SEV(metrics_flag_errors) } {
#@           sproc_msg -error   "sproc_metric_design: Unable to find file $fname for metric extraction."
#@         } else {
#@           sproc_msg -warning "sproc_metric_design: Unable to find file $fname for metric extraction."
#@         }
#@       } else {
#@         set vt_cells_list ""
#@         set vt_cell_count_list ""
#@         set vt_area_list ""
#@         set fid [open $fname r]
#@         set lines [list]
#@         while { [gets $fid line] >= 0 } {
#@           lappend lines $line
#@         }
#@         close $fid
#@         set mode 0
#@         foreach line $lines {
#@           if { ( $mode == 0 ) && [ regexp {Threshold Voltage Group Report} $line ] } {
#@             set mode 1
#@           } elseif { ( $mode == 1 ) && [ regexp {\*\*\*\*\*\*\*\*\*\*} $line ] } {
#@             set mode 2
#@           } elseif { ( $mode == 2 ) && [ regexp {\*\*\*\*\*\*\*\*\*\*} $line ] } {
#@             set mode 3
#@           } elseif { ( $mode == 3 ) && [ regexp {\*\*\*\*\*\*\*\*\*\*} $line ] } {
#@             set mode 4
#@           } elseif { ( $mode == 4 ) && [ regexp {\*\*\*\*\*\*\*\*\*\*} $line ] } {
#@             set mode 5
#@           } elseif { ( $mode == 2 ) } {
#@             ## Parse for either current or pre-2010.03 format reports
#@             if { [regexp {\s*([\w\.]+)\s+([\d\.]+)\s+\(([\d\.]+)%\)} \
#@                           $line matchVar vt_name num_inst vt_percent] || \
#@                  [regexp {\s*([\w\.]+)\s+([\d\.]+)\s+([\d\.]+)%} \
#@                           $line matchVar vt_name num_inst vt_percent] } {
#@               set vt_cells "$vt_name $vt_percent"
#@               set vt_cell_count "$vt_name $num_inst"
#@               lappend vt_cells_list $vt_cells
#@               lappend vt_cell_count_list $vt_cell_count
#@             }
#@           } elseif { ( $mode == 4 ) } {
#@             ## Parse for either current or pre-2010.03 format reports
#@             if { [regexp {\s*([\w\.]+)\s+([\d\.]+)\s+\(([\d\.]+)%\)} \
#@                          $line matchVar vt_name num_area vt_percent] || \
#@                  [regexp {\s*([\w\.]+)\s+([\d\.]+)\s+([\d\.]+)%} \
#@                          $line matchVar vt_name num_area vt_percent] } {
#@               set vt_area "$vt_name $vt_percent"
#@               lappend vt_area_list $vt_area
#@             }
#@           }
#@         }
#@       }
#@     }
#@ 
#@     default {
#@       sproc_msg -error "sproc_metric_design: unrecognized tool name"
#@     }
#@ 
#@   }
#@ 
#@   switch $synopsys_program_name {
#@     de_shell -
#@     dc_shell {
#@     }
#@     icc_shell {
#@       ##
#@       ## These metrics are not currently being captured for dc_shell.
#@       ## Set them to a value that will pass the error checking.
#@       ##
#@       set num_instances 0
#@       if { [string is integer $num_modules] } {
#@         set num_instances [expr $num_instances + $num_modules]
#@       }
#@       if { [string is integer $num_macros] } {
#@         set num_instances [expr $num_instances + $num_macros]
#@       }
#@       if { $num_instances == 0 } {
#@         set num_instances NaM
#@       }
#@     }
#@   }
#@ 
#@   ## -------------------------------------
#@   ## Logic DRC metric extraction
#@   ## -------------------------------------
#@ 
#@   switch $synopsys_program_name {
#@     de_shell -
#@     dc_shell -
#@     icc_shell {
#@       if { $synopsys_program_name == "dc_shell" } {
#@         set fname $SEV(rpt_dir)/dc.report_qor
#@       } else {
#@         set fname $SEV(rpt_dir)/icc.report_qor
#@       }
#@       if { [file exists $fname] } {
#@         set fid [open $fname r]
#@         set lines [list]
#@         set mode 0
#@         while { [gets $fid line] >= 0 } {
#@           if { ( $mode == 0 ) && [ regexp {Design Rules} $line ] } {
#@             set mode 1
#@           } elseif { ( $mode == 1 ) && [ regexp {([-]+)} $line ] } {
#@             set mode 2
#@           } elseif { ( $mode == 2 ) && [ regexp {Total Number of Nets} $line ] } {
#@             set mode 3
#@           } elseif { ( $mode == 3 ) && [ regexp {([-]+)} $line ] } {
#@             set mode 4
#@           } elseif { ( $mode == 3 ) && [ regexp {Nets With Violations:\s+([\d]+)} $line matchVar ldrc_total ] } {
#@             set ldrc_trans 0
#@             set ldrc_cap 0
#@           } elseif { ( $mode == 3 ) && [ regexp {Max Trans Violations:\s+([\d]+)} $line matchVar ldrc_trans ] } {
#@           } elseif { ( $mode == 3 ) && [ regexp {Max Cap Violations:\s+([\d]+)} $line matchVar ldrc_cap ] } {
#@           } else {
#@           }
#@         }
#@         close $fid
#@       }
#@     }
#@     default {
#@       sproc_msg -error "sproc_metric_design: unrecognized tool name"
#@     }
#@   }
#@ 
#@   ## -------------------------------------
#@   ## Perform a bit of error checking.
#@   ## -------------------------------------
#@ 
#@   if { $area == "NaM" } {
#@     if { $chip_area == "NaM" } {
#@       sproc_msg -info "Missing metric: area"
#@     } else {
#@       sproc_msg -info "Metric: area resorting to chip_area, likely rectilinear."
#@       set area $chip_area
#@     }
#@   }
#@   if { $width == "NaM" } {
#@     if { $chip_width == "NaM" } {
#@       sproc_msg -info "Missing metric: width"
#@     } else {
#@       sproc_msg -info "Metric: width resorting to chip_width, likely rectilinear."
#@       set width $chip_width
#@     }
#@   }
#@   if { $height == "NaM" } {
#@     if { $chip_height == "NaM" } {
#@       sproc_msg -info "Missing metric: height"
#@     } else {
#@       sproc_msg -info "Metric: height resorting to chip_height, likely rectilinear."
#@       set height $chip_height
#@     }
#@   }
#@   if { $utilization   == "NaM" } { sproc_msg -info "Missing metric: utilization" }
#@   if { $wire_length   == "NaM" } { sproc_msg -info "Missing metric: wire_length" }
#@   if { $num_drc_errors    == "NaM" } { sproc_msg -info "Missing metric: num_drc_errors" }
#@   if { $num_drc_error_types    == "NaM" } { sproc_msg -info "Missing metric: num_drc_error_types" }
#@ 
#@   if { $num_macros    == "NaM" } { sproc_msg -info "Missing metric: num_macros" }
#@   if { $num_macros    == "NaM" } { sproc_msg -info "Missing metric: num_modules" }
#@   if { $num_instances == "NaM" } { sproc_msg -info "Missing metric: num_instances" }
#@   if { $num_flipflops == "NaM" } { sproc_msg -info "Missing metric: num_flipflops" }
#@ 
#@   if { $num_ports     == "NaM" } { sproc_msg -info "Missing metric: num_ports" }
#@   if { $num_nets      == "NaM" } { sproc_msg -info "Missing metric: num_nets" }
#@   if { $num_pins      == "NaM" } { sproc_msg -info "Missing metric: num_pins" }
#@   if { $cell_area      == "NaM" } { sproc_msg -info "Missing metric: cell_area" }
#@ 
#@   sproc_msg -info "METRIC | DOUBLE  PHYSICAL.AREA | [sproc_metric_format {%f} $area]"
#@   sproc_msg -info "METRIC | DOUBLE  PHYSICAL.WIDTH | [sproc_metric_format {%f} $width]"
#@   sproc_msg -info "METRIC | DOUBLE  PHYSICAL.HEIGHT | [sproc_metric_format {%f} $height]"
#@   sproc_msg -info "METRIC | PERCENT PHYSICAL.UTIL | $utilization"
#@   sproc_msg -info "METRIC | DOUBLE  PHYSICAL.WLENGTH | [sproc_metric_format {%f} $wire_length]"
#@   sproc_msg -info "METRIC | PERCENT PHYSICAL.CONGESTION | $grc_overflow"
#@   sproc_msg -info "METRIC | INTEGER VERIFY.DRC.NUM_ERRORS | $num_drc_errors"
#@   sproc_msg -info "METRIC | INTEGER VERIFY.DRC.NUM_TYPES | $num_drc_error_types"
#@   sproc_msg -info "METRIC | STRING  VERIFY.DRC.TOOL | ICC"
#@ 
#@   sproc_msg -info "METRIC | DOUBLE  LOGICAL.CELL_AREA | [sproc_metric_format {%f} $cell_area]"
#@   sproc_msg -info "METRIC | INTEGER LOGICAL.NUM_MACROS | $num_macros"
#@   sproc_msg -info "METRIC | INTEGER LOGICAL.NUM_MODULES | $num_modules"
#@   sproc_msg -info "METRIC | INTEGER LOGICAL.NUM_INSTS | $num_instances"
#@   sproc_msg -info "METRIC | INTEGER LOGICAL.NUM_FLIPFLOPS | $num_flipflops"
#@   sproc_msg -info "METRIC | INTEGER LOGICAL.NUM_PORTS | $num_ports"
#@   sproc_msg -info "METRIC | INTEGER LOGICAL.NUM_NETS | $num_nets"
#@   sproc_msg -info "METRIC | INTEGER LOGICAL.NUM_PINS | $num_pins"
#@ 
#@   if { $vt_cells_list == "NaM" || [llength $vt_cells_list] == 0 } { 
#@     sproc_msg -info "Missing Vth metric information. (percent cells)" 
#@     sproc_msg -info "METRIC | PERCENT PWR.VTH_PERCENT_CELLS.NO_VTH_INFO | NaM"
#@   } else {
#@     foreach vt_cells $vt_cells_list {
#@       set vt_name    [lindex $vt_cells 0]
#@       set vt_percent [lindex $vt_cells 1]
#@       sproc_msg -info "METRIC | PERCENT PWR.VTH_PERCENT_CELLS.$vt_name | $vt_percent"
#@     }
#@   }
#@ 
#@   if { $vt_cell_count_list == "NaM" || [llength $vt_cell_count_list] == 0 } {
#@     sproc_msg -info "Missing Vth metric information. (instance count)"
#@     sproc_msg -info "METRIC | INTEGER PWR.VTH_NUM_INSTS.NO_VTH_INFO | NaM"
#@   } else {
#@     foreach vt_cell_count $vt_cell_count_list {
#@       set vt_name    [lindex $vt_cell_count 0]
#@       set vt_count [lindex $vt_cell_count 1]
#@       sproc_msg -info "METRIC | INTEGER PWR.VTH_NUM_INSTS.$vt_name | $vt_count"
#@     }
#@   }
#@ 
#@   if { $vt_area_list == "NaM" || [llength $vt_area_list] == 0 } {
#@     sproc_msg -info "Missing Vth metric information. (percent area)"
#@     sproc_msg -info "METRIC | PERCENT PWR.VTH_PERCENT_AREA.NO_VTH_INFO | NaM"
#@   } else {
#@     foreach vt_area $vt_area_list {
#@       set vt_name    [lindex $vt_area 0]
#@       set vt_percent [lindex $vt_area 1]
#@       sproc_msg -info "METRIC | PERCENT PWR.VTH_PERCENT_AREA.$vt_name | $vt_percent"
#@     }
#@   }
#@ 
#@   if { $ldrc_total == "NaM" } {
#@     sproc_msg -info "Missing logical DRC metric information."
#@     sproc_msg -info "METRIC | INTEGER STA.LDRC.TOTAL | NaM"
#@   } else {
#@     sproc_msg -info "METRIC | INTEGER STA.LOGICAL_DRC.TOTAL | $ldrc_total"
#@     sproc_msg -info "METRIC | INTEGER STA.LOGICAL_DRC.TRANS | $ldrc_trans"
#@     sproc_msg -info "METRIC | INTEGER STA.LOGICAL_DRC.CAP | $ldrc_cap"
#@   }
#@ 
#@   set xxx2 [clock seconds]
#@   set xxx [expr $xxx2 - $xxx1]
#@   sproc_msg -info "METRICS sproc_metric_design took $xxx seconds"
#@ 
#@   sproc_pinfo -mode stop
#@ }
#@ 
#@ define_proc_attributes sproc_metric_design \
#@   -info "Gathers design information for metrics reporting." \
#@   -define_args {
#@ }
#@ 
#@ ## -----------------------------------------------------------------------------
#@ ## sproc_clean_string:
#@ ## -----------------------------------------------------------------------------
#@ 
#@ proc sproc_clean_string { args } {
#@ 
#@   sproc_pinfo -mode start
#@ 
#@   set options(-string) ""
#@   parse_proc_arguments -args $args options
#@ 
#@   set string_before $options(-string)
#@ 
#@   set string_after [regsub -all {[\*]} $string_before {}]
#@   set string_after [regsub -all {[\/\-\(\)\[\]\=\%\&\@\!\~]} $string_after {_}]
#@ 
#@   if {![regexp $string_after $string_before]} {
#@     sproc_msg -warn "string $string_before changed to $string_after to remove hazardous characters"
#@   }
#@ 
#@   sproc_pinfo -mode stop
#@ 
#@   return $string_after
#@ 
#@ }
#@ 
#@ define_proc_attributes sproc_clean_string \
#@   -info "removes characters not supported for metric strings" \
#@   -define_args {
#@   {-string  "The string that needs cleaning." AString string required}
#@ }
#@ 
#@ ## -----------------------------------------------------------------------------
#@ ## sproc_metric_sta:
#@ ## -----------------------------------------------------------------------------
#@ 
#@ proc sproc_metric_sta { args } {
#@ 
#@   sproc_pinfo -mode start
#@ 
#@   global env SEV SVAR TEV
#@   global synopsys_program_name
#@   global pt_shell_mode
#@   global icc_standalone_reporting_flag
#@ 
#@   if { [regexp -nocase {NONE} $TEV(report_level)] || !$SEV(metrics_enable) } {
#@     sproc_pinfo -mode stop
#@     return
#@   }
#@ 
#@   set xxx1 [clock seconds]
#@ 
#@   set options(-scenario) ""
#@   parse_proc_arguments -args $args options
#@ 
#@   switch $synopsys_program_name {
#@ 
#@     pt_shell {
#@ 
#@       switch $pt_shell_mode {
#@         primetime {
#@           if { [llength $options(-scenario)] != 1  } {
#@             sproc_msg -error "A single scenario must be specified."
#@           } else {
#@             set RPT(basename) $SEV(rpt_dir)/pt.$options(-scenario)
#@           }
#@         }
#@         primetime_master {
#@           if { [llength $options(-scenario)] != 1  } {
#@             sproc_msg -error "A single scenario must be specified."
#@           } else {
#@             set RPT(basename) $SEV(rpt_dir)/pt.dmsa.$options(-scenario)
#@           }
#@         }
#@         primetime_slave {
#@           sproc_msg -error "This procedure not supported for primetime_slave"
#@           sproc_pinfo -mode stop
#@           return
#@         }
#@       }
#@ 
#@       ## -------------------------------------
#@       ## Establishing units used in PT reports
#@       ## -------------------------------------
#@ 
#@       set time_unit undefined
#@ 
#@       set fname $RPT(basename).report_units
#@ 
#@       if { ![file exists $fname] } {
#@         if { $SEV(metrics_flag_errors) } {
#@           sproc_msg -error   "sproc_metric_sta: Unable to find file $fname for metric extraction."
#@         } else {
#@           sproc_msg -warning "sproc_metric_sta: Unable to find file $fname for metric extraction."
#@         }
#@       } else {
#@ 
#@         set fid [open $fname r]
#@         set string_file [read $fid]
#@         close $fid
#@         set lines [split $string_file \n]
#@ 
#@         foreach line $lines {
#@           puts $line
#@           if { [regexp {\s(\S+)\s+Second} $line match value] } {
#@             switch $value {
#@               1e-00 { set time_unit s }
#@               1e-03 { set time_unit ms }
#@               1e-06 { set time_unit us }
#@               1e-09 { set time_unit ns }
#@               1e-12 { set time_unit ps }
#@               1e-15 { set time_unit fs }
#@               default {
#@                 sproc_msg -error "Time unit $value not recognized."
#@               }
#@             }
#@           }
#@         }
#@ 
#@       }
#@ 
#@       sproc_msg -info "PrimeTime time unit is $time_unit"
#@ 
#@       set fname $RPT(basename).report_qor
#@ 
#@       if { ![file exists $fname] } {
#@         if { $SEV(metrics_flag_errors) } {
#@           sproc_msg -error   "sproc_metric_sta: Unable to find file $fname for metric extraction."
#@         } else {
#@           sproc_msg -warning "sproc_metric_sta: Unable to find file $fname for metric extraction."
#@         }
#@       } else {
#@ 
#@         set fid [open $fname r]
#@         set string_file [read $fid]
#@         close $fid
#@         set lines [split $string_file \n]
#@ 
#@         foreach line $lines {
#@           if { [regexp {^\s+Timing Path Group\s+\'(.*)\'} $line matchVar group_name] } {
#@             set group_name [regsub -all -- {\*} $group_name {}]
#@             set group_name [regsub -all -- {[()-/]} $group_name {_}]
#@           }
#@           if { [regexp {^\s+Scenario\s+\'(.*)\'} $line matchVar scenario_name] } {
#@             set scenario scenario_name
#@           }
#@ 
#@           if { [regexp {^\s+Levels of Logic:\s+([\-\d\.]+)} $line matchVar data] } {
#@             set value $data
#@             sproc_msg -info "METRIC | DOUBLE STA.LOGIC_LEVELS_MAX.[sproc_clean_string -string $group_name.$scenario] | $value"
#@           }
#@ 
#@           if { [regexp {^\s+Critical Path Slack:\s+([\-\d\.]+)} $line matchVar data] } {
#@             set value [sproc_metric_format {%f} [sproc_metric_normalize -value $data -current_unit $time_unit]]
#@             sproc_msg -info "METRIC | DOUBLE STA.WNS_MAX.[sproc_clean_string -string $group_name.$scenario] | $value"
#@           }
#@           if { [regexp {^\s+Worst Hold Violation:\s+([\-\d\.]+)} $line matchVar data] } {
#@             set value [sproc_metric_format {%f} [sproc_metric_normalize -value $data -current_unit $time_unit]]
#@             sproc_msg -info "METRIC | DOUBLE STA.WNS_MIN.[sproc_clean_string -string $group_name.$scenario] | $value"
#@           }
#@ 
#@           if { [regexp {^\s+Total Negative Slack:\s+([\-\d\.]+)} $line matchVar data] } {
#@             set value [sproc_metric_format {%f} [sproc_metric_normalize -value $data -current_unit $time_unit]]
#@             sproc_msg -info "METRIC | DOUBLE STA.TNS_MAX.[sproc_clean_string -string $group_name.$scenario] | $value"
#@           }
#@           if { [regexp {^\s+Total Hold Violation:\s+([\-\d\.]+)} $line matchVar data] } {
#@             set value [sproc_metric_format {%f} [sproc_metric_normalize -value $data -current_unit $time_unit]]
#@             sproc_msg -info "METRIC | DOUBLE STA.TNS_MIN.[sproc_clean_string -string $group_name.$scenario] | $value"
#@           }
#@ 
#@           if { [regexp {^\s+No. of Violating Paths:\s+([\-\d\.]+)} $line matchVar data] } {
#@             set data [expr int($data)]
#@             sproc_msg -info "METRIC | INTEGER STA.NVP_MAX.[sproc_clean_string -string $group_name.$scenario] | $data"
#@           }
#@           if { [regexp {^\s+No. of Hold Violations:\s+([\-\d\.]+)} $line matchVar data] } {
#@             set data [expr int($data)]
#@             sproc_msg -info "METRIC | INTEGER STA.NVP_MIN.[sproc_clean_string -string $group_name.$scenario] | $data"
#@           }
#@         }
#@ 
#@       }
#@ 
#@       ## -------------------------------------
#@       ## Clock processing
#@       ## -------------------------------------
#@ 
#@       set fname $RPT(basename).report_clock_timing
#@       if { ![file exists $fname] } {
#@         sproc_msg -info "Unable to generate clock metric unable to find file = \"$fname\"."
#@       } else {
#@ 
#@         set fid [open $fname r]
#@         set lines [list]
#@         while { [gets $fid line] >= 0 } {
#@           lappend lines $line
#@         }
#@         close $fid
#@ 
#@         set mode 0
#@         set scenario $TEV(scenario)
#@ 
#@         foreach line $lines {
#@ 
#@           if { [regexp {^\s+Clock:\s+([\w]+)\s*$} $line matchVar clock_name] } {
#@             set name [regsub -all {\/} $clock_name {_}]
#@           }
#@ 
#@           if { [regexp {^\s+Maximum setup skew:\s*$} $line ] } {
#@             set mode 1
#@           } elseif { $mode == 1 } {
#@             set mode 2
#@           } elseif { $mode == 2 } {
#@             regexp {\s*\S+\s+([\d\.\-]+)\s+} $line match skew
#@             set mode 0
#@             sproc_msg -info "$name : $skew"
#@             set metric_value [sproc_metric_format {%f} [sproc_metric_normalize -value $skew -current_unit $time_unit]]
#@             sproc_msg -info "METRIC | DOUBLE STA.CLK_SKEW.[sproc_clean_string -string $name.$scenario] | $metric_value"
#@           } elseif { [regexp {^\s+Maximum setup launch latency:\s*$} $line ]  } {
#@             set mode 3
#@           } elseif { $mode == 3 } {
#@             regexp {\s*\S+\s+([\d\.\-]+)\s+} $line match latency
#@             set mode 0
#@             sproc_msg -info "$name : $latency"
#@             set metric_value [sproc_metric_format {%f} [sproc_metric_normalize -value $latency -current_unit $time_unit]]
#@             sproc_msg -info "METRIC | DOUBLE STA.CLK_LATENCY_MAX.[sproc_clean_string -string $name.$scenario] | $metric_value"
#@           } elseif { [regexp {^\s+Minimum setup capture latency:\s*$} $line ]  } {
#@             set mode 4
#@           } elseif { $mode == 4 } {
#@             regexp {\s*\S+\s+([\d\.\-]+)\s+} $line match latency
#@             set mode 0
#@             sproc_msg -info "$name : $latency"
#@             set metric_value [sproc_metric_format {%f} [sproc_metric_normalize -value $latency -current_unit $time_unit]]
#@             sproc_msg -info "METRIC | DOUBLE STA.CLK_LATENCY_MIN.[sproc_clean_string -string $name.$scenario] | $metric_value"
#@           }
#@         }
#@ 
#@       }
#@ 
#@     }
#@ 
#@     de_shell -
#@     dc_shell -
#@     icc_shell {
#@ 
#@       if { $synopsys_program_name == "icc_shell" } {
#@         set fname "$SEV(rpt_dir)/icc.report_units"
#@       } else {
#@         set fname "$SEV(rpt_dir)/dc.report_units"
#@       }
#@       if { ![file exists $fname] } {
#@ 
#@         if { $SEV(metrics_flag_errors) } {
#@           sproc_msg -error   "sproc_metric_sta: Unable to find file $fname for metric normalization."
#@         } else {
#@           sproc_msg -warning "sproc_metric_sta: Unable to find file $fname for metric normalization."
#@         }
#@ 
#@       } else {
#@         set fid [open $fname r]
#@         set lines [list]
#@         while { [gets $fid line] >= 0 } {
#@           lappend lines $line
#@         }
#@         close $fid
#@         set time_unit "undefined"
#@         foreach line $lines {
#@           if { [regexp "Time_unit.*\((.\s+)\)" $line matchVar time_unit] } {
#@             sproc_msg -info "time_unit: $time_unit"
#@             break
#@           }
#@         }
#@ 
#@         if { $time_unit == "undefined" } {
#@           sproc_msg -issue "The report_units $fname report is returning a time unit of N/A."
#@           set time_unit ns
#@         }
#@       }
#@ 
#@       if { $synopsys_program_name == "icc_shell" } {
#@         set fname "$SEV(rpt_dir)/icc.report_qor"
#@       } else {
#@         set fname "$SEV(rpt_dir)/dc.report_qor"
#@       }
#@ 
#@ 
#@       if { ![file exists $fname] } {
#@         if { $SEV(metrics_flag_errors) } {
#@           sproc_msg -error   "sproc_metric_sta: Unable to find file $fname for metric extraction."
#@         } else {
#@           sproc_msg -warning "sproc_metric_sta: Unable to find file $fname for metric extraction."
#@         }
#@       } else {
#@ 
#@         set fid [open $fname r]
#@         set lines [list]
#@         while { [gets $fid line] >= 0 } {
#@           lappend lines $line
#@         }
#@         close $fid
#@ 
#@         set group_name GROUP_NOT_SPECIFIED
#@         set scenario SCENARIO_NOT_SPECIFIED
#@         foreach line $lines {
#@ 
#@           if { [regexp {^\s+Timing Path Group\s+\'(.*)\'} $line matchVar group_name] } {
#@             set group_name [regsub -all -- {\*} $group_name {}]
#@             set group_name [regsub -all -- {[()-/]} $group_name {_}]
#@           }
#@           regexp {^\s+Scenario\s+\'(.*)\'} $line matchVar scenario
#@ 
#@           if { [regexp {^\s+Critical Path Slack:\s+([\-\d\.]+)} $line matchVar data] } {
#@             set value [sproc_metric_format {%f} [sproc_metric_normalize -value $data -current_unit $time_unit]]
#@             sproc_msg -info "METRIC | DOUBLE STA.WNS_MAX.[sproc_clean_string -string $group_name.$scenario] | $value"
#@           }
#@           if { [regexp {^\s+Total Negative Slack:\s+([\-\d\.]+)} $line matchVar data] } {
#@             set value [sproc_metric_format {%f} [sproc_metric_normalize -value $data -current_unit $time_unit]]
#@             sproc_msg -info "METRIC | DOUBLE STA.TNS_MAX.[sproc_clean_string -string $group_name.$scenario] | $value"
#@           }
#@           if { [regexp {^\s+No. of Violating Paths:\s+([\-\d\.]+)} $line matchVar data] } {
#@             set data [expr int($data)]
#@             sproc_msg -info "METRIC | INTEGER STA.NVP_MAX.[sproc_clean_string -string $group_name.$scenario] | $data"
#@           }
#@           if { [regexp {^\s+Levels of Logic:\s+([\-\d\.]+)} $line matchVar data] } {
#@             set value $data
#@             sproc_msg -info "METRIC | DOUBLE STA.LOGIC_LEVELS_MAX.[sproc_clean_string -string $group_name.$scenario] | $value"
#@           }
#@           if { [regexp {^\s+Worst Hold Violation:\s+([\-\d\.]+)} $line matchVar data] } {
#@             set value [sproc_metric_format {%f} [sproc_metric_normalize -value $data -current_unit $time_unit]]
#@             sproc_msg -info "METRIC | DOUBLE STA.WNS_MIN.[sproc_clean_string -string $group_name.$scenario] | $value"
#@           }
#@           if { [regexp {^\s+Total Hold Violation:\s+([\-\d\.]+)} $line matchVar data] } {
#@             set value [sproc_metric_format {%f} [sproc_metric_normalize -value $data -current_unit $time_unit]]
#@             sproc_msg -info "METRIC | DOUBLE STA.TNS_MIN.[sproc_clean_string -string $group_name.$scenario] | $value"
#@           }
#@           if { [regexp {^\s+No. of Hold Violations:\s+([\-\d\.]+)} $line matchVar data] } {
#@             set data [expr int($data)]
#@             sproc_msg -info "METRIC | INTEGER STA.NVP_MIN.[sproc_clean_string -string $group_name.$scenario] | $data"
#@           }
#@ 
#@           ##
#@           ## the next group of metrics comes from "report_qor -summary" for ICC
#@           ##
#@           if { [ regexp {^\s+Scenario:\s+([\w\.]+)\s+WNS:\s+([\d\.]+)\s+TNS:\s+([\d\.]+)\s+Number of Violating Paths:\s+([\d]+)} $line matchVar t_scenario t_wns t_tns t_nvp ] } {
#@             set t_wns [ expr -1.0 * [sproc_metric_format {%f} [sproc_metric_normalize -value $t_wns -current_unit $time_unit]] ]
#@             set t_tns [ expr -1.0 * [sproc_metric_format {%f} [sproc_metric_normalize -value $t_tns -current_unit $time_unit]] ]
#@             set t_nvp [expr int($t_nvp)]
#@             sproc_msg -info "METRIC | DOUBLE STA.WNS_MAX.SCENARIO.[sproc_clean_string -string $t_scenario] | $t_wns"
#@             sproc_msg -info "METRIC | DOUBLE STA.TNS_MAX.SCENARIO.[sproc_clean_string -string $t_scenario] | $t_tns"
#@             sproc_msg -info "METRIC | INTEGER STA.NVP_MAX.SCENARIO.[sproc_clean_string -string $t_scenario] | $t_nvp"
#@           }
#@           if { [ regexp {^\s+Scenario:\s+([\w\.]+)\s+\(Hold\) WNS:\s+([\d\.]+)\s+TNS:\s+([\d\.]+)\s+Number of Violating Paths:\s+([\d]+)} $line matchVar t_scenario t_wns t_tns t_nvp ] } {
#@             set t_wns [ expr -1.0 * [sproc_metric_format {%f} [sproc_metric_normalize -value $t_wns -current_unit $time_unit]] ]
#@             set t_tns [ expr -1.0 * [sproc_metric_format {%f} [sproc_metric_normalize -value $t_tns -current_unit $time_unit]] ]
#@             set t_nvp [expr int($t_nvp)]
#@             sproc_msg -info "METRIC | DOUBLE STA.WNS_MIN.SCENARIO.[sproc_clean_string -string $t_scenario] | $t_wns"
#@             sproc_msg -info "METRIC | DOUBLE STA.TNS_MIN.SCENARIO.[sproc_clean_string -string $t_scenario] | $t_tns"
#@             sproc_msg -info "METRIC | INTEGER STA.NVP_MIN.SCENARIO.[sproc_clean_string -string $t_scenario] | $t_nvp"
#@           }
#@           if { [ regexp {^\s+Multi-Scenario\s+WNS:\s+([\d\.]+)\s+TNS:\s+([\d\.]+)\s+Number of Violating Paths:\s+([\d]+)} $line matchVar t_wns t_tns t_nvp ] } {
#@             set t_wns [ expr -1.0 * [sproc_metric_format {%f} [sproc_metric_normalize -value $t_wns -current_unit $time_unit]] ]
#@             set t_tns [ expr -1.0 * [sproc_metric_format {%f} [sproc_metric_normalize -value $t_tns -current_unit $time_unit]] ]
#@             set t_nvp [expr int($t_nvp)]
#@             sproc_msg -info "METRIC | DOUBLE STA.WNS_MAX.MULTI_SCENARIO | $t_wns"
#@             sproc_msg -info "METRIC | DOUBLE STA.TNS_MAX.MULTI_SCENARIO | $t_tns"
#@             sproc_msg -info "METRIC | INTEGER STA.NVP_MAX.MULTI_SCENARIO | $t_nvp"
#@           }
#@           if { [ regexp {^\s+Multi-Scenario\s+\(Hold\)\s+WNS:\s+([\d\.]+)\s+TNS:\s+([\d\.]+)\s+Number of Violating Paths:\s+([\d]+)} $line matchVar t_wns t_tns t_nvp ] } {
#@             set t_wns [ expr -1.0 * [sproc_metric_format {%f} [sproc_metric_normalize -value $t_wns -current_unit $time_unit]] ]
#@             set t_tns [ expr -1.0 * [sproc_metric_format {%f} [sproc_metric_normalize -value $t_tns -current_unit $time_unit]] ]
#@             set t_nvp [expr int($t_nvp)]
#@             sproc_msg -info "METRIC | DOUBLE STA.WNS_MIN.MULTI_SCENARIO | $t_wns"
#@             sproc_msg -info "METRIC | DOUBLE STA.TNS_MIN.MULTI_SCENARIO | $t_tns"
#@             sproc_msg -info "METRIC | INTEGER STA.NVP_MIN.MULTI_SCENARIO | $t_nvp"
#@           }
#@ 
#@           ##
#@           ## the next group of metrics comes from "report_qor -summary" for ICC w/ "signoff_opt"
#@           ##
#@           if { [ regexp {^\s+Scenario:\s+([\w\.]+)\s+\(SETUP\)\s+WNS:\s+([\d\.]+)\s+TNS:\s+([\d\.]+)\s+Number of Violating Paths:\s+([\d]+)} $line matchVar t_scenario t_wns t_tns t_nvp ] } {
#@             set t_wns [ expr -1.0 * [sproc_metric_format {%f} [sproc_metric_normalize -value $t_wns -current_unit $time_unit]] ]
#@             set t_tns [ expr -1.0 * [sproc_metric_format {%f} [sproc_metric_normalize -value $t_tns -current_unit $time_unit]] ]
#@             set t_nvp [expr int($t_nvp)]
#@             sproc_msg -info "METRIC | DOUBLE STA.WNS_MAX.SCENARIO.[sproc_clean_string -string $t_scenario] | $t_wns"
#@             sproc_msg -info "METRIC | DOUBLE STA.TNS_MAX.SCENARIO.[sproc_clean_string -string $t_scenario] | $t_tns"
#@             sproc_msg -info "METRIC | INTEGER STA.NVP_MAX.SCENARIO.[sproc_clean_string -string $t_scenario] | $t_nvp"
#@           }
#@           if { [ regexp {^\s+Scenario:\s+([\w\.]+)\s+\(HOLD\) WNS:\s+([\d\.]+)\s+TNS:\s+([\d\.]+)\s+Number of Violating Paths:\s+([\d]+)} $line matchVar t_scenario t_wns t_tns t_nvp ] } {
#@             set t_wns [ expr -1.0 * [sproc_metric_format {%f} [sproc_metric_normalize -value $t_wns -current_unit $time_unit]] ]
#@             set t_tns [ expr -1.0 * [sproc_metric_format {%f} [sproc_metric_normalize -value $t_tns -current_unit $time_unit]] ]
#@             set t_nvp [expr int($t_nvp)]
#@             sproc_msg -info "METRIC | DOUBLE STA.WNS_MIN.SCENARIO.[sproc_clean_string -string $t_scenario] | $t_wns"
#@             sproc_msg -info "METRIC | DOUBLE STA.TNS_MIN.SCENARIO.[sproc_clean_string -string $t_scenario] | $t_tns"
#@             sproc_msg -info "METRIC | INTEGER STA.NVP_MIN.SCENARIO.[sproc_clean_string -string $t_scenario] | $t_nvp"
#@           }
#@           if { [ regexp {^\s+Multi-Scenario\s+\(SETUP\)\s+WNS:\s+([\d\.]+)\s+TNS:\s+([\d\.]+)\s+Number of Violating Paths:\s+([\d]+)} $line matchVar t_wns t_tns t_nvp ] } {
#@             set t_wns [ expr -1.0 * [sproc_metric_format {%f} [sproc_metric_normalize -value $t_wns -current_unit $time_unit]] ]
#@             set t_tns [ expr -1.0 * [sproc_metric_format {%f} [sproc_metric_normalize -value $t_tns -current_unit $time_unit]] ]
#@             set t_nvp [expr int($t_nvp)]
#@             sproc_msg -info "METRIC | DOUBLE STA.WNS_MAX.MULTI_SCENARIO | $t_wns"
#@             sproc_msg -info "METRIC | DOUBLE STA.TNS_MAX.MULTI_SCENARIO | $t_tns"
#@             sproc_msg -info "METRIC | INTEGER STA.NVP_MAX.MULTI_SCENARIO | $t_nvp"
#@           }
#@           if { [ regexp {^\s+Multi-Scenario\s+\(HOLD\)\s+WNS:\s+([\d\.]+)\s+TNS:\s+([\d\.]+)\s+Number of Violating Paths:\s+([\d]+)} $line matchVar t_wns t_tns t_nvp ] } {
#@             set t_wns [ expr -1.0 * [sproc_metric_format {%f} [sproc_metric_normalize -value $t_wns -current_unit $time_unit]] ]
#@             set t_tns [ expr -1.0 * [sproc_metric_format {%f} [sproc_metric_normalize -value $t_tns -current_unit $time_unit]] ]
#@             set t_nvp [expr int($t_nvp)]
#@             sproc_msg -info "METRIC | DOUBLE STA.WNS_MIN.MULTI_SCENARIO | $t_wns"
#@             sproc_msg -info "METRIC | DOUBLE STA.TNS_MIN.MULTI_SCENARIO | $t_tns"
#@             sproc_msg -info "METRIC | INTEGER STA.NVP_MIN.MULTI_SCENARIO | $t_nvp"
#@           }
#@ 
#@         }
#@       }
#@ 
#@       ## 
#@       ## metrics relating to clock skew and latency
#@       ##
#@ 
#@       if { $synopsys_program_name == "icc_shell" } {
#@         set fname "$SEV(rpt_dir)/icc.cts.report_clock_timing"
#@         if { ![file exists $fname] } {
#@           sproc_msg -info "Unable to generate clock metric unable to find file = \"$fname\"."
#@         } else {
#@ 
#@           set fid [open $fname r]
#@           set lines [list]
#@           while { [gets $fid line] >= 0 } {
#@             lappend lines $line
#@           }
#@           close $fid
#@ 
#@           set mode 0
#@           set scenario SCENARIO_NOT_SPECIFIED
#@ 
#@           foreach line $lines {
#@ 
#@             regexp {^Scenario\(s\):\s+(\w.*)} $line one scenario
#@ 
#@             if { [regexp {^\s+Clock:\s+([\w]+)\s*$} $line matchVar clock_name] } {
#@               set name [regsub -all {\/} $clock_name {_}]
#@             }
#@ 
#@             if { [regexp {^\s+Maximum setup skew:\s*$} $line ] } {
#@               set mode 1
#@             } elseif { $mode == 1 } {
#@               set mode 2
#@             } elseif { $mode == 2 } {
#@               regexp {\s*\S+\s+([\d\.\-]+)\s+} $line match skew
#@               set mode 0
#@               sproc_msg -info "$name : $skew"
#@               set metric_value [sproc_metric_format {%f} [sproc_metric_normalize -value $skew -current_unit $time_unit]]
#@               sproc_msg -info "METRIC | DOUBLE STA.CLK_SKEW.[sproc_clean_string -string $name.$scenario] | $metric_value"
#@             } elseif { [regexp {^\s+Maximum setup launch latency:\s*$} $line ]  } {
#@               set mode 3
#@             } elseif { $mode == 3 } {
#@               regexp {\s*\S+\s+([\d\.\-]+)\s+} $line match latency
#@               set mode 0
#@               sproc_msg -info "$name : $latency"
#@               set metric_value [sproc_metric_format {%f} [sproc_metric_normalize -value $latency -current_unit $time_unit]]
#@               sproc_msg -info "METRIC | DOUBLE STA.CLK_LATENCY_MAX.[sproc_clean_string -string $name.$scenario] | $metric_value"
#@             } elseif { [regexp {^\s+Minimum setup capture latency:\s*$} $line ]  } {
#@               set mode 4
#@             } elseif { $mode == 4 } {
#@               regexp {\s*\S+\s+([\d\.\-]+)\s+} $line match latency
#@               set mode 0
#@               sproc_msg -info "$name : $latency"
#@               set metric_value [sproc_metric_format {%f} [sproc_metric_normalize -value $latency -current_unit $time_unit]]
#@               sproc_msg -info "METRIC | DOUBLE STA.CLK_LATENCY_MIN.[sproc_clean_string -string $name.$scenario] | $metric_value"
#@             }
#@           }
#@ 
#@         }
#@       }
#@ 
#@     }
#@ 
#@     default {
#@       sproc_msg -warning "sproc_metric_sta: unrecognized tool name"
#@     }
#@ 
#@   }
#@ 
#@   set xxx2 [clock seconds]
#@   set xxx [expr $xxx2 - $xxx1]
#@   sproc_msg -info "METRICS sproc_metric_sta took $xxx seconds"
#@ 
#@   sproc_pinfo -mode stop
#@ }
#@ 
#@ define_proc_attributes sproc_metric_sta \
#@   -info "Gathers timing information for metrics reporting." \
#@  -define_args {\
#@   {-scenario "The PT scenario to process." AString string optional}
#@ }
#@ 
#@ ## -----------------------------------------------------------------------------
#@ ## sproc_metric_power:
#@ ## -----------------------------------------------------------------------------
#@ 
#@ proc sproc_metric_power { args } {
#@ 
#@   sproc_pinfo -mode start
#@ 
#@   global env SEV SVAR TEV
#@   global synopsys_program_name
#@   global icc_standalone_reporting_flag
#@ 
#@   if { [regexp -nocase {NONE} $TEV(report_level)] || !$SEV(metrics_enable) } {
#@     sproc_pinfo -mode stop
#@     return
#@   }
#@ 
#@   set xxx1 [clock seconds]
#@ 
#@   parse_proc_arguments -args $args options
#@ 
#@   switch $synopsys_program_name {
#@ 
#@     pt_shell {
#@ 
#@       ## -------------------------------------
#@       ## Establishing info on units used in PT reports
#@       ## -------------------------------------
#@ 
#@       ## -------------------------------------
#@       ## parse report_unit which has this form
#@       ## -------------------------------------
#@       ##     Voltage Units = 1 V
#@       ##     Capacitance Units = 1 pf
#@       ##     Time Units = 1 ns
#@       ##     Dynamic Power Units = 1 W
#@       ##     Leakage Power Units = 1 W
#@       ## -------------------------------------
#@ 
#@       set power_unit "undefined"
#@       set time_unit "undefined"
#@       set area_unit "undefined"
#@ 
#@       redirect -var report {
#@         report_power -verbose
#@       }
#@ 
#@       set lines [split $report "\n"]
#@       foreach line $lines {
#@         scan $line " Time Units = %f %s" timescale time_unit
#@         scan $line " Leakage Power Units = %f %s" leakscale leak_units
#@         scan $line " Dynamic Power Units = %f %s" dynscale dyn_units
#@       }
#@ 
#@       sproc_msg -info "PrimeTime reports using $time_unit for time, $leak_units for leakage, $dyn_units for dynamic"
#@ 
#@       ## -------------------------------------
#@       ## DESIGN
#@       ## -------------------------------------
#@ 
#@       set cell [current_design]
#@ 
#@       set total_power        [get_attribute -quiet $cell total_power]
#@       set dynamic_power      [get_attribute -quiet $cell dynamic_power]
#@       set leakage_power      [get_attribute -quiet $cell leakage_power]
#@       set switching_power    [get_attribute -quiet $cell switching_power]
#@       set internal_power     [get_attribute -quiet $cell internal_power]
#@       set x_transition_power [get_attribute -quiet $cell x_transition_power]
#@       set glitch_power       [get_attribute -quiet $cell glitch_power]
#@ 
#@       if { [llength $total_power]        == 0 } { set total_power NaM }
#@       if { [llength $dynamic_power]      == 0 } { set dynamic_power NaM }
#@       if { [llength $leakage_power]      == 0 } { set leakage_power NaM }
#@       if { [llength $switching_power]    == 0 } { set switching_power NaM }
#@       if { [llength $internal_power]     == 0 } { set internal_power NaM }
#@       if { [llength $x_transition_power] == 0 } { set x_transition_power NaM }
#@       if { [llength $glitch_power]       == 0 } { set glitch_power NaM }
#@ 
#@       sproc_msg -info "METRIC | DOUBLE PWR.TOTAL.DESIGN.[sproc_clean_string -string $TEV(scenario)]     | [sproc_metric_format {%f} [sproc_metric_normalize -value $total_power -current_unit $leak_units]]"
#@       sproc_msg -info "METRIC | DOUBLE PWR.DYNAMIC.DESIGN.[sproc_clean_string -string $TEV(scenario)]   | [sproc_metric_format {%f} [sproc_metric_normalize -value $dynamic_power -current_unit $dyn_units]]"
#@       sproc_msg -info "METRIC | DOUBLE PWR.LEAKAGE.DESIGN.[sproc_clean_string -string $TEV(scenario)]   | [sproc_metric_format {%f} [sproc_metric_normalize -value $leakage_power -current_unit $leak_units]]"
#@       sproc_msg -info "METRIC | DOUBLE PWR.SWITCHING.DESIGN.[sproc_clean_string -string $TEV(scenario)] | [sproc_metric_format {%f} [sproc_metric_normalize -value $switching_power -current_unit $leak_units]]"
#@       sproc_msg -info "METRIC | DOUBLE PWR.INTERNAL.DESIGN.[sproc_clean_string -string $TEV(scenario)]  | [sproc_metric_format {%f} [sproc_metric_normalize -value $internal_power -current_unit $leak_units]]"
#@       sproc_msg -info "METRIC | DOUBLE PWR.XTRAN.DESIGN.[sproc_clean_string -string $TEV(scenario)]     | [sproc_metric_format {%f} [sproc_metric_normalize -value $x_transition_power -current_unit $leak_units]]"
#@       sproc_msg -info "METRIC | DOUBLE PWR.GLITCH.DESIGN.[sproc_clean_string -string $TEV(scenario)]    | [sproc_metric_format {%f} [sproc_metric_normalize -value $glitch_power -current_unit $leak_units]]"
#@ 
#@       ## -------------------------------------
#@       ## Memory
#@       ## -------------------------------------
#@ 
#@       set cells_all [get_cells -hierarchical -quiet * -filter "is_hierarchical == false"]
#@       set cells_to_measure [filter_collection $cells_all "is_memory_cell == true"]
#@ 
#@       set invalid(total_power)        0
#@       set invalid(dynamic_power)      0
#@       set invalid(leakage_power)      0
#@       set invalid(switching_power)    0
#@       set invalid(internal_power)     0
#@       set invalid(x_transition_power) 0
#@       set invalid(glitch_power)       0
#@ 
#@       set total_power        0
#@       set dynamic_power      0
#@       set leakage_power      0
#@       set switching_power    0
#@       set internal_power     0
#@       set x_transition_power 0
#@       set glitch_power       0
#@ 
#@       foreach_in_collection cell $cells_to_measure {
#@         set inc_total_power        [get_attribute -quiet $cell total_power]
#@         set inc_dynamic_power      [get_attribute -quiet $cell dynamic_power]
#@         set inc_leakage_power      [get_attribute -quiet $cell leakage_power]
#@         set inc_switching_power    [get_attribute -quiet $cell switching_power]
#@         set inc_internal_power     [get_attribute -quiet $cell internal_power]
#@         set inc_x_transition_power [get_attribute -quiet $cell x_transition_power]
#@         set inc_glitch_power       [get_attribute -quiet $cell glitch_power]
#@ 
#@         if { [llength $inc_total_power]        == 0 } {
#@           set invalid(total_power) 1
#@         } else {
#@           set total_power        [expr $total_power        + $inc_total_power]
#@         }
#@         if { [llength $inc_dynamic_power]      == 0 } {
#@           set invalid(dynamic_power) 1
#@         } else {
#@           set dynamic_power      [expr $dynamic_power      + $inc_dynamic_power]
#@         }
#@         if { [llength $inc_leakage_power]      == 0 } {
#@           set invalid(leakage_power) 1
#@         } else {
#@           set leakage_power      [expr $leakage_power      + $inc_leakage_power]
#@         }
#@         if { [llength $inc_switching_power]    == 0 } {
#@           set invalid(switching_power) 1
#@         } else {
#@           set switching_power    [expr $switching_power    + $inc_switching_power]
#@         }
#@         if { [llength $inc_internal_power]     == 0 } {
#@           set invalid(internal_power) 1
#@         } else {
#@           set internal_power     [expr $internal_power     + $inc_internal_power]
#@         }
#@         if { [llength $inc_x_transition_power] == 0 } {
#@           set invalid(x_transition_power) 1
#@         } else {
#@           set x_transition_power [expr $x_transition_power + $inc_x_transition_power]
#@         }
#@         if { [llength $inc_glitch_power]       == 0 } {
#@           set invalid(glitch_power) 1
#@         } else {
#@           set glitch_power       [expr $glitch_power       + $inc_glitch_power]
#@         }
#@       }
#@ 
#@       sproc_msg -info "METRIC | DOUBLE PWR.TOTAL.MEM.[sproc_clean_string -string $TEV(scenario)]     | [sproc_metric_format {%f} [sproc_metric_normalize -value $total_power -current_unit $leak_units]]"
#@       sproc_msg -info "METRIC | DOUBLE PWR.DYNAMIC.MEM.[sproc_clean_string -string $TEV(scenario)]   | [sproc_metric_format {%f} [sproc_metric_normalize -value $dynamic_power -current_unit $dyn_units]]"
#@       sproc_msg -info "METRIC | DOUBLE PWR.LEAKAGE.MEM.[sproc_clean_string -string $TEV(scenario)]   | [sproc_metric_format {%f} [sproc_metric_normalize -value $leakage_power -current_unit $leak_units]]"
#@       sproc_msg -info "METRIC | DOUBLE PWR.SWITCHING.MEM.[sproc_clean_string -string $TEV(scenario)] | [sproc_metric_format {%f} [sproc_metric_normalize -value $switching_power -current_unit $leak_units]]"
#@       sproc_msg -info "METRIC | DOUBLE PWR.INTERNAL.MEM.[sproc_clean_string -string $TEV(scenario)]  | [sproc_metric_format {%f} [sproc_metric_normalize -value $internal_power -current_unit $leak_units]]"
#@       sproc_msg -info "METRIC | DOUBLE PWR.XTRAN.MEM.[sproc_clean_string -string $TEV(scenario)]     | [sproc_metric_format {%f} [sproc_metric_normalize -value $x_transition_power -current_unit $leak_units]]"
#@       sproc_msg -info "METRIC | DOUBLE PWR.GLITCH.MEM.[sproc_clean_string -string $TEV(scenario)]    | [sproc_metric_format {%f} [sproc_metric_normalize -value $glitch_power -current_unit $leak_units]]"
#@ 
#@       ## -------------------------------------
#@       ## Clock tree
#@       ## -------------------------------------
#@ 
#@       set cells_to_measure [get_clock_network_objects -type cell -include_clock_gating_network]
#@ 
#@       set invalid(total_power)        0
#@       set invalid(dynamic_power)      0
#@       set invalid(leakage_power)      0
#@       set invalid(switching_power)    0
#@       set invalid(internal_power)     0
#@       set invalid(x_transition_power) 0
#@       set invalid(glitch_power)       0
#@ 
#@       set total_power        0
#@       set dynamic_power      0
#@       set leakage_power      0
#@       set switching_power    0
#@       set internal_power     0
#@       set x_transition_power 0
#@       set glitch_power       0
#@ 
#@       foreach_in_collection cell $cells_to_measure {
#@         set inc_total_power        [get_attribute -quiet $cell total_power]
#@         set inc_dynamic_power      [get_attribute -quiet $cell dynamic_power]
#@         set inc_leakage_power      [get_attribute -quiet $cell leakage_power]
#@         set inc_switching_power    [get_attribute -quiet $cell switching_power]
#@         set inc_internal_power     [get_attribute -quiet $cell internal_power]
#@         set inc_x_transition_power [get_attribute -quiet $cell x_transition_power]
#@         set inc_glitch_power       [get_attribute -quiet $cell glitch_power]
#@ 
#@         if { [llength $inc_total_power]        == 0 } {
#@           set invalid(total_power) 1
#@         } else {
#@           set total_power        [expr $total_power        + $inc_total_power]
#@         }
#@         if { [llength $inc_dynamic_power]      == 0 } {
#@           set invalid(dynamic_power) 1
#@         } else {
#@           set dynamic_power      [expr $dynamic_power      + $inc_dynamic_power]
#@         }
#@         if { [llength $inc_leakage_power]      == 0 } {
#@           set invalid(leakage_power) 1
#@         } else {
#@           set leakage_power      [expr $leakage_power      + $inc_leakage_power]
#@         }
#@         if { [llength $inc_switching_power]    == 0 } {
#@           set invalid(switching_power) 1
#@         } else {
#@           set switching_power    [expr $switching_power    + $inc_switching_power]
#@         }
#@         if { [llength $inc_internal_power]     == 0 } {
#@           set invalid(internal_power) 1
#@         } else {
#@           set internal_power     [expr $internal_power     + $inc_internal_power]
#@         }
#@         if { [llength $inc_x_transition_power] == 0 } {
#@           set invalid(x_transition_power) 1
#@         } else {
#@           set x_transition_power [expr $x_transition_power + $inc_x_transition_power]
#@         }
#@         if { [llength $inc_glitch_power]       == 0 } {
#@           set invalid(glitch_power) 1
#@         } else {
#@           set glitch_power       [expr $glitch_power       + $inc_glitch_power]
#@         }
#@       }
#@ 
#@       sproc_msg -info "METRIC | DOUBLE PWR.TOTAL.CLK.[sproc_clean_string -string $TEV(scenario)]     | [sproc_metric_format {%f} [sproc_metric_normalize -value $total_power -current_unit $leak_units]]"
#@       sproc_msg -info "METRIC | DOUBLE PWR.DYNAMIC.CLK.[sproc_clean_string -string $TEV(scenario)]   | [sproc_metric_format {%f} [sproc_metric_normalize -value $dynamic_power -current_unit $dyn_units]]"
#@       sproc_msg -info "METRIC | DOUBLE PWR.LEAKAGE.CLK.[sproc_clean_string -string $TEV(scenario)]   | [sproc_metric_format {%f} [sproc_metric_normalize -value $leakage_power -current_unit $leak_units]]"
#@       sproc_msg -info "METRIC | DOUBLE PWR.SWITCHING.CLK.[sproc_clean_string -string $TEV(scenario)] | [sproc_metric_format {%f} [sproc_metric_normalize -value $switching_power -current_unit $leak_units]]"
#@       sproc_msg -info "METRIC | DOUBLE PWR.INTERNAL.CLK.[sproc_clean_string -string $TEV(scenario)]  | [sproc_metric_format {%f} [sproc_metric_normalize -value $internal_power -current_unit $leak_units]]"
#@       sproc_msg -info "METRIC | DOUBLE PWR.XTRAN.CLK.[sproc_clean_string -string $TEV(scenario)]     | [sproc_metric_format {%f} [sproc_metric_normalize -value $x_transition_power -current_unit $leak_units]]"
#@       sproc_msg -info "METRIC | DOUBLE PWR.GLITCH.CLK.[sproc_clean_string -string $TEV(scenario)]    | [sproc_metric_format {%f} [sproc_metric_normalize -value $glitch_power -current_unit $leak_units]]"
#@     }
#@ 
#@     de_shell -
#@     dc_shell -
#@     icc_shell {
#@ 
#@       if { $synopsys_program_name == "icc_shell" } {
#@         set fname "$SEV(rpt_dir)/icc.report_power"
#@       } else {
#@         set fname "$SEV(rpt_dir)/dc.report_power"
#@       }
#@       if { ![file exists $fname] } {
#@         if { $SEV(metrics_flag_errors) } {
#@           sproc_msg -error   "sproc_metric_power: Unable to find file $fname for metric extraction."
#@         } else {
#@           sproc_msg -warning "sproc_metric_power: Unable to find file $fname for metric extraction."
#@         }
#@       } else {
#@ 
#@         set fid [open $fname r]
#@         set lines [list]
#@         while { [gets $fid line] >= 0 } {
#@           lappend lines $line
#@         }
#@         close $fid
#@ 
#@         set dyn_power MISSING
#@         set dyn_units MISSING
#@         set leak_power MISSING
#@         set leak_units MISSING
#@         set scenario SCENARIO_NOT_SPECIFIED
#@ 
#@         foreach line $lines {
#@           regexp {Scenario.s.: (.*)} $line matchVar scenario
#@           regexp {Total Dynamic Power\s+=\s+([\-\d\.]+)\s+(\w+)} $line matchVar dyn_power dyn_units
#@           regexp {Cell Leakage Power\s+=\s+([\-\d\.]+)\s+(\w+)} $line matchVar leak_power leak_units
#@ 
#@           ## DC report parsing reflected in these expressions
#@           regexp {Internal\s+Switching\s+Power\s+\((.*)\)\s+Leakage} $line matchVar dyn_units
#@           regexp {Cell\s+Power\s+\(.*\)\s+Power\s+\(.*\)\s+\(.*\)\s+Power\s+\((.+)\)\s*} $line matchVar leak_units
#@           regexp {Netlist Power\s+([\-\d\.\+e]+)\s+([\-\d\.\+e]+)\s+([\-\d\.\+e]+)\s+\(([\-\d\.]+).\)\s+([\-\d\.\+e]+)} $line matchVar \
#@             int_power     net_power     dyn_power dynamic_percent_power leak_power
#@           ## These strings identify the trailing end of a report package
#@           if {[regexp {Estimated Clock Tree} $line] || [regexp {Cell Leakage Power} $line] } {
#@             sproc_msg -info "METRIC | DOUBLE PWR.DYNAMIC.DESIGN.[sproc_clean_string -string $scenario] | [sproc_metric_format {%f} [sproc_metric_normalize -value $dyn_power -current_unit $dyn_units]]"
#@             sproc_msg -info "METRIC | DOUBLE PWR.LEAKAGE.DESIGN.[sproc_clean_string -string $scenario] | [sproc_metric_format {%f} [sproc_metric_normalize -value $leak_power -current_unit $leak_units]]"
#@           }
#@         }
#@       }
#@     }
#@ 
#@     default {
#@       sproc_msg -warning "sproc_metric_power: unrecognized tool name"
#@     }
#@ 
#@   }
#@ 
#@   set xxx2 [clock seconds]
#@   set xxx [expr $xxx2 - $xxx1]
#@   sproc_msg -info "METRICS sproc_metric_power took $xxx seconds"
#@ 
#@   sproc_pinfo -mode stop
#@ }
#@ 
#@ define_proc_attributes sproc_metric_power \
#@   -info "Gathers power information for metrics reporting." \
#@   -define_args {
#@ }
#@ 
#@ ## -----------------------------------------------------------------------------
#@ ## sproc_metric_normalize:
#@ ## -----------------------------------------------------------------------------
#@ 
#@ proc sproc_metric_normalize { args } {
#@ 
#@   sproc_pinfo -mode start
#@ 
#@   ## table contains the multiplier for converting from supplied unit to normalized default
#@   set default_power_unit mw
#@   set normalize_lut(w)    1e+3
#@   set normalize_lut(mw)   1e+0
#@   set normalize_lut(uw)   1e-3
#@   set normalize_lut(nw)   1e-6
#@   set normalize_lut(pw)   1e-9
#@ 
#@   set default_time_unit ps
#@   set normalize_lut(s)    1e+12
#@   set normalize_lut(ns)   1e+3
#@   set normalize_lut(ps)   1e+0
#@ 
#@   set default_area_unit um
#@   set normalize_lut(nm)   1e-3
#@   set normalize_lut(um)   1e+0
#@   set normalize_lut(m)    1e+6
#@ 
#@   set options(-value) ""
#@   set options(-current_unit) ""
#@ 
#@   parse_proc_arguments -args $args options
#@ 
#@   set val $options(-value)
#@ 
#@   if { $val=="NaM" } {
#@     sproc_msg -info "Passing through special case value $val"
#@     sproc_pinfo -mode stop
#@     return $val
#@   }
#@ 
#@   if { ![scan $val "%f" match] } {
#@     sproc_msg -error "sproc_metric_normalize cannot process value $val"
#@     sproc_pinfo -mode stop
#@     return "NaM"
#@   }
#@ 
#@   if { $options(-current_unit) != "" } {
#@     set cur_unit [string tolower $options(-current_unit)]
#@     if { [array names normalize_lut -exact $cur_unit] != "" } {
#@       set norm_scalar $normalize_lut($cur_unit)
#@     } else {
#@       sproc_msg -error "sproc_metric_normalize not configured to convert $cur_unit"
#@       sproc_pinfo -mode stop
#@       return "NaM"
#@     }
#@   }
#@ 
#@   set val_out [expr $val * $norm_scalar]
#@ 
#@   sproc_pinfo -mode stop
#@ 
#@   return $val_out
#@ 
#@ }
#@ 
#@ define_proc_attributes sproc_metric_normalize \
#@   -info "Used to convert metric numbers from one unit standard to another." \
#@   -define_args {
#@   {-value "value to convert" decimal string required}
#@   {-current_unit "Units of current value" AString string required}
#@ }
#@ 
#@ ## -----------------------------------------------------------------------------
#@ ## sproc_metric_format:
#@ ## -----------------------------------------------------------------------------
#@ 
#@ proc sproc_metric_format { format_string arg } {
#@   if { $arg == "NaM" } {
#@     return "NaM"
#@   } else {
#@     return [format $format_string $arg]
#@   }
#@ }
#@ 
#@ define_proc_attributes sproc_metric_format \
#@   -info "Used to return NaM value or formatted value as part of metrics processing." \
#@   -define_args {
#@ }
#@ 
#@ ## -----------------------------------------------------------------------------
#@ ## sproc_metric_time_elapsed:
#@ ## -----------------------------------------------------------------------------
#@ 
#@ proc sproc_metric_time_elapsed { args } {
#@ 
#@   sproc_pinfo -mode start
#@ 
#@   set options(-start) 0
#@   set options(-stop) 0
#@   parse_proc_arguments -args $args options
#@ 
#@   set seconds_in_day [expr 24 * 3600.0]
#@   set total_seconds [expr $options(-stop) - $options(-start)]
#@   set num_days_f [expr floor($total_seconds / $seconds_in_day)]
#@   set partial_day_f [expr ($total_seconds / $seconds_in_day) - $num_days_f]
#@   set num_days [expr int($num_days_f)]
#@   set partial_day [expr int($partial_day_f * $seconds_in_day)]
#@   set hms [clock format $partial_day -format %T -gmt true]
#@   set dhms [format "%02d:%s" $num_days $hms]
#@ 
#@   sproc_pinfo -mode stop
#@   return "$dhms"
#@ }
#@ 
#@ define_proc_attributes sproc_metric_time_elapsed \
#@   -info "Used to generate metrics related to duration of task execution." \
#@   -define_args {
#@   {-start "Indicates start time in seconds." "" int required}
#@   {-stop  "Indicates stop time in seconds." "" int required}
#@ }
#@ 
#@ ## -----------------------------------------------------------------------------
#@ ## sproc_metric_atpg:
#@ ## -----------------------------------------------------------------------------
#@ 
#@ proc sproc_metric_atpg { args } {
#@ 
#@   sproc_pinfo -mode start
#@ 
#@   global env SEV SVAR TEV
#@ 
#@   if { ( $SEV(metrics_enable) == 0 ) } {
#@     sproc_pinfo -mode stop
#@     return
#@   }
#@ 
#@   parse_proc_arguments -args $args options
#@ 
#@   ## Set default values
#@ 
#@   set total_faults NaM
#@   set test_coverage NaM
#@   set fault_coverage 0
#@   set atpg_effectiveness 0
#@ 
#@   ## Generate and parse report
#@ 
#@   redirect -variable report {
#@     report_summaries
#@   }
#@ 
#@   set fault_types "Iddq Transition Path_delay Bridging Dynamic_bridging Hold_time IDDQ_bridging"
#@ 
#@   foreach fault_type $fault_types {
#@     set ${fault_type}_faults "NaM"
#@     set ${fault_type}_coverage "NaM"
#@   }
#@   set lines [split $report "\n"]
#@   foreach line $lines {
#@     foreach fault_type $fault_types {
#@       regexp "$fault_type\\s+\(\[\\.\\d\]+\)\\s+\(\[\\.\\d\]+\)\\%" $line matchVar ${fault_type}_faults ${fault_type}_coverage
#@       regexp {total faults\s+([\d]+)} $line matchVar total_faults
#@       regexp {test coverage\s+([\.\d]+)\%} $line matchVar fault_coverage
#@     }
#@   }
#@ 
#@   ## Print results
#@ 
#@   sproc_msg -info "METRIC | INTEGER ATPG.TRANSITION.FAULTS         | $Transition_faults"
#@   sproc_msg -info "METRIC | DOUBLE  ATPG.TRANSITION.COVERAGE       | $Transition_coverage"
#@   sproc_msg -info "METRIC | INTEGER ATPG.BRIDGING.FAULTS           | $Bridging_faults"
#@   sproc_msg -info "METRIC | DOUBLE  ATPG.BRIDGING.COVERAGE         | $Bridging_coverage"
#@   sproc_msg -info "METRIC | INTEGER ATPG.HOLD_TIME.FAULTS          | $Hold_time_faults"
#@   sproc_msg -info "METRIC | DOUBLE  ATPG.HOLD_TIME.COVERAGE        | $Hold_time_coverage"
#@   sproc_msg -info "METRIC | INTEGER ATPG.IDDQ_BRIDGING.FAULTS      | $IDDQ_bridging_faults"
#@   sproc_msg -info "METRIC | DOUBLE  ATPG.IDDQ_BRIDGING.COVERAGE    | $IDDQ_bridging_coverage"
#@   sproc_msg -info "METRIC | INTEGER ATPG.IDDQ.FAULTS               | $Iddq_faults"
#@   sproc_msg -info "METRIC | DOUBLE  ATPG.IDDQ.COVERAGE             | $Iddq_coverage"
#@   sproc_msg -info "METRIC | INTEGER ATPG.PATH_DELAY.FAULTS         | $Path_delay_faults"
#@   sproc_msg -info "METRIC | DOUBLE  ATPG.PATH_DELAY.COVERAGE       | $Path_delay_coverage"
#@   sproc_msg -info "METRIC | INTEGER ATPG.DYNAMIC_BRIDGING.FAULTS   | $Dynamic_bridging_faults"
#@   sproc_msg -info "METRIC | DOUBLE  ATPG.DYNAMIC_BRIDGING.COVERAGE | $Dynamic_bridging_coverage"
#@   sproc_msg -info "METRIC | INTEGER ATPG.STUCK_AT.FAULTS   | $total_faults"
#@   sproc_msg -info "METRIC | DOUBLE  ATPG.STUCK_AT.COVERAGE | $fault_coverage"
#@   sproc_pinfo -mode stop
#@ }
#@ 
#@ define_proc_attributes sproc_metric_atpg \
#@   -info "Gathers ATPG information for metrics reporting." \
#@   -define_args {
#@ }
#@ 
#@ ## -----------------------------------------------------------------------------
#@ ## sproc_early_complete:
#@ ## -----------------------------------------------------------------------------
#@ 
#@ proc sproc_early_complete  {} {
#@ 
#@   sproc_pinfo -mode start
#@ 
#@   global SEV SVAR
#@   global synopsys_program_name
#@ 
#@   if { $SVAR(misc,early_complete_enable) } {
#@ 
#@     sproc_msg -warning "Early complete enabled."
#@ 
#@     set fname [file rootname $SEV(log_file)].early
#@     set fid [open $fname w]
#@     puts $fid "Early complete at [date]"
#@     close $fid
#@ 
#@   } else {
#@ 
#@     sproc_msg -warning "Early complete disabled."
#@ 
#@   }
#@ 
#@   sproc_pinfo -mode stop
#@ 
#@ }
#@ 
#@ define_proc_attributes sproc_early_complete  \
#@   -info "Procedure to signal early completion of task to RTM." \
#@   -define_args {
#@ }
#@ 
#@ 
#@ if { $SEV(project_name) != "lcrm" } {
#@   puts "Error: SEV(project_name) is not set to 'lcrm'. This is the expected default for most lcrm users. Change in the system environment variable editor. If you understand the impact on metric capture, edit lcrm_setup.tcl to remove this error message"
#@   if { $LYNX(rtm_present) } {
#@     exit
#@   }
#@ 
#@ }
#@ 
#@ ## -----------------------------------------------------------------------------
#@ ## End of File
#@ ## -----------------------------------------------------------------------------
#@ # -- End source ../rm_setup/icrm_setup.tcl

#@ source ../rm_setup/icc_setup.tcl 
#@ # -- Starting source ../rm_setup/icc_setup.tcl

#@ puts "RM-Info: Running script [info script]\n"
#@ 
#@ ##########################################################################################
#@ # Variables for IC Compiler Reference Methodology, IC Compiler Design Planning Reference 
#@ # Methodology, and IC Compiler Hierarchical Reference Methodology 
#@ # Script: icc_setup.tcl
#@ # Version: G-2012.06 (July 2, 2012)
#@ # Copyright (C) 2007-2012 Synopsys, Inc. All rights reserved.
#@ ##########################################################################################
#@ 
#@ # Sourcing the common variables
#@ source  ../rm_setup/common_setup.tcl 
#@ # -- Starting source ../rm_setup/common_setup.tcl

#@ puts "RM-Info: Running script [info script]\n"
#@ 
#@ ##########################################################################################
#@ # Variables common to all reference methodology scripts
#@ # Script: common_setup.tcl
#@ # Version: G-2012.06 (July 2, 2012)
#@ # Copyright (C) 2007-2012 Synopsys, Inc. All rights reserved.
#@ ##########################################################################################
#@ 
#@ set DESIGN_NAME                   "control_pad"  ;#  The name of the top-level design
#@ 
#@ # 
#@ set WORKSHOP_REF_PATH             "../../../ref"
#@ set ICC_INPUTS_PATH               "../design_data"
#@ set LIBRARY_TOP_PATH              "/home/eda/lib/smic"
#@ 
#@ set DESIGN_REF_PAD_PATH               "${LIBRARY_TOP_PATH}/SP013D3_V1p4"
#@ set DESIGN_REF_SDCELL_PATH            "${LIBRARY_TOP_PATH}/aci/sc-x"
#@ set DESIGN_REF_TECH_PATH          "${DESIGN_REF_SDCELL_PATH}/apollo/tf"
#@ 
#@ ##########################################################################################
#@ # Hierarchical Flow Design Variables
#@ ##########################################################################################
#@ 
#@ set HIERARCHICAL_DESIGNS           "" ;# List of hierarchical block design names "DesignA DesignB" ...
#@ set HIERARCHICAL_CELLS             "" ;# List of hierarchical block cell instance names "u_DesignA u_DesignB" ...
#@ 
#@ ##########################################################################################
#@ # Library Setup Variables
#@ ##########################################################################################
#@ 
#@ # For the following variables, use a blank space to separate multiple entries.
#@ # Example: set TARGET_LIBRARY_FILES "lib1.db lib2.db lib3.db"
#@ 
#@ set ADDITIONAL_SEARCH_PATH        [join "
#@ 	${DESIGN_REF_PAD_PATH}/syn
#@ 	${DESIGN_REF_SDCELL_PATH}/synopsys
#@         ${LIBRARY_TOP_PATH}/SmicSPM4PR8R_starRCXT013_mixrf_p1mtx_1233_V1/SmicSPM4PR8R_starRCXT013_mixrf_p1mtx_1233_V1.6/mapping/TM9k_MIM1f
#@         ${LIBRARY_TOP_PATH}/SmicSPM4PR8R_starRCXT013_mixrf_p1mtx_1233_V1/SmicSPM4PR8R_starRCXT013_mixrf_p1mtx_1233_V1.6/ITF/TM9k_MIM1f/TLUPLUS
#@ 	"]
#@ 
#@ #	setup
#@ #		hold
#@ #			leakage (and hold_hot)
#@ #	setup_hot
#@ #
#@ set TARGET_LIBRARY_FILES     [join "
#@  typical_1v2c25.db
#@ SP013D3_V1p2_typ.db	
#@ "]
#@ 
#@ set ADDITIONAL_LINK_LIB_FILES     [join "
#@ typical_1v2c25.db
#@ SP013D3_V1p2_typ.db
#@ 	"]
#@ 
#@ set MIN_LIBRARY_FILES             ""  ;#  List of max min library pairs "max1 min1 max2 min2 max3 min3"...
#@ 
#@ set MW_REFERENCE_LIB_DIRS         [join "
#@ 	${DESIGN_REF_SDCELL_PATH}/apollo/smic13g
#@         ${DESIGN_REF_PAD_PATH}/apollo/SP013D3_V1p2_8MT
#@ 	"]
#@ 
#@ set MW_REFERENCE_CONTROL_FILE     ""  ;#  Reference Control file to define the Milkyway reference libs
#@ 
#@ set TECH_FILE                     "${DESIGN_REF_TECH_PATH}/smic13lvt_8lm.tf"  ;#  Milkyway technology file
#@ #reminder: update tech file to saed32nm_1p9m_mw.tf
#@ set MAP_FILE                      "${DESIGN_REF_TECH_PATH}/star_rc/saed32nm_tf_itf_tluplus.map"  ;#  Mapping file for TLUplus
#@ set TLUPLUS_MAX_FILE              "${DESIGN_REF_TECH_PATH}/star_rc/saed32nm_1p9m_Cmax.tluplus"  ;#  Max TLUplus file
#@ set TLUPLUS_MIN_FILE              "${DESIGN_REF_TECH_PATH}/star_rc/saed32nm_1p9m_Cmin.tluplus"  ;#  Min TLUplus file
#@ 
#@ 
#@ set MW_POWER_NET                "VDD" ;#
#@ set MW_POWER_PORT               "VDD" ;#
#@ set MW_GROUND_NET               "VSS" ;#
#@ set MW_GROUND_PORT              "VSS" ;#
#@ 
#@ set MIN_ROUTING_LAYER            "M1"   ;# Min routing layer
#@ set MAX_ROUTING_LAYER            "M8"   ;# Max routing layer
#@ 
#@ set LIBRARY_DONT_USE_FILE        ""   ;# Tcl file with library modifications for dont_use
#@ 
#@ ##########################################################################################
#@ # Multivoltage Common Variables
#@ #
#@ # Define the following multivoltage common variables for the reference methodology scripts 
#@ # for multivoltage flows. 
#@ # Use as few or as many of the following definitions as needed by your design.
#@ ##########################################################################################
#@ 
#@ set PD1                          ""           ;# Name of power domain/voltage area  1
#@ set VA1_COORDINATES              {}           ;# Coordinates for voltage area 1
#@ set MW_POWER_NET1                "VDD1"       ;# Power net for voltage area 1
#@ 
#@ set PD2                          ""           ;# Name of power domain/voltage area  2
#@ set VA2_COORDINATES              {}           ;# Coordinates for voltage area 2
#@ set MW_POWER_NET2                "VDD2"       ;# Power net for voltage area 2
#@ 
#@ set PD3                          ""           ;# Name of power domain/voltage area  3
#@ set VA3_COORDINATES              {}           ;# Coordinates for voltage area 3
#@ set MW_POWER_NET3                "VDD3"       ;# Power net for voltage area 3
#@ set PD4                          ""           ;# Name of power domain/voltage area  4
#@ set VA4_COORDINATES              {}           ;# Coordinates for voltage area 4
#@ set MW_POWER_NET4                "VDD4"       ;# Power net for voltage area 4
#@ 
#@ puts "RM-Info: Completed script [info script]\n"
#@ 
#@ # -- End source ../rm_setup/common_setup.tcl

#@ 
#@ ###############################
#@ ## Flow Variables
#@ ###############################
#@ set ICC_INIT_DESIGN_INPUT         "VERILOG"    ;# VERILOG|DDC|MW; specify the type of starting point;
#@ ;# if "VERILOG" is specified, you should also specify a valid $ICC_IN_VERILOG_NETLIST_FILE
#@ ;# if "DDC" is specified, you should also specify a valid $ICC_IN_DDC_FILE 
#@ ;# if "MW" is specified, you should also specify a valid $ICC_INPUT_CEL
#@ ;# If MW is specified, script will copy Milkyway design library from rm_dc/work/dc to rm_icc/work 
#@ set POWER_OPTIMIZATION            TRUE         ;# TRUE|FALSE; set TRUE to enable power optimization (-power option) for the core commands such as place_opt, clock_opt, 
#@ ;# route_opt, and focal_opt. If $ICC_CUSTOM_MULTI_VTH_CONSTRAINT_SCRIPT below is also specified, 
#@ ;# leakage power optimization is focused on lvt cell reduction; otherwise focused on leakage power reduction.
#@ ;# for MCMM, set set_scenario_options -leakage true to enable leakage power optimization on scenarios;
#@ ;# see rm_icc_scripts/mcmm.scenarios.example for more details.
#@ set ICC_CUSTOM_MULTI_VTH_CONSTRAINT_SCRIPT ""  ;# script for customized set_multi_vth_constraints constraints. effective only when $POWER_OPTIMIZATION is set to TRUE;
#@ ;# specify to make leakage power optimization focused on lvt cell reduction; 
#@ ;# refer to rm_icc_scripts/multi_vth_constraint.example as an example.	   
#@ set DFT                           FALSE	       ;# TRUE|FALSE; set TRUE to enable scan reordering flow and add -optimize_dft option to place_opt and clock_opt commands;
#@ ;# if set TRUE, you should also provide a valid $ICC_IN_SCAN_DEF_FILE
#@ set ICC_TIE_CELL_FLOW             TRUE        ;# TRUE|FALSE, set TRUE if you want TIE-CELLS to be used during optimizations instead of TIE-nets
#@ set ICC_DBL_VIA                   TRUE         ;# TRUE|FALSE; set TRUE to enable redundant via insertion; more options in "Chipfinishing Variables" section
#@ set ICC_FIX_ANTENNA               FALSE        ;# TRUE|FALSE: set TRUE to enable antenna fixing; more options in "Chipfinishing Variables" section
#@ set ADD_FILLER_CELL               FALSE        ;# TRUE|FALSE; set TRUE to enable std cells filler insertion; more options in "Chipfinishing Variables" section
#@ set ICC_REDUCE_CRITICAL_AREA      TRUE         ;# TRUE|FALSE; set TRUE to enable detail route wire spreading
#@ set ICC_CREATE_MODEL              FALSE        ;# TRUE|FALSE; set TRUE to create block abstraction (or ILM) and FRAM view (at block level)
#@ set ICC_CREATE_BLOCK_ABSTRACTION  TRUE	       ;# TRUE|FALSE; set TRUE to create block abstraction, set to FALSE to create ILM (at block level)
#@ set ADD_METAL_FILL                "ICV"        ;# NONE|ICC|HERCULES|ICV; more options in "Chipfinishing Variables" section
#@ ;# ICC : timing driven metal fill using IC Compiler
#@ ;# HERCULES : signoff metal fill using Hercules
#@ ;# ICV : signoff metal fill using IC Validator
#@ set ICC_REPORTING_EFFORT          "MED"        ;# OFF|LOW|MED; if set to OFF, no reporting is done; if set to LOW, report_qor/report_constraints/report_power are skipped,
#@ ;# additionally, report_timing is skipped in clock_opt_cts
#@ set ICC_SANITY_CHECK              FALSE        ;# TRUE|FALSE, set TRUE to perform check_physical_design
#@ set ICC_ENABLE_CHECKPOINT	  FALSE	       ;# TRUE|FALSE, set TRUE to perform checkpoint strategy for optimization commands 
#@ ;# ensure there is enough disk space before enabling this feature. refer to the set_checkpoint_strategy man page for details.
#@ 
#@ ###############################
#@ ## General Variables
#@ ###############################
#@ set ICC_INPUT_CEL                 "${DESIGN_NAME}_DCT" ;# starting CEL for flow with a Milkyway CEL input which can be the final CEL from Design Compiler Topographical 
#@ set PNET_METAL_LIST               ""           	;# List of metals in the design to be used for (partial) pnet options
#@ set PNET_METAL_LIST_COMPLETE	  ""	       	;# List of metals in the design to be used for (complete) pnet options
#@ set ICC_IN_DONT_USE_FILE          "$LIBRARY_DONT_USE_FILE" ;# script with library modifications for dont_use; default to $LIBRARY_DONT_USE_FILE in common_setup.tcl 
#@ set ICC_FIX_HOLD_PREFER_CELLS     ""           	;# Syntax: library/cell_name - Example: slow/DLY1X1 slow/DLY1X4
#@ set ICC_MAX_AREA                  ""           	;# max_area value used during area optimization
#@ set AREA_CRITICAL_RANGE_PRE_CTS   ""           	;# area critical range use during area optimization during place_opt
#@ set AREA_CRITICAL_RANGE_POST_CTS  ""           	;# area critical range use during area optimization during post-CTS optimization 
#@ set AREA_CRITICAL_RANGE_POST_RT   ""           	;# area critical range use during area optimization during route_opt
#@ set POWER_CRITICAL_RANGE_PRE_CTS  ""           	;# power critical range use during area optimization during place_opt
#@ set POWER_CRITICAL_RANGE_POST_CTS ""           	;# power critical range use during area optimization during post-CTS optimization 
#@ set POWER_CRITICAL_RANGE_POST_RT  ""           	;# power critical range use during area optimization during route_opt
#@ set ICC_NUM_CPUS                  1            	;# number of cpus for distributed processing
#@ ;# specify a number greater than 1 to enable it for classic router based route_opt and insert_redundant_via commands
#@ set ICC_NUM_CORES                 4            	;# number of cores on the local host for multicore support; 4 cores are recommended for IC Validator based signoff_metal_fill and
#@ ;# signoff_drc commands
#@ if {[info exists TEV(num_cores)] && [info exists env(LYNX_RTM_PRESENT)]} {
#@ set ICC_NUM_CORES                 $TEV(num_cores)  ;# TEV(num_cores) must be used to control the number of cores when running in Lynx;
#@                                                    ;# Only configure TEV(num_cores) using the Lynx RTM or by editing at the top of the LCRM script
#@ }
#@ set PLACE_OPT_EFFORT 		  "medium"      ;# low|medium|high; choose effort level for place_opt command
#@ set ROUTE_OPT_EFFORT 		  "medium"      ;# low|medium|high; choose effort level for route_opt command
#@ set PLACE_OPT_CONGESTION_DRIVEN	  TRUE          ;# TRUE|FALSE; set TRUE to enable congestion removal during place_opt command (place_opt_icc step) and 
#@ ;# clock_opt -only_psyn command (clock_opt_psyn_icc step) 
#@ 
#@ set PLACE_OPT_PREROUTE_FOCALOPT_LAYER_OPTIMIZATION FALSE 
#@ ;# TRUE|FALSE; set TRUE to perform layer optimization (preroute_focal_opt -layer_optimization) 
#@ ;# on existing buffer trees after place_opt command (place_opt_icc step)
#@ set CLOCK_OPT_PSYN_PREROUTE_FOCALOPT_LAYER_OPTIMIZATION FALSE 
#@ ;# TRUE|FALSE; set TRUE to perform layer optimization (preroute_focal_opt -layer_optimization) 
#@ ;# on existing buffer trees after clock_opt -only_psyn command (clock_opt_psyn_icc step)
#@ set ICC_CREATE_GR_PNG             FALSE  	;# TRUE|FALSE; set TRUE to create a global route congestion map snapshot in PNG format at the end of route_icc step
#@ set ICC_WRITE_FULL_CHIP_VERILOG   FALSE		;# TRUE|FALSE; set TRUE for write_verilog in outputs_icc.tcl to write out module definitions for soft macros 
#@ 
#@ set ICC_FLOORPLAN_CEL            ""	     		     
#@ 
#@ ############################################################
#@ ## Customized Constraint Script for Core Commands (Optional)
#@ ############################################################ 
#@ set CUSTOM_PLACE_OPT_PRE_SCRIPT ""		;# An optional Tcl file; if specified, will be sourced right before the place_opt core command;
#@ ;# review place_opt_icc.tcl script for exact location where this is sourced to avoid overlap with existing constraints
#@ set CUSTOM_PLACE_OPT_POST_SCRIPT ""		;# An optional Tcl file; if specified, will be sourced right after the place_opt core command;
#@ ;# review place_opt_icc.tcl script for exact location where this is sourced to avoid overlap with existing constraints
#@ set CUSTOM_CLOCK_OPT_CTS_PRE_SCRIPT ""		;# An optional Tcl file; if specified, will be sourced right before the clock_opt -only_cts core command;
#@ ;# review clock_opt_cts_icc.tcl script for exact location where this is sourced to avoid overlap with existing constraints
#@ set CUSTOM_CLOCK_OPT_CTS_POST_SCRIPT ""		;# An optional Tcl file; if specified, will be sourced right after the clock_opt -only_cts core command;
#@ ;# review clock_opt_cts_icc script for exact location where this is sourced to avoid overlap with existing constraints
#@ set CUSTOM_CLOCK_OPT_PSYN_PRE_SCRIPT ""		;# An optional Tcl file; if specified, will be sourced right before the clock_opt -only_psyn core command;
#@ ;# review clock_opt_psyn_icc.tcl script for exact location where this is sourced to avoid overlap with existing constraints
#@ set CUSTOM_CLOCK_OPT_PSYN_POST_SCRIPT ""	;# An optional Tcl file; if specified, will be sourced right after the clock_opt -only_psyn core command;
#@ ;# review clock_opt_psyn_icc.tcl script for exact location where this is sourced to avoid overlap with existing constraints
#@ set CUSTOM_ROUTE_OPT_PRE_SCRIPT ""		;# An optional Tcl file; if specified, will be sourced right before the route_opt core command;
#@ ;# review route_opt_icc.tcl script for exact location where this is sourced to avoid overlap with existing constraints
#@ set CUSTOM_ROUTE_OPT_POST_SCRIPT ""		;# An optional Tcl file; if specified, will be sourced right after the route_opt core command;
#@ ;# review route_opt_icc.tcl script for exact location where this is sourced to avoid overlap with existing constraints
#@ 
#@ ###############################
#@ ## Floorplan Input Variables          		    
#@ ###############################
#@ set ICC_FLOORPLAN_INPUT           	"CREATE";# DEF | FP_FILE | CREATE | USER_FILE | SKIP; "DEF" reads $ICC_IN_DEF_FILE; "FP_FILE" reads ICC_IN_FLOORPLAN_FILE;
#@ ;# "CREATE" uses create_floorplan command; "USER_FILE" sources $ICC_IN_FLOORPLAN_USER_FILE; 
#@ ;# "SKIP" skips floorplanning section
#@ set ICC_IN_DEF_FILE		  	""	;# Complete floorplan file in DEF format
#@ set ICC_IN_SPG_DEF_FILE		        ""	;# Standard cell placement in DEF format from DC for Physical Guidance flow.
#@ ;# The default naming convention for this file from DC-RM is ${DESIGN_NAME}.mapped.std_cell.def
#@ set ICC_IN_FLOORPLAN_FILE	  	""	;# Complete floorplan file generated by write_floorplan 
#@ set ICC_IN_FLOORPLAN_USER_FILE	  	""	;# Complete floorplan file generated by user; This file will simply be sourced.
#@ set ICC_IN_PIN_PAD_PHYSICAL_CONSTRAINTS_FILE ""	;# I/O constraint file generated by write_pin_pad_physical_constraints which contains pin or pad information
#@ ;# applied prior to create_floorplan command   
#@ set ICC_IN_PHYSICAL_ONLY_CELLS_CREATION_FILE "" ;# a file to include physical-only cell creation commands to be sourced
#@ ;# e.g. create_cell {vdd1left vdd1right vdd1top vdd1bottom} pvdi
#@ set ICC_IN_PHYSICAL_ONLY_CELLS_CONNECTION_FILE "" ;# a file to include physical-only cell connection commands to be sourced
#@ ;# e.g. derive_pg_connection -power_net $MW_POWER_NET -power_pin $MW_POWER_PORT -ground_net $MW_GROUND_NET -ground_pin $MW_GROUND_PORT -cells {vdd1left vdd1right vdd1top vdd1bottom}
#@ 
#@ set ICC_PHYSICAL_CONSTRAINTS_FILE 	""	;# script to add incremental floorplan constraints which will be sourced after read_def, read_floorplan, or floorplan creation
#@ set CUSTOM_CONNECT_PG_NETS_SCRIPT 	""      ;# script for customized derive_pg_connection commands which replaces the default derive_pg_connection commands in the scripts   
#@ 
#@ ###############################
#@ ## Timing Variables
#@ ###############################
#@ set ICC_APPLY_RM_DERATING               FALSE 	;# TRUE|FALSE; when set to FALSE, the derating is assumed to be set in the SDC
#@ set ICC_LATE_DERATING_FACTOR	        1.01 	;# Late derating factor, used for both data and clock 
#@ set ICC_EARLY_DERATING_FACTOR	        0.99 	;# Early derating factor, used for both data and clock 
#@ 
#@ set ICC_APPLY_RM_UNCERTAINTY_PRECTS     FALSE	;# TRUE|FALSE; when set to TRUE, user uncertainty will be replaced by $ICC_UNCERTAINTY_PRECTS
#@ set ICC_APPLY_RM_UNCERTAINTY_POSTCTS    FALSE	;# TRUE|FALSE; when set to TRUE, user uncertainty will be replaced by $ICC_UNCERTAINTY_POSTCTS
#@ set ICC_UNCERTAINTY_PRECTS_FILE         ""   	;# Pre-cts uncertainty file used during place_opt
#@ set ICC_UNCERTAINTY_POSTCTS_FILE        ""   	;# Post-cts uncertainty file used during post-CTS optimization and route_opt
#@ set ICC_MAX_TRANSITION                  ""   	;# max_transition value set on the design
#@ set ICC_CRITICAL_RANGE                  ""   	;# critical_range set on the design; default = 50% of each clock period
#@ set ICC_MAX_FANOUT                      ""   	;# max_fanout value set on the design
#@ set ICC_FULL_ARNOLDI                    FALSE	;# TRUE|FALSE; when set to TRUE, will enable full-Arnoldi, i.e. no net filtering
#@ 
#@ ###############################
#@ ## Multivoltage Variables                       
#@ ###############################
#@ set ICC_IN_RESOLVE_SUPPLY_SET_UPF_FILE  ""      ;# For UPF flow with VERILOG inputs, provide a secondary UPF file to resolve supply sets after reading in the UPF file.
#@ set CUSTOM_CREATE_VA_SCRIPT             "ORCA_TOP.VA.tcl"     	;# For voltage area creation, provide a customized tcl script. If not provided, you can use the $ICC_DP_AUTO_CREATE_VA
#@ ;# feature which automatically creates voltage area through rm_icc_dp_scripts/create_va_dp.tcl. Otherwise, voltage area
#@ ;# can be created by create_voltage_area commands in the init_design_icc.tcl. 
#@ set ICC_DP_AUTO_CREATE_VA               FALSE  	;# TRUE|FALSE; set TRUE to automatically create voltage area based on user specified utilization in 
#@ ;# rm_icc_dp_scripts/create_va_dp.tcl. 
#@ set CUSTOM_POWER_SWITCH_SCRIPT          ""     	;# A Tcl script to define commands for headers_footers and sleep pin connection
#@ set CUSTOM_SECONDARY_POWER_ROUTE_SCRIPT ""     	;# A Tcl script to define the pre_route_standard_cells command for always-on/retention register cells 
#@ set RR_CELLS                            ""     	;# Specify naming pattern for retention register library cells. Matched cells are set as don't toutch cells and fixed; 
#@ ;# For example, specify "RSD" if each retention register contains RSD in its library cell name
#@ set ICC_UPF_PM_CELL_EXISTING		FALSE	;# TRUE|FALSE; set TRUE to run associate_mv_cells command if design contains pre-existing power management cells.
#@ set ICC_UPF_PM_CELL_INSERTION		FALSE	;# TRUE|FALSE; set TRUE to run insert_mv_cells command.
#@ set ICC_AO_STRATEGY_SINGLE_POWER_POWER_DOMAIN_LIST ""		;# A list of power domains for a single power always-on strategy.
#@ set CUSTOM_AO_STRATEGY_SINGLE_POWER_CREATE_BOUND_SCRIPT ""	;# A Tcl script to create bound for single power always-on cells
#@ set CUSTOM_AO_STRATEGY_SINGLE_POWER_SET_POWER_GUIDE_SCRIPT ""	;# A Tcl script that associates power guides with bounds created by $CUSTOM_AO_STRATEGY_SINGLE_POWER_CREATE_BOUND_SCRIPT
#@ 
#@ ###############################
#@ ## MCMM Input variables                             
#@ ###############################
#@ set ICC_MCMM_SCENARIOS_FILE             "mcmm.scenarios.tcl"	;# A file containing scenario definitions - examples in rm_icc_scripts/mcmm.scenarios.example
#@ set ICC_MCMM_PLACE_OPT_SCENARIOS        ""     	;# list of scenarios to be made active during place_opt; optional; by default all scenarios will be made active
#@ set ICC_MCMM_CLOCK_OPT_PSYN_SCENARIOS   ""     	;# list of scenarios to be made active during post-CTS optimization (pre-route); optional; by default all scenarios will be made active
#@ set ICC_MCMM_CLOCK_OPT_ROUTE_SCENARIOS  ""     	;# list of scenarios to be made active during clock routing; optional; by default all scenarios will be made active
#@ set ICC_MCMM_ROUTE_SCENARIOS            ""     	;# list of scenarios to be made active during signal routing; optional; by default all scenarios will be made active
#@ set ICC_MCMM_ROUTE_OPT_SCENARIOS        ""     	;# list of scenarios to be made active during route_opt; optional; by default all scenarios will be made active
#@ set ICC_MCMM_CHIP_FINISH_SCENARIOS      ""     	;# list of scenarios to be made active during route_opt post chipfinish; optional; by default all scenarios will be made active
#@ set ICC_MCMM_METAL_FILL_SCENARIOS       ""     	;# list of scenarios to be made active during metal filling; optional; by default all scenarios will be made active
#@ set ICC_MCMM_FOCAL_OPT_SCENARIOS        ""     	;# list of scenarios to be made active during focal_opt; optional; by default all scenarios will be made active
#@ 
#@ 
#@ #######################################
#@ ## Clock Tree Synthesis (CTS) Variables
#@ #######################################
#@ set ICC_CTS_RULE_NAME		"iccrm_clock_double_spacing" ;# specify the name of a clock nondefault routing rule that you have defined (for ex, in common_cts_settings_icc.tcl); 
#@ ;# it will be associated with set_clock_tree_options -routing_rule  
#@ ;# If ICC_CTS_RULE_NAME is set to iccrm_clock_double_spacing, double spacings will be applied to all layers
#@ set ICC_CTS_LAYER_LIST		""		;# clock tree layers, usually M3 and above; e.g. set ICC_CTS_LAYER_LIST "M3 M4 M5"
#@ set ICC_CTS_REF_LIST		""		;# cells for CTS; a space-deliminated list: cell1 cell2 
#@ set ICC_CTS_REF_DEL_INS_ONLY	""		;# cells for CTS delay insertion; a space-deliminated list: cell1 cell2
#@ set ICC_CTS_REF_SIZING_ONLY	""		;# cells for CTS sizing only; a space-deliminated list: cell1 cell2 
#@ set ICC_CTS_SHIELD_RULE_NAME	""		;# specify clock shielding rule name; requires $ICC_CTS_SHIELD_SPACINGS, $ICC_CTS_SHIELD_WIDTHS to be also specified    
#@ set ICC_CTS_SHIELD_SPACINGS	""		;# specify clock shielding spacing associated with shielding rule; a list of layer name and spacing pairs
#@ set ICC_CTS_SHIELD_WIDTHS	""		;# specify clock shielding width associated with shielding rule: a list of layer name and width pair
#@ set ICC_CTS_SHIELD_CLK_NAMES	""		;# optionally specify a subset of clock names to apply the clock shielding rule: $ICC_CTS_SHIELD_RULE_NAME;
#@ ;# if not specified, $ICC_CTS_SHIELD_RULE_NAME will be applied to all clock nets 
#@ 
#@ set ICC_CTS_INTERCLOCK_BALANCING	FALSE	;# TRUE|FALSE; set TRUE to enable -inter_clock_balance for "clock_opt -only_cts" at clock_opt_cts_icc task;
#@ ;# specify $ICC_CTS_INTERCLOCK_BALANCING_OPTIONS_FILE to set the options  
#@ set ICC_CTS_INTERCLOCK_BALANCING_OPTIONS_FILE	"" ;# an optional file which contains set_inter_clock_delay_options commands
#@ set ICC_CTS_UPDATE_LATENCY	FALSE		;# set TRUE to perform clock latency update post CTS
#@ set ICC_CTS_LATENCY_OPTIONS_FILE	""	;# an optional file which specifies the latency adjustment options
#@ 
#@ set ICC_CTS_SELF_GATING		FALSE		;# TRUE|FALSE; set TRUE to insert XOR self-gating logic during clock tree synthesis before clock tree construction
#@ ;# An optional gate-level SAIF file ($ICC_IN_SAIF_FILE) is recommended in order to provide clock activity information
#@ set ICC_IN_SAIF_FILE            "$DESIGN_NAME.saif" ;# An optional gate-level SAIF file for self-gating ($ICC_CTS_SELF_GATING)
#@ set ICC_SAIF_INSTANCE_NAME      $DESIGN_NAME	;# the instance in the SAIF file containing switching activity
#@ 
#@ set ICC_POST_CLOCK_ROUTE_CTO	FALSE  	       	;# set TRUE if to perform post route clock tree optimization after clock routing at clock_opt_route_icc step
#@ 
#@ #########################################
#@ ## Chipfinishing and Metal Fill Variables
#@ #########################################
#@ ## end cap cells 
#@ set ICC_H_CAP_CEL                  ""           ;# defines the horizontal CAP CELL library cell 
#@ set ICC_V_CAP_CEL                  ""           ;# defines the vertical CAP CELL library cell (for the Well Proximity Effect)
#@ 
#@ ## double via insertion (ICC_DBL_VIA) options
#@ set ICC_DBL_VIA_FLOW_EFFORT      LOW            ;# LOW|MED|HIGH  - MED enables concurrent soft-rule dbl via insertion
#@ ;# HIGH runs another dbl via, timing driven, after chipfinishing
#@ set ICC_CUSTOM_DBL_VIA_DEFINE_SCRIPT ""         ;# script to define the dbl via definitions
#@ 
#@ ## antenna fixing (ICC_FIX_ANTENNA) options
#@ set ANTENNA_RULES_FILE           ""             ;# defines the antenna rules
#@ set ICC_USE_DIODES               FALSE          ;# TRUE|FALSE; control variable to allow diodes to be inserted both by the 
#@ ;# insert_port_protection_diodes command as well as the router
#@ set ICC_ROUTING_DIODES           ""             ;# space separated list of diode names
#@ set ICC_PORT_PROTECTION_DIODE    ""             ;# diode name for insert_port_protection_diodes
#@ ;# Format = library_name/diode_name
#@ set ICC_PORT_PROTECTION_DIODE_EXCLUDE_PORTS ""  ;# a list of ports to be excluded by insert_port_protection_diodes
#@ 
#@ ## filler cell insertion (ADD_FILLER_CELL) options
#@ set FILLER_CELL_METAL            ""             ;# space separated list of filler cells 
#@ set FILLER_CELL                  ""             ;# ADD_FILLER_CELL - space separated 
#@ 
#@ ## signal em
#@ set ICC_FIX_SIGNAL_EM		 FALSE		;# TRUE|FALSE; set TRUE to enable signal em fixing; please uncomment the section and follow instruction in chip_finish_icc.tcl 
#@ 
#@ ## metal fill (ADD_METAL_FILL) options
#@ set ICC_METAL_FILL_SPACE           2            ;# space amount used during the IC Compiler insert_metal_fill command
#@ set ICC_METAL_FILL_TIMING_DRIVEN  TRUE          ;# enables timing driven metal fill for the IC Compiler insert_metal_fill command
#@ 
#@ ###############################
#@ ## Emulation TLUplus Files
#@ ###############################
#@ set TLUPLUS_MAX_EMULATION_FILE         ""  	;#  Max TLUplus file
#@ set TLUPLUS_MIN_EMULATION_FILE         ""  	;#  Min TLUplus file
#@ 
#@ ###############################
#@ ## check_signoff_correlation  Variables
#@ ###############################
#@ set PT_DIR ""                          		;# path to PrimeTime bin directory
#@ set PT_SDC_FILE ""                     		;# optional file in case PrimeTime has a different SDC that what is available in the IC Compiler database
#@ set STARRC_DIR ""                      		;# path to StarRC bin directory
#@ set STARRC_MAX_NXTGRD ""               		;# MAX NXTGRD file
#@ set STARRC_MIN_NXTGRD ""               		;# MIN NXTGRD file
#@ set STARRC_MAP_FILE "$MAP_FILE"        		;# NXTGRD mapping file, defaults to TLUPlus mapping file, but could be different
#@ 
#@ set ICC_SIGNOFF_OPT_CHECK_CORRELATION_PREROUTE_SCRIPT "" ;# a file to be sourced to run check_signoff_correlation at end of place_opt_icc step; 
#@ ;# example - rm_icc_scripts/signoff_opt_check_correlation_preroute_icc.example.tcl
#@ set ICC_SIGNOFF_OPT_CHECK_CORRELATION_POSTROUTE_SCRIPT "" ;# a file to be sourced to run at check_signoff_correlation end of route_opt_icc step; 
#@ ;# example - rm_icc_scripts/signoff_opt_check_correlation_postroute_icc.example.tcl
#@ 
#@ ###############################
#@ ## Signoff Physical Variables
#@ ###############################
#@ ## Hercules - ensure environment variable HERCULES_HOME_DIR is set and that Hercules is included in the same path from where the IC Compiler shell is executed from
#@ ## IC Validator Metal Fill - ensure environment variable PRIMEYIELD_HOME_DIR is set and that IC Validator is included in the same path from where the IC Compiler shell is executed from
#@ ## IC Validator DRC - ensure environment variable ICV_HOME_DIR is set and that IC Validator is included in the same path from where the IC Compiler shell is executed from
#@ 
#@ set SIGNOFF_FILL_RUNSET ""             		;# IC Validator|Hercules runset for signoff_metal_fill
#@ set SIGNOFF_DRC_RUNSET  ""             		;# IC Validator|Hercules runset for signoff_drc
#@ set SIGNOFF_MAPFILE     ""             		;# Mapping file for IC Validator|Hercules signoff_metal_fill|signoff_drc
#@ set SIGNOFF_DRC_ENGINE	"ICV"     		;# ICV|HERCULES 
#@ 
#@ set SIGNOFF_METAL_FILL_TIMING_DRIVEN FALSE  	;# TRUE|FALSE : set this to TRUE to enable timing driven for IC Validator metal fill 	
#@ set TIMING_PRESERVE_SLACK_SETUP	"0.1"  		;# float : setup slack threshold for wire_spreading/widening/timing driven IC Validator metal fill; default 0.1
#@ set TIMING_PRESERVE_SLACK_HOLD "0"     		;# float : hold slack threshold for wire_spreading/widening; default 0
#@ 
#@ ###############################
#@ ## focal_opt Variables
#@ ###############################
#@ set ICC_FOCAL_OPT_HOLD_VIOLS     "all"          ;# filename|all - blank to skip; filename to fix violations from a file; specify "all" to fix all hold violations
#@ set ICC_FOCAL_OPT_SETUP_VIOLS    ""          	;# filename|all - blank to skip; filename to fix violations from a file; specify "all" to fix all setup violations
#@ set ICC_FOCAL_OPT_DRC_NET_VIOLS  "all"          ;# filename|all - blank to skip; filename to fix violations from a file; specify "all" to fix all DRC net violations
#@ set ICC_FOCAL_OPT_DRC_PIN_VIOLS  ""             ;# filename|all - blank to skip; filename to fix violations from a file; specify "all" to fix all DRC pin violations
#@ set ICC_FOCAL_OPT_XTALK_VIOLS    ""             ;# filename - blank to skip; filename to fix crosstalk violations from a file
#@ 
#@ ###############################
#@ ## ECO Flow Variables
#@ ###############################
#@ set ICC_ECO_FLOW		"NONE" 	;# NONE|UNCONSTRAINED|FREEZE_SILICON
#@ ;# UNCONSTRAINED : NO spare cell insertion ; cells can be added (pre tapeout)
#@ ;# FREEZE_SILICON : spare cell insertion/freeze silicon ECO
#@ set ICC_SPARE_CELL_FILE         ""     	;# Tcl script to insert the spare cells, e.g. :
#@ ;# insert_spare_cells -lib_cell {INV8 DFF1} -cell_name spares -num_instances 300
#@ set ICC_ECO_FILE                ""     	;# a verilog netlist or Tcl file containing ECO changes - specify the file name and type of file using ICC_ECO_FLOW_TYPE
#@ set ICC_ECO_FLOW_TYPE		"verilog" ;# verilog | pt_drc_setup_fixing_tcl | pt_hold_fixing_tcl - specify type of ECO file for UNCONSTRAINED ICC_ECO_FLOW;
#@ ;# depending on the value specified, the commands used to read ECO file and place ECO cells vary;
#@ ;# specify verilog if you provide a functional eco file for ICC_ECO_FILE;
#@ ;# specify pt_drc_setup_fixing_tcl if you provide a change file generated by the PrimeTime fix_eco_drc or fix_eco_timing -setup commands;
#@ ;# specify pt_hold_fixing_tcl if you provide a change file generated by the PrimeTime fix_eco_timing -hold command
#@ set ICC_ECO_METAL_FILL_MODE	"early_stage" ;# early_stage | signoff_stage; only ICV is supported;
#@ ;# specify early stage to use ICV DRC based metal fill trimming (faster);
#@ ;# specify signoff_stage to perform complete ICV metal fill purge, ADR and metal fill insertion  
#@ 
#@ 
#@ ########################################################################################################################
#@ ############                        IC COMPILER DESIGN PLANNING SPECIFIC                         #######################   
#@ ############(variables for IC Compiler Design Planning and IC Compiler Hierarchical Reference Methodologies)  ##########
#@ ########################################################################################################################
#@ 
#@ ########################################################################################################################
#@ ## Common variables (applied to both IC Compiler Design Planning and IC Compiler Hierarchical Reference Methodologies )
#@ ########################################################################################################################
#@ 
#@ set ICC_DP_VERBOSE_REPORTING		FALSE		;# TRUE|FALSE; generate additional reports before placement
#@ set ICC_DP_SET_HFNS_AS_IDEAL_THRESHOLD	""		;# integer; specify a threshold to set nets with fanout larger than it as ideal nets
#@ set ICC_DP_SET_MIXED_AS_IDEAL		TRUE		;# TRUE|FALSE; set mixed clock/signal paths as ideal nets
#@ 
#@ set ICC_DP_FIX_MACRO_LIST		""		;# ""|skip|"a_list_of_macros"; unfix all macros OR skip fix OR fix specified macros before placement
#@ set CUSTOM_ICC_DP_PLACE_CONSTRAINT_SCRIPT ""            ;# Put your set_keepout_margin and fp_set_macro_placement_constraint in this file 
#@ set CUSTOM_ICC_DP_PREROUTE_STD_CELL_SCRIPT ""		;# File to perform customized preroute_standard_cell commands
#@ 
#@ ## PNS and PNA control variables
#@ set CUSTOM_ICC_DP_PNS_CONSTRAINT_SCRIPT ""              ;# File to add PNS constraints which is loaded before running PNS
#@ set PNS_POWER_NETS         		"${MW_POWER_NET} ${MW_GROUND_NET}" ;# Target nets for PNS; syntax is "your_power_net your_ground_net" 
#@ set PNS_POWER_BUDGET       		1000          	;# Unit in milliWatts; default is 1000
#@ set PNS_VOLTAGE_SUPPLY     		1.5           	;# Unit in Volts; default is 1.5
#@ set PNS_VIRTUAL_RAIL_LAYER 		""              ;# Specify the metal layer you want to use as virtual rail
#@ set PNS_OUTPUT_DIR         		"./pna_output"  ;# Output directory for PNS and PNA output files
#@ set PNA_EXTRACTION_TEMPERATURE		""		;# Float; set the wire extraction temperature for PNA. Optional.
#@ set PNA_EXTRACTION_CORNER		""		;# min|max; set the parasitic corner for RC extraction for PNA. Optional.
#@ 
#@ ###############################################################
#@ ## IC Compiler Hierarchical Reference Methodology Variables
#@ ###############################################################
#@ 
#@ set ICC_DP_PLAN_GROUPS		"$HIERARCHICAL_CELLS"	;# full module names from which plan groups will be created
#@ ;#   space deliminated list: "top/A top/B top/C"
#@ ;# default to $HIERARCHICAL_CELLS from common_setup.tcl if using Design Compiler Topographical
#@ set ICC_DP_PLANGROUP_FILE               ""              ;# floorplan file containing plan group creation and location which should be the output of write_floorplan
#@ 
#@ set ICC_DP_ALLOW_FEEDTHROUGH	        FALSE		;# TRUE|FALSE; allow feedthrough creation during pin assignment 
#@ 
#@ set CUSTOM_ICC_DP_PNS_SCRIPT 		""              ;# customized PNS script; replacing PNS section in scripts; for template based PNS, this is required
#@ set CUSTOM_ICC_DP_PNA_SCRIPT 		""              ;# customized PNA script; replacing PNA section in scripts
#@ 
#@ ## DFT-aware hierarchical design planning variables 
#@ set ICC_DP_DFT_FLOW			FALSE		;# TRUE|FALSE; enable DFT-aware hierarchical design planning flow; requires ICC_IN_FULL_CHIP_SCANDEF_FILE
#@ set ICC_IN_FULL_CHIP_SCANDEF_FILE "$DESIGN_NAME.mapped.expanded.scandef"		
#@ ;# full-chip SCANDEF file for DFT-aware hierarchical design planning flow (see $ICC_DP_DFT_FLOW)
#@ ;# used only in hierarchical design planning phase; not used or needed for block level implementations and top level assembly 
#@ 
#@ 
#@ 
#@ set BUDGETING_SDC_OUTPUT_DIR            "./sdc"         ;# budgeting SDC output directory; default is "./sdc"
#@ 
#@ 
#@ set ICC_TIO_BLOCK_LIST			""		;# a list of names of block references that are to be optimized by transparent interface optimization (TIO) at route_opt_icc;
#@ ;# default is "" (empty); if left empty, the list will be auto set to all blocks by prepare_block_dp task;
#@ ;# however you can change it to a sub set of blocks before route_opt_icc starts  
#@ set ICC_TIO_OPTIMIZE_BLOCK_INTERFACE    "TRUE"          ;# TRUE|FALSE; set to TRUE for TIO to optimize interface logic
#@ set ICC_TIO_OPTIMIZE_SHARED_LOGIC       "FALSE"         ;# TRUE|FALSE; set to TRUE for TIO to optimize shared logic; requires $ICC_TIO_OPTIMIZE_BLOCK_INTERFACE to be also enabled
#@ set ICC_TIO_HOST_OPTION_POOL_OPTION 	""		;# lsf|grd; this controls the -pool option for set_host_options for TIO
#@ set ICC_TIO_HOST_OPTION_SUBMIT_OPTIONS {}		;# controls the value of -submit_option option for set_host_options for TIO. 
#@ ;# If ICC_TIO_HOST_OPTION_POOL_OPTION is set to lsf, 
#@ ;# then lsf specific submit options should be specified and vice versa, for example, 
#@ ;# {-q bnormal -R "rusage\[mem=12000\]\cputype==emt64 cpuspeed==EMT3000 qsc==e"}
#@ ;# ICC_TIO_HOST_OPTION_POOL_OPTION and ICC_TIO_HOST_OPTION_SUBMIT_OPTIONS are required if
#@ ;# ICC_TIO_OPTIMIZE_BLOCK_INTERFACE is set to TRUE and ICC_TIO_BLOCK_LIST is not empty.
#@ 
#@ set ICC_TIO_WRITE_ECO_FILE              "FALSE"		;# TRUE|FALSE; set to TRUE for TIO to write out an ECO file to TIO_eco_changes directory
#@ 
#@ set ICC_IMPLEMENTATION_PHASE		"default"       ;# default|block|top; set it to block or top to disable tasks such as Milkyway design library creation,
#@ ;# importing of black boxes, scenario creation, voltage area creation, and power switch creation, etc 
#@ ;# in init_design_icc.tcl which should have been completed during design planning phase and should be skipped during 
#@ ;# block and top level implementation phases; also set it to top to enable TIO at route_opt_icc task;
#@ ;# if you are following IC Compiler Hierarchical RM step-by-step, please do not change this;
#@ ;# it will be automatically set to block or top for block or top level designs, respectively
#@ 
#@ set MW_SOFT_MACRO_LIBS                  ""       	;# a list containing paths to all block libraries; they will be added as reference libraries of the top level library
#@ ;# if you are following IC Compiler Hierarchical RM step-by-step, please do not change this;
#@ ;# it will be automatically set to include all block libraries in the design for top level implementation
#@ 
#@ ###############################################################################
#@ ## IC Compiler Design Planning Reference Methodology (Flat) Variables
#@ ###############################################################################
#@ 
#@ ## explore mode: flow control variables
#@ set ICC_DP_EXPLORE_MODE			TRUE		;# TRUE|FALSE; turn on exploration mode
#@ set ICC_DP_EXPLORE_STYLE		default		;# valid options are: default | placement_only | no_pns_pna | no_ipo
#@ ;# default: place -> PNS/PNA -> in-place optimization -> final groute, snapshot, QoR, timing, and outputs 
#@ ;# placement_only: skips pns/pna and in-place optimization from default | no_pns_pna: skips pna/pns from default 
#@ ;# | no_ipo: skips in-place optimization from default 
#@ set ICC_DP_EXPLORE_SAVE_CEL_EACH_STEP 	FALSE		;# TRUE|FALSE; save 3 additional CEL after placement, in-place optimization, and PNS in explore mode (requires more disk space)
#@ set ICC_DP_EXPLORE_REPORTING_EACH_STEP	FALSE		;# TRUE|FALSE; generate QoR snapshot and timing report after each step (longer run time)
#@ set ICC_DP_EXPLORE_USE_GLOBAL_ROUTE 	FALSE		
#@ set ICC_DP_EXPLORE_SAVE_CEL_AFTER_GROUTE TRUE		;# TRUE|FALSE; save 2 additional CEL after global route: one after placement and one at the end
#@ set ICC_DP_EXPLORE_CUSTOM_PG_SCRIPT	""		;# string; script to be loaded to create customized PG straps after placement in explore mode; 
#@ ;# valid only if ICC_DP_EXPLORE_STYLE is placement_only or no_pns_pna
#@ 
#@ ## explore mode: additional PNS control variables
#@ set PNS_TARGET_VOLTAGE_DROP     	250	        ;# Unit in milliVolts. Tool default is 10% of PNS_POWER_BUDGET
#@ set PNS_BLOCK_MODE         		FALSE           ;# TRUE|FALSE; specify if the design is block or top level; It turns on correspondant options in PNS and PNA
#@ set PNS_PAD_MASTERS        		""		;# Only for top level design with power pads. Specify cell masters for power pads, e.g. "pv0i.FRAM pv0a.FRAM"
#@ set PNS_PAD_INSTANCE_FILE  		""              ;# Only for top level design with power pads. Specify the file with a list of power pad instances
#@ set PNS_PAD_MASTER_FILE    		""		;# Only for top level design with power pads. Specify the file with a list of power pad masters
#@ ## Please provide only one of PNS_PAD_MASTERS, OR PNS_PAD_INSTANCE_FILE, OR PNS_PAD_MASTER_FILE 
#@ 
#@ #####################################################################################################################################
#@ ## NO NEED TO CHANGE THE FOLLOWING IF Design Compiler Reference Metholodgy IS USED PRIOR TO IC Compiler Reference Methodology
#@ #####################################################################################################################################
#@ set ICC_IN_VERILOG_NETLIST_FILE "$DESIGN_NAME.v" ;#1 to n verilog input files, spaced by blanks
#@ set ICC_IN_SDC_FILE             "$DESIGN_NAME.sdc"
#@ set ICC_IN_DDC_FILE             "$DESIGN_NAME.ddc"
#@ set ICC_IN_UPF_FILE             "$DESIGN_NAME.mapped.upf"
#@ set ICC_IN_SCAN_DEF_FILE        "" 			;# default from Design Compiler Reference Metholodgy is $DESIGN_NAME.mapped.scandef
#@ 
#@ ###################################################################################################################
#@ if {$upf_create_implicit_supply_sets} {
#@   # Starting G-2012.06 release, the variable upf_create_implicit_supply_sets enables creation of supply set handles
#@   # while creating power domains. Default is true.
#@   # The if clause is added to ensure it's changed only once per session. Refer to man page for details.
#@   # To change the value to false, please uncomment the following line :
#@ 
#@   set_app_var upf_create_implicit_supply_sets false
#@ }
#@ ###################################################################################################################
#@ 
#@ if {[info exists SEV(rpt_dir)]} {
#@   set REPORTS_DIR $SEV(rpt_dir)				;# Directory to write reports.
#@ } else {
#@   set REPORTS_DIR "../rpts/null"			;# Directory to write reports.
#@ }
#@ if {[info exists SEV(dst_dir)]} {
#@   set RESULTS_DIR $SEV(dst_dir)				;# Directory to write output data files
#@ } else {
#@   set RESULTS_DIR "../work/null"				;# Directory to write output data files
#@ }
#@ set MW_DESIGN_LIBRARY           "../work/${DESIGN_NAME}_LIB"    ;# milkyway design library
#@ set COPY_FROM_MW_DESIGN_LIBRARY "../../rm_dc/work/dc/${DESIGN_NAME}_LIB" ;# specify a milkyway design library if you want reference methodology to copy it as MW_DESIGN_LIBRARY
#@ ;# only applies if ICC_INIT_DESIGN_INPUT is set to Milkyway
#@ 
#@ set REPORTS_DIR_INIT_DESIGN                     $REPORTS_DIR
#@ set REPORTS_DIR_PLACE_OPT                       $REPORTS_DIR
#@ set REPORTS_DIR_CLOCK_OPT_CTS                   $REPORTS_DIR
#@ set REPORTS_DIR_CLOCK_OPT_PSYN                  $REPORTS_DIR
#@ set REPORTS_DIR_CLOCK_OPT_ROUTE                 $REPORTS_DIR
#@ set REPORTS_DIR_ROUTE                           $REPORTS_DIR
#@ set REPORTS_DIR_ROUTE_OPT                       $REPORTS_DIR
#@ set REPORTS_DIR_CHIP_FINISH                     $REPORTS_DIR
#@ set REPORTS_DIR_ECO                        	$REPORTS_DIR
#@ set REPORTS_DIR_FOCAL_OPT                       $REPORTS_DIR
#@ set REPORTS_DIR_SIGNOFF_OPT                     $REPORTS_DIR
#@ set REPORTS_DIR_METAL_FILL                      $REPORTS_DIR
#@ set REPORTS_DIR_DP            			$REPORTS_DIR
#@ set REPORTS_DIR_DP_CREATE_PLANGROUPS		$REPORTS_DIR
#@ set REPORTS_DIR_DP_ROUTEABILITY_ON_PLANGROUPS   $REPORTS_DIR
#@ set REPORTS_DIR_DP_PIN_ASSIGNMENT_BUDGETING     $REPORTS_DIR
#@ set REPORTS_DIR_DP_COMMIT                       $REPORTS_DIR
#@ set REPORTS_DIR_DP_PREPARE_BLOCK                $REPORTS_DIR
#@ set REPORTS_DIR_FORMALITY			$REPORTS_DIR
#@ 
#@ if { ! [file exists $REPORTS_DIR_INIT_DESIGN] } { file mkdir $REPORTS_DIR_INIT_DESIGN }
#@ if { ! [file exists $REPORTS_DIR_PLACE_OPT] } { file mkdir $REPORTS_DIR_PLACE_OPT }
#@ if { ! [file exists $REPORTS_DIR_CLOCK_OPT_CTS] } { file mkdir $REPORTS_DIR_CLOCK_OPT_CTS }
#@ if { ! [file exists $REPORTS_DIR_CLOCK_OPT_PSYN] } { file mkdir $REPORTS_DIR_CLOCK_OPT_PSYN }
#@ if { ! [file exists $REPORTS_DIR_CLOCK_OPT_ROUTE] } { file mkdir $REPORTS_DIR_CLOCK_OPT_ROUTE }
#@ if { ! [file exists $REPORTS_DIR_ROUTE] } { file mkdir $REPORTS_DIR_ROUTE }
#@ if { ! [file exists $REPORTS_DIR_ROUTE_OPT] } { file mkdir $REPORTS_DIR_ROUTE_OPT }
#@ if { ! [file exists $REPORTS_DIR_CHIP_FINISH] } { file mkdir $REPORTS_DIR_CHIP_FINISH }
#@ if { ! [file exists $REPORTS_DIR_ECO] } { file mkdir $REPORTS_DIR_ECO }
#@ if { ! [file exists $REPORTS_DIR_FOCAL_OPT] } { file mkdir $REPORTS_DIR_FOCAL_OPT }
#@ if { ! [file exists $REPORTS_DIR_SIGNOFF_OPT] } { file mkdir $REPORTS_DIR_SIGNOFF_OPT }
#@ if { ! [file exists $REPORTS_DIR_METAL_FILL] } { file mkdir $REPORTS_DIR_METAL_FILL }
#@ if { ! [file exists $REPORTS_DIR_DP] } { file mkdir $REPORTS_DIR_DP }
#@ if { ! [file exists $REPORTS_DIR_DP_CREATE_PLANGROUPS] } { file mkdir $REPORTS_DIR_DP_CREATE_PLANGROUPS }
#@ if { ! [file exists $REPORTS_DIR_DP_ROUTEABILITY_ON_PLANGROUPS] } { file mkdir $REPORTS_DIR_DP_ROUTEABILITY_ON_PLANGROUPS }
#@ if { ! [file exists $REPORTS_DIR_DP_PIN_ASSIGNMENT_BUDGETING] } { file mkdir $REPORTS_DIR_DP_PIN_ASSIGNMENT_BUDGETING }
#@ if { ! [file exists $REPORTS_DIR_DP_COMMIT] } { file mkdir $REPORTS_DIR_DP_COMMIT }
#@ if { ! [file exists $REPORTS_DIR_DP_PREPARE_BLOCK] } { file mkdir $REPORTS_DIR_DP_PREPARE_BLOCK }
#@ if { ! [file exists $REPORTS_DIR_FORMALITY] } { file mkdir $REPORTS_DIR_FORMALITY }
#@ 
#@ 
#@ ## Logical libraries
#@ set_app_var search_path	". ../../scripts_block/rm_icc_scripts ../../scripts_block/rm_icc_zrt_scripts ../../scripts_block/rm_icc_dp_scripts ../../rm_dc/work/dc $ADDITIONAL_SEARCH_PATH $search_path" 
#@ if {$synopsys_program_name != "mvrc"} {
#@   set_app_var target_library	"$TARGET_LIBRARY_FILES"
#@   set_app_var link_library	"* $TARGET_LIBRARY_FILES $ADDITIONAL_LINK_LIB_FILES"
#@ } else {
#@   set_app_var link_library	"$TARGET_LIBRARY_FILES $ADDITIONAL_LINK_LIB_FILES"
#@ }
#@ 
#@ if { ! [file exists $RESULTS_DIR] } {
#@   file mkdir $RESULTS_DIR
#@ }
#@ if { ! [file exists $REPORTS_DIR] } {
#@   file mkdir $REPORTS_DIR
#@ }
#@ 
#@ if {$synopsys_program_name == "icc_shell"} {
#@ 
#@ ## Min/Max library relationships
#@ #  For "set_operating_conditions -analysis_type on_chip_variation", it is not recommended if only -max is specified.
#@ #  (such as in rm_icc_scripts/mcmm.scenarios.example) 
#@ #  Only use it if both -max and -min of set_operating_conditions are specified and point to two different libraries
#@ #  and are characterized to model OCV effects of the same corner.
#@ if {$MIN_LIBRARY_FILES != "" } {
#@   foreach {max_library min_library} $MIN_LIBRARY_FILES {
#@     set_min_library $max_library -min_version $min_library
#@   }
#@ }
#@ 
#@ ## Reference libraries
#@ if { ![file exists [which $MW_REFERENCE_CONTROL_FILE]]} {
#@  if {[file exists $MW_DESIGN_LIBRARY/lib]} {
#@    set_mw_lib_reference $MW_DESIGN_LIBRARY -mw_reference_library "$MW_REFERENCE_LIB_DIRS $MW_SOFT_MACRO_LIBS"
#@  }
#@ }
#@ 
#@ ## PD4 is not always used
#@ if {![info exists PD4]} {set PD4 ""}
#@ 
#@ ## Avoiding too many messages
#@ set_message_info -id PSYN-040 -limit 10 ;# Dont_touch for fixed cells
#@ set_message_info -id PSYN-087 -limit 10 ;# Port inherits its location from pad pin
#@ set_message_info -id LINT-8   -limit 10 ;# input port is unloaded
#@ 
#@ set_app_var check_error_list "$check_error_list LINK-5 PSYN-375"
#@ 
#@ }
#@ 
#@ if {$synopsys_program_name == "fm_shell"} {
#@ set_app_var sh_new_variable_message false
#@ } 
#@ #################################################################################
#@ 
#@ source ../rm_setup/procs.tcl
#@ # -- Starting source ../rm_setup/procs.tcl

#@ # Synopsys Customer Education Services
#@ # IC Compiler Workshop series
#@ #
#@ # Tcl procedures to simplify life...
#@ 
#@ puts "\#\#\# Processing procs.tcl..."
#@ 
#@ create_command_group CES_procs
#@ set TOOLS_VIEW_PATH "../../../ref/tools"
#@ 
#@ # Get command results/reports in separate graphical tk window
#@ # This expects view.tk to be in the path, which is the other half
#@ # of this procedure!
#@ # Examples: view man compile,  view report_timing -max_paths 20
#@ #======================================================
#@ #Compatibility with VCS/DVE:
#@ if {[info exists uclidir]} {
#@         set view_proc_name tview
#@         alias v tview
#@ } else {
#@         set view_proc_name view
#@         alias v view
#@ }
#@ proc $view_proc_name {args} {
#@         global TOOLS_VIEW_PATH
#@         set VIEW_COMMAND $TOOLS_VIEW_PATH/view.tk
#@         if {$args == ""} {
#@                 puts "Please provide a command."
#@                 return
#@         }
#@ 
#@         if { [catch {open "| $VIEW_COMMAND \"$args\"" w} PIPE] } {
#@                 return "Can't open pipe for '$VIEW_COMMAND'"
#@         }
#@         redirect -channel $PIPE {uplevel $args}
#@         flush $PIPE
#@ }
#@ if {$view_proc_name == "view"} {
#@         define_proc_attributes $view_proc_name \
#@         -info "Display output of any command in a separate Tk window." \
#@         -command_group CES_procs \
#@         -define_args { {args "Command with arguments" args} }
#@ }
#@ 
#@ proc qor {name} {
#@         file mkdir reports
#@         create_qor_snapshot -name $name
#@         redirect -file reports/$name.qor_snapshot.rpt {report_qor_snapshot -no_display}
#@ }
#@ 
#@ # Generates statistics on the current session:
#@ # Rev 1.0
#@ # amins@synopsys.com
#@ proc host_stats {} {
#@         redirect -variable cated {exec cat /proc/cpuinfo}
#@         set cated [split $cated "\n"]
#@         foreach l $cated {
#@                 regexp {^model name\s*\:\s+(.+)$} $l m cpu_model
#@                 regexp {^cpu MHz\s*\:\s+(.+)$} $l m cpu_mhz
#@                 regexp {^cache size\s*\:\s+(\d+)} $l m cache_size
#@                 regexp {^processor\s*\:\s+(\d+)} $l m num_cores
#@         }
#@         incr num_cores
#@ 
#@         redirect -variable cated {exec cat /proc/meminfo}
#@         set cated [split $cated "\n"]
#@         foreach l $cated {
#@                 regexp {^MemTotal\s*\:\s+(\d+)} $l m mem_total
#@                 regexp {^MemFree\s*\:\s+(\d+)} $l m mem_free
#@         }
#@         set mem_total [format "%-6.2f" [expr $mem_total / 1024.0 / 1024.0]]
#@         set mem_free  [format "%-6.2f" [expr $mem_free  / 1024.0 / 1024.0]]
#@ 
#@         puts "####################################################"
#@         puts "##### Session information:"
#@         puts ""
#@         puts "    Date:              [date]"
#@         puts "    hostname:          [exec hostname]"
#@         puts "    uname -a:          [exec uname -a]"
#@         puts "    CPU model:         $cpu_model"
#@         puts "    CPU MHz:           $cpu_mhz"
#@         puts "    CPU cache:         $cache_size"
#@         puts "    Number of cores:   $num_cores"
#@         puts "    Total memory:      $mem_total GB"
#@         puts "    Free memory:       $mem_free GB"
#@         puts "    bin path:          $::bin_path"
#@         puts ""
#@         puts "####################################################"
#@ }
#@ define_proc_attributes host_stats \
#@         -info "Display statistics of the current host (server)" \
#@         -command_group CES_procs
#@ 
#@ 
#@ proc gui {} {
#@         uplevel {
#@                 if {$in_gui_session == false} {
#@                         gui_start
#@                 } else {
#@                         gui_stop
#@                         echo "... or just 'gui'"
#@                 }
#@         }
#@ }
#@ define_proc_attributes gui \
#@         -info "Start or stop the GUI" \
#@         -command_group CES_procs
#@ 
#@ alias vman "view man"
#@ 
#@ 
#@ #
#@ # Always Ask
#@ # This useful procedure is on solvnet, Doc Id  012959
#@ #
#@ proc aa {args} {
#@ 
#@         parse_proc_arguments -args $args results
#@ 
#@         echo "*********  Commands **********"
#@         help *$results(pattern)*
#@ 
#@         echo "********* Variables **********"
#@         uplevel "printvar *$results(pattern)*"
#@ 
#@         if {[info exists results(-verbose)]} {
#@                 echo "********* -help *************"
#@                 apropos *$results(pattern)*
#@         }
#@ }; # end proc
#@ 
#@ define_proc_attributes aa -info "always ask - Searches Synopsys help for both commands and variables" \
#@         -command_group CES_procs \
#@         -define_args {
#@                 {pattern "Pattern to search for" pattern string required}
#@                 {-verbose "Search -help as well" "" boolean optional}
#@         }
#@ 
#@ 
#@ #echo "The following procedures are defined for use in this workshop."
#@ #echo "They are NOT standard IC Compiler commands."
#@ help CES_procs
#@ 
#@ 
#@ # Define a few useful aliases for the class
#@ alias cs change_selection
#@ alias csa "change_selection -add"
#@ alias rt "report_timing -capacitance -transition_time -significant_digits 3"
#@ alias rts {report_timing -capacitance -transition_time -significant_digits 3 -scenarios [all_active_scenarios]}
#@ alias rc "report_constraint -all"
#@ alias rcs {report_constraint -all -scenarios [all_active_scenarios]}
#@ alias h history
#@ alias ac all_connected
#@ alias fo "all_fanout -from"
#@ alias fi "all_fanin -to"
#@ 
#@ history keep 100
#@ 
#@ set gui_online_browser "firefox"
#@ 
#@ # -- End source ../rm_setup/procs.tcl

#@ 
#@ puts "RM-Info: Completed script [info script]\n"
#@ # -- End source ../rm_setup/icc_setup.tcl

#@ open_mw_lib control_pad.mw 
#@ copy_mw_cel -from route -to spef 
#@ open_mw_cel spef
#@ 
#@ change_names -hierarchy -rules verilog
#@ # GUI Debug: Building dc from empty. -- Time: 1sec 853ms

#@ write_verilog -no_physical_only_cells \
#@ 		-no_unconnected_cells \
#@ 		-no_tap_cells \
#@ 		../output/control_pad_final.v
#@ 
#@ extract_rc -coupling_cap
#@ write_parasitics -output ../output/control_pad.spef -format SPEF -no_name_mapping 
#@ 
#@ # -- End source spef.tcl

start-gui
start_gui
#@ # -- Starting source /home/eda/synopsys/icc/T-2022.03/auxx/tcllib/lib/iwidgets4.1/iwidgets.tcl

#@ #
#@ # iwidgets.tcl
#@ # ----------------------------------------------------------------------
#@ # Invoked automatically by [incr Tk] upon startup to initialize
#@ # the [incr Widgets] package.
#@ # ----------------------------------------------------------------------
#@ #  AUTHOR: Mark L. Ulferts               EMAIL: mulferts@spd.dsccc.com
#@ #
#@ #  @(#) $Id: iwidgets.tcl.in,v 1.8 2017/07/07 19:06:40 dgp Exp $
#@ # ----------------------------------------------------------------------
#@ #                Copyright (c) 1995  Mark L. Ulferts
#@ # ======================================================================
#@ # See the file "license.terms" for information on usage and
#@ # redistribution of this file, and for a DISCLAIMER OF ALL WARRANTIES.
#@ 
#@ package require Tcl 8.0
#@ package require Tk 8.0
#@ package require Itcl 4.2.1
#@ if {[string length [package provide Itk]] == 0} {
#@     package forget Itk
#@     package forget itk
#@ }
#@ package require Itk [string index 4.2.1 0]
#@ 
#@ namespace eval ::iwidgets {
#@     namespace export *
#@ 
#@     variable library [file dirname [info script]]
#@     variable version 4.1.1
#@ 
#@     lappend auto_path $iwidgets::library
#@     variable subdir
#@     foreach subdir {generic scripts} {
#@ 	if {[file isdirectory [file join $iwidgets::library $subdir]]} {
#@ 	    lappend auto_path [file join $iwidgets::library $subdir]
#@ 	}
#@     }
#@     unset subdir
#@ }
#@ 
#@ package provide Iwidgets $iwidgets::version
#@ # -- End source /home/eda/synopsys/icc/T-2022.03/auxx/tcllib/lib/iwidgets4.1/iwidgets.tcl

#@ # -- Starting source /home/eda/synopsys/icc/T-2022.03/auxx/syn/fp/bw/pkgIndex.tcl

#@ if {[catch {package require Tcl}]} return
#@ package ifneeded BWidget 1.9.2 "\
#@     package require Tk 8.1.1;\
#@     [list tclPkgSetup $dir BWidget 1.9.2 {
#@ {arrow.tcl source {ArrowButton ArrowButton::create ArrowButton::use}}
#@ {labelframe.tcl source {LabelFrame LabelFrame::create LabelFrame::use}}
#@ {labelentry.tcl source {LabelEntry LabelEntry::create LabelEntry::use}}
#@ {bitmap.tcl source {Bitmap::get Bitmap::use}}
#@ {button.tcl source {Button Button::create Button::use}}
#@ {buttonbox.tcl source {ButtonBox ButtonBox::create ButtonBox::use}}
#@ {combobox.tcl source {ComboBox ComboBox::create ComboBox::use}}
#@ {label.tcl source {Label Label::create Label::use}}
#@ {entry.tcl source {Entry Entry::create Entry::use}}
#@ {pagesmgr.tcl source {PagesManager PagesManager::create PagesManager::use}}
#@ {notebook.tcl source {NoteBook NoteBook::create NoteBook::use}}
#@ {panedw.tcl source {PanedWindow PanedWindow::create PanedWindow::use}}
#@ {scrollw.tcl source {ScrolledWindow ScrolledWindow::create ScrolledWindow::use}}
#@ {scrollview.tcl source {ScrollView ScrollView::create ScrollView::use}}
#@ {scrollframe.tcl source {ScrollableFrame ScrollableFrame::create ScrollableFrame::use}}
#@ {panelframe.tcl source {PanelFrame PanelFrame::create PanelFrame::use}}
#@ {progressbar.tcl source {ProgressBar ProgressBar::create ProgressBar::use}}
#@ {progressdlg.tcl source {ProgressDlg ProgressDlg::create ProgressDlg::use}}
#@ {passwddlg.tcl source {PasswdDlg PasswdDlg::create PasswdDlg::use}}
#@ {dragsite.tcl source {DragSite::register DragSite::include DragSite::use}}
#@ {dropsite.tcl source {DropSite::register DropSite::include DropSite::use}}
#@ {separator.tcl source {Separator Separator::create Separator::use}}
#@ {spinbox.tcl source {SpinBox SpinBox::create SpinBox::use}}
#@ {statusbar.tcl source {StatusBar StatusBar::create StatusBar::use}}
#@ {titleframe.tcl source {TitleFrame TitleFrame::create TitleFrame::use}}
#@ {mainframe.tcl source {MainFrame MainFrame::create MainFrame::use}}
#@ {listbox.tcl source {ListBox ListBox::create ListBox::use}}
#@ {tree.tcl source {Tree Tree::create Tree::use}}
#@ {color.tcl source {SelectColor SelectColor::menu SelectColor::dialog SelectColor::setcolor}}
#@ {dynhelp.tcl source {DynamicHelp::configure DynamicHelp::use DynamicHelp::register DynamicHelp::include DynamicHelp::add DynamicHelp::delete}}
#@ {dialog.tcl source {Dialog Dialog::create Dialog::use}}
#@ {messagedlg.tcl source {MessageDlg MessageDlg::create MessageDlg::use}}
#@ {font.tcl source {SelectFont SelectFont::create SelectFont::use SelectFont::loadfont}}
#@ {widgetdoc.tcl source {Widget::generate-doc Widget::generate-widget-doc}}
#@ {wizard.tcl source {Wizard Wizard::create Wizard::use SimpleWizard ClassicWizard}}
#@ {xpm2image.tcl source {xpm-to-image}}
#@ }]; \
#@ 	[list namespace eval ::BWIDGET {}]; \
#@ 	[list set ::BWIDGET::LIBRARY $dir]; \
#@     [list source [file join $dir widget.tcl]]; \
#@     [list source [file join $dir init.tcl]]; \
#@     [list source [file join $dir utils.tcl]]; \
#@ "
#@ # -- End source /home/eda/synopsys/icc/T-2022.03/auxx/syn/fp/bw/pkgIndex.tcl

#@ # -- Starting source /home/eda/synopsys/icc/T-2022.03/auxx/tcllib/lib/iwidgets4.1/pkgIndex.tcl

#@ # Tcl package index file, version 1.0
#@ 
#@ package ifneeded Iwidgets 4.1.1 [list source [file join $dir iwidgets.tcl]]
#@ # -- End source /home/eda/synopsys/icc/T-2022.03/auxx/tcllib/lib/iwidgets4.1/pkgIndex.tcl

#@ # -- Starting source /home/eda/synopsys/icc/T-2022.03/auxx/tcllib/lib/tix8.4.3/pref/pkgIndex.tcl

#@ # -*-mode: tcl; fill-column: 75; tab-width: 8; coding: iso-latin-1-unix -*-
#@ #
#@ # Tcl package index file, version 1.0
#@ #
#@ # $Id: pkgIndex.tcl,v 1.2 2002/01/24 09:17:02 idiscovery Exp $
#@ #
#@ 
#@ package ifneeded wm_default 1.0 [list source [file join $dir WmDefault.tcl]]
#@ 
#@ # -- End source /home/eda/synopsys/icc/T-2022.03/auxx/tcllib/lib/tix8.4.3/pref/pkgIndex.tcl

#@ # -- Starting source /home/eda/synopsys/icc/T-2022.03/auxx/gui_legacy/syn/layout/pkgIndex.tcl

#@ ###
#@ ### This layout package is originally a snapshot of icc/layout 6/20/07.
#@ ### The version is bumped from 1.0 to 1.2 
#@ ### Subsequently merged with ICC on July 2007 and became the only version
#@ ### available 
#@ ### The migration of the package is to facilitate code sharing between
#@ ### applications which need layout view customizations.
#@ ###
#@ ### Updates:
#@ ###        added package snpsPathsSlackVM
#@ ###        added package snpsCellSlackVM 
#@ ###        added package snpsNetCapacitanceVM
#@ ###        added package snpsScanChainVM 
#@ 
#@ package ifneeded snpsVMDialogPathsSlack     1.2 [list source -direct [file join $dir DialogVMPathsSlack.tcl]]
#@ package ifneeded snpsVMDialogCellSlack      1.2 [list source -direct [file join $dir DialogVMCellSlack.tcl]]
#@ package ifneeded snpsVMDialogNetCapacitance 1.2 [list source -direct [file join $dir DialogVMNetCapacitance.tcl]]
#@ package ifneeded snpsVMDialogClockLT 1.2 [list source -direct [file join $dir DialogVMClockLT.tcl]]
#@ 
#@ package ifneeded snpsImportedPathPinsVM     1.2 [list source -direct [file join $dir snpsImportedPathPinsVM.tcl]]
#@ package ifneeded snpsPathsSlackVM     1.2 [list source -direct [file join $dir snpsPathsSlackVM.tcl]]
#@ package ifneeded snpsCellSlackVM      1.2 [list source -direct [file join $dir snpsCellSlackVM.tcl]]
#@ package ifneeded snpsIllegalCellPlacementVM      1.2 [list source -direct [file join $dir snpsIllegalCellPlacementVM.tcl]]
#@ package ifneeded snpsVoltageAreaVM      1.2 [list source -direct [file join $dir snpsVoltageAreaVM.tcl]]
#@ package ifneeded snpsXTalkVM      1.2 [list source -direct [file join $dir snpsXTalkVM.tcl]]
#@ package ifneeded snpsDeltaDelayVM      1.2 [list source -direct [file join $dir snpsDeltaDelayVM.tcl]]
#@ package ifneeded snpsNoiseVM      1.2 [list source -direct [file join $dir snpsNoiseVM.tcl]]
#@ package ifneeded snpsCellDisplacementVM      1.2 [list source -direct [file join $dir snpsCellDisplacementVM.tcl]]
#@ package ifneeded snpsAreaNetConnectionVM      1.2 [list source -direct [file join $dir snpsAreaNetConnectionVM.tcl]]
#@ package ifneeded snpsNetCapacitanceVM 1.2 [list source -direct [file join $dir snpsNetCapacitanceVM.tcl]]
#@ package ifneeded snpsClockLTVM 1.2 [list source -direct [file join $dir snpsClockLTVM.tcl]]
#@ package ifneeded snpsScanChainVM 1.2 [list source -direct [file join $dir snpsScanChainVM.tcl]]
#@ # -- End source /home/eda/synopsys/icc/T-2022.03/auxx/gui_legacy/syn/layout/pkgIndex.tcl

#@ # -- Starting source /home/eda/synopsys/icc/T-2022.03/auxx/gui_legacy/common/WindowFrameWork/pkgIndex.tcl

#@ # Tcl package index file, version 1.1
#@ # This file is generated by the "pkg_mkIndex" command
#@ # and sourced either when an application starts up or
#@ # by a "package unknown" script.  It invokes the
#@ # "package ifneeded" command to set up package-related
#@ # information so that packages will be loaded automatically
#@ # in response to "package require" commands.  When this
#@ # script is sourced, the variable $dir must contain the
#@ # full path name of this file's directory.
#@ 
#@ package ifneeded snpsWindowFrameWork 1.0 [list source -direct [file join $dir windowFrameWork.tcl]]
#@ package ifneeded snpsBusyCursorSkipList 1.0 [list source -direct [file join $dir skipBusyCursorCmdList.tcl]]
#@ # -- End source /home/eda/synopsys/icc/T-2022.03/auxx/gui_legacy/common/WindowFrameWork/pkgIndex.tcl

#@ # -- Starting source /home/eda/synopsys/icc/T-2022.03/auxx/gui_legacy/common/acg/pkgIndex.tcl

#@ # Tcl package index file, version 1.1
#@ # This file is generated by the "pkg_mkIndex" command
#@ # and sourced either when an application starts up or
#@ # by a "package unknown" script.  It invokes the
#@ # "package ifneeded" command to set up package-related
#@ # information so that packages will be loaded automatically
#@ # in response to "package require" commands.  When this
#@ # script is sourced, the variable $dir must contain the
#@ # full path name of this file's directory.
#@ 
#@ package ifneeded snpsAcg 1.0 [list source -direct [file join $dir base.tcl]]
#@ # -- End source /home/eda/synopsys/icc/T-2022.03/auxx/gui_legacy/common/acg/pkgIndex.tcl

#@ # -- Starting source /home/eda/synopsys/icc/T-2022.03/auxx/gui_legacy/common/commandform/pkgIndex.tcl

#@ # Tcl package index file, version 1.1
#@ # This file is generated by the "pkg_mkIndex" command
#@ # and sourced either when an application starts up or
#@ # by a "package unknown" script.  It invokes the
#@ # "package ifneeded" command to set up package-related
#@ # information so that packages will be loaded automatically
#@ # in response to "package require" commands.  When this
#@ # script is sourced, the variable $dir must contain the
#@ # full path name of this file's directory.
#@ 
#@ package ifneeded snpsCommandForm 1.0 [list source -direct [file join $dir commandform.tcl]]
#@ # -- End source /home/eda/synopsys/icc/T-2022.03/auxx/gui_legacy/common/commandform/pkgIndex.tcl

#@ # -- Starting source /home/eda/synopsys/icc/T-2022.03/auxx/gui_legacy/common/dialogs/pkgIndex.tcl

#@ # Tcl package index file, version 1.1
#@ # This file is generated by the "pkg_mkIndex" command
#@ # and sourced either when an application starts up or
#@ # by a "package unknown" script.  It invokes the
#@ # "package ifneeded" command to set up package-related
#@ # information so that packages will be loaded automatically
#@ # in response to "package require" commands.  When this
#@ # script is sourced, the variable $dir must contain the
#@ # full path name of this file's directory.
#@ 
#@ package ifneeded snpsDialogsBinsOnlyInformation 1.0 [list source -direct [file join $dir BinsOnlyInformation.tcl]]
#@ package ifneeded snpsDialogsCompileLinkDesign 1.0 [list source -direct [file join $dir CompileLinkDesign.tcl]]
#@ package ifneeded snpsDialogsFanInOutInfo 1.0 [list source -direct [file join $dir FanInOutInfo.tcl]]
#@ package ifneeded snpsDialogsFileChooser 1.0 [list source -direct [file join $dir FileChooser.tcl]]
#@ package ifneeded snpsDialogsHistBin1Information 1.0 [list source -direct [file join $dir HistBin1Information.tcl]]
#@ package ifneeded snpsDialogsHistBinInformation 1.0 [list source -direct [file join $dir HistBinInformation.tcl]]
#@ package ifneeded snpsDialogsHistBumpNoise 1.0 [list source -direct [file join $dir HistBumpNoise.tcl]]
#@ package ifneeded snpsDialogsHistBumpVoltage 1.0 [list source -direct [file join $dir HistBumpVoltage.tcl]]
#@ package ifneeded snpsDialogsHistDeltaDelay 1.0 [list source -direct [file join $dir HistDeltaDelay.tcl]]
#@ package ifneeded snpsDialogsClockMapInformation 1.0 [list source -direct [file join $dir ClockMapInformation.tcl]]
#@ package ifneeded snpsDialogsNumberOfLevelsChooser 1.0 [list source -direct [file join $dir NumberOfLevelsChooser.tcl]]
#@ package ifneeded snpsDialogsObjectChooser 1.0 [list source -direct [file join $dir ObjectChooser.tcl]]
#@ package ifneeded snpsDialogsObjectListInfo 1.0 [list source -direct [file join $dir ObjectListInfo.tcl]]
#@ package ifneeded snpsDialogsPathPinSimpleInfo 1.0 [list source -direct [file join $dir PathPinSimpleInfo.tcl]]
#@ package ifneeded snpsDialogsPathsBasicInfo 1.0 [list source -direct [file join $dir PathsBasicInfo.tcl]]
#@ package ifneeded snpsDialogsPathsBasicSimpleInfo 1.0 [list source -direct [file join $dir PathsBasicSimpleInfo.tcl]]
#@ package ifneeded snpsDialogsReportOutputOptionInfo 1.0 [list source -direct [file join $dir ReportOutputOptionInfo.tcl]]
#@ package ifneeded snpsDialogsSchematicWhatIf 1.0 [list source -direct [file join $dir SchematicWhatIf.tcl]]
#@ package ifneeded snpsDialogsSlctOperationInfo 1.0 [list source -direct [file join $dir SlctOperationInfo.tcl]]
#@ package ifneeded snpsDialogsWindowReuseInfo 1.0 [list source -direct [file join $dir WindowReuseInfo.tcl]]
#@ package ifneeded snpsDialogsPath 1.0 [list source -direct [file join $dir PathDialog.tcl]]
#@ # -- End source /home/eda/synopsys/icc/T-2022.03/auxx/gui_legacy/common/dialogs/pkgIndex.tcl

#@ # -- Starting source /home/eda/synopsys/icc/T-2022.03/auxx/gui_legacy/common/docBrowser/pkgIndex.tcl

#@ 
#@ package ifneeded snpsDocBrowser 1.0 [list source -direct [file join $dir docBrowser.tcl]]
#@ # -- End source /home/eda/synopsys/icc/T-2022.03/auxx/gui_legacy/common/docBrowser/pkgIndex.tcl

#@ # -- Starting source /home/eda/synopsys/icc/T-2022.03/auxx/gui_legacy/common/fanoutviewer/pkgIndex.tcl

#@ # Tcl package index file, version 1.1
#@ # This file is generated by the "pkg_mkIndex" command
#@ # and sourced either when an application starts up or
#@ # by a "package unknown" script.  It invokes the
#@ # "package ifneeded" command to set up package-related
#@ # information so that packages will be loaded automatically
#@ # in response to "package require" commands.  When this
#@ # script is sourced, the variable $dir must contain the
#@ # full path name of this file's directory.
#@ 
#@ package ifneeded snpsCTB 1.0 [list source -direct [file join $dir ctb.tcl]]
#@ package ifneeded snpsCTBInternal 1.0 [list source -direct [file join $dir ctbInternal.tcl]]
#@ package ifneeded snpsFanoutViewer 1.0 [list source -direct [file join $dir base.tcl]]
#@ # -- End source /home/eda/synopsys/icc/T-2022.03/auxx/gui_legacy/common/fanoutviewer/pkgIndex.tcl

#@ # -- Starting source /home/eda/synopsys/icc/T-2022.03/auxx/gui_legacy/common/hierarchy/pkgIndex.tcl

#@ # Tcl package index file, version 1.1
#@ # This file is generated by the "pkg_mkIndex" command
#@ # and sourced either when an application starts up or
#@ # by a "package unknown" script.  It invokes the
#@ # "package ifneeded" command to set up package-related
#@ # information so that packages will be loaded automatically
#@ # in response to "package require" commands.  When this
#@ # script is sourced, the variable $dir must contain the
#@ # full path name of this file's directory.
#@ 
#@ package ifneeded snpsDesignObjectBrowser 1.0 [list source -direct [file join $dir DesignObjectBrowser.tcl]]
#@ package ifneeded snpsHier 1.0 [list source -direct [file join $dir base.tcl]]
#@ package ifneeded snpsHier::children 1.0 [list source -direct [file join $dir children.tcl]]
#@ package ifneeded snpsHier::columns 1.0 [list source -direct [file join $dir columns.tcl]]
#@ package ifneeded snpsHier::dialogs 1.0 [list source -direct [file join $dir dialogs.tcl]]
#@ package ifneeded snpsHier::hierarchies 1.0 [list source -direct [file join $dir hierarchies.tcl]]
#@ package ifneeded snpsHier::rootFcts 1.0 [list source -direct [file join $dir rootFcts.tcl]]
#@ package ifneeded snpsHierExample1 1.0 [list source -direct [file join $dir Example1.tcl]]
#@ package ifneeded snpsHierExample2 1.0 [list source -direct [file join $dir Example2.tcl]]
#@ # -- End source /home/eda/synopsys/icc/T-2022.03/auxx/gui_legacy/common/hierarchy/pkgIndex.tcl

#@ # -- Starting source /home/eda/synopsys/icc/T-2022.03/auxx/gui_legacy/common/highlight/pkgIndex.tcl

#@ # Tcl package index file, version 1.1
#@ # This file is generated by the "pkg_mkIndex" command
#@ # and sourced either when an application starts up or
#@ # by a "package unknown" script.  It invokes the
#@ # "package ifneeded" command to set up package-related
#@ # information so that packages will be loaded automatically
#@ # in response to "package require" commands.  When this
#@ # script is sourced, the variable $dir must contain the
#@ # full path name of this file's directory.
#@ 
#@ package ifneeded Highlight 1.0 [list source -direct [file join $dir highlight.tcl]]
#@ package ifneeded snpsHighlight 1.0 [list source -direct [file join $dir highlight.tcl]]
#@ # -- End source /home/eda/synopsys/icc/T-2022.03/auxx/gui_legacy/common/highlight/pkgIndex.tcl

#@ # -- Starting source /home/eda/synopsys/icc/T-2022.03/auxx/gui_legacy/common/histogram/pkgIndex.tcl

#@ # Tcl package index file, version 1.1
#@ # This file is generated by the "pkg_mkIndex" command
#@ # and sourced either when an application starts up or
#@ # by a "package unknown" script.  It invokes the
#@ # "package ifneeded" command to set up package-related
#@ # information so that packages will be loaded automatically
#@ # in response to "package require" commands.  When this
#@ # script is sourced, the variable $dir must contain the
#@ # full path name of this file's directory.
#@ 
#@ package ifneeded snpsHistogram 1.0 [list source -direct [file join $dir base.tcl]]
#@ package ifneeded snpsHistogramDialogBottleneck 1.0 [list source -direct [file join $dir DialogBottleneck.tcl]]
#@ package ifneeded snpsHistogramDialogTable 1.0 [list source -direct [file join $dir DialogTable.tcl]]
#@ package ifneeded snpsHistogramDialogBumpNoise 1.0 [list source -direct [file join $dir DialogBumpNoise.tcl]]
#@ package ifneeded snpsHistogramDialogBumpVoltage 1.0 [list source -direct [file join $dir DialogBumpVoltage.tcl]]
#@ package ifneeded snpsHistogramDialogDRC 1.0 [list source -direct [file join $dir DialogDRC.tcl]]
#@ package ifneeded snpsHistogramDialogDeltaDelay 1.0 [list source -direct [file join $dir DialogDeltaDelay.tcl]]
#@ package ifneeded snpsHistogramDialogEndpointSlack 1.0 [list source -direct [file join $dir DialogEndpointSlack.tcl]]
#@ package ifneeded snpsHistogramDialogNetCapacitance 1.0 [list source -direct [file join $dir DialogNetCapacitance.tcl]]
#@ package ifneeded snpsHistogramDialogPathsSlack 1.0 [list source -direct [file join $dir DialogPathsSlack.tcl]]
#@ # -- End source /home/eda/synopsys/icc/T-2022.03/auxx/gui_legacy/common/histogram/pkgIndex.tcl

#@ # -- Starting source /home/eda/synopsys/icc/T-2022.03/auxx/gui_legacy/common/layout/pkgIndex.tcl

#@ package ifneeded snpsLayout                 1.2 [list source -direct [file join $dir layout.tcl]]
#@ package ifneeded snpsLayoutTools            1.2 [list source -direct [file join $dir snpsLayoutTools.tcl]]
#@ package ifneeded snpsLayoutLayers           1.2 [list source -direct [file join $dir layout_layers.tcl]]
#@ package ifneeded snpsLayoutTest             1.2 [list source -direct [file join $dir layout_test.tcl]]
#@ 
#@ package ifneeded colSrv                    1.2 [list source -direct [file join $dir colSrv.tcl]]
#@ package ifneeded snpsVM                     1.2 [list source -direct [file join $dir snpsVM.tcl]]
#@ package ifneeded snpsMM                     1.2 [list source -direct [file join $dir snpsMM.tcl]]
#@ 
#@ package ifneeded snpsLayoutPreferences      1.0 [list source -direct [file join $dir preferences.tcl]]
#@ # -- End source /home/eda/synopsys/icc/T-2022.03/auxx/gui_legacy/common/layout/pkgIndex.tcl

#@ # -- Starting source /home/eda/synopsys/icc/T-2022.03/auxx/gui_legacy/common/libviewer/pkgIndex.tcl

#@ # Tcl package index file, version 1.1
#@ # This file is generated by the "pkg_mkIndex" command
#@ # and sourced either when an application starts up or
#@ # by a "package unknown" script.  It invokes the
#@ # "package ifneeded" command to set up package-related
#@ # information so that packages will be loaded automatically
#@ # in response to "package require" commands.  When this
#@ # script is sourced, the variable $dir must contain the
#@ # full path name of this file's directory.
#@ 
#@ package ifneeded snpsLibViewer 1.0 [list source -direct [file join $dir base.tcl]]
#@ # -- End source /home/eda/synopsys/icc/T-2022.03/auxx/gui_legacy/common/libviewer/pkgIndex.tcl

#@ # -- Starting source /home/eda/synopsys/icc/T-2022.03/auxx/gui_legacy/common/menus/pkgIndex.tcl

#@ # Tcl package index file, version 1.1
#@ # This file is generated by the "pkg_mkIndex" command
#@ # and sourced either when an application starts up or
#@ # by a "package unknown" script.  It invokes the
#@ # "package ifneeded" command to set up package-related
#@ # information so that packages will be loaded automatically
#@ # in response to "package require" commands.  When this
#@ # script is sourced, the variable $dir must contain the
#@ # full path name of this file's directory.
#@ 
#@ package ifneeded snpsMenus 1.0 [list source -direct [file join $dir base.tcl]]
#@ # -- End source /home/eda/synopsys/icc/T-2022.03/auxx/gui_legacy/common/menus/pkgIndex.tcl

#@ # -- Starting source /home/eda/synopsys/icc/T-2022.03/auxx/gui_legacy/common/misc/pkgIndex.tcl

#@ # Tcl package index file, version 1.1
#@ # This file is generated by the "pkg_mkIndex" command
#@ # and sourced either when an application starts up or
#@ # by a "package unknown" script.  It invokes the
#@ # "package ifneeded" command to set up package-related
#@ # information so that packages will be loaded automatically
#@ # in response to "package require" commands.  When this
#@ # script is sourced, the variable $dir must contain the
#@ # full path name of this file's directory.
#@ 
#@ package ifneeded snpsCalculateWindowGeometry 1.0 [list source -direct [file join $dir calculateWindowGeometry.tcl]]
#@ package ifneeded snpsCommonViewMenu 1.0 [list source -direct [file join $dir viewmenu.tcl]]
#@ package ifneeded snpsCopyPaste 1.0 [list source -direct [file join $dir copyPaste.tcl]]
#@ package ifneeded snpsCreateViewType 1.0 [list source -direct [file join $dir createViewType.tcl]]
#@ package ifneeded snpsCurrInst 1.0 [list source -direct [file join $dir snpsCurrInst.tcl]]
#@ package ifneeded snpsDebug 1.0 [list source -direct [file join $dir debug.tcl]]
#@ package ifneeded snpsDemo 1.0 [list source -direct [file join $dir demo.tcl]]
#@ package ifneeded snpsFile 1.0 [list source -direct [file join $dir file.tcl]]
#@ package ifneeded snpsFollowNlFactory 1.0 [list source -direct [file join $dir followNlFactory.tcl]]
#@ package ifneeded snpsGuiMenuEnable 1.0 [list source -direct [file join $dir GuiMenuEnable.tcl]]
#@ package ifneeded snpsInfotips 1.0 [list source -direct [file join $dir infotip.tcl]]
#@ package ifneeded snpsLoadsDrivers 1.0 [list source -direct [file join $dir loadsDrivers.tcl]]
#@ package ifneeded snpsMisc 1.0 [list source -direct [file join $dir base.tcl]]
#@ package ifneeded snpsMiscAnchorPoint 1.0 [list source -direct [file join $dir anchor.tcl]]
#@ package ifneeded snpsMiscDialogObjectChooser 1.0 [list source -direct [file join $dir DialogObjectChooser.tcl]]
#@ package ifneeded snpsMiscEditMovebounds 1.0 [list source -direct [file join $dir EditMovebounds.tcl]]
#@ package ifneeded snpsMiscSetting 1.0 [list source -direct [file join $dir setting.tcl]]
#@ package ifneeded snpsMiscTiming 1.0 [list source -direct [file join $dir timing.tcl]]
#@ package ifneeded snpsMiscViewportHistory 1.0 [list source -direct [file join $dir viewporthistory.tcl]]
#@ package ifneeded snpsOutput 1.0 [list source -direct [file join $dir output.tcl]]
#@ package ifneeded snpsQObjectViewer 1.0 [list source -direct [file join $dir qobjectviewer.tcl]]
#@ package ifneeded snpsStack 1.0 [list source -direct [file join $dir stack.tcl]]
#@ package ifneeded snpsTypedText 1.0 [list source -direct [file join $dir typedText.tcl]]
#@ package ifneeded snpsViewMgr 1.0 [list source -direct [file join $dir viewmgr.tcl]]
#@ package ifneeded snpsMiscPreset 1.0 [list source -direct [file join $dir preset.tcl]]
#@ package ifneeded snpsTaskAssistant 1.0 [list source -direct [file join $dir taskassistant.tcl]]
#@ # -- End source /home/eda/synopsys/icc/T-2022.03/auxx/gui_legacy/common/misc/pkgIndex.tcl

#@ # -- Starting source /home/eda/synopsys/icc/T-2022.03/auxx/gui_legacy/common/mrupalette/pkgIndex.tcl

#@ # Tcl package index file, version 1.1
#@ # This file is generated by the "pkg_mkIndex" command
#@ # and sourced either when an application starts up or
#@ # by a "package unknown" script.  It invokes the
#@ # "package ifneeded" command to set up package-related
#@ # information so that packages will be loaded automatically
#@ # in response to "package require" commands.  When this
#@ # script is sourced, the variable $dir must contain the
#@ # full path name of this file's directory.
#@ 
#@ package ifneeded snpsMRUPalette 1.0 [list source -direct [file join $dir mrupalette.tcl]]
#@ # -- End source /home/eda/synopsys/icc/T-2022.03/auxx/gui_legacy/common/mrupalette/pkgIndex.tcl

#@ # -- Starting source /home/eda/synopsys/icc/T-2022.03/auxx/gui_legacy/common/opdlg/pkgIndex.tcl

#@ # Tcl package index file, version 1.1
#@ # This file is generated by the "pkg_mkIndex" command
#@ # and sourced either when an application starts up or
#@ # by a "package unknown" script.  It invokes the
#@ # "package ifneeded" command to set up package-related
#@ # information so that packages will be loaded automatically
#@ # in response to "package require" commands.  When this
#@ # script is sourced, the variable $dir must contain the
#@ # full path name of this file's directory.
#@ 
#@ package ifneeded snpsOpDlg 1.0 [list source -direct [file join $dir base.tcl]]\n[list source -direct [file join $dir data.tcl]]\n[list source -direct [file join $dir frame1.tcl]]
#@ # -- End source /home/eda/synopsys/icc/T-2022.03/auxx/gui_legacy/common/opdlg/pkgIndex.tcl

#@ # -- Starting source /home/eda/synopsys/icc/T-2022.03/auxx/gui_legacy/common/palettegroup/pkgIndex.tcl

#@ # Tcl package index file, version 1.1
#@ # This file is generated by the "pkg_mkIndex" command
#@ # and sourced either when an application starts up or
#@ # by a "package unknown" script.  It invokes the
#@ # "package ifneeded" command to set up package-related
#@ # information so that packages will be loaded automatically
#@ # in response to "package require" commands.  When this
#@ # script is sourced, the variable $dir must contain the
#@ # full path name of this file's directory.
#@ 
#@ package ifneeded snpsPaletteGroup 1.0 [list source -direct [file join $dir palettegroup.tcl]]
#@ # -- End source /home/eda/synopsys/icc/T-2022.03/auxx/gui_legacy/common/palettegroup/pkgIndex.tcl

#@ # -- Starting source /home/eda/synopsys/icc/T-2022.03/auxx/gui_legacy/common/pathinspector/pkgIndex.tcl

#@ # Tcl package index file, version 1.1
#@ # This file is generated by the "pkg_mkIndex" command
#@ # and sourced either when an application starts up or
#@ # by a "package unknown" script.  It invokes the
#@ # "package ifneeded" command to set up package-related
#@ # information so that packages will be loaded automatically
#@ # in response to "package require" commands.  When this
#@ # script is sourced, the variable $dir must contain the
#@ # full path name of this file's directory.
#@ 
#@ package ifneeded snpsPathInspector 1.0 [list source -direct [file join $dir base.tcl]]\n[list source -direct [file join $dir create_window_and_menu.tcl]]
#@ # -- End source /home/eda/synopsys/icc/T-2022.03/auxx/gui_legacy/common/pathinspector/pkgIndex.tcl

#@ # -- Starting source /home/eda/synopsys/icc/T-2022.03/auxx/gui_legacy/common/profiler/pkgIndex.tcl

#@ # Tcl package index file, version 1.1
#@ # This file is generated by the "pkg_mkIndex" command
#@ # and sourced either when an application starts up or
#@ # by a "package unknown" script.  It invokes the
#@ # "package ifneeded" command to set up package-related
#@ # information so that packages will be loaded automatically
#@ # in response to "package require" commands.  When this
#@ # script is sourced, the variable $dir must contain the
#@ # full path name of this file's directory.
#@ 
#@ package ifneeded snpsProfiler 1.0 [list source -direct [file join $dir base.tcl]]
#@ # -- End source /home/eda/synopsys/icc/T-2022.03/auxx/gui_legacy/common/profiler/pkgIndex.tcl

#@ # -- Starting source /home/eda/synopsys/icc/T-2022.03/auxx/gui_legacy/common/qtcl/pkgIndex.tcl

#@ # Tcl package index file, version 1.1
#@ # This file is generated by the "pkg_mkIndex" command
#@ # and sourced either when an application starts up or
#@ # by a "package unknown" script.  It invokes the
#@ # "package ifneeded" command to set up package-related
#@ # information so that packages will be loaded automatically
#@ # in response to "package require" commands.  When this
#@ # script is sourced, the variable $dir must contain the
#@ # full path name of this file's directory.
#@ 
#@ package ifneeded snpsQtcl 1.0           [list source -direct [file join $dir .synopsys_qtcl.tcl]]
#@ package ifneeded snpsQtclExtensions 1.0 [list source -direct [file join $dir qtcl_extensions.tcl]]
#@ # -- End source /home/eda/synopsys/icc/T-2022.03/auxx/gui_legacy/common/qtcl/pkgIndex.tcl

#@ # -- Starting source /home/eda/synopsys/icc/T-2022.03/auxx/gui_legacy/common/regressionToolkit/pkgIndex.tcl

#@ # Tcl package index file, version 1.1
#@ # This file is generated by the "pkg_mkIndex" command
#@ # and sourced either when an application starts up or
#@ # by a "package unknown" script.  It invokes the
#@ # "package ifneeded" command to set up package-related
#@ # information so that packages will be loaded automatically
#@ # in response to "package require" commands.  When this
#@ # script is sourced, the variable $dir must contain the
#@ # full path name of this file's directory.
#@ 
#@ package ifneeded snpsGUITest 1.0 [list source -direct [file join $dir base.tcl]]
#@ package ifneeded snpsDialogTest 1.0 [list source -direct [file join $dir dialogTest.tcl]]
#@ package ifneeded snpsCommandHelpTest 1.0 [list source -direct [file join $dir commandHelpTest.tcl]]
#@ package ifneeded snpsGUIAppSpecifics 1.0 [list source -direct [file join $dir appSpecifics.tcl]]
#@ package ifneeded snpsQtclCoreTests 1.0 [list source -direct [file join $dir snpsQtclCoreTests.tcl]]
#@ package ifneeded snpsTestBinning 1.0 [list source -direct [file join $dir binning.tcl]]
#@ package ifneeded snpsTestDialogAddFaninFanout 1.0 [list source -direct [file join $dir dialogAddFaninFanout.tcl]]
#@ package ifneeded snpsTestDialogAddPaths 1.0 [list source -direct [file join $dir dialogAddPaths.tcl]]
#@ package ifneeded snpsTestDialogEndpointSlackHistogram 1.0 [list source -direct [file join $dir dialogEndpointSlackHistogram.tcl]]
#@ package ifneeded snpsTestDialogNetCapacitanceHistogram 1.0 [list source -direct [file join $dir dialogNetCapacitanceHistogram.tcl]]
#@ package ifneeded snpsTestDialogObjectChooser 1.0 [list source -direct [file join $dir dialogObjectChooser.tcl]]
#@ package ifneeded snpsTestDialogPathsSlackHistogram 1.0 [list source -direct [file join $dir dialogPathsSlackHistogram.tcl]]
#@ package ifneeded snpsTestDialogs 1.0 [list source -direct [file join $dir dialogs.tcl]]
#@ package ifneeded snpsTestDialogSelectByName 1.0 [list source -direct [file join $dir dialogSelectByName.tcl]]
#@ package ifneeded snpsTestHistogram 1.0 [list source -direct [file join $dir histogram.tcl]]
#@ package ifneeded snpsTestList 1.0 [list source -direct [file join $dir list.tcl]]
#@ package ifneeded snpsTestListUtils 1.0 [list source -direct [file join $dir listUtils.tcl]]
#@ package ifneeded snpsTestMenu 1.0 [list source -direct [file join $dir menu.tcl]]
#@ package ifneeded snpsTestMouse 1.0 [list source -direct [file join $dir mouse.tcl]]
#@ package ifneeded snpsTestNl 1.0 [list source -direct [file join $dir nl.tcl]]
#@ package ifneeded snpsWriteXMLNl 1.0 [list source -direct [file join $dir writeXMLNl.tcl]]
#@ package ifneeded snpsTestObjectAtPoint 1.0 [list source -direct [file join $dir testObjectAtPoint.tcl]]
#@ # -- End source /home/eda/synopsys/icc/T-2022.03/auxx/gui_legacy/common/regressionToolkit/pkgIndex.tcl

#@ # -- Starting source /home/eda/synopsys/icc/T-2022.03/auxx/gui_legacy/common/schematic/pkgIndex.tcl

#@ # Tcl package index file, version 1.1
#@ # This file is generated by the "pkg_mkIndex" command
#@ # and sourced either when an application starts up or
#@ # by a "package unknown" script.  It invokes the
#@ # "package ifneeded" command to set up package-related
#@ # information so that packages will be loaded automatically
#@ # in response to "package require" commands.  When this
#@ # script is sourced, the variable $dir must contain the
#@ # full path name of this file's directory.
#@ 
#@ package ifneeded snpsSchematic 1.0 [list source -direct [file join $dir base.tcl]]
#@ package ifneeded snpsSchematicDialogPathSchematicAddFanInOut 1.0 [list source -direct [file join $dir DialogPathSchematicFanInOut.tcl]]
#@ package ifneeded snpsSchematicDialogPathSchematicAddPaths 1.0 [list source -direct [file join $dir DialogPathSchematicAddPaths.tcl]]
#@ package ifneeded snpsSchematicDialogSchematicSizeCell 1.0 [list source -direct [file join $dir DialogSchematicWhatIf.tcl]]
#@ package ifneeded snpsSchematicEnable 1.0 [list source -direct [file join $dir enable.tcl]]
#@ package ifneeded snpsSchematicMethod 1.0 [list source -direct [file join $dir method.tcl]]
#@ package ifneeded snpsSchematicNetlist 1.0 [list source -direct [file join $dir netlist.tcl]]
#@ package ifneeded snpsSchematicNetlistInternal 1.0 [list source -direct [file join $dir schematicNetlistInternal.tcl]]
#@ # -- End source /home/eda/synopsys/icc/T-2022.03/auxx/gui_legacy/common/schematic/pkgIndex.tcl

#@ # -- Starting source /home/eda/synopsys/icc/T-2022.03/auxx/gui_legacy/common/select/pkgIndex.tcl

#@ # Tcl package index file, version 1.1
#@ # This file is generated by the "pkg_mkIndex" command
#@ # and sourced either when an application starts up or
#@ # by a "package unknown" script.  It invokes the
#@ # "package ifneeded" command to set up package-related
#@ # information so that packages will be loaded automatically
#@ # in response to "package require" commands.  When this
#@ # script is sourced, the variable $dir must contain the
#@ # full path name of this file's directory.
#@ 
#@ package ifneeded snpsSelectDialogFanInOut 1.0 [list source -direct [file join $dir DialogSelectFanInOut.tcl]]
#@ package ifneeded snpsSelection 1.0 [list source -direct [file join $dir base.tcl]]
#@ package ifneeded snpsSelectionInternal 1.0 [list source -direct [file join $dir baseInternal.tcl]]
#@ # -- End source /home/eda/synopsys/icc/T-2022.03/auxx/gui_legacy/common/select/pkgIndex.tcl

#@ # -- Starting source /home/eda/synopsys/icc/T-2022.03/auxx/gui_legacy/common/setup/pkgIndex.tcl

#@ # Tcl package index file, version 1.1
#@ # This file is generated by the "pkg_mkIndex" command
#@ # and sourced either when an application starts up or
#@ # by a "package unknown" script.  It invokes the
#@ # "package ifneeded" command to set up package-related
#@ # information so that packages will be loaded automatically
#@ # in response to "package require" commands.  When this
#@ # script is sourced, the variable $dir must contain the
#@ # full path name of this file's directory.
#@ 
#@ package ifneeded snpsCommonSetup 1.0 [list source -direct [file join $dir snpsCommonSetup.tcl]]
#@ package ifneeded snpsCustomize 1.0 [list source -direct [file join $dir snpsCustomize.tcl]]
#@ package ifneeded snpsCollections 1.0 [list source -direct [file join $dir snpsCollections.tcl]]
#@ package ifneeded snpsProcheck 1.0 [list source -direct [file join $dir snpsProcheck.tcl]]
#@ # -- End source /home/eda/synopsys/icc/T-2022.03/auxx/gui_legacy/common/setup/pkgIndex.tcl

#@ # -- Starting source /home/eda/synopsys/icc/T-2022.03/auxx/gui_legacy/common/strokes/pkgIndex.tcl

#@ # Tcl package index file, version 1.1
#@ # This file is generated by the "pkg_mkIndex" command
#@ # and sourced either when an application starts up or
#@ # by a "package unknown" script.  It invokes the
#@ # "package ifneeded" command to set up package-related
#@ # information so that packages will be loaded automatically
#@ # in response to "package require" commands.  When this
#@ # script is sourced, the variable $dir must contain the
#@ # full path name of this file's directory.
#@ 
#@ package ifneeded strokes 1.0 [list source -direct [file join $dir stroke_defaults.tcl]]
#@ # -- End source /home/eda/synopsys/icc/T-2022.03/auxx/gui_legacy/common/strokes/pkgIndex.tcl

#@ # -- Starting source /home/eda/synopsys/icc/T-2022.03/auxx/gui_legacy/common/table/pkgIndex.tcl

#@ # Tcl package index file, version 1.1
#@ # This file is generated by the "pkg_mkIndex" command
#@ # and sourced either when an application starts up or
#@ # by a "package unknown" script.  It invokes the
#@ # "package ifneeded" command to set up package-related
#@ # information so that packages will be loaded automatically
#@ # in response to "package require" commands.  When this
#@ # script is sourced, the variable $dir must contain the
#@ # full path name of this file's directory.
#@ 
#@ package ifneeded snpsTable 1.0 [list source -direct [file join $dir table.tcl]]
#@ package ifneeded snpsTableInternal 1.0 [list source -direct [file join $dir table_internal.tcl]]
#@ package ifneeded snpsTableCustomize 1.0 [list source -direct [file join $dir table_customize.tcl]]
#@ # -- End source /home/eda/synopsys/icc/T-2022.03/auxx/gui_legacy/common/table/pkgIndex.tcl

#@ # -- Starting source /home/eda/synopsys/icc/T-2022.03/auxx/gui_legacy/common/tcl-dp/pkgIndex.tcl

#@ # Tcl package index file, version 1.1
#@ # This file is generated by the "pkg_mkIndex" command
#@ # and sourced either when an application starts up or
#@ # by a "package unknown" script.  It invokes the
#@ # "package ifneeded" command to set up package-related
#@ # information so that packages will be loaded automatically
#@ # in response to "package require" commands.  When this
#@ # script is sourced, the variable $dir must contain the
#@ # full path name of this file's directory.
#@ 
#@ package ifneeded EkkiInterProcessSelect 1.0 [list source -direct [file join $dir ekkiCrossSelect.tcl]]
#@ package ifneeded snpsInterProcessCommunication 1.0 [list source -direct [file join $dir serv.tcl]]
#@ package ifneeded snpsUpdateTimer 1.0 [list source -direct [file join $dir timer.tcl]]
#@ package ifneeded tcl-dp 1.0 [list source -direct [file join $dir acl.tcl]]\n[list source -direct [file join $dir distribObj.tcl]]\n[list source -direct [file join $dir dp_atclose.tcl]]\n[list source -direct [file join $dir dp_atexit.tcl]]\n[list source -direct [file join $dir ldelete.tcl]]\n[list source -direct [file join $dir oo.tcl]]\n[list source -direct [file join $dir rpc.tcl]]
#@ # -- End source /home/eda/synopsys/icc/T-2022.03/auxx/gui_legacy/common/tcl-dp/pkgIndex.tcl

#@ # -- Starting source /home/eda/synopsys/icc/T-2022.03/auxx/gui_legacy/common/tiledview/pkgIndex.tcl

#@ # Tcl package index file, version 1.1
#@ # This file is generated by the "pkg_mkIndex" command
#@ # and sourced either when an application starts up or
#@ # by a "package unknown" script.  It invokes the
#@ # "package ifneeded" command to set up package-related
#@ # information so that packages will be loaded automatically
#@ # in response to "package require" commands.  When this
#@ # script is sourced, the variable $dir must contain the
#@ # full path name of this file's directory.
#@ 
#@ package ifneeded snpsTiledView 1.0 [list source -direct [file join $dir tiledview.tcl]]
#@ # -- End source /home/eda/synopsys/icc/T-2022.03/auxx/gui_legacy/common/tiledview/pkgIndex.tcl

#@ # -- Starting source /home/eda/synopsys/icc/T-2022.03/auxx/gui_legacy/common/timing/pkgIndex.tcl

#@ # Tcl package index file, version 1.1
#@ # This file is generated by the "pkg_mkIndex" command
#@ # and sourced either when an application starts up or
#@ # by a "package unknown" script.  It invokes the
#@ # "package ifneeded" command to set up package-related
#@ # information so that packages will be loaded automatically
#@ # in response to "package require" commands.  When this
#@ # script is sourced, the variable $dir must contain the
#@ # full path name of this file's directory.
#@ 
#@ package ifneeded snpsTimingGUI 1.0 [list source -direct [file join $dir base.tcl]]
#@ 
#@ # -- End source /home/eda/synopsys/icc/T-2022.03/auxx/gui_legacy/common/timing/pkgIndex.tcl

#@ # -- Starting source /home/eda/synopsys/icc/T-2022.03/auxx/gui_legacy/common/tq/pkgIndex.tcl

#@ # Tcl package index file, version 1.1
#@ # This file is generated by the "pkg_mkIndex" command
#@ # and sourced either when an application starts up or
#@ # by a "package unknown" script.  It invokes the
#@ # "package ifneeded" command to set up package-related
#@ # information so that packages will be loaded automatically
#@ # in response to "package require" commands.  When this
#@ # script is sourced, the variable $dir must contain the
#@ # full path name of this file's directory.
#@ 
#@ package ifneeded snpsTkStyle 1.0 [list source -direct [file join $dir snpsTkStyle.tcl]]
#@ # -- End source /home/eda/synopsys/icc/T-2022.03/auxx/gui_legacy/common/tq/pkgIndex.tcl

#@ # -- Starting source /home/eda/synopsys/icc/T-2022.03/auxx/gui_legacy/common/view/pkgIndex.tcl

#@ # Tcl package index file, version 1.1
#@ # This file is generated by the "pkg_mkIndex" command
#@ # and sourced either when an application starts up or
#@ # by a "package unknown" script.  It invokes the
#@ # "package ifneeded" command to set up package-related
#@ # information so that packages will be loaded automatically
#@ # in response to "package require" commands.  When this
#@ # script is sourced, the variable $dir must contain the
#@ # full path name of this file's directory.
#@ 
#@ # -- End source /home/eda/synopsys/icc/T-2022.03/auxx/gui_legacy/common/view/pkgIndex.tcl

#@ # -- Starting source /home/eda/synopsys/icc/T-2022.03/auxx/gui_legacy/dv/pkgIndex.tcl

#@ 
#@ package ifneeded snpsPathAnalyzer 1.0 [list source -direct [file join $dir dv_path_cat_view.tcl]]
#@ # -- End source /home/eda/synopsys/icc/T-2022.03/auxx/gui_legacy/dv/pkgIndex.tcl

#@ # -- Starting source /home/eda/synopsys/icc/T-2022.03/auxx/syn/ors/pkgIndex.tcl

#@ package ifneeded snpsArchSolnORS 1.0 [list source [file join $dir ors.tbc]]\n
#@ package ifneeded snpsArchSolnCSL 1.0 [list source [file join $dir color_swap_legal.tbc]]\n
#@ package ifneeded snpsArchSolnVAC 1.0 [list source [file join $dir vacgen.tbc]]\n
#@ package ifneeded snpsArchSolnCPODE 1.0 [list source [file join $dir cpode_l2_rule.tbc]]\n
#@ # -- End source /home/eda/synopsys/icc/T-2022.03/auxx/syn/ors/pkgIndex.tcl

#@ # -- Starting source /home/eda/synopsys/icc/T-2022.03/auxx/tcllib/lib/itcl4.2.1/pkgIndex.tcl

#@ # Tcl package index file, version 1.0
#@ #
#@ # Do NOT try this command
#@ #
#@ #   if {![package vsatisfies [package provide Tcl] 8.6-]} {return}
#@ #
#@ # as a way to accept working with all of Tcl 8.6, Tcl 8.X, X>6, and
#@ # Tcl Y, for Y > 8.
#@ # Itcl is a binary package, added to an interp with [load].
#@ # There is no libitcl.so that will [load] into both Tcl 8 and Tcl 9.
#@ # The indexed libitcl.so was built to [load] into one or the other.
#@ # Thus the pkgIndex.tcl should only accept the version of Tcl for which
#@ # the indexed libitcl4.2.1.a was built.
#@ #
#@ # More work replacing the literal "8.6" below with the proper value substituted
#@ # by configure is the right way forward.
#@ 
#@ if {![package vsatisfies [package provide Tcl] 8.6]} {return}
#@ 
#@ package ifneeded itcl 4.2.1 [list load "libitcl-O.so" Itcl]
#@ package ifneeded Itcl 4.2.1 [list load "libitcl-O.so" Itcl]
#@ # -- End source /home/eda/synopsys/icc/T-2022.03/auxx/tcllib/lib/itcl4.2.1/pkgIndex.tcl

#@ # -- Starting source /home/eda/synopsys/icc/T-2022.03/auxx/tcllib/snps_tcl/snpsTclPro/pkgIndex.tcl

#@ # Tcl package index file, version 1.1
#@ # This file is generated by the "pkg_mkIndex -direct" command
#@ # and sourced either when an application starts up or
#@ # by a "package unknown" script.  It invokes the
#@ # "package ifneeded" command to set up package-related
#@ # information so that packages will be loaded automatically
#@ # in response to "package require" commands.  When this
#@ # script is sourced, the variable $dir must contain the
#@ # full path name of this file's directory.
#@ 
#@ package ifneeded snpsTclPro 1.0 [list source [file join $dir			snpsTclPro.tcl]]
#@ # -- End source /home/eda/synopsys/icc/T-2022.03/auxx/tcllib/snps_tcl/snpsTclPro/pkgIndex.tcl

#@ # -- Starting source /home/eda/synopsys/icc/T-2022.03/auxx/tcllib/snps_tcl/snpsTest/pkgIndex.tcl

#@ # Tcl package index file, version 1.1
#@ # This file is generated by the "pkg_mkIndex -direct" command
#@ # and sourced either when an application starts up or
#@ # by a "package unknown" script.  It invokes the
#@ # "package ifneeded" command to set up package-related
#@ # information so that packages will be loaded automatically
#@ # in response to "package require" commands.  When this
#@ # script is sourced, the variable $dir must contain the
#@ # full path name of this file's directory.
#@ 
#@ package ifneeded snpsTest 1.0 [list source [file join $dir snpsTest.tcl]]
#@ # -- End source /home/eda/synopsys/icc/T-2022.03/auxx/tcllib/snps_tcl/snpsTest/pkgIndex.tcl

#@ # -- Starting source /home/eda/synopsys/icc/T-2022.03/auxx/tcllib/snps_tcl/snpsUtils/pkgIndex.tcl

#@ # Tcl package index file, version 1.1
#@ # This file is generated by the "pkg_mkIndex -direct" command
#@ # and sourced either when an application starts up or
#@ # by a "package unknown" script.  It invokes the
#@ # "package ifneeded" command to set up package-related
#@ # information so that packages will be loaded automatically
#@ # in response to "package require" commands.  When this
#@ # script is sourced, the variable $dir must contain the
#@ # full path name of this file's directory.
#@ 
#@ package ifneeded snpsUtils 1.0 [list source [file join $dir snpsUtils.tcl]]
#@ # -- End source /home/eda/synopsys/icc/T-2022.03/auxx/tcllib/snps_tcl/snpsUtils/pkgIndex.tcl

#@ # -- Starting source /home/eda/synopsys/icc/T-2022.03/auxx/tcllib/snps_tcl/pkgIndex.tcl

#@ package ifneeded Itcl 3.4 {load {} Itcl}
#@ package ifneeded tbcload 1.7 {load {} tbcload}
#@ # -- End source /home/eda/synopsys/icc/T-2022.03/auxx/tcllib/snps_tcl/pkgIndex.tcl

#@ # -- Starting source /home/eda/synopsys/icc/T-2022.03/auxx/tcllib/lib/tcl8.6/dde/pkgIndex.tcl

#@ if {![package vsatisfies [package provide Tcl] 8.5]} return
#@ if {[info sharedlibextension] != ".dll"} return
#@ # -- End source /home/eda/synopsys/icc/T-2022.03/auxx/tcllib/lib/tcl8.6/dde/pkgIndex.tcl

#@ # -- Starting source /home/eda/synopsys/icc/T-2022.03/auxx/tcllib/lib/tcl8.6/http/pkgIndex.tcl

#@ if {![package vsatisfies [package provide Tcl] 8.6-]} {return}
#@ package ifneeded http 2.9.5 [list tclPkgSetup $dir http 2.9.5 {{http.tcl source {::http::config ::http::formatQuery ::http::geturl ::http::reset ::http::wait ::http::register ::http::unregister ::http::mapReply}}}]
#@ # -- End source /home/eda/synopsys/icc/T-2022.03/auxx/tcllib/lib/tcl8.6/http/pkgIndex.tcl

#@ # -- Starting source /home/eda/synopsys/icc/T-2022.03/auxx/tcllib/lib/tcl8.6/http1.0/pkgIndex.tcl

#@ # Tcl package index file, version 1.0
#@ # This file is generated by the "pkg_mkIndex" command
#@ # and sourced either when an application starts up or
#@ # by a "package unknown" script.  It invokes the
#@ # "package ifneeded" command to set up package-related
#@ # information so that packages will be loaded automatically
#@ # in response to "package require" commands.  When this
#@ # script is sourced, the variable $dir must contain the
#@ # full path name of this file's directory.
#@ 
#@ package ifneeded http 1.0 [list tclPkgSetup $dir http 1.0 {{http.tcl source {httpCopyDone httpCopyStart httpEof httpEvent httpFinish httpMapReply httpProxyRequired http_code http_config http_data http_formatQuery http_get http_reset http_size http_status http_wait}}}]
#@ # -- End source /home/eda/synopsys/icc/T-2022.03/auxx/tcllib/lib/tcl8.6/http1.0/pkgIndex.tcl

#@ # -- Starting source /home/eda/synopsys/icc/T-2022.03/auxx/tcllib/lib/tcl8.6/msgcat/pkgIndex.tcl

#@ if {![package vsatisfies [package provide Tcl] 8.5-]} {return}
#@ package ifneeded msgcat 1.6.1 [list source [file join $dir msgcat.tcl]]
#@ # -- End source /home/eda/synopsys/icc/T-2022.03/auxx/tcllib/lib/tcl8.6/msgcat/pkgIndex.tcl

#@ # -- Starting source /home/eda/synopsys/icc/T-2022.03/auxx/tcllib/lib/tcl8.6/opt/pkgIndex.tcl

#@ # Tcl package index file, version 1.1
#@ # This file is generated by the "pkg_mkIndex -direct" command
#@ # and sourced either when an application starts up or
#@ # by a "package unknown" script.  It invokes the
#@ # "package ifneeded" command to set up package-related
#@ # information so that packages will be loaded automatically
#@ # in response to "package require" commands.  When this
#@ # script is sourced, the variable $dir must contain the
#@ # full path name of this file's directory.
#@ 
#@ if {![package vsatisfies [package provide Tcl] 8.5-]} {return}
#@ package ifneeded opt 0.4.8 [list source [file join $dir optparse.tcl]]
#@ # -- End source /home/eda/synopsys/icc/T-2022.03/auxx/tcllib/lib/tcl8.6/opt/pkgIndex.tcl

#@ # -- Starting source /home/eda/synopsys/icc/T-2022.03/auxx/tcllib/lib/tcl8.6/platform/pkgIndex.tcl

#@ package ifneeded platform        1.0.15 [list source [file join $dir platform.tcl]]
#@ package ifneeded platform::shell 1.1.4 [list source [file join $dir shell.tcl]]
#@ 
#@ # -- End source /home/eda/synopsys/icc/T-2022.03/auxx/tcllib/lib/tcl8.6/platform/pkgIndex.tcl

#@ # -- Starting source /home/eda/synopsys/icc/T-2022.03/auxx/tcllib/lib/tcl8.6/reg/pkgIndex.tcl

#@ if {![package vsatisfies [package provide Tcl] 8.5]} return
#@ if {[info sharedlibextension] != ".dll"} return
#@ # -- End source /home/eda/synopsys/icc/T-2022.03/auxx/tcllib/lib/tcl8.6/reg/pkgIndex.tcl

#@ # -- Starting source /home/eda/synopsys/icc/T-2022.03/auxx/tcllib/lib/tcl8.6/tcltest/pkgIndex.tcl

#@ # Tcl package index file, version 1.1
#@ # This file is generated by the "pkg_mkIndex -direct" command
#@ # and sourced either when an application starts up or
#@ # by a "package unknown" script.  It invokes the
#@ # "package ifneeded" command to set up package-related
#@ # information so that packages will be loaded automatically
#@ # in response to "package require" commands.  When this
#@ # script is sourced, the variable $dir must contain the
#@ # full path name of this file's directory.
#@ 
#@ if {![package vsatisfies [package provide Tcl] 8.5-]} {return}
#@ package ifneeded tcltest 2.5.3 [list source [file join $dir tcltest.tcl]]
#@ # -- End source /home/eda/synopsys/icc/T-2022.03/auxx/tcllib/lib/tcl8.6/tcltest/pkgIndex.tcl

#@ # -- Starting source /home/eda/synopsys/icc/T-2022.03/auxx/syn/fp/bw/widget.tcl

#@ # ----------------------------------------------------------------------------
#@ #  widget.tcl
#@ #  This file is part of Unifix BWidget Toolkit
#@ #  $Id: widget.tcl,v 1.35 2009/07/02 16:22:18 oehhar Exp $
#@ # ----------------------------------------------------------------------------
#@ #  Index of commands:
#@ #     - Widget::tkinclude
#@ #     - Widget::bwinclude
#@ #     - Widget::declare
#@ #     - Widget::addmap
#@ #     - Widget::init
#@ #     - Widget::destroy
#@ #     - Widget::setoption
#@ #     - Widget::configure
#@ #     - Widget::cget
#@ #     - Widget::subcget
#@ #     - Widget::hasChanged
#@ #     - Widget::options
#@ #     - Widget::_get_tkwidget_options
#@ #     - Widget::_test_tkresource
#@ #     - Widget::_test_bwresource
#@ #     - Widget::_test_synonym
#@ #     - Widget::_test_string
#@ #     - Widget::_test_flag
#@ #     - Widget::_test_enum
#@ #     - Widget::_test_int
#@ #     - Widget::_test_boolean
#@ # ----------------------------------------------------------------------------
#@ # Each megawidget gets a namespace of the same name inside the Widget namespace
#@ # Each of these has an array opt, which contains information about the 
#@ # megawidget options.  It maps megawidget options to a list with this format:
#@ #     {optionType defaultValue isReadonly {additionalOptionalInfo}}
#@ # Option types and their additional optional info are:
#@ #	TkResource	{genericTkWidget genericTkWidgetOptionName}
#@ #	BwResource	{nothing}
#@ #	Enum		{list of enumeration values}
#@ #	Int		{Boundary information}
#@ #	Boolean		{nothing}
#@ #	String		{nothing}
#@ #	Flag		{string of valid flag characters}
#@ #	Synonym		{nothing}
#@ #	Color		{nothing}
#@ #
#@ # Next, each namespace has an array map, which maps class options to their
#@ # component widget options:
#@ #	map(-foreground) => {.e -foreground .f -foreground}
#@ #
#@ # Each has an array ${path}:opt, which contains the value of each megawidget
#@ # option for a particular instance $path of the megawidget, and an array
#@ # ${path}:mod, which stores the "changed" status of configuration options.
#@ 
#@ # Steps for creating a bwidget megawidget:
#@ # 1. parse args to extract subwidget spec
#@ # 2. Create frame with appropriate class and command line options
#@ # 3. Get initialization options from optionDB, using frame
#@ # 4. create subwidgets
#@ 
#@ # Uses newer string operations
#@ package require Tcl 8.1.1
#@ 
#@ namespace eval Widget {
#@     variable _optiontype
#@     variable _class
#@     variable _tk_widget
#@ 
#@     # This controls whether we try to use themed widgets from Tile
#@     variable _theme 0
#@ 
#@     variable _aqua [expr {($::tcl_version >= 8.4) &&
#@ 			  [string equal [tk windowingsystem] "aqua"]}]
#@ 
#@     array set _optiontype {
#@         TkResource Widget::_test_tkresource
#@         BwResource Widget::_test_bwresource
#@         Enum       Widget::_test_enum
#@         Int        Widget::_test_int
#@         Boolean    Widget::_test_boolean
#@         String     Widget::_test_string
#@         Flag       Widget::_test_flag
#@         Synonym    Widget::_test_synonym
#@         Color      Widget::_test_color
#@         Padding    Widget::_test_padding
#@     }
#@ 
#@     proc use {} {}
#@ }
#@ 
#@ 
#@ # ----------------------------------------------------------------------------
#@ #  Command Widget::tkinclude
#@ #     Includes tk widget resources to BWidget widget.
#@ #  class      class name of the BWidget
#@ #  tkwidget   tk widget to include
#@ #  subpath    subpath to configure
#@ #  args       additionnal args for included options
#@ # ----------------------------------------------------------------------------
#@ proc Widget::tkinclude { class tkwidget subpath args } {
#@     foreach {cmd lopt} $args {
#@         # cmd can be
#@         #   include      options to include            lopt = {opt ...}
#@         #   remove       options to remove             lopt = {opt ...}
#@         #   rename       options to rename             lopt = {opt newopt ...}
#@         #   prefix       options to prefix             lopt = {pref opt opt ..}
#@         #   initialize   set default value for options lopt = {opt value ...}
#@         #   readonly     set readonly flag for options lopt = {opt flag ...}
#@         switch -- $cmd {
#@             remove {
#@                 foreach option $lopt {
#@                     set remove($option) 1
#@                 }
#@             }
#@             include {
#@                 foreach option $lopt {
#@                     set include($option) 1
#@                 }
#@             }
#@             prefix {
#@                 set prefix [lindex $lopt 0]
#@                 foreach option [lrange $lopt 1 end] {
#@                     set rename($option) "-$prefix[string range $option 1 end]"
#@                 }
#@             }
#@             rename     -
#@             readonly   -
#@             initialize {
#@                 array set $cmd $lopt
#@             }
#@             default {
#@                 return -code error "invalid argument \"$cmd\""
#@             }
#@         }
#@     }
#@ 
#@     namespace eval $class {}
#@     upvar 0 ${class}::opt classopt
#@     upvar 0 ${class}::map classmap
#@     upvar 0 ${class}::map$subpath submap
#@     upvar 0 ${class}::optionExports exports
#@ 
#@     set foo [$tkwidget ".ericFoo###"]
#@     # create resources informations from tk widget resources
#@     foreach optdesc [_get_tkwidget_options $tkwidget] {
#@         set option [lindex $optdesc 0]
#@         if { (![info exists include] || [info exists include($option)]) &&
#@              ![info exists remove($option)] } {
#@             if { [llength $optdesc] == 3 } {
#@                 # option is a synonym
#@                 set syn [lindex $optdesc 1]
#@                 if { ![info exists remove($syn)] } {
#@                     # original option is not removed
#@                     if { [info exists rename($syn)] } {
#@                         set classopt($option) [list Synonym $rename($syn)]
#@                     } else {
#@                         set classopt($option) [list Synonym $syn]
#@                     }
#@                 }
#@             } else {
#@                 if { [info exists rename($option)] } {
#@                     set realopt $option
#@                     set option  $rename($option)
#@                 } else {
#@                     set realopt $option
#@                 }
#@                 if { [info exists initialize($option)] } {
#@                     set value $initialize($option)
#@                 } else {
#@                     set value [lindex $optdesc 1]
#@                 }
#@                 if { [info exists readonly($option)] } {
#@                     set ro $readonly($option)
#@                 } else {
#@                     set ro 0
#@                 }
#@                 set classopt($option) \
#@ 			[list TkResource $value $ro [list $tkwidget $realopt]]
#@ 
#@ 		# Add an option database entry for this option
#@ 		set optionDbName ".[lindex [_configure_option $realopt ""] 0]"
#@ 		if { ![string equal $subpath ":cmd"] } {
#@ 		    set optionDbName "$subpath$optionDbName"
#@ 		}
#@ 		option add *${class}$optionDbName $value widgetDefault
#@ 		lappend exports($option) "$optionDbName"
#@ 
#@ 		# Store the forward and backward mappings for this
#@ 		# option <-> realoption pair
#@                 lappend classmap($option) $subpath "" $realopt
#@ 		set submap($realopt) $option
#@             }
#@         }
#@     }
#@     ::destroy $foo
#@ }
#@ 
#@ 
#@ # ----------------------------------------------------------------------------
#@ #  Command Widget::bwinclude
#@ #     Includes BWidget resources to BWidget widget.
#@ #  class    class name of the BWidget
#@ #  subclass BWidget class to include
#@ #  subpath  subpath to configure
#@ #  args     additionnal args for included options
#@ # ----------------------------------------------------------------------------
#@ proc Widget::bwinclude { class subclass subpath args } {
#@     foreach {cmd lopt} $args {
#@         # cmd can be
#@         #   include      options to include            lopt = {opt ...}
#@         #   remove       options to remove             lopt = {opt ...}
#@         #   rename       options to rename             lopt = {opt newopt ...}
#@         #   prefix       options to prefix             lopt = {prefix opt opt ...}
#@         #   initialize   set default value for options lopt = {opt value ...}
#@         #   readonly     set readonly flag for options lopt = {opt flag ...}
#@         switch -- $cmd {
#@             remove {
#@                 foreach option $lopt {
#@                     set remove($option) 1
#@                 }
#@             }
#@             include {
#@                 foreach option $lopt {
#@                     set include($option) 1
#@                 }
#@             }
#@             prefix {
#@                 set prefix [lindex $lopt 0]
#@                 foreach option [lrange $lopt 1 end] {
#@                     set rename($option) "-$prefix[string range $option 1 end]"
#@                 }
#@             }
#@             rename     -
#@             readonly   -
#@             initialize {
#@                 array set $cmd $lopt
#@             }
#@             default {
#@                 return -code error "invalid argument \"$cmd\""
#@             }
#@         }
#@     }
#@ 
#@     namespace eval $class {}
#@     upvar 0 ${class}::opt classopt
#@     upvar 0 ${class}::map classmap
#@     upvar 0 ${class}::map$subpath submap
#@     upvar 0 ${class}::optionExports exports
#@     upvar 0 ${subclass}::opt subclassopt
#@     upvar 0 ${subclass}::optionExports subexports
#@ 
#@     # create resources informations from BWidget resources
#@     foreach {option optdesc} [array get subclassopt] {
#@ 	set subOption $option
#@         if { (![info exists include] || [info exists include($option)]) &&
#@              ![info exists remove($option)] } {
#@             set type [lindex $optdesc 0]
#@             if { [string equal $type "Synonym"] } {
#@                 # option is a synonym
#@                 set syn [lindex $optdesc 1]
#@                 if { ![info exists remove($syn)] } {
#@                     if { [info exists rename($syn)] } {
#@                         set classopt($option) [list Synonym $rename($syn)]
#@                     } else {
#@                         set classopt($option) [list Synonym $syn]
#@                     }
#@                 }
#@             } else {
#@                 if { [info exists rename($option)] } {
#@                     set realopt $option
#@                     set option  $rename($option)
#@                 } else {
#@                     set realopt $option
#@                 }
#@                 if { [info exists initialize($option)] } {
#@                     set value $initialize($option)
#@                 } else {
#@                     set value [lindex $optdesc 1]
#@                 }
#@                 if { [info exists readonly($option)] } {
#@                     set ro $readonly($option)
#@                 } else {
#@                     set ro [lindex $optdesc 2]
#@                 }
#@                 set classopt($option) \
#@ 			[list $type $value $ro [lindex $optdesc 3]]
#@ 
#@ 		# Add an option database entry for this option
#@ 		foreach optionDbName $subexports($subOption) {
#@ 		    if { ![string equal $subpath ":cmd"] } {
#@ 			set optionDbName "$subpath$optionDbName"
#@ 		    }
#@ 		    # Only add the option db entry if we are overriding the
#@ 		    # normal widget default
#@ 		    if { [info exists initialize($option)] } {
#@ 			option add *${class}$optionDbName $value \
#@ 				widgetDefault
#@ 		    }
#@ 		    lappend exports($option) "$optionDbName"
#@ 		}
#@ 
#@ 		# Store the forward and backward mappings for this
#@ 		# option <-> realoption pair
#@                 lappend classmap($option) $subpath $subclass $realopt
#@ 		set submap($realopt) $option
#@             }
#@         }
#@     }
#@ }
#@ 
#@ 
#@ # ----------------------------------------------------------------------------
#@ #  Command Widget::declare
#@ #    Declares new options to BWidget class.
#@ # ----------------------------------------------------------------------------
#@ proc Widget::declare { class optlist } {
#@     variable _optiontype
#@ 
#@     namespace eval $class {}
#@     upvar 0 ${class}::opt classopt
#@     upvar 0 ${class}::optionExports exports
#@     upvar 0 ${class}::optionClass optionClass
#@ 
#@     foreach optdesc $optlist {
#@         set option  [lindex $optdesc 0]
#@         set optdesc [lrange $optdesc 1 end]
#@         set type    [lindex $optdesc 0]
#@ 
#@         if { ![info exists _optiontype($type)] } {
#@             # invalid resource type
#@             return -code error "invalid option type \"$type\""
#@         }
#@ 
#@         if { [string equal $type "Synonym"] } {
#@             # test existence of synonym option
#@             set syn [lindex $optdesc 1]
#@             if { ![info exists classopt($syn)] } {
#@                 return -code error "unknow option \"$syn\" for Synonym \"$option\""
#@             }
#@             set classopt($option) [list Synonym $syn]
#@             continue
#@         }
#@ 
#@         # all other resource may have default value, readonly flag and
#@         # optional arg depending on type
#@         set value [lindex $optdesc 1]
#@         set ro    [lindex $optdesc 2]
#@         set arg   [lindex $optdesc 3]
#@ 
#@         if { [string equal $type "BwResource"] } {
#@             # We don't keep BwResource. We simplify to type of sub BWidget
#@             set subclass    [lindex $arg 0]
#@             set realopt     [lindex $arg 1]
#@             if { ![string length $realopt] } {
#@                 set realopt $option
#@             }
#@ 
#@             upvar 0 ${subclass}::opt subclassopt
#@             if { ![info exists subclassopt($realopt)] } {
#@                 return -code error "unknow option \"$realopt\""
#@             }
#@             set suboptdesc $subclassopt($realopt)
#@             if { $value == "" } {
#@                 # We initialize default value
#@                 set value [lindex $suboptdesc 1]
#@             }
#@             set type [lindex $suboptdesc 0]
#@             set ro   [lindex $suboptdesc 2]
#@             set arg  [lindex $suboptdesc 3]
#@ 	    set optionDbName ".[lindex [_configure_option $option ""] 0]"
#@ 	    option add *${class}${optionDbName} $value widgetDefault
#@ 	    set exports($option) $optionDbName
#@             set classopt($option) [list $type $value $ro $arg]
#@             continue
#@         }
#@ 
#@         # retreive default value for TkResource
#@         if { [string equal $type "TkResource"] } {
#@             set tkwidget [lindex $arg 0]
#@ 	    set foo [$tkwidget ".ericFoo##"]
#@             set realopt  [lindex $arg 1]
#@             if { ![string length $realopt] } {
#@                 set realopt $option
#@             }
#@             set tkoptions [_get_tkwidget_options $tkwidget]
#@             if { ![string length $value] } {
#@                 # We initialize default value
#@ 		set ind [lsearch $tkoptions [list $realopt *]]
#@                 set value [lindex [lindex $tkoptions $ind] end]
#@             }
#@ 	    set optionDbName ".[lindex [_configure_option $option ""] 0]"
#@ 	    option add *${class}${optionDbName} $value widgetDefault
#@ 	    set exports($option) $optionDbName
#@             set classopt($option) [list TkResource $value $ro \
#@ 		    [list $tkwidget $realopt]]
#@ 	    set optionClass($option) [lindex [$foo configure $realopt] 1]
#@ 	    ::destroy $foo
#@             continue
#@         }
#@ 
#@ 	set optionDbName ".[lindex [_configure_option $option ""] 0]"
#@ 	option add *${class}${optionDbName} $value widgetDefault
#@ 	set exports($option) $optionDbName
#@         # for any other resource type, we keep original optdesc
#@         set classopt($option) [list $type $value $ro $arg]
#@     }
#@ }
#@ 
#@ 
#@ proc Widget::define { class filename args } {
#@     variable ::BWidget::use
#@     set use($class)      $args
#@     set use($class,file) $filename
#@     lappend use(classes) $class
#@ 
#@     if {[set x [lsearch -exact $args "-classonly"]] > -1} {
#@ 	set args [lreplace $args $x $x]
#@     } else {
#@ 	interp alias {} ::${class} {} ${class}::create
#@ 	proc ::${class}::use {} {}
#@ 
#@ 	bind $class <Destroy> [list Widget::destroy %W]
#@     }
#@ 
#@     foreach class $args { ${class}::use }
#@ }
#@ 
#@ 
#@ proc Widget::create { class path {rename 1} } {
#@     if {$rename} { rename $path ::$path:cmd }
#@     proc ::$path { cmd args } \
#@     	[subst {return \[eval \[linsert \$args 0 ${class}::\$cmd [list $path]\]\]}]
#@     return $path
#@ }
#@ 
#@ 
#@ # ----------------------------------------------------------------------------
#@ #  Command Widget::addmap
#@ # ----------------------------------------------------------------------------
#@ proc Widget::addmap { class subclass subpath options } {
#@     upvar 0 ${class}::opt classopt
#@     upvar 0 ${class}::optionExports exports
#@     upvar 0 ${class}::optionClass optionClass
#@     upvar 0 ${class}::map classmap
#@     upvar 0 ${class}::map$subpath submap
#@ 
#@     foreach {option realopt} $options {
#@         if { ![string length $realopt] } {
#@             set realopt $option
#@         }
#@ 	set val [lindex $classopt($option) 1]
#@ 	set optDb ".[lindex [_configure_option $realopt ""] 0]"
#@ 	if { ![string equal $subpath ":cmd"] } {
#@ 	    set optDb "$subpath$optDb"
#@ 	}
#@ 	option add *${class}${optDb} $val widgetDefault
#@ 	lappend exports($option) $optDb
#@ 	# Store the forward and backward mappings for this
#@ 	# option <-> realoption pair
#@         lappend classmap($option) $subpath $subclass $realopt
#@ 	set submap($realopt) $option
#@     }
#@ }
#@ 
#@ 
#@ # ----------------------------------------------------------------------------
#@ #  Command Widget::syncoptions
#@ # ----------------------------------------------------------------------------
#@ proc Widget::syncoptions { class subclass subpath options } {
#@     upvar 0 ${class}::sync classync
#@ 
#@     foreach {option realopt} $options {
#@         if { ![string length $realopt] } {
#@             set realopt $option
#@         }
#@         set classync($option) [list $subpath $subclass $realopt]
#@     }
#@ }
#@ 
#@ 
#@ # ----------------------------------------------------------------------------
#@ #  Command Widget::init
#@ # ----------------------------------------------------------------------------
#@ proc Widget::init { class path options } {
#@     variable _inuse
#@     variable _class
#@     variable _optiontype
#@ 
#@     upvar 0 ${class}::opt classopt
#@     upvar 0 ${class}::$path:opt  pathopt
#@     upvar 0 ${class}::$path:mod  pathmod
#@     upvar 0 ${class}::map classmap
#@     upvar 0 ${class}::$path:init pathinit
#@ 
#@     if { [info exists pathopt] } {
#@ 	unset pathopt
#@     }
#@     if { [info exists pathmod] } {
#@ 	unset pathmod
#@     }
#@     # We prefer to use the actual widget for option db queries, but if it
#@     # doesn't exist yet, do the next best thing:  create a widget of the
#@     # same class and use that.
#@     set fpath $path
#@     set rdbclass [string map [list :: ""] $class]
#@     if { ![winfo exists $path] } {
#@ 	set fpath ".#BWidget.#Class#$class"
#@ 	# encapsulation frame to not pollute '.' childspace
#@ 	if {![winfo exists ".#BWidget"]} { frame ".#BWidget" }
#@ 	if { ![winfo exists $fpath] } {
#@ 	    frame $fpath -class $rdbclass
#@ 	}
#@     }
#@     foreach {option optdesc} [array get classopt] {
#@         set pathmod($option) 0
#@ 	if { [info exists classmap($option)] } {
#@ 	    continue
#@ 	}
#@         set type [lindex $optdesc 0]
#@         if { [string equal $type "Synonym"] } {
#@ 	    continue
#@         }
#@         if { [string equal $type "TkResource"] } {
#@             set alt [lindex [lindex $optdesc 3] 1]
#@         } else {
#@             set alt ""
#@         }
#@         set optdb [lindex [_configure_option $option $alt] 0]
#@         set def   [option get $fpath $optdb $rdbclass]
#@         if { [string length $def] } {
#@             set pathopt($option) $def
#@         } else {
#@             set pathopt($option) [lindex $optdesc 1]
#@         }
#@     }
#@ 
#@     if {![info exists _inuse($class)]} { set _inuse($class) 0 }
#@     incr _inuse($class)
#@ 
#@     set _class($path) $class
#@     foreach {option value} $options {
#@         if { ![info exists classopt($option)] } {
#@             unset pathopt
#@             unset pathmod
#@             return -code error "unknown option \"$option\""
#@         }
#@         set optdesc $classopt($option)
#@         set type    [lindex $optdesc 0]
#@         if { [string equal $type "Synonym"] } {
#@             set option  [lindex $optdesc 1]
#@             set optdesc $classopt($option)
#@             set type    [lindex $optdesc 0]
#@         }
#@         # this may fail if a wrong enum element was used
#@         if {[catch {
#@              $_optiontype($type) $option $value [lindex $optdesc 3]
#@         } msg]} {
#@             if {[info exists pathopt]} {
#@                 unset pathopt
#@             }
#@             unset pathmod
#@             return -code error $msg
#@         }
#@         set pathopt($option) $msg
#@ 	set pathinit($option) $pathopt($option)
#@     }
#@ }
#@ 
#@ # Bastien Chevreux (bach@mwgdna.com)
#@ #
#@ # copyinit performs basically the same job as init, but it uses a
#@ #  existing template to initialize its values. So, first a perferct copy
#@ #  from the template is made just to be altered by any existing options
#@ #  afterwards.
#@ # But this still saves time as the first initialization parsing block is
#@ #  skipped.
#@ # As additional bonus, items that differ in just a few options can be
#@ #  initialized faster by leaving out the options that are equal.
#@ 
#@ # This function is currently used only by ListBox::multipleinsert, but other
#@ #  calls should follow :)
#@ 
#@ # ----------------------------------------------------------------------------
#@ #  Command Widget::copyinit
#@ # ----------------------------------------------------------------------------
#@ proc Widget::copyinit { class templatepath path options } {
#@     variable _class
#@     variable _optiontype
#@     upvar 0 ${class}::opt classopt \
#@ 	    ${class}::$path:opt	 pathopt \
#@ 	    ${class}::$path:mod	 pathmod \
#@ 	    ${class}::$path:init pathinit \
#@ 	    ${class}::$templatepath:opt	  templatepathopt \
#@ 	    ${class}::$templatepath:mod	  templatepathmod \
#@ 	    ${class}::$templatepath:init  templatepathinit
#@ 
#@     if { [info exists pathopt] } {
#@ 	unset pathopt
#@     }
#@     if { [info exists pathmod] } {
#@ 	unset pathmod
#@     }
#@ 
#@     # We use the template widget for option db copying, but it has to exist!
#@     array set pathmod  [array get templatepathmod]
#@     array set pathopt  [array get templatepathopt]
#@     array set pathinit [array get templatepathinit]
#@ 
#@     set _class($path) $class
#@     foreach {option value} $options {
#@ 	if { ![info exists classopt($option)] } {
#@ 	    unset pathopt
#@ 	    unset pathmod
#@ 	    return -code error "unknown option \"$option\""
#@ 	}
#@ 	set optdesc $classopt($option)
#@ 	set type    [lindex $optdesc 0]
#@ 	if { [string equal $type "Synonym"] } {
#@ 	    set option	[lindex $optdesc 1]
#@ 	    set optdesc $classopt($option)
#@ 	    set type	[lindex $optdesc 0]
#@ 	}
#@ 	set pathopt($option) [$_optiontype($type) $option $value [lindex $optdesc 3]]
#@ 	set pathinit($option) $pathopt($option)
#@     }
#@ }
#@ 
#@ # Widget::parseArgs --
#@ #
#@ #	Given a widget class and a command-line spec, cannonize and validate
#@ #	the given options, and return a keyed list consisting of the 
#@ #	component widget and its masked portion of the command-line spec, and
#@ #	one extra entry consisting of the portion corresponding to the 
#@ #	megawidget itself.
#@ #
#@ # Arguments:
#@ #	class	widget class to parse for.
#@ #	options	command-line spec
#@ #
#@ # Results:
#@ #	result	keyed list of portions of the megawidget and that segment of
#@ #		the command line in which that portion is interested.
#@ 
#@ proc Widget::parseArgs {class options} {
#@     variable _optiontype
#@     upvar 0 ${class}::opt classopt
#@     upvar 0 ${class}::map classmap
#@     
#@     foreach {option val} $options {
#@ 	if { ![info exists classopt($option)] } {
#@ 	    error "unknown option \"$option\""
#@ 	}
#@         set optdesc $classopt($option)
#@         set type    [lindex $optdesc 0]
#@         if { [string equal $type "Synonym"] } {
#@             set option  [lindex $optdesc 1]
#@             set optdesc $classopt($option)
#@             set type    [lindex $optdesc 0]
#@         }
#@ 	if { [string equal $type "TkResource"] } {
#@ 	    # Make sure that the widget used for this TkResource exists
#@ 	    Widget::_get_tkwidget_options [lindex [lindex $optdesc 3] 0]
#@ 	}
#@ 	set val [$_optiontype($type) $option $val [lindex $optdesc 3]]
#@ 		
#@ 	if { [info exists classmap($option)] } {
#@ 	    foreach {subpath subclass realopt} $classmap($option) {
#@ 		lappend maps($subpath) $realopt $val
#@ 	    }
#@ 	} else {
#@ 	    lappend maps($class) $option $val
#@ 	}
#@     }
#@     return [array get maps]
#@ }
#@ 
#@ # Widget::initFromODB --
#@ #
#@ #	Initialize a megawidgets options with information from the option
#@ #	database and from the command-line arguments given.
#@ #
#@ # Arguments:
#@ #	class	class of the widget.
#@ #	path	path of the widget -- should already exist.
#@ #	options	command-line arguments.
#@ #
#@ # Results:
#@ #	None.
#@ 
#@ proc Widget::initFromODB {class path options} {
#@     variable _inuse
#@     variable _class
#@ 
#@     upvar 0 ${class}::$path:opt  pathopt
#@     upvar 0 ${class}::$path:mod  pathmod
#@     upvar 0 ${class}::map classmap
#@ 
#@     if { [info exists pathopt] } {
#@ 	unset pathopt
#@     }
#@     if { [info exists pathmod] } {
#@ 	unset pathmod
#@     }
#@     # We prefer to use the actual widget for option db queries, but if it
#@     # doesn't exist yet, do the next best thing:  create a widget of the
#@     # same class and use that.
#@     set fpath [_get_window $class $path]
#@     set rdbclass [string map [list :: ""] $class]
#@     if { ![winfo exists $path] } {
#@ 	set fpath ".#BWidget.#Class#$class"
#@ 	# encapsulation frame to not pollute '.' childspace
#@ 	if {![winfo exists ".#BWidget"]} { frame ".#BWidget" }
#@ 	if { ![winfo exists $fpath] } {
#@ 	    frame $fpath -class $rdbclass
#@ 	}
#@     }
#@ 
#@     foreach {option optdesc} [array get ${class}::opt] {
#@         set pathmod($option) 0
#@ 	if { [info exists classmap($option)] } {
#@ 	    continue
#@ 	}
#@         set type [lindex $optdesc 0]
#@         if { [string equal $type "Synonym"] } {
#@ 	    continue
#@         }
#@ 	if { [string equal $type "TkResource"] } {
#@             set alt [lindex [lindex $optdesc 3] 1]
#@         } else {
#@             set alt ""
#@         }
#@         set optdb [lindex [_configure_option $option $alt] 0]
#@         set def   [option get $fpath $optdb $rdbclass]
#@         if { [string length $def] } {
#@             set pathopt($option) $def
#@         } else {
#@             set pathopt($option) [lindex $optdesc 1]
#@         }
#@     }
#@ 
#@     if {![info exists _inuse($class)]} { set _inuse($class) 0 }
#@     incr _inuse($class)
#@ 
#@     set _class($path) $class
#@     array set pathopt $options
#@ }
#@ 
#@ 
#@ 
#@ # ----------------------------------------------------------------------------
#@ #  Command Widget::destroy
#@ # ----------------------------------------------------------------------------
#@ proc Widget::destroy { path } {
#@     variable _class
#@     variable _inuse
#@ 
#@     if {![info exists _class($path)]} { return }
#@ 
#@     set class $_class($path)
#@     upvar 0 ${class}::$path:opt pathopt
#@     upvar 0 ${class}::$path:mod pathmod
#@     upvar 0 ${class}::$path:init pathinit
#@ 
#@     if {[info exists _inuse($class)]} { incr _inuse($class) -1 }
#@ 
#@     if {[info exists pathopt]} {
#@         unset pathopt
#@     }
#@     if {[info exists pathmod]} {
#@         unset pathmod
#@     }
#@     if {[info exists pathinit]} {
#@         unset pathinit
#@     }
#@ 
#@     if {![string equal [info commands $path] ""]} { rename $path "" }
#@ 
#@     ## Unset any variables used in this widget.
#@     foreach var [info vars ::${class}::$path:*] { unset $var }
#@ 
#@     unset _class($path)
#@ }
#@ 
#@ 
#@ # ----------------------------------------------------------------------------
#@ #  Command Widget::configure
#@ # ----------------------------------------------------------------------------
#@ proc Widget::configure { path options } {
#@     set len [llength $options]
#@     if { $len <= 1 } {
#@         return [_get_configure $path $options]
#@     } elseif { $len % 2 == 1 } {
#@         return -code error "incorrect number of arguments"
#@     }
#@ 
#@     variable _class
#@     variable _optiontype
#@ 
#@     set class $_class($path)
#@     upvar 0 ${class}::opt  classopt
#@     upvar 0 ${class}::map  classmap
#@     upvar 0 ${class}::$path:opt pathopt
#@     upvar 0 ${class}::$path:mod pathmod
#@ 
#@     set window [_get_window $class $path]
#@     foreach {option value} $options {
#@         if { ![info exists classopt($option)] } {
#@             return -code error "unknown option \"$option\""
#@         }
#@         set optdesc $classopt($option)
#@         set type    [lindex $optdesc 0]
#@         if { [string equal $type "Synonym"] } {
#@             set option  [lindex $optdesc 1]
#@             set optdesc $classopt($option)
#@             set type    [lindex $optdesc 0]
#@         }
#@         if { ![lindex $optdesc 2] } {
#@             set newval [$_optiontype($type) $option $value [lindex $optdesc 3]]
#@             if { [info exists classmap($option)] } {
#@ 		set window [_get_window $class $window]
#@                 foreach {subpath subclass realopt} $classmap($option) {
#@                     # Interpretation of special pointers:
#@                     # | subclass | subpath | widget           | path           | class   |
#@                     # +----------+---------+------------------+----------------+-context-+
#@                     # | :cmd     | :cmd    | herited widget   | window:cmd     |window   |
#@                     # | :cmd     | *       | subwidget        | window.subpath | window  |
#@                     # | ""       | :cmd    | herited widget   | window:cmd     | window  |
#@                     # | ""       | *       | own              | window         | window  |
#@                     # | *        | :cmd    | own              | window         | current |
#@                     # | *        | *       | subwidget        | window.subpath | current |
#@                     if { [string length $subclass] && ! [string equal $subclass ":cmd"] } {
#@                         if { [string equal $subpath ":cmd"] } {
#@                             set subpath ""
#@                         }
#@                         set curval [${subclass}::cget $window$subpath $realopt]
#@                         ${subclass}::configure $window$subpath $realopt $newval
#@                     } else {
#@                         set curval [$window$subpath cget $realopt]
#@                         $window$subpath configure $realopt $newval
#@                     }
#@                 }
#@             } else {
#@ 		set curval $pathopt($option)
#@ 		set pathopt($option) $newval
#@ 	    }
#@ 	    set pathmod($option) [expr {![string equal $newval $curval]}]
#@         }
#@     }
#@ 
#@     return {}
#@ }
#@ 
#@ 
#@ # ----------------------------------------------------------------------------
#@ #  Command Widget::cget
#@ # ----------------------------------------------------------------------------
#@ proc Widget::cget { path option } {
#@     variable _class
#@     if { ![info exists _class($path)] } {
#@         return -code error "unknown widget $path"
#@     }
#@ 
#@     set class $_class($path)
#@     if { ![info exists ${class}::opt($option)] } {
#@         return -code error "unknown option \"$option\""
#@     }
#@ 
#@     set optdesc [set ${class}::opt($option)]
#@     set type    [lindex $optdesc 0]
#@     if {[string equal $type "Synonym"]} {
#@         set option [lindex $optdesc 1]
#@     }
#@ 
#@     if { [info exists ${class}::map($option)] } {
#@ 	foreach {subpath subclass realopt} [set ${class}::map($option)] {break}
#@ 	set path "[_get_window $class $path]$subpath"
#@ 	return [$path cget $realopt]
#@     }
#@     upvar 0 ${class}::$path:opt pathopt
#@     set pathopt($option)
#@ }
#@ 
#@ 
#@ # ----------------------------------------------------------------------------
#@ #  Command Widget::subcget
#@ # ----------------------------------------------------------------------------
#@ proc Widget::subcget { path subwidget } {
#@     variable _class
#@     set class $_class($path)
#@     upvar 0 ${class}::$path:opt pathopt
#@     upvar 0 ${class}::map$subwidget submap
#@     upvar 0 ${class}::$path:init pathinit
#@ 
#@     set result {}
#@     foreach realopt [array names submap] {
#@ 	if { [info exists pathinit($submap($realopt))] } {
#@ 	    lappend result $realopt $pathopt($submap($realopt))
#@ 	}
#@     }
#@     return $result
#@ }
#@ 
#@ 
#@ # ----------------------------------------------------------------------------
#@ #  Command Widget::hasChanged
#@ # ----------------------------------------------------------------------------
#@ proc Widget::hasChanged { path option pvalue } {
#@     variable _class
#@     upvar $pvalue value
#@     set class $_class($path)
#@     upvar 0 ${class}::$path:mod pathmod
#@ 
#@     set value   [Widget::cget $path $option]
#@     set result  $pathmod($option)
#@     set pathmod($option) 0
#@ 
#@     return $result
#@ }
#@ 
#@ proc Widget::hasChangedX { path option args } {
#@     variable _class
#@     set class $_class($path)
#@     upvar 0 ${class}::$path:mod pathmod
#@ 
#@     set result  $pathmod($option)
#@     set pathmod($option) 0
#@     foreach option $args {
#@ 	lappend result $pathmod($option)
#@ 	set pathmod($option) 0
#@     }
#@ 
#@     set result
#@ }
#@ 
#@ 
#@ # ----------------------------------------------------------------------------
#@ #  Command Widget::setoption
#@ # ----------------------------------------------------------------------------
#@ proc Widget::setoption { path option value } {
#@ #    variable _class
#@ 
#@ #    set class $_class($path)
#@ #    upvar 0 ${class}::$path:opt pathopt
#@ 
#@ #    set pathopt($option) $value
#@     Widget::configure $path [list $option $value]
#@ }
#@ 
#@ 
#@ # ----------------------------------------------------------------------------
#@ #  Command Widget::getoption
#@ # ----------------------------------------------------------------------------
#@ proc Widget::getoption { path option } {
#@ #    set class $::Widget::_class($path)
#@ #    upvar 0 ${class}::$path:opt pathopt
#@ 
#@ #    return $pathopt($option)
#@     return [Widget::cget $path $option]
#@ }
#@ 
#@ # Widget::getMegawidgetOption --
#@ #
#@ #	Bypass the superfluous checks in cget and just directly peer at the
#@ #	widget's data space.  This is much more fragile than cget, so it 
#@ #	should only be used with great care, in places where speed is critical.
#@ #
#@ # Arguments:
#@ #	path	widget to lookup options for.
#@ #	option	option to retrieve.
#@ #
#@ # Results:
#@ #	value	option value.
#@ 
#@ proc Widget::getMegawidgetOption {path option} {
#@     variable _class
#@     set class $_class($path)
#@     upvar 0 ${class}::${path}:opt pathopt
#@     set pathopt($option)
#@ }
#@ 
#@ # Widget::setMegawidgetOption --
#@ #
#@ #	Bypass the superfluous checks in cget and just directly poke at the
#@ #	widget's data space.  This is much more fragile than configure, so it 
#@ #	should only be used with great care, in places where speed is critical.
#@ #
#@ # Arguments:
#@ #	path	widget to lookup options for.
#@ #	option	option to retrieve.
#@ #	value	option value.
#@ #
#@ # Results:
#@ #	value	option value.
#@ 
#@ proc Widget::setMegawidgetOption {path option value} {
#@     variable _class
#@     set class $_class($path)
#@     upvar 0 ${class}::${path}:opt pathopt
#@     set pathopt($option) $value
#@ }
#@ 
#@ # ----------------------------------------------------------------------------
#@ #  Command Widget::_get_window
#@ #  returns the window corresponding to widget path
#@ # ----------------------------------------------------------------------------
#@ proc Widget::_get_window { class path } {
#@     set idx [string last "#" $path]
#@     if { $idx != -1 && [string equal [string range $path [expr {$idx+1}] end] $class] } {
#@         return [string range $path 0 [expr {$idx-1}]]
#@     } else {
#@         return $path
#@     }
#@ }
#@ 
#@ 
#@ # ----------------------------------------------------------------------------
#@ #  Command Widget::_get_configure
#@ #  returns the configuration list of options
#@ #  (as tk widget do - [$w configure ?option?])
#@ # ----------------------------------------------------------------------------
#@ proc Widget::_get_configure { path options } {
#@     variable _class
#@ 
#@     set class $_class($path)
#@     upvar 0 ${class}::opt classopt
#@     upvar 0 ${class}::map classmap
#@     upvar 0 ${class}::$path:opt pathopt
#@     upvar 0 ${class}::$path:mod pathmod
#@ 
#@     set len [llength $options]
#@     if { !$len } {
#@         set result {}
#@         foreach option [lsort [array names classopt]] {
#@             set optdesc $classopt($option)
#@             set type    [lindex $optdesc 0]
#@             if { [string equal $type "Synonym"] } {
#@                 set syn     $option
#@                 set option  [lindex $optdesc 1]
#@                 set optdesc $classopt($option)
#@                 set type    [lindex $optdesc 0]
#@             } else {
#@                 set syn ""
#@             }
#@             if { [string equal $type "TkResource"] } {
#@                 set alt [lindex [lindex $optdesc 3] 1]
#@             } else {
#@                 set alt ""
#@             }
#@             set res [_configure_option $option $alt]
#@             if { $syn == "" } {
#@                 lappend result [concat $option $res [list [lindex $optdesc 1]] [list [cget $path $option]]]
#@             } else {
#@                 lappend result [list $syn [lindex $res 0]]
#@             }
#@         }
#@         return $result
#@     } elseif { $len == 1 } {
#@         set option  [lindex $options 0]
#@         if { ![info exists classopt($option)] } {
#@             return -code error "unknown option \"$option\""
#@         }
#@         set optdesc $classopt($option)
#@         set type    [lindex $optdesc 0]
#@         if { [string equal $type "Synonym"] } {
#@             set option  [lindex $optdesc 1]
#@             set optdesc $classopt($option)
#@             set type    [lindex $optdesc 0]
#@         }
#@         if { [string equal $type "TkResource"] } {
#@             set alt [lindex [lindex $optdesc 3] 1]
#@         } else {
#@             set alt ""
#@         }
#@         set res [_configure_option $option $alt]
#@         return [concat $option $res [list [lindex $optdesc 1]] [list [cget $path $option]]]
#@     }
#@ }
#@ 
#@ 
#@ # ----------------------------------------------------------------------------
#@ #  Command Widget::_configure_option
#@ # ----------------------------------------------------------------------------
#@ proc Widget::_configure_option { option altopt } {
#@     variable _optiondb
#@     variable _optionclass
#@ 
#@     if { [info exists _optiondb($option)] } {
#@         set optdb $_optiondb($option)
#@     } else {
#@         set optdb [string range $option 1 end]
#@     }
#@     if { [info exists _optionclass($option)] } {
#@         set optclass $_optionclass($option)
#@     } elseif { [string length $altopt] } {
#@         if { [info exists _optionclass($altopt)] } {
#@             set optclass $_optionclass($altopt)
#@         } else {
#@             set optclass [string range $altopt 1 end]
#@         }
#@     } else {
#@         set optclass [string range $option 1 end]
#@     }
#@     return [list $optdb $optclass]
#@ }
#@ 
#@ 
#@ # ----------------------------------------------------------------------------
#@ #  Command Widget::_get_tkwidget_options
#@ # ----------------------------------------------------------------------------
#@ proc Widget::_get_tkwidget_options { tkwidget } {
#@     variable _tk_widget
#@     variable _optiondb
#@     variable _optionclass
#@ 
#@     set widget ".#BWidget.#$tkwidget"
#@     # encapsulation frame to not pollute '.' childspace
#@     if {![winfo exists ".#BWidget"]} { frame ".#BWidget" }
#@     if { ![winfo exists $widget] || ![info exists _tk_widget($tkwidget)] } {
#@ 	set widget [$tkwidget $widget]
#@ 	# JDC: Withdraw toplevels, otherwise visible
#@ 	if {[string equal $tkwidget "toplevel"]} {
#@ 	    wm withdraw $widget
#@ 	}
#@ 	set config [$widget configure]
#@ 	foreach optlist $config {
#@ 	    set opt [lindex $optlist 0]
#@ 	    if { [llength $optlist] == 2 } {
#@ 		set refsyn [lindex $optlist 1]
#@ 		# search for class
#@ 		set idx [lsearch $config [list * $refsyn *]]
#@ 		if { $idx == -1 } {
#@ 		    if { [string index $refsyn 0] == "-" } {
#@ 			# search for option (tk8.1b1 bug)
#@ 			set idx [lsearch $config [list $refsyn * *]]
#@ 		    } else {
#@ 			# last resort
#@ 			set idx [lsearch $config [list -[string tolower $refsyn] * *]]
#@ 		    }
#@ 		    if { $idx == -1 } {
#@ 			# fed up with "can't read classopt()"
#@ 			return -code error "can't find option of synonym $opt"
#@ 		    }
#@ 		}
#@ 		set syn [lindex [lindex $config $idx] 0]
#@ 		# JDC: used 4 (was 3) to get def from optiondb
#@ 		set def [lindex [lindex $config $idx] 4]
#@ 		lappend _tk_widget($tkwidget) [list $opt $syn $def]
#@ 	    } else {
#@ 		# JDC: used 4 (was 3) to get def from optiondb
#@ 		set def [lindex $optlist 4]
#@ 		lappend _tk_widget($tkwidget) [list $opt $def]
#@ 		set _optiondb($opt)    [lindex $optlist 1]
#@ 		set _optionclass($opt) [lindex $optlist 2]
#@ 	    }
#@ 	}
#@     }
#@     return $_tk_widget($tkwidget)
#@ }
#@ 
#@ 
#@ # ----------------------------------------------------------------------------
#@ #  Command Widget::_test_tkresource
#@ # ----------------------------------------------------------------------------
#@ proc Widget::_test_tkresource { option value arg } {
#@ #    set tkwidget [lindex $arg 0]
#@ #    set realopt  [lindex $arg 1]
#@     foreach {tkwidget realopt} $arg break
#@     set path     ".#BWidget.#$tkwidget"
#@     set old      [$path cget $realopt]
#@     $path configure $realopt $value
#@     set res      [$path cget $realopt]
#@     $path configure $realopt $old
#@ 
#@     return $res
#@ }
#@ 
#@ 
#@ # ----------------------------------------------------------------------------
#@ #  Command Widget::_test_bwresource
#@ # ----------------------------------------------------------------------------
#@ proc Widget::_test_bwresource { option value arg } {
#@     return -code error "bad option type BwResource in widget"
#@ }
#@ 
#@ 
#@ # ----------------------------------------------------------------------------
#@ #  Command Widget::_test_synonym
#@ # ----------------------------------------------------------------------------
#@ proc Widget::_test_synonym { option value arg } {
#@     return -code error "bad option type Synonym in widget"
#@ }
#@ 
#@ # ----------------------------------------------------------------------------
#@ #  Command Widget::_test_color
#@ # ----------------------------------------------------------------------------
#@ proc Widget::_test_color { option value arg } {
#@     if {[catch {winfo rgb . $value} color]} {
#@         return -code error "bad $option value \"$value\": must be a colorname \
#@ 		or #RRGGBB triplet"
#@     }
#@ 
#@     return $value
#@ }
#@ 
#@ 
#@ # ----------------------------------------------------------------------------
#@ #  Command Widget::_test_string
#@ # ----------------------------------------------------------------------------
#@ proc Widget::_test_string { option value arg } {
#@     set value
#@ }
#@ 
#@ 
#@ # ----------------------------------------------------------------------------
#@ #  Command Widget::_test_flag
#@ # ----------------------------------------------------------------------------
#@ proc Widget::_test_flag { option value arg } {
#@     set len [string length $value]
#@     set res ""
#@     for {set i 0} {$i < $len} {incr i} {
#@         set c [string index $value $i]
#@         if { [string first $c $arg] == -1 } {
#@             return -code error "bad [string range $option 1 end] value \"$value\": characters must be in \"$arg\""
#@         }
#@         if { [string first $c $res] == -1 } {
#@             append res $c
#@         }
#@     }
#@     return $res
#@ }
#@ 
#@ 
#@ # -----------------------------------------------------------------------------
#@ #  Command Widget::_test_enum
#@ # -----------------------------------------------------------------------------
#@ proc Widget::_test_enum { option value arg } {
#@     if { [lsearch $arg $value] == -1 } {
#@         set last [lindex   $arg end]
#@         set sub  [lreplace $arg end end]
#@         if { [llength $sub] } {
#@             set str "[join $sub ", "] or $last"
#@         } else {
#@             set str $last
#@         }
#@         return -code error "bad [string range $option 1 end] value \"$value\": must be $str"
#@     }
#@     return $value
#@ }
#@ 
#@ 
#@ # -----------------------------------------------------------------------------
#@ #  Command Widget::_test_int
#@ # -----------------------------------------------------------------------------
#@ proc Widget::_test_int { option value arg } {
#@     if { ![string is int -strict $value] || \
#@ 	    ([string length $arg] && \
#@ 	    ![expr [string map [list %d $value] $arg]]) } {
#@ 		    return -code error "bad $option value\
#@ 			    \"$value\": must be integer ($arg)"
#@     }
#@     return $value
#@ }
#@ 
#@ 
#@ # -----------------------------------------------------------------------------
#@ #  Command Widget::_test_boolean
#@ # -----------------------------------------------------------------------------
#@ proc Widget::_test_boolean { option value arg } {
#@     if { ![string is boolean -strict $value] } {
#@         return -code error "bad $option value \"$value\": must be boolean"
#@     }
#@ 
#@     # Get the canonical form of the boolean value (1 for true, 0 for false)
#@     return [string is true $value]
#@ }
#@ 
#@ 
#@ # -----------------------------------------------------------------------------
#@ #  Command Widget::_test_padding
#@ # -----------------------------------------------------------------------------
#@ proc Widget::_test_padding { option values arg } {
#@     set len [llength $values]
#@     if {$len < 1 || $len > 2} {
#@         return -code error "bad pad value \"$values\":\
#@                         must be positive screen distance"
#@     }
#@ 
#@     foreach value $values {
#@         if { ![string is int -strict $value] || \
#@             ([string length $arg] && \
#@             ![expr [string map [list %d $value] $arg]]) } {
#@                 return -code error "bad pad value \"$value\":\
#@                                 must be positive screen distance ($arg)"
#@         }
#@     }
#@     return $values
#@ }
#@ 
#@ 
#@ # Widget::_get_padding --
#@ #
#@ #       Return the requesting padding value for a padding option.
#@ #
#@ # Arguments:
#@ #	path		Widget to get the options for.
#@ #       option          The name of the padding option.
#@ #	index		The index of the padding.  If the index is empty,
#@ #                       the first padding value is returned.
#@ #
#@ # Results:
#@ #	Return a numeric value that can be used for padding.
#@ proc Widget::_get_padding { path option {index 0} } {
#@     set pad [Widget::cget $path $option]
#@     set val [lindex $pad $index]
#@     if {$val == ""} { set val [lindex $pad 0] }
#@     return $val
#@ }
#@ 
#@ 
#@ # -----------------------------------------------------------------------------
#@ #  Command Widget::focusNext
#@ #  Same as tk_focusNext, but call Widget::focusOK
#@ # -----------------------------------------------------------------------------
#@ proc Widget::focusNext { w } {
#@     set cur $w
#@     while 1 {
#@ 
#@ 	# Descend to just before the first child of the current widget.
#@ 
#@ 	set parent $cur
#@ 	set children [winfo children $cur]
#@ 	set i -1
#@ 
#@ 	# Look for the next sibling that isn't a top-level.
#@ 
#@ 	while 1 {
#@ 	    incr i
#@ 	    if {$i < [llength $children]} {
#@ 		set cur [lindex $children $i]
#@ 		if {[string equal [winfo toplevel $cur] $cur]} {
#@ 		    continue
#@ 		} else {
#@ 		    break
#@ 		}
#@ 	    }
#@ 
#@ 	    # No more siblings, so go to the current widget's parent.
#@ 	    # If it's a top-level, break out of the loop, otherwise
#@ 	    # look for its next sibling.
#@ 
#@ 	    set cur $parent
#@ 	    if {[string equal [winfo toplevel $cur] $cur]} {
#@ 		break
#@ 	    }
#@ 	    set parent [winfo parent $parent]
#@ 	    set children [winfo children $parent]
#@ 	    set i [lsearch -exact $children $cur]
#@ 	}
#@ 	if {[string equal $cur $w] || [focusOK $cur]} {
#@ 	    return $cur
#@ 	}
#@     }
#@ }
#@ 
#@ 
#@ # -----------------------------------------------------------------------------
#@ #  Command Widget::focusPrev
#@ #  Same as tk_focusPrev, except:
#@ #	+ Don't traverse from a child to a direct ancestor
#@ #	+ Call Widget::focusOK instead of tk::focusOK
#@ # -----------------------------------------------------------------------------
#@ proc Widget::focusPrev { w } {
#@     set cur $w
#@     set origParent [winfo parent $w]
#@     while 1 {
#@ 
#@ 	# Collect information about the current window's position
#@ 	# among its siblings.  Also, if the window is a top-level,
#@ 	# then reposition to just after the last child of the window.
#@ 
#@ 	if {[string equal [winfo toplevel $cur] $cur]}  {
#@ 	    set parent $cur
#@ 	    set children [winfo children $cur]
#@ 	    set i [llength $children]
#@ 	} else {
#@ 	    set parent [winfo parent $cur]
#@ 	    set children [winfo children $parent]
#@ 	    set i [lsearch -exact $children $cur]
#@ 	}
#@ 
#@ 	# Go to the previous sibling, then descend to its last descendant
#@ 	# (highest in stacking order.  While doing this, ignore top-levels
#@ 	# and their descendants.  When we run out of descendants, go up
#@ 	# one level to the parent.
#@ 
#@ 	while {$i > 0} {
#@ 	    incr i -1
#@ 	    set cur [lindex $children $i]
#@ 	    if {[string equal [winfo toplevel $cur] $cur]} {
#@ 		continue
#@ 	    }
#@ 	    set parent $cur
#@ 	    set children [winfo children $parent]
#@ 	    set i [llength $children]
#@ 	}
#@ 	set cur $parent
#@ 	if {[string equal $cur $w]} {
#@ 	    return $cur
#@ 	}
#@ 	# If we are just at the original parent of $w, skip it as a
#@ 	# potential focus accepter.  Extra safety in this is to see if
#@ 	# that parent is also a proc (not a C command), which is what
#@ 	# BWidgets makes for any megawidget.  Could possibly also check
#@ 	# for '[info commands ::${origParent}:cmd] != ""'.  [Bug 765667]
#@ 	if {[string equal $cur $origParent]
#@ 	    && [info procs ::$origParent] != ""} {
#@ 	    continue
#@ 	}
#@ 	if {[focusOK $cur]} {
#@ 	    return $cur
#@ 	}
#@     }
#@ }
#@ 
#@ 
#@ # ----------------------------------------------------------------------------
#@ #  Command Widget::focusOK
#@ #  Same as tk_focusOK, but handles -editable option and whole tags list.
#@ # ----------------------------------------------------------------------------
#@ proc Widget::focusOK { w } {
#@     set code [catch {$w cget -takefocus} value]
#@     if { $code == 1 } {
#@         return 0
#@     }
#@     if {($code == 0) && ($value != "")} {
#@ 	if {$value == 0} {
#@ 	    return 0
#@ 	} elseif {$value == 1} {
#@ 	    return [winfo viewable $w]
#@ 	} else {
#@ 	    set value [uplevel \#0 $value $w]
#@             if {$value != ""} {
#@ 		return $value
#@ 	    }
#@         }
#@     }
#@     if {![winfo viewable $w]} {
#@ 	return 0
#@     }
#@     set code [catch {$w cget -state} value]
#@     if {($code == 0) && ($value == "disabled")} {
#@ 	return 0
#@     }
#@     set code [catch {$w cget -editable} value]
#@     if {($code == 0) && ($value == 0)} {
#@         return 0
#@     }
#@ 
#@     set top [winfo toplevel $w]
#@     foreach tags [bindtags $w] {
#@         if { ![string equal $tags $top]  &&
#@              ![string equal $tags "all"] &&
#@              [regexp Key [bind $tags]] } {
#@             return 1
#@         }
#@     }
#@     return 0
#@ }
#@ 
#@ 
#@ proc Widget::traverseTo { w } {
#@     set focus [focus]
#@     if {![string equal $focus ""]} {
#@ 	event generate $focus <<TraverseOut>>
#@     }
#@     focus $w
#@ 
#@     event generate $w <<TraverseIn>>
#@ }
#@ 
#@ 
#@ # Widget::varForOption --
#@ #
#@ #	Retrieve a fully qualified variable name for the option specified.
#@ #	If the option is not one for which a variable exists, throw an error 
#@ #	(ie, those options that map directly to widget options).
#@ #
#@ # Arguments:
#@ #	path	megawidget to get an option var for.
#@ #	option	option to get a var for.
#@ #
#@ # Results:
#@ #	varname	name of the variable, fully qualified, suitable for tracing.
#@ 
#@ proc Widget::varForOption {path option} {
#@     variable _class
#@     variable _optiontype
#@ 
#@     set class $_class($path)
#@     upvar 0 ${class}::$path:opt pathopt
#@ 
#@     if { ![info exists pathopt($option)] } {
#@ 	error "unable to find variable for option \"$option\""
#@     }
#@     set varname "::Widget::${class}::$path:opt($option)"
#@     return $varname
#@ }
#@ 
#@ # Widget::getVariable --
#@ #
#@ #       Get a variable from within the namespace of the widget.
#@ #
#@ # Arguments:
#@ #	path		Megawidget to get the variable for.
#@ #	varName		The variable name to retrieve.
#@ #       newVarName	The variable name to refer to in the calling proc.
#@ #
#@ # Results:
#@ #	Creates a reference to newVarName in the calling proc.
#@ proc Widget::getVariable { path varName {newVarName ""} } {
#@     variable _class
#@     set class $_class($path)
#@     if {![string length $newVarName]} { set newVarName $varName }
#@     uplevel 1 [list upvar \#0 ${class}::$path:$varName $newVarName]
#@ }
#@ 
#@ # Widget::options --
#@ #
#@ #       Return a key-value list of options for a widget.  This can
#@ #       be used to serialize the options of a widget and pass them
#@ #       on to a new widget with the same options.
#@ #
#@ # Arguments:
#@ #	path		Widget to get the options for.
#@ #	args		A list of options.  If empty, all options are returned.
#@ #
#@ # Results:
#@ #	Returns list of options as: -option value -option value ...
#@ proc Widget::options { path args } {
#@     if {[llength $args]} {
#@         foreach option $args {
#@             lappend options [_get_configure $path $option]
#@         }
#@     } else {
#@         set options [_get_configure $path {}]
#@     }
#@ 
#@     set result [list]
#@     foreach list $options {
#@         if {[llength $list] < 5} { continue }
#@         lappend result [lindex $list 0] [lindex $list end]
#@     }
#@     return $result
#@ }
#@ 
#@ 
#@ # Widget::getOption --
#@ #
#@ #	Given a list of widgets, determine which option value to use.
#@ #	The widgets are given to the command in order of highest to
#@ #	lowest.  Starting with the lowest widget, whichever one does
#@ #	not match the default option value is returned as the value.
#@ #	If all the widgets are default, we return the highest widget's
#@ #	value.
#@ #
#@ # Arguments:
#@ #	option		The option to check.
#@ #	default		The default value.  If any widget in the list
#@ #			does not match this default, its value is used.
#@ #	args		A list of widgets.
#@ #
#@ # Results:
#@ #	Returns the value of the given option to use.
#@ #
#@ proc Widget::getOption { option default args } {
#@     for {set i [expr [llength $args] -1]} {$i >= 0} {incr i -1} {
#@ 	set widget [lindex $args $i]
#@ 	set value  [Widget::cget $widget $option]
#@ 	if {[string equal $value $default]} { continue }
#@ 	return $value
#@     }
#@     return $value
#@ }
#@ 
#@ 
#@ proc Widget::nextIndex { path node } {
#@     Widget::getVariable $path autoIndex
#@     if {![info exists autoIndex]} { set autoIndex -1 }
#@     return [string map [list #auto [incr autoIndex]] $node]
#@ }
#@ 
#@ 
#@ proc Widget::exists { path } {
#@     variable _class
#@     return [info exists _class($path)]
#@ }
#@ 
#@ proc Widget::theme {{bool {}}} {
#@     # Private, *experimental* API that may change at any time - JH
#@     variable _theme
#@     if {[llength [info level 0]] == 2} {
#@ 	# set theme-ability
#@ 	if {[catch {package require Tk 8.5a6}]
#@ 	    && [catch {package require tile 0.6}]
#@ 	    && [catch {package require tile 1}]} {
#@ 	    return -code error "BWidget's theming requires tile 0.6+"
#@ 	} else {
#@ 	    catch {style default BWSlim.Toolbutton -padding 0}
#@ 	}
#@ 	set _theme [string is true -strict $bool]
#@     }
#@     return $_theme
#@ }
#@ # -- End source /home/eda/synopsys/icc/T-2022.03/auxx/syn/fp/bw/widget.tcl

#@ # -- Starting source /home/eda/synopsys/icc/T-2022.03/auxx/syn/fp/bw/init.tcl

#@ namespace eval Widget {}
#@ proc Widget::_opt_defaults {{prio widgetDefault}} {
#@     if {$::tcl_version >= 8.4} {
#@ 	set plat [tk windowingsystem]
#@     } else {
#@ 	set plat $::tcl_platform(platform)
#@     }
#@     switch -exact $plat {
#@ 	"aqua" {
#@ 	}
#@ 	"win32" -
#@ 	"windows" {
#@ 	    #option add *Listbox.background	SystemWindow $prio
#@ 	    option add *ListBox.background	SystemWindow $prio
#@ 	    #option add *Button.padY		0 $prio
#@ 	    option add *ButtonBox.padY		0 $prio
#@ 	    option add *Dialog.padY		0 $prio
#@ 	    option add *Dialog.anchor		e $prio
#@ 	}
#@ 	"x11" -
#@ 	default {
#@ 	    option add *Scrollbar.width		12 $prio
#@ 	    option add *Scrollbar.borderWidth	1  $prio
#@ 	    option add *Dialog.separator	1  $prio
#@ 	    option add *MainFrame.relief	raised $prio
#@ 	    option add *MainFrame.separator	none   $prio
#@ 	}
#@     }
#@ }
#@ Widget::_opt_defaults
#@ 
#@ option read [file join $::BWIDGET::LIBRARY "lang" "en.rc"]
#@ 
#@ ## Add a TraverseIn binding to standard Tk widgets to handle some of
#@ ## the BWidget-specific things we do.
#@ bind Entry   <<TraverseIn>> { %W selection range 0 end; %W icursor end }
#@ bind Spinbox <<TraverseIn>> { %W selection range 0 end; %W icursor end }
#@ 
#@ bind all <Key-Tab>       { Widget::traverseTo [Widget::focusNext %W] }
#@ bind all <<PrevWindow>>  { Widget::traverseTo [Widget::focusPrev %W] }
#@ # -- End source /home/eda/synopsys/icc/T-2022.03/auxx/syn/fp/bw/init.tcl

#@ # -- Starting source /home/eda/synopsys/icc/T-2022.03/auxx/syn/fp/bw/utils.tcl

#@ # ----------------------------------------------------------------------------
#@ #  utils.tcl
#@ #  This file is part of Unifix BWidget Toolkit
#@ #  $Id: utils.tcl,v 1.15.2.1 2009/09/03 17:29:03 oehhar Exp $
#@ # ----------------------------------------------------------------------------
#@ #  Index of commands:
#@ #     - GlobalVar::exists
#@ #     - GlobalVar::setvarvar
#@ #     - GlobalVar::getvarvar
#@ #     - BWidget::assert
#@ #     - BWidget::clonename
#@ #     - BWidget::get3dcolor
#@ #     - BWidget::XLFDfont
#@ #     - BWidget::place
#@ #     - BWidget::grab
#@ #     - BWidget::focus
#@ # ----------------------------------------------------------------------------
#@ 
#@ namespace eval GlobalVar {
#@     proc use {} {}
#@ }
#@ 
#@ 
#@ namespace eval BWidget {
#@     variable _top
#@     variable _gstack {}
#@     variable _fstack {}
#@     proc use {} {}
#@ }
#@ 
#@ 
#@ # ----------------------------------------------------------------------------
#@ #  Command GlobalVar::exists
#@ # ----------------------------------------------------------------------------
#@ proc GlobalVar::exists { varName } {
#@     return [uplevel \#0 [list info exists $varName]]
#@ }
#@ 
#@ 
#@ # ----------------------------------------------------------------------------
#@ #  Command GlobalVar::setvar
#@ # ----------------------------------------------------------------------------
#@ proc GlobalVar::setvar { varName value } {
#@     return [uplevel \#0 [list set $varName $value]]
#@ }
#@ 
#@ 
#@ # ----------------------------------------------------------------------------
#@ #  Command GlobalVar::getvar
#@ # ----------------------------------------------------------------------------
#@ proc GlobalVar::getvar { varName } {
#@     return [uplevel \#0 [list set $varName]]
#@ }
#@ 
#@ 
#@ # ----------------------------------------------------------------------------
#@ #  Command GlobalVar::tracevar
#@ # ----------------------------------------------------------------------------
#@ proc GlobalVar::tracevar { cmd varName args } {
#@     return [uplevel \#0 [list trace $cmd $varName] $args]
#@ }
#@ 
#@ 
#@ 
#@ # ----------------------------------------------------------------------------
#@ #  Command BWidget::lreorder
#@ # ----------------------------------------------------------------------------
#@ proc BWidget::lreorder { list neworder } {
#@     set pos     0
#@     set newlist {}
#@     foreach e $neworder {
#@         if { [lsearch -exact $list $e] != -1 } {
#@             lappend newlist $e
#@             set tabelt($e)  1
#@         }
#@     }
#@     set len [llength $newlist]
#@     if { !$len } {
#@         return $list
#@     }
#@     if { $len == [llength $list] } {
#@         return $newlist
#@     }
#@     set pos 0
#@     foreach e $list {
#@         if { ![info exists tabelt($e)] } {
#@             set newlist [linsert $newlist $pos $e]
#@         }
#@         incr pos
#@     }
#@     return $newlist
#@ }
#@ 
#@ 
#@ # ----------------------------------------------------------------------------
#@ #  Command BWidget::assert
#@ # ----------------------------------------------------------------------------
#@ proc BWidget::assert { exp {msg ""}} {
#@     set res [uplevel 1 expr $exp]
#@     if { !$res} {
#@         if { $msg == "" } {
#@             return -code error "Assertion failed: {$exp}"
#@         } else {
#@             return -code error $msg
#@         }
#@     }
#@ }
#@ 
#@ 
#@ # ----------------------------------------------------------------------------
#@ #  Command BWidget::clonename
#@ # ----------------------------------------------------------------------------
#@ proc BWidget::clonename { menu } {
#@     set path     ""
#@     set menupath ""
#@     set found    0
#@     foreach widget [lrange [split $menu "."] 1 end] {
#@         if { $found || [winfo class "$path.$widget"] == "Menu" } {
#@             set found 1
#@             append menupath "#" $widget
#@             append path "." $menupath
#@         } else {
#@             append menupath "#" $widget
#@             append path "." $widget
#@         }
#@     }
#@     return $path
#@ }
#@ 
#@ 
#@ # ----------------------------------------------------------------------------
#@ #  Command BWidget::getname
#@ # ----------------------------------------------------------------------------
#@ proc BWidget::getname { name } {
#@     if { [string length $name] } {
#@         set text [option get . "${name}Name" ""]
#@         if { [string length $text] } {
#@             return [parsetext $text]
#@         }
#@     }
#@     return {}
#@  }
#@ 
#@ 
#@ # ----------------------------------------------------------------------------
#@ #  Command BWidget::parsetext
#@ # ----------------------------------------------------------------------------
#@ proc BWidget::parsetext { text } {
#@     set result ""
#@     set index  -1
#@     set start  0
#@     while { [string length $text] } {
#@         set idx [string first "&" $text]
#@         if { $idx == -1 } {
#@             append result $text
#@             set text ""
#@         } else {
#@             set char [string index $text [expr {$idx+1}]]
#@             if { $char == "&" } {
#@                 append result [string range $text 0 $idx]
#@                 set    text   [string range $text [expr {$idx+2}] end]
#@                 set    start  [expr {$start+$idx+1}]
#@             } else {
#@                 append result [string range $text 0 [expr {$idx-1}]]
#@                 set    text   [string range $text [expr {$idx+1}] end]
#@                 incr   start  $idx
#@                 set    index  $start
#@             }
#@         }
#@     }
#@     return [list $result $index]
#@ }
#@ 
#@ 
#@ # ----------------------------------------------------------------------------
#@ #  Command BWidget::get3dcolor
#@ # ----------------------------------------------------------------------------
#@ proc BWidget::get3dcolor { path bgcolor } {
#@     foreach val [winfo rgb $path $bgcolor] {
#@         lappend dark [expr {60*$val/100}]
#@         set tmp1 [expr {14*$val/10}]
#@         if { $tmp1 > 65535 } {
#@             set tmp1 65535
#@         }
#@         set tmp2 [expr {(65535+$val)/2}]
#@         lappend light [expr {($tmp1 > $tmp2) ? $tmp1:$tmp2}]
#@     }
#@     return [list [eval format "#%04x%04x%04x" $dark] [eval format "#%04x%04x%04x" $light]]
#@ }
#@ 
#@ 
#@ # ----------------------------------------------------------------------------
#@ #  Command BWidget::XLFDfont
#@ # ----------------------------------------------------------------------------
#@ proc BWidget::XLFDfont { cmd args } {
#@     switch -- $cmd {
#@         create {
#@             set font "-*-*-*-*-*-*-*-*-*-*-*-*-*-*"
#@         }
#@         configure {
#@             set font [lindex $args 0]
#@             set args [lrange $args 1 end]
#@         }
#@         default {
#@             return -code error "XLFDfont: commande incorrect: $cmd"
#@         }
#@     }
#@     set lfont [split $font "-"]
#@     if { [llength $lfont] != 15 } {
#@         return -code error "XLFDfont: description XLFD incorrect: $font"
#@     }
#@ 
#@     foreach {option value} $args {
#@         switch -- $option {
#@             -foundry { set index 1 }
#@             -family  { set index 2 }
#@             -weight  { set index 3 }
#@             -slant   { set index 4 }
#@             -size    { set index 7 }
#@             default  { return -code error "XLFDfont: option incorrecte: $option" }
#@         }
#@         set lfont [lreplace $lfont $index $index $value]
#@     }
#@     return [join $lfont "-"]
#@ }
#@ 
#@ 
#@ 
#@ # ----------------------------------------------------------------------------
#@ #  Command BWidget::place
#@ # ----------------------------------------------------------------------------
#@ #
#@ # Notes:
#@ #  For Windows systems with more than one monitor the available screen area may
#@ #  have negative positions. Geometry settings with negative numbers are used
#@ #  under X to place wrt the right or bottom of the screen. On windows, Tk
#@ #  continues to do this. However, a geometry such as 100x100+-200-100 can be
#@ #  used to place a window onto a secondary monitor. Passing the + gets Tk
#@ #  to pass the remainder unchanged so the Windows manager then handles -200
#@ #  which is a position on the left hand monitor.
#@ #  I've tested this for left, right, above and below the primary monitor.
#@ #  Currently there is no way to ask Tk the extent of the Windows desktop in 
#@ #  a multi monitor system. Nor what the legal co-ordinate range might be.
#@ #
#@ proc BWidget::place { path w h args } {
#@     variable _top
#@ 
#@     update idletasks
#@ 
#@     # If the window is not mapped, it may have any current size.
#@     # Then use required size, but bound it to the screen width.
#@     # This is mostly inexact, because any toolbars will still be removed
#@     # which may reduce size.
#@     if { $w == 0 && [winfo ismapped $path] } {
#@         set w [winfo width $path]
#@     } else {
#@         if { $w == 0 } {
#@             set w [winfo reqwidth $path]
#@         }
#@         set vsw [winfo vrootwidth  $path]
#@         if { $w > $vsw } { set w $vsw }
#@     }
#@ 
#@     if { $h == 0 && [winfo ismapped $path] } {
#@         set h [winfo height $path]
#@     } else {
#@         if { $h == 0 } {
#@             set h [winfo reqheight $path]
#@         }
#@         set vsh [winfo vrootheight $path]
#@         if { $h > $vsh } { set h $vsh }
#@     }
#@ 
#@     set arglen [llength $args]
#@     if { $arglen > 3 } {
#@         return -code error "BWidget::place: bad number of argument"
#@     }
#@ 
#@     if { $arglen > 0 } {
#@         set where [lindex $args 0]
#@ 	set list  [list "at" "center" "left" "right" "above" "below"]
#@         set idx   [lsearch $list $where]
#@         if { $idx == -1 } {
#@ 	    return -code error [BWidget::badOptionString position $where $list]
#@         }
#@         if { $idx == 0 } {
#@             set err [catch {
#@                 # purposely removed the {} around these expressions - [PT]
#@                 set x [expr int([lindex $args 1])]
#@                 set y [expr int([lindex $args 2])]
#@             }]
#@             if { $err } {
#@                 return -code error "BWidget::place: incorrect position"
#@             }
#@             if {$::tcl_platform(platform) == "windows"} {
#@                 # handle windows multi-screen. -100 != +-100
#@                 if {[string index [lindex $args 1] 0] != "-"} {
#@                     set x "+$x"
#@                 }
#@                 if {[string index [lindex $args 2] 0] != "-"} {
#@                     set y "+$y"
#@                 }
#@             } else {
#@                 if { $x >= 0 } {
#@                     set x "+$x"
#@                 }
#@                 if { $y >= 0 } {
#@                     set y "+$y"
#@                 }
#@             }
#@         } else {
#@             if { $arglen == 2 } {
#@                 set widget [lindex $args 1]
#@                 if { ![winfo exists $widget] } {
#@                     return -code error "BWidget::place: \"$widget\" does not exist"
#@                 }
#@ 	    } else {
#@ 		set widget .
#@ 	    }
#@             set sw [winfo screenwidth  $path]
#@             set sh [winfo screenheight $path]
#@             if { $idx == 1 } {
#@                 if { $arglen == 2 } {
#@                     # center to widget
#@                     set x0 [expr {[winfo rootx $widget] + ([winfo width  $widget] - $w)/2}]
#@                     set y0 [expr {[winfo rooty $widget] + ([winfo height $widget] - $h)/2}]
#@                 } else {
#@                     # center to screen
#@                     set x0 [expr {($sw - $w)/2 - [winfo vrootx $path]}]
#@                     set y0 [expr {($sh - $h)/2 - [winfo vrooty $path]}]
#@                 }
#@                 set x "+$x0"
#@                 set y "+$y0"
#@                 if {$::tcl_platform(platform) != "windows"} {
#@                     if { $x0+$w > $sw } {set x "-0"; set x0 [expr {$sw-$w}]}
#@                     if { $x0 < 0 }      {set x "+0"}
#@                     if { $y0+$h > $sh } {set y "-0"; set y0 [expr {$sh-$h}]}
#@                     if { $y0 < 0 }      {set y "+0"}
#@                 }
#@             } else {
#@                 set x0 [winfo rootx $widget]
#@                 set y0 [winfo rooty $widget]
#@                 set x1 [expr {$x0 + [winfo width  $widget]}]
#@                 set y1 [expr {$y0 + [winfo height $widget]}]
#@                 if { $idx == 2 || $idx == 3 } {
#@                     set y "+$y0"
#@                     if {$::tcl_platform(platform) != "windows"} {
#@                         if { $y0+$h > $sh } {set y "-0"; set y0 [expr {$sh-$h}]}
#@                         if { $y0 < 0 }      {set y "+0"}
#@                     }
#@                     if { $idx == 2 } {
#@                         # try left, then right if out, then 0 if out
#@                         if { $x0 >= $w } {
#@                             set x [expr {$x0-$w}]
#@                         } elseif { $x1+$w <= $sw } {
#@                             set x "+$x1"
#@                         } else {
#@                             set x "+0"
#@                         }
#@                     } else {
#@                         # try right, then left if out, then 0 if out
#@                         if { $x1+$w <= $sw } {
#@                             set x "+$x1"
#@                         } elseif { $x0 >= $w } {
#@                             set x [expr {$x0-$w}]
#@                         } else {
#@                             set x "-0"
#@                         }
#@                     }
#@                 } else {
#@                     set x "+$x0"
#@                     if {$::tcl_platform(platform) != "windows"} {
#@                         if { $x0+$w > $sw } {set x "-0"; set x0 [expr {$sw-$w}]}
#@                         if { $x0 < 0 }      {set x "+0"}
#@                     }
#@                     if { $idx == 4 } {
#@                         # try top, then bottom, then 0
#@                         if { $h <= $y0 } {
#@                             set y [expr {$y0-$h}]
#@                         } elseif { $y1+$h <= $sh } {
#@                             set y "+$y1"
#@                         } else {
#@                             set y "+0"
#@                         }
#@                     } else {
#@                         # try bottom, then top, then 0
#@                         if { $y1+$h <= $sh } {
#@                             set y "+$y1"
#@                         } elseif { $h <= $y0 } {
#@                             set y [expr {$y0-$h}]
#@                         } else {
#@                             set y "-0"
#@                         }
#@                     }
#@                 }
#@             }
#@         }
#@ 
#@         ## If there's not a + or - in front of the number, we need to add one.
#@         if {[string is integer [string index $x 0]]} { set x +$x }
#@         if {[string is integer [string index $y 0]]} { set y +$y }
#@ 
#@         wm geometry $path "${w}x${h}${x}${y}"
#@     } else {
#@         wm geometry $path "${w}x${h}"
#@     }
#@     update idletasks
#@ }
#@ 
#@ 
#@ # ----------------------------------------------------------------------------
#@ #  Command BWidget::grab
#@ # ----------------------------------------------------------------------------
#@ proc BWidget::grab { option path } {
#@     variable _gstack
#@ 
#@     if { $option == "release" } {
#@         catch {::grab release $path}
#@         while { [llength $_gstack] } {
#@             set grinfo  [lindex $_gstack end]
#@             set _gstack [lreplace $_gstack end end]
#@             foreach {oldg mode} $grinfo {
#@                 if { ![string equal $oldg $path] && [winfo exists $oldg] } {
#@                     if { $mode == "global" } {
#@                         catch {::grab -global $oldg}
#@                     } else {
#@                         catch {::grab $oldg}
#@                     }
#@                     return
#@                 }
#@             }
#@         }
#@     } else {
#@         set oldg [::grab current]
#@         if { $oldg != "" } {
#@             lappend _gstack [list $oldg [::grab status $oldg]]
#@         }
#@         if { $option == "global" } {
#@             ::grab -global $path
#@         } else {
#@             ::grab $path
#@         }
#@     }
#@ }
#@ 
#@ 
#@ # ----------------------------------------------------------------------------
#@ #  Command BWidget::focus
#@ # ----------------------------------------------------------------------------
#@ proc BWidget::focus { option path {refocus 1} } {
#@     variable _fstack
#@ 
#@     if { $option == "release" } {
#@         while { [llength $_fstack] } {
#@             set oldf [lindex $_fstack end]
#@             set _fstack [lreplace $_fstack end end]
#@             if { ![string equal $oldf $path] && [winfo exists $oldf] } {
#@                 if {$refocus} {catch {::focus -force $oldf}}
#@                 return
#@             }
#@         }
#@     } elseif { $option == "set" } {
#@         lappend _fstack [::focus]
#@         ::focus -force $path
#@     }
#@ }
#@ 
#@ # BWidget::refocus --
#@ #
#@ #	Helper function used to redirect focus from a container frame in 
#@ #	a megawidget to a component widget.  Only redirects focus if
#@ #	focus is already on the container.
#@ #
#@ # Arguments:
#@ #	container	container widget to redirect from.
#@ #	component	component widget to redirect to.
#@ #
#@ # Results:
#@ #	None.
#@ 
#@ proc BWidget::refocus {container component} {
#@     if { [string equal $container [::focus]] } {
#@ 	::focus $component
#@     }
#@     return
#@ }
#@ 
#@ ## These mirror tk::(Set|Restore)FocusGrab
#@ 
#@ # BWidget::SetFocusGrab --
#@ #   swap out current focus and grab temporarily (for dialogs)
#@ # Arguments:
#@ #   grab	new window to grab
#@ #   focus	window to give focus to
#@ # Results:
#@ #   Returns nothing
#@ #
#@ proc BWidget::SetFocusGrab {grab {focus {}}} {
#@     variable _focusGrab
#@     set index "$grab,$focus"
#@ 
#@     lappend _focusGrab($index) [::focus]
#@     set oldGrab [::grab current $grab]
#@     lappend _focusGrab($index) $oldGrab
#@     if {[winfo exists $oldGrab]} {
#@ 	lappend _focusGrab($index) [::grab status $oldGrab]
#@     }
#@     # The "grab" command will fail if another application
#@     # already holds the grab.  So catch it.
#@     catch {::grab $grab}
#@     if {[winfo exists $focus]} {
#@ 	::focus $focus
#@     }
#@ }
#@ 
#@ # BWidget::RestoreFocusGrab --
#@ #   restore old focus and grab (for dialogs)
#@ # Arguments:
#@ #   grab	window that had taken grab
#@ #   focus	window that had taken focus
#@ #   destroy	destroy|withdraw - how to handle the old grabbed window
#@ # Results:
#@ #   Returns nothing
#@ #
#@ proc BWidget::RestoreFocusGrab {grab focus {destroy destroy}} {
#@     variable _focusGrab
#@     set index "$grab,$focus"
#@     if {[info exists _focusGrab($index)]} {
#@ 	foreach {oldFocus oldGrab oldStatus} $_focusGrab($index) break
#@ 	unset _focusGrab($index)
#@     } else {
#@ 	set oldGrab ""
#@     }
#@ 
#@     catch {::focus $oldFocus}
#@     ::grab release $grab
#@     if {[string equal $destroy "withdraw"]} {
#@ 	wm withdraw $grab
#@     } else {
#@ 	::destroy $grab
#@     }
#@     if {[winfo exists $oldGrab] && [winfo ismapped $oldGrab]} {
#@ 	if {[string equal $oldStatus "global"]} {
#@ 	    ::grab -global $oldGrab
#@ 	} else {
#@ 	    ::grab $oldGrab
#@ 	}
#@     }
#@ }
#@ 
#@ # BWidget::badOptionString --
#@ #
#@ #	Helper function to return a proper error string when an option
#@ #       doesn't match a list of given options.
#@ #
#@ # Arguments:
#@ #	type	A string that represents the type of option.
#@ #	value	The value that is in-valid.
#@ #       list	A list of valid options.
#@ #
#@ # Results:
#@ #	None.
#@ proc BWidget::badOptionString {type value list} {
#@     set last [lindex $list end]
#@     set list [lreplace $list end end]
#@     return "bad $type \"$value\": must be [join $list ", "], or $last"
#@ }
#@ 
#@ 
#@ proc BWidget::wrongNumArgsString { string } {
#@     return "wrong # args: should be \"$string\""
#@ }
#@ 
#@ 
#@ proc BWidget::read_file { file } {
#@     set fp [open $file]
#@     set x  [read $fp [file size $file]]
#@     close $fp
#@     return $x
#@ }
#@ 
#@ 
#@ proc BWidget::classes { class } {
#@     variable use
#@ 
#@     ${class}::use
#@     set classes [list $class]
#@     if {![info exists use($class)]} { return }
#@     foreach class $use($class) {
#@         if {![string equal $class "-classonly"]} {
#@             eval lappend classes [classes $class]
#@         }
#@     }
#@     return [lsort -unique $classes]
#@ }
#@ 
#@ 
#@ proc BWidget::library { args } {
#@     variable use
#@ 
#@     set libs    [list widget init utils]
#@     set classes [list]
#@     foreach class $args {
#@ 	${class}::use
#@         eval lappend classes [classes $class]
#@     }
#@ 
#@     eval lappend libs [lsort -unique $classes]
#@ 
#@     set library ""
#@     foreach lib $libs {
#@ 	if {![info exists use($lib,file)]} {
#@ 	    set file [file join $::BWIDGET::LIBRARY $lib.tcl]
#@ 	} else {
#@ 	    set file [file join $::BWIDGET::LIBRARY $use($lib,file).tcl]
#@ 	}
#@         append library [read_file $file]
#@     }
#@ 
#@     return $library
#@ }
#@ 
#@ 
#@ proc BWidget::inuse { class } {
#@     variable ::Widget::_inuse
#@ 
#@     if {![info exists _inuse($class)]} { return 0 }
#@     return [expr $_inuse($class) > 0]
#@ }
#@ 
#@ 
#@ proc BWidget::write { filename {mode w} } {
#@     variable use
#@ 
#@     if {![info exists use(classes)]} { return }
#@ 
#@     set classes [list]
#@     foreach class $use(classes) {
#@ 	if {![inuse $class]} { continue }
#@ 	lappend classes $class
#@     }
#@ 
#@     set fp [open $filename $mode]
#@     puts $fp [eval library $classes]
#@     close $fp
#@ 
#@     return
#@ }
#@ 
#@ 
#@ # BWidget::bindMouseWheel --
#@ #
#@ #	Bind mouse wheel actions to a given widget.
#@ #
#@ # Arguments:
#@ #	widget - The widget to bind.
#@ #
#@ # Results:
#@ #	None.
#@ proc BWidget::bindMouseWheel { widget } {
#@     if {[bind all <MouseWheel>] eq ""} {
#@ 	# style::as and Tk 8.5 have global bindings
#@ 	# Only enable these if no global binding for MouseWheel exists
#@ 	bind $widget <MouseWheel> \
#@ 	    {%W yview scroll [expr {-%D/24}]  units}
#@ 	bind $widget <Shift-MouseWheel> \
#@ 	    {%W yview scroll [expr {-%D/120}] pages}
#@ 	bind $widget <Control-MouseWheel> \
#@ 	    {%W yview scroll [expr {-%D/120}] units}
#@     }
#@ 
#@     if {[bind all <Button-4>] eq ""} {
#@ 	# style::as and Tk 8.5 have global bindings
#@ 	# Only enable these if no global binding for them exists
#@ 	bind $widget <Button-4> {event generate %W <MouseWheel> -delta  120}
#@ 	bind $widget <Button-5> {event generate %W <MouseWheel> -delta -120}
#@     }
#@ }
#@ 
#@ 
#@ # -- End source /home/eda/synopsys/icc/T-2022.03/auxx/syn/fp/bw/utils.tcl

win_set_filter -visible -class cell -filter {hard_macro_margin hard_margin route_blockage_margin soft_margin}
win_set_filter -visible -class polygon -layer {72-81 88 98}
win_set_filter -visible -class placement_blockage -filter {wiring} -layer {}
win_set_filter -expand_cell_types {std io hard_macro soft_macro ilm other  }
win_set_select_class -visible {cell port plan_group block_shielding plangroup_padding core_area die_area polygon group shape via terminal fill_cell placement_blockage }
win_set_filter -class cell -filter {cell_array cell_cover hard_macro_margin hard_margin route_blockage_margin soft_margin}
win_set_filter -class placement_blockage -filter {wiring} -layer {}
win_set_select_class {cell port plan_group group shape via placement_blockage }
gui_zoom -window [gui_get_current_window -types Layout -view] -factor 2 -at_point {296.505 290.095}
gui_zoom -window [gui_get_current_window -types Layout -view] -factor 2 -at_point {310.700 299.255}
gui_zoom -window [gui_get_current_window -types Layout -view] -factor 0.5 -at_point {310.700 299.255}
gui_zoom -window [gui_get_current_window -types Layout -view] -factor 2 -at_point {330.395 329.470}
gui_zoom -window [gui_get_current_window -types Layout -view] -factor 0.5 -at_point {322.155 321.685}
gui_zoom -window [gui_get_current_window -types Layout -view] -factor 0.5 -at_point {326.740 441.655}
gui_zoom -window [gui_get_current_window -types Layout -view] -factor 2 -at_point {326.745 442.110}
gui_zoom -window [gui_get_current_window -types Layout -view] -factor 2 -at_point {307.055 280.920}
gui_zoom -window [gui_get_current_window -types Layout -view] -factor 0.5 -at_point {299.270 296.260}
gui_zoom -window [gui_get_current_window -types Layout -view] -factor 0.5 -at_point {303.845 304.735}
gui_zoom -window [gui_get_current_window -types Layout -view] -factor 2 -at_point {309.345 298.320}
